Gene1	Gene2	EdgeWeight
G78	G84	0.0056972387246787
G78	G32	0.0056942370720207
G70	G74	0.0056939674541354
G70	G18	0.0056901536881923
G78	G18	0.0056892377324402
G51	G40	0.0056885625235736
G97	G94	0.0056881890632212
G40	G15	0.0056831021793186
G4	G9	0.0056755086407065
G8	G24	0.0056731291115283
G28	G80	0.0056724539026618
G70	G59	0.0056705870665609
G70	G83	0.0056677516549825
G26	G90	0.0056670275516808
G1	G9	0.0056621106341481
G67	G31	0.0056620175018906
G38	G15	0.0056610112078487
G78	G22	0.0056577688083052
G70	G38	0.0056576495990157
G8	G77	0.0056573995389044
G5	G57	0.0056573841720819
G33	G90	0.0056560225784778
G53	G90	0.0056541492231190005
G43	G88	0.0056532439775764
G5	G59	0.0056527317501604
G70	G80	0.0056521692313253
G78	G97	0.0056521529331803
G85	G60	0.0056514260359108
G44	G11	0.0056511792354285
G77	G33	0.0056502735242247
G52	G25	0.0056488793343305
G57	G5	0.0056485352106392
G43	G24	0.0056478437036275
G78	G87	0.0056464774534106
G51	G8	0.0056436546146869
G94	G32	0.005642688833176999
G4	G31	0.0056424099020659
G13	G25	0.0056422618217766
G28	G11	0.0056417109444737
G70	G40	0.005640645045787
G44	G93	0.0056396932341158
G52	G11	0.0056396508589386
G8	G40	0.0056360787712037
G43	G5	0.0056354030966758
G20	G83	0.0056352713145315
G70	G72	0.0056352163664996
G43	G11	0.0056351167149841
G79	G32	0.0056346501223742
G43	G31	0.005634537898004
G32	G85	0.0056343949399888
G38	G76	0.0056341602467
G69	G23	0.0056332480162382
G44	G5	0.0056330235674977
G70	G13	0.0056320382282137
G52	G40	0.0056318724527955
G33	G49	0.0056317867711186
G70	G36	0.0056317816488444
G4	G23	0.0056317644193768
G4	G11	0.0056313565000891
G4	G22	0.0056308438070118
G33	G5	0.0056304363533854
G5	G41	0.0056300475262105
G38	G66	0.005629576742649
G52	G15	0.0056295590475201
G70	G97	0.0056293443776667
G53	G49	0.0056289159692823
G13	G17	0.0056284694001078
G53	G88	0.0056278533302247
G78	G90	0.0056272842921316
G52	G51	0.005627061240375
G13	G31	0.0056265778839588
G70	G66	0.0056257750838994
G65	G18	0.005625014193356
G70	G58	0.0056249918416142
G43	G52	0.005624683573841998
G38	G43	0.0056241867132484
G20	G64	0.0056237154640257
G97	G90	0.0056235827505588
G85	G30	0.0056233513168990005
G43	G49	0.0056232083588838
G75	G71	0.0056229615584015
G13	G85	0.0056228088214993
G70	G46	0.0056227170862257
G59	G5	0.0056224204599857
G40	G38	0.0056223450228571
G43	G69	0.0056218006648123
G72	G49	0.005621557123959
G32	G67	0.0056212423369288
G70	G11	0.0056208516471087
G1	G59	0.0056208334863185
G90	G24	0.0056205517612397
G95	G68	0.0056203841231763
G51	G88	0.0056199394166469
G91	G71	0.0056199231185019
G62	G31	0.0056197275407612
G38	G1	0.0056196060031652
G97	G5	0.0056195319630205
G45	G71	0.0056194756180047
G34	G24	0.0056193913333117
G44	G73	0.0056191235780715
G52	G72	0.0056185144931077
G38	G31	0.0056184865534305
G52	G18	0.0056182034313678
G49	G3	0.0056180455721914
G13	G74	0.0056175771169364
G78	G68	0.0056173265911638
G94	G84	0.0056170839816331
G97	G99	0.0056168320588767
G70	G35	0.0056165140122175
G13	G41	0.005616249050944999
G1	G88	0.0056158155202865
G33	G11	0.0056155258789658
G52	G22	0.0056155128404498
G24	G8	0.0056148297153413
G100	G49	0.0056147221475839
G7	G9	0.0056147030554711
G32	G9	0.0056145256385207
G78	G47	0.0056144511327147
G4	G45	0.0056143538095057
G70	G67	0.0056139566004276
G40	G78	0.0056136460043489
G70	G91	0.0056135542690753
G43	G70	0.0056134671904146
G43	G8	0.0056134429760277
G67	G1	0.0056132725439965
G91	G8	0.0056126397103071
G51	G41	0.0056125274859368
G82	G88	0.0056124902330338
G53	G84	0.0056124683469533
G52	G21	0.0056117875501513
G51	G54	0.0056116804480552
G33	G45	0.0056112585589289
G51	G18	0.0056109982542693
G32	G8	0.0056109335273504
G76	G8	0.0056109195575118
G52	G45	0.0056103700771927
G52	G70	0.0056103440001606
G25	G9	0.0056102508679032
G52	G98	0.0056100380606949
G51	G29	0.0056095253676176
G52	G74	0.0056094159372150005
G48	G11	0.0056093302555382
G99	G9	0.0056091924197971
G4	G68	0.0056091421283781
G70	G90	0.0056091388687491
G50	G8	0.0056087998673319
G43	G83	0.0056087267585098
G46	G91	0.0056086839176714
G78	G2	0.0056084976531565
G44	G87	0.0056084273383021
G52	G9	0.005608414299785999
G1	G40	0.0056082988157868
G43	G74	0.0056081693619489
G67	G64	0.0056080953218042
G38	G26	0.0056078294292092
G17	G56	0.0056076701730489
G46	G66	0.0056076385080814
G97	G84	0.0056074410676956
G51	G31	0.0056072794832289
G79	G98	0.0056071286089718
G9	G90	0.0056061255745589
G38	G49	0.0056058610789477
G18	G74	0.0056058326736092
G65	G4	0.0056058182381093
G98	G87	0.0056057265028357
G17	G71	0.0056055169552564
G75	G17	0.0056054117158055
G44	G42	0.0056054005399346
G23	G9	0.0056047015823423
G70	G45	0.0056046326644718
G79	G61	0.0056044305674731
G91	G73	0.0056042666547
G82	G8	0.0056040408089756
G75	G41	0.005604026839136999
G79	G9	0.0056039872579276
G78	G28	0.0056038191542029
G70	G22	0.0056037348695099
G43	G30	0.005603427067399001
G1	G93	0.0056032505817711
G44	G65	0.0056029921397566
G78	G94	0.0056029898114502
G78	G65	0.0056028910912573
G44	G61	0.0056027746759355
G18	G8	0.0056027630344033
G4	G97	0.0056025860831141
G13	G71	0.0056023704819381
G70	G49	0.0056022740900516
G97	G79	0.0056021939963102
G70	G56	0.0056021828204393
G75	G37	0.0056021041236817
G38	G3	0.0056020198389887
G40	G31	0.0056019574403762
G43	G16	0.0056019369512796
G26	G71	0.0056018074974417
G97	G93	0.0056013623252511
G9	G31	0.0056012645363807
G32	G78	0.0056012403219938
G50	G68	0.0056010722182691
G51	G76	0.0056010126136243
G26	G64	0.00560092786327
G97	G13	0.005600478965789001
G8	G80	0.0056003583595156
G44	G89	0.0056003327481448
G70	G93	0.0055997944436967
G82	G60	0.0055997297167778
G90	G8	0.0055995970033109
G52	G100	0.0055992696434259
G4	G47	0.0055990382097661
G20	G11	0.0055989027023315
G38	G63	0.0055988300591707
G4	G63	0.0055985786020755
G100	G9	0.0055983355268836
G8	G89	0.0055982847698032
G43	G59	0.0055982093326747
G75	G98	0.0055981953628361
G85	G79	0.0055981818586587
G15	G40	0.0055981678888201
G78	G88	0.0055977455340325
G75	G20	0.0055977380834519
G4	G96	0.0055976817384362
G44	G4	0.0055972072295844
G26	G59	0.0055971872061491
G20	G41	0.0055971639230847
G10	G27	0.0055971168912947
G77	G9	0.0055968351662158
G4	G79	0.0055966349318623
G32	G30	0.0055965594947338
G97	G38	0.0055965464562177
G49	G93	0.0055962149053812
G8	G18	0.0055961981415748
G97	G4	0.0055961511097848
G8	G81	0.0055961287580430005
G45	G4	0.005596054252237
G43	G21	0.0055960272438824
G51	G68	0.0055959061719477
G43	G68	0.0055957762524485
G52	G49	0.005595757625997
G86	G55	0.0055957161821424
G79	G31	0.0055956575088202
G51	G70	0.0055956458672881
G78	G6	0.0055956211872398
G52	G90	0.005595454480499
G28	G79	0.0055953678674995
G2	G14	0.005595298949629001
G33	G15	0.005594955291599001
G78	G83	0.0055949385277926
G2	G93	0.0055948980152606
G54	G11	0.0055948831140995
G53	G99	0.0055948146618902
G1	G38	0.005594796501100001
G50	G11	0.0055945240892469
G53	G94	0.0055940938182175
G51	G7	0.0055940262973308
G13	G27	0.0055939997546374
G20	G34	0.0055939052253961
G7	G8	0.0055938400328159
G28	G54	0.0055937650613486
G78	G77	0.005593632813543
G85	G72	0.0055934623815119
G4	G73	0.0055934325791895
G40	G85	0.0055933822877705
G8	G9	0.0055933147668838
G97	G81	0.0055932998657226
G1	G15	0.0055932174436748
G38	G2	0.0055932118557393
G99	G25	0.0055929538793861
G52	G23	0.0055927308276295
G78	G38	0.0055925855413079
G31	G24	0.0055924644693732
G51	G78	0.0055922688916325
G91	G19	0.0055922642350196
G33	G34	0.0055921752937138
G70	G76	0.0055920989252626
G49	G94	0.0055920630693435
G40	G41	0.0055920183658599
G32	G88	0.0055920132435858
G98	G73	0.0055920034646987
G16	G11	0.0055918483994901
G51	G17	0.005591629538685001
G78	G100	0.0055914218537509
G65	G9	0.0055914074182509994
G70	G43	0.005591329652816
G4	G28	0.0055912444368004
G44	G6	0.005591063760221
G38	G71	0.0055907838977873
G46	G50	0.0055907769128679995
G94	G8	0.0055907177738845
G51	G84	0.005590695887804
G40	G90	0.0055906493216753
G78	G51	0.0055906120687723
G65	G100	0.0055905324406921
G8	G5	0.0055904989130795
G97	G91	0.0055904733017086
G75	G34	0.0055903070606291
G46	G27	0.0055901440791785
G28	G23	0.0055899573490023
G38	G23	0.0055896639823913
G51	G22	0.0055894567631185
G13	G90	0.0055894018150866
G9	G22	0.0055892160162329
G51	G79	0.005589114036410999
G49	G87	0.0055891098454594
G95	G11	0.0055890372022986
G46	G18	0.005588989239186
G76	G57	0.0055889203213155
G97	G98	0.0055888248607516
G53	G64	0.0055888039059937
G72	G31	0.0055887959897518
G43	G23	0.0055887224152684
G52	G94	0.0055886879563331
G60	G32	0.0055885994806885
G28	G7	0.0055884136818349
G20	G9	0.0055881906300783
G23	G61	0.0055881277658045
G79	G7	0.0055881193839013
G13	G2	0.0055880472064018
G91	G92	0.0055879950523376
G67	G78	0.0055879750289022
G53	G11	0.0055879591964185
G76	G34	0.0055878884159028
G52	G35	0.0055878139100968
G85	G81	0.0055875573307275
G70	G48	0.0055875307880342
G52	G3	0.0055874120444059
G78	G74	0.0055870716460049
G8	G76	0.0055869943462312
G45	G5	0.0055869827046989996
G43	G22	0.0055869109928607
G13	G49	0.005586770363151999
G86	G78	0.0055867587216198
G78	G26	0.0055867182090878
G91	G63	0.0055867051705718
G22	G4	0.0055866609327495
G4	G16	0.0055866190232336
G8	G30	0.0055866166949272
G51	G95	0.0055865999311208
G98	G36	0.0055865813046693
G92	G26	0.0055865528993308
G85	G99	0.0055864825844764
G79	G14	0.0055863284505903
G26	G49	0.0055862641893327
G13	G82	0.0055862525478005
G78	G8	0.005586196668446
G98	G81	0.0055861948058009
G65	G74	0.0055860765278339
G97	G22	0.0055859964340925
G1	G31	0.0055859922431409
G78	G62	0.0055859917774796
G51	G34	0.005585775244981
G75	G31	0.0055856327526271
G51	G25	0.0055856294929981
G37	G24	0.0055855726823210005
G53	G8	0.0055855298414826
G16	G63	0.0055854697711765
G32	G3	0.0055854641832411
G28	G41	0.0055854460224509
G15	G22	0.005585350561886999
G100	G81	0.0055852807126939
G20	G69	0.005585242062806999
G33	G66	0.005585188511758999
G95	G84	0.0055851517245173
G97	G70	0.0055850315839052
G79	G43	0.005584932398051
G78	G70	0.0055849244818091
G85	G61	0.0055848509073257
G52	G43	0.0055848127231001
G81	G25	0.0055847340263426
G82	G63	0.0055846250616014
G2	G8	0.0055845789611339
G5	G6	0.0055845719762146
G32	G94	0.0055844336748123
G82	G91	0.0055843591690063
G62	G11	0.0055843004956841
G97	G53	0.0055842897854745
G31	G22	0.0055842343717813
G96	G37	0.0055841724388301
G38	G73	0.0055841547437012
G91	G24	0.0055841039866209
G2	G9	0.0055840741842985
G99	G34	0.0055839181877672
G97	G82	0.0055838865227997
G96	G9	0.0055836332030594
G97	G78	0.0055836103856563
G6	G31	0.0055834930390119
G79	G45	0.0055834823288023
G43	G60	0.0055833985097706
G33	G6	0.0055833309888839
G78	G19	0.0055832928046584
G51	G6	0.0055831796489655
G5	G11	0.0055831144563853
G26	G1	0.0055831111967563
G2	G25	0.0055831097997725
G91	G15	0.005583070218563001
G1	G52	0.0055829584598541
G78	G72	0.0055828890763223
G77	G25	0.0055827917531132
G20	G56	0.0055825849995017
G51	G14	0.0055825705640017
G78	G29	0.0055825645104049994
G14	G19	0.0055823805741965
G53	G61	0.0055823447182774
G4	G99	0.0055823419243097
G85	G2	0.0055823400616645
G52	G67	0.0055823274888098
G13	G38	0.0055820913985371
G44	G71	0.005581947043538001
G51	G55	0.0055818767286837
G95	G73	0.0055817915126681
G65	G90	0.0055817468091845
G16	G49	0.0055817118845880006
G59	G90	0.0055817044340074
G51	G58	0.0055816317908465
G86	G66	0.0055816303938627
G52	G41	0.0055815121158957
G97	G77	0.0055814469233155
G46	G73	0.0055813640356063
G13	G21	0.0055813174694776
G90	G29	0.0055812648497521
G38	G30	0.0055812536738812
G86	G6	0.0055812057107687
G16	G24	0.0055812047794461
G4	G71	0.0055810064077377
G23	G78	0.0055809561163187
G70	G37	0.0055809547193348
G9	G34	0.0055807419121265
G4	G60	0.0055806897580623
G38	G29	0.0055805747397243
G38	G79	0.0055805342271924
G4	G42	0.0055804355069994
G95	G94	0.0055802427232265
G49	G64	0.0055802292190492
G86	G68	0.0055801910348236
G100	G31	0.0055801728740334
G65	G30	0.0055799097754061
G85	G93	0.005579681135714
G75	G15	0.0055795856751501
G20	G37	0.0055795824155211
G98	G67	0.0055795325897634
G52	G36	0.0055793039500713
G4	G15	0.0055791935883462
G62	G49	0.005579125136136999
G90	G59	0.0055790771730244
G90	G1	0.0055790757760405
G33	G75	0.0055789407342672
G33	G93	0.005578791256994001
G33	G9	0.0055786590091884
G22	G78	0.0055785495787858
G1	G25	0.0055784001015126
G67	G57	0.0055783758871257
G62	G32	0.0055783740244805
G98	G30	0.0055783451534807
G33	G80	0.0055783400312066
G4	G81	0.0055783307179808
G4	G38	0.0055782492272555
G62	G34	0.0055782087147235
G67	G27	0.0055781840346753
G52	G68	0.0055780848488211
G79	G93	0.0055780378170311
G96	G11	0.0055779376998543
G31	G67	0.005577933974564
G4	G29	0.0055779251269996
G76	G56	0.0055777477100491
G20	G22	0.0055776406079530005
G9	G41	0.005577587056905
G20	G6	0.0055775069631636
G55	G90	0.0055774515494704
G97	G49	0.0055774464271962
G33	G8	0.0055772182531654
G53	G31	0.0055771404877305
G53	G60	0.005576682742685001
G4	G94	0.0055765868164598
G32	G84	0.0055765653960406
G43	G4	0.0055765593424439
G33	G56	0.0055765262804925
G55	G52	0.0055765099823474
G5	G95	0.0055764964781701
G23	G49	0.0055764121934771
G96	G83	0.005576369818300001
G23	G32	0.0055763451382517
G86	G20	0.0055762436240911
G92	G86	0.0055762301199138
G17	G68	0.0055760135874152
G25	G67	0.0055759781971573
G46	G8	0.005575917661189999
G80	G97	0.0055759088136255
G94	G97	0.0055758077651262
G2	G90	0.0055757742375135
G51	G98	0.005575742572545999
G46	G37	0.0055756890214979
G46	G26	0.0055756820365786
G10	G88	0.0055755982175469
G77	G48	0.005575553048402
G14	G9	0.0055755404755473
G52	G91	0.0055753919295966
G97	G83	0.005575266201049
G75	G93	0.0055752298794686
G70	G15	0.0055752187035977
G8	G6	0.0055751898325979
G70	G65	0.0055750692263245
G78	G79	0.0055750668980181
G83	G32	0.0055749951861798
G90	G60	0.0055749705061316
G12	G38	0.0055749639868736
G17	G91	0.0055748922750353
G85	G8	0.0055748769082129
G45	G54	0.0055748596787452
G33	G83	0.0055747646838426
G57	G24	0.0055747511796653
G16	G4	0.0055746338330209
G46	G38	0.005574535112828
G79	G95	0.0055745113641023
G70	G31	0.0055744550190865
G49	G1	0.0055743507109582
G18	G24	0.0055743455886840005
G16	G38	0.0055743451230227
G33	G88	0.0055743018165230005
G65	G73	0.0055742231197655
G33	G50	0.0055742231197655
G11	G95	0.0055741043761372
G18	G25	0.0055740932002663
G46	G34	0.0055740615352988
G89	G61	0.005573974456638
G52	G29	0.0055738068185746
G57	G76	0.005573705304414
G51	G12	0.005573702044784999
G13	G66	0.0055735995993018
G48	G34	0.0055734906345605
G51	G81	0.0055734440684318
G36	G34	0.0055733663029968
G92	G73	0.0055732638575136
G69	G100	0.005573212634772
G43	G14	0.005573159083723999
G85	G34	0.0055731092579662
G20	G18	0.0055729891173541
G40	G100	0.005572950001806
G50	G100	0.0055729439482092
G33	G27	0.0055729122832417
G36	G15	0.0055729025043547
G44	G24	0.0055728824809193
G16	G66	0.0055728731676936
G53	G38	0.0055728075094521
G91	G21	0.0055727832950651
G50	G30	0.0055727800354361
G36	G31	0.0055727460421621
G38	G51	0.0055727157741785
G53	G93	0.005572700407356
G61	G94	0.0055726799182593
G85	G32	0.005572638940066
G45	G33	0.0055722310207784
G78	G95	0.0055720517411828
G75	G87	0.0055719870142638
G82	G37	0.0055719246156513
G1	G64	0.0055718743242323
G12	G11	0.0055717849172651
G82	G49	0.0055717672221362
G97	G25	0.0055717346258461
G65	G53	0.0055716899223625
G33	G42	0.005571651738136999
G17	G79	0.005571543239056999
G44	G78	0.0055714552290737
G16	G98	0.005571415182203
G18	G29	0.005571358371526
G18	G95	0.0055711376480758
G26	G68	0.0055710971355438
G52	G80	0.0055710691958665
G18	G92	0.0055710654705762
G100	G95	0.0055709918960928
G13	G100	0.0055709546431899
G60	G11	0.0055709485895931
G1	G80	0.0055709248408675
G77	G32	0.0055708833970129
G26	G53	0.0055707958526909
G20	G53	0.0055707599967718
G77	G55	0.0055707059800624
G23	G11	0.005570565816015001
G53	G25	0.0055705164559185
G91	G48	0.0055704461410641
G13	G69	0.0055704452097415
G16	G35	0.0055703748948872
G28	G27	0.0055702161043882
G99	G8	0.0055702119134366
G8	G15	0.0055701830424368
G70	G75	0.0055701523087918
G4	G39	0.0055701341480016
G16	G56	0.0055701285600662
G50	G88	0.0055701257660984
G33	G2	0.005570032633841
G91	G88	0.0055699842050671
G38	G97	0.0055698691867291
G44	G92	0.0055698556825518
G49	G16	0.0055697099305689
G80	G68	0.0055696847848594
G8	G60	0.0055694440379738
G49	G53	0.0055694244801998
G9	G15	0.0055692647583782
G86	G18	0.0055692414753139
G78	G67	0.0055692382156848
G77	G45	0.0055691977031528
G71	G24	0.0055691916495561
G40	G93	0.0055691506713628
G70	G85	0.0055691259913146
G58	G30	0.005569118540734001
G1	G67	0.0055691110901534
G51	G100	0.0055690719746053
G50	G6	0.0055690393783152
G77	G21	0.0055690137669444
G36	G40	0.005569006782025
G4	G98	0.0055690058507025
G67	G96	0.0055689890868961
G16	G32	0.0055689504370093
G44	G90	0.0055689285509288
G72	G90	0.0055688763968646
G95	G4	0.0055688358843326
G51	G15	0.0055687366984784
G52	G97	0.0055686170235276
G91	G20	0.0055685783736407
G28	G21	0.0055685332044959
G78	G30	0.0055684177204966
G97	G60	0.0055683809332549
G96	G76	0.005568332504481
G38	G68	0.0055682035163044
G43	G67	0.0055681653320789
G67	G6	0.0055680782534182
G79	G4	0.0055680410005152
G4	G53	0.0055679404176771
G26	G14	0.0055679315701127
G97	G68	0.0055679157376289
G38	G89	0.0055678766220808
G91	G90	0.0055678691715002
G6	G34	0.0055678361095488
G100	G5	0.0055678118951618
G17	G19	0.0055677318014204
G70	G71	0.0055677271448075
G97	G80	0.0055676950141787
G40	G68	0.0055676554329693
G92	G77	0.0055676251649856
G2	G3	0.0055675455369055
G81	G9	0.0055675059556961
G41	G20	0.0055673900060355
G49	G32	0.0055672549642622
G43	G9	0.0055670370347797
G50	G25	0.0055669844150543
G43	G64	0.0055669159628449994
G50	G7	0.0055668917484581
G45	G98	0.0055667893029749
G49	G11	0.0055667622946202
G4	G5	0.0055667562410235
G72	G8	0.0055667520500719
G53	G98	0.0055666067637503
G32	G87	0.0055665909312665
G36	G10	0.0055665816180408
G33	G85	0.0055664461106061
G11	G81	0.0055664130486547
G46	G70	0.0055662598460912
G89	G8	0.0055662109516561
G46	G56	0.0055661895312368
G79	G38	0.0055661508813500005
G38	G40	0.0055661480873823
G48	G42	0.0055661369115114
G4	G46	0.0055660395883023
G2	G27	0.0055658207274973
G70	G4	0.0055657927878201
G77	G80	0.0055657913908362
G22	G31	0.0055657792836427
G97	G37	0.0055656768381595
G29	G98	0.0055656726472079
G96	G24	0.0055655990727245
G14	G88	0.0055654803290963
G14	G2	0.005565442610532
G1	G83	0.0055653662420809
G43	G94	0.0055653364397585
G38	G19	0.0055652996525168
G46	G32	0.0055652954615652
G86	G22	0.0055652866140007
G31	G40	0.0055652591399848
G84	G78	0.0055652414448559
G90	G38	0.0055652111768722
G44	G34	0.0055651436559855
G22	G15	0.0055651380680501
G6	G68	0.0055651329457759
G61	G79	0.0055651301518082
G37	G38	0.0055650696158409
G16	G14	0.0055650570429861
G55	G22	0.0055649736896157
G91	G54	0.0055649508722126
G86	G65	0.0055649382993578
G51	G48	0.0055649299174547
G70	G82	0.005564868915826001
G79	G34	0.0055647687986493
G13	G91	0.005564731080084999
G60	G4	0.0055646514520049
G70	G19	0.0055645862594246
G76	G24	0.0055644642561674
G70	G86	0.0055644074454903
G1	G98	0.0055643287487328
G8	G25	0.0055641545914113
G1	G99	0.0055641056969761
G95	G85	0.0055640335194766
G62	G68	0.0055639599449932
G82	G32	0.0055639292113482
G26	G78	0.0055638561025261
G92	G5	0.0055638030171394
G11	G54	0.0055637801997363
G91	G31	0.0055637406185269
G65	G78	0.0055637247860431
G50	G60	0.0055636609904468
G48	G71	0.0055635478347539
G20	G66	0.0055634337477386
G44	G22	0.0055633909069001
G41	G3	0.0055633103474974
G79	G100	0.0055632977746427
G51	G73	0.0055632577277719
G75	G42	0.0055631375871598
G75	G8	0.0055631329305469
G77	G68	0.0055631115101277
G97	G48	0.0055630519054830005
G26	G45	0.0055630444549024
G3	G8	0.0055629462003707
G49	G95	0.0055629415437579
G20	G19	0.0055628512054681
G97	G16	0.0055628507398068
G68	G91	0.0055628465488553
G40	G5	0.0055627664551138
G43	G97	0.005562633741646999
G98	G45	0.0055626281537115
G10	G34	0.0055626067332923
G96	G52	0.0055626006796956
G38	G64	0.0055624204687774
G67	G94	0.0055623832158744
G92	G80	0.0055623333901166
G5	G43	0.0055623068474233
G38	G36	0.0055621908977627
G2	G66	0.0055621392093598
G43	G1	0.0055621326901018
G83	G14	0.0055620768107473
G79	G83	0.0055620190687477
G70	G28	0.0055620120838284
G16	G69	0.0055619971826672
G85	G18	0.0055619459599256
G22	G90	0.0055618458427488
G36	G85	0.0055618188343942
G16	G91	0.0055614914745092
G44	G38	0.0055614071898162
G7	G17	0.0055614034645259
G33	G82	0.005561304744332999
G78	G54	0.0055612633004784
G62	G14	0.0055612549185752
G40	G82	0.0055611412972211
G42	G15	0.0055610937997698
G85	G59	0.0055610639974474
G17	G42	0.0055610355921089
G28	G33	0.0055609997361898
G8	G74	0.0055609275586903
G10	G76	0.0055609210394322
G26	G11	0.0055609168484807
G32	G33	0.0055608637630939
G51	G2	0.0055608362890779
G81	G32	0.0055608125403523
G43	G98	0.0055607799440622
G5	G17	0.0055606868118047
G70	G32	0.0055606747046113
G46	G52	0.0055606621317565
G5	G56	0.0055605391971766
G53	G89	0.0055604595690965
G52	G81	0.0055603613145649
G75	G91	0.0055602802895009
G43	G37	0.0055602607317268
G48	G93	0.0055602458305656
G78	G13	0.0055602006614208
G79	G56	0.0055601671338081
G52	G34	0.0055601615458726
G86	G37	0.0055600488558411
G77	G92	0.0055600465275347
G44	G83	0.0055599594488739
G58	G64	0.0055599263869225
G43	G50	0.0055599203333258
G51	G87	0.0055599110201001
G56	G17	0.0055599096231162
G72	G64	0.0055598858743906
G60	G90	0.0055598826147615
G26	G52	0.0055598802864551
G13	G98	0.0055598416365683
G13	G1	0.0055598365142941
G24	G9	0.0055597540922462
G2	G45	0.0055597433820366
G89	G38	0.0055597415193915
G51	G92	0.0055596404708921
G85	G48	0.0055596400052309
G2	G21	0.0055596330203115
G97	G72	0.0055595841258764
G4	G62	0.0055595659650862
G59	G6	0.0055593647994101
G88	G22	0.0055593559518456
G46	G45	0.0055593540892004
G58	G60	0.0055592791177332
G44	G50	0.0055592702701687
G45	G32	0.0055592469871044
G79	G12	0.0055591887794435
G49	G80	0.0055591138079762
G45	G34	0.0055590900592505
G3	G94	0.0055590411648154
G48	G60	0.0055590295232832
G16	G45	0.0055589964613318
G65	G8	0.0055589908733963
G96	G31	0.0055589801631867
G8	G3	0.0055589489638805
G91	G37	0.0055589294061064
G80	G32	0.0055588772520422
G33	G24	0.0055588423274457
G8	G94	0.0055588278919458
G65	G60	0.0055588204413652
G21	G46	0.0055588013492524
G59	G19	0.0055586788803339
G9	G61	0.0055586635135114
G28	G14	0.0055586416274309
G56	G5	0.0055585694499313
G47	G68	0.0055585149675607
G62	G85	0.0055584730580449
G31	G5	0.0055584511719644
G6	G74	0.0055584497749805
G64	G74	0.0055582877248525
G85	G90	0.0055582774803042
G67	G19	0.0055582574568688
G58	G56	0.0055581214837729
G31	G77	0.0055580185726284
G65	G29	0.0055578979663549995
G29	G8	0.0055578732863068
G91	G16	0.0055578416213393
G52	G6	0.0055577680468559
G26	G34	0.0055577619932591
G78	G61	0.0055577037855982
G52	G99	0.0055576851591467
G91	G55	0.0055576623417437
G9	G32	0.0055576064623892
G47	G24	0.0055575482547283
G44	G70	0.005557517055422
G33	G38	0.0055573810823261
G10	G83	0.0055573699064552
G38	G86	0.0055572958663105
G46	G24	0.0055572935380041
G85	G21	0.0055572292767465
G80	G11	0.00555717991665
G46	G49	0.0055571724660694
G16	G8	0.0055571417324244
G61	G40	0.0055571007542312
G45	G11	0.0055570784024894
G1	G72	0.0055570704862475
G14	G17	0.0055570625700056
G13	G8	0.0055570304393768
G46	G29	0.0055568972602486
G79	G10	0.0055568441748619
G43	G66	0.0055568325333297
G26	G6	0.0055567719973623
G40	G7	0.0055566816590726
G69	G67	0.0055566802620887
G82	G9	0.0055566569790244
G49	G15	0.0055566532537341
G7	G95	0.0055566523224115
G2	G20	0.0055566472001373
G72	G25	0.0055566295050084
G37	G3	0.0055566038936376
G53	G24	0.0055565298534929
G46	G57	0.0055564758367836
G83	G41	0.0055563822388648
G1	G35	0.0055563352070748
G99	G14	0.005556306336075
G68	G32	0.005556303076446001
G20	G68	0.0055561768822371
G97	G7	0.0055561540648341
G16	G50	0.0055561074987053
G17	G57	0.0055561014451086
G69	G88	0.0055560921318829
G8	G52	0.0055560818873345
G25	G52	0.0055560455657541
G4	G69	0.0055559859611094
G85	G71	0.0055559109896421
G38	G60	0.0055558825843036
G77	G91	0.0055558597669005
G20	G48	0.0055558434687554
G83	G20	0.0055557703599333
G45	G39	0.005555756855755999
G27	G80	0.0055557354353368
G75	G85	0.0055557223968207
G85	G53	0.005555709823965999
G44	G57	0.0055556753650307
G48	G69	0.0055556544102728
G76	G59	0.005555594805628001
G46	G78	0.0055555482394993
G67	G15	0.0055555482394993
G4	G66	0.0055554951541125
G43	G87	0.0055554793216288
G48	G73	0.005555476527660999
G45	G28	0.0055554383434355
G96	G82	0.0055554183200001
G42	G93	0.0055553829297423
G20	G1	0.0055553754791617
G58	G5	0.0055553601123392
G91	G13	0.0055552865378558
G40	G48	0.0055552828125655
G67	G4	0.0055552595295012
G95	G65	0.0055551691912114
G13	G89	0.0055551109835505
G1	G94	0.0055550490505993
G28	G71	0.0055550248362123
G29	G9	0.0055549498647451
G79	G16	0.0055548879317939
G99	G72	0.0055548390373587
G17	G24	0.0055548311211168
G52	G71	0.0055548269301652
G58	G31	0.0055548222735524
G42	G62	0.0055548166856169
G78	G89	0.0055548124946653
G4	G55	0.0055548003874719
G79	G36	0.0055547994561493
G45	G79	0.0055547980591654
G18	G70	0.0055547663941979
G38	G56	0.0055547161027789
G46	G21	0.0055546956136822
G43	G3	0.005554677452891998
G75	G54	0.0055544897913932
G72	G70	0.0055544548667967
G4	G65	0.0055544464848935
G93	G87	0.0055544292554259
G92	G50	0.0055544264614582
G18	G9	0.0055544162169098
G8	G90	0.0055543817579746
G5	G24	0.0055543766357004
G85	G55	0.0055543347261846
G92	G88	0.0055542979389429
G26	G97	0.0055542704649269
G17	G14	0.0055542108602821
G91	G1	0.0055541549809277
G44	G14	0.0055540380999445
G96	G58	0.0055540166795253
G40	G36	0.0055539910681545
G95	G93	0.0055539784952998
G5	G91	0.0055539556778967
G18	G69	0.0055539407767355
G45	G76	0.0055539128370583
G100	G11	0.0055538844317197
G78	G69	0.0055538075976073
G40	G67	0.0055537871085107
G70	G79	0.0055537461303174
G64	G98	0.0055537149310112
G10	G31	0.0055536380968987
G29	G30	0.0055536217987537
G53	G35	0.005553619004786
G6	G76	0.0055536106228828
G14	G71	0.0055535985156893
G38	G27	0.0055535524152219
G76	G49	0.005553510505706
G96	G68	0.0055535095743834
G40	G61	0.0055534988641738
G71	G9	0.0055534206330776
G93	G11	0.0055534136481583
G4	G74	0.0055533973500132
G92	G63	0.0055533340200781
G18	G61	0.0055533158592879
G49	G48	0.0055533084087073
G11	G98	0.0055532748810946
G77	G1	0.005553170107305
G43	G55	0.0055531160905957
G46	G13	0.0055530099198222
G69	G22	0.0055529279634356
G56	G68	0.0055528935045003
G65	G86	0.0055528283119201
G32	G4	0.0055527840740978
G40	G58	0.0055527430959045
G50	G90	0.0055527337826788
G18	G15	0.0055526974610984
G70	G100	0.0055526690557599
G43	G35	0.0055526006035506
G4	G90	0.0055525894276797
G92	G24	0.0055525787174701
G43	G29	0.0055525642819702
G85	G80	0.005552508868276999
G45	G65	0.0055525028146803
G78	G4	0.0055524660274386
G79	G5	0.0055524557828903
G90	G35	0.0055524455383419
G80	G9	0.0055524380877614
G49	G68	0.0055524320341646
G82	G65	0.0055523673072457
G13	G5	0.0055523300543427
G65	G59	0.0055523016490042
G98	G95	0.0055522769689559
G43	G76	0.0055522671900689
G75	G81	0.005552259273826999
G92	G55	0.0055522415786981
G80	G31	0.0055522271431982
G8	G79	0.0055521745234727
G74	G22	0.0055520855821669
G86	G46	0.0055520441383123
G43	G63	0.0055520241148769
G99	G93	0.0055520101450383
G46	G40	0.0055519682355225
G40	G71	0.0055519174784421
G49	G57	0.0055519137531518
G23	G74	0.0055518122389912
G90	G71	0.0055517740547657
G46	G53	0.0055517242290079
G16	G30	0.0055516897700726
G45	G92	0.0055515877902507
G91	G33	0.0055515803396701
G36	G9	0.0055515575222671
G85	G23	0.005551544483751
G93	G3	0.0055515416897833
G78	G31	0.0055514997802674
G3	G98	0.0055514080449938
G4	G18	0.0055513982661068
G49	G8	0.0055513400584459
G28	G52	0.0055513228289783
G91	G68	0.0055513018742203
G85	G94	0.0055511412210762
G49	G65	0.0055510611273348
G79	G70	0.0055510094389319
G83	G85	0.0055510075762867
G8	G99	0.0055509358644485
G28	G31	0.0055508846417069
G14	G73	0.005550879985093999
G78	G5	0.0055508525110781
G79	G68	0.0055508348159492
G78	G93	0.0055508259683847
G51	G80	0.0055508012883365
G95	G54	0.00555079896003
G1	G42	0.0055507863871753
G9	G58	0.0055507398210465
G55	G6	0.0055507319048047
G52	G54	0.0055507118813693
G75	G39	0.0055507100187242
G46	G12	0.005550698377192
G95	G51	0.0055506788194179
G50	G35	0.0055506657809019
G68	G9	0.0055506555363535
G7	G33	0.0055506480857729
G42	G80	0.0055506229400634
G16	G71	0.0055506094358861
G24	G93	0.0055505475029349
G40	G88	0.00555050233379
G65	G47	0.0055504934862256
G18	G90	0.0055504878982901
G92	G19	0.0055504813790321
G65	G32	0.00555040827021
G49	G70	0.0055503896437585
G86	G41	0.0055503537878394
G33	G71	0.0055503100156784
G1	G7	0.0055502015165984
G60	G53	0.0055502010509371
G90	G58	0.0055501861497759
G59	G74	0.005550131201744001
G96	G53	0.0055499919690191
G67	G10	0.0055499374866485
G100	G91	0.0055498904548585
G48	G21	0.0055498708970844
G75	G90	0.0055496767163276
G58	G74	0.0055496636778116
G85	G62	0.0055496501736342
G51	G50	0.0055496371351182
G96	G71	0.0055496101267635
G38	G67	0.0055495765991508
G78	G12	0.0055495188571512
G6	G100	0.0055494685657322
G44	G12	0.0055492953397333
G53	G4	0.0055492809042334
G38	G11	0.0055492143146693
G89	G27	0.0055491812527179
G82	G17	0.0055491784587502
G85	G46	0.005549176596105
G95	G8	0.0055491584353148
G73	G68	0.0055491053499281
G50	G97	0.0055489712394773
G43	G36	0.0055489442311227
G14	G24	0.0055488725192844
G29	G4	0.0055488608777523
G79	G85	0.0055488240905106
G88	G61	0.0055488115176558
G20	G30	0.0055487821809947
G45	G46	0.0055487151257693
G44	G45	0.0055486615747213
G98	G1	0.0055485391058027
G26	G38	0.005548523273319
G25	G72	0.0055483914911746
G8	G100	0.0055482727475464
G1	G39	0.0055482536554336
G79	G88	0.0055482224561274
G96	G91	0.0055481381714344
G10	G7	0.0055481060408055
G17	G63	0.0055481037124991
G32	G15	0.0055479570291936
G94	G22	0.005547956097870998
G82	G98	0.0055479556322097
G36	G18	0.0055477884598076
G67	G16	0.0055477707646787
G23	G82	0.0055477675050497
G13	G73	0.0055477204732596
G45	G47	0.0055477041751146
G85	G3	0.005547618959099
G60	G43	0.0055475994013249
G16	G18	0.0055475835688412
G72	G15	0.005547571927309
G49	G28	0.0055475537665188
G71	G77	0.0055473591201007
G18	G20	0.0055473498068749
G53	G9	0.0055473325774073
G91	G6	0.0055473069660365
G37	G28	0.0055472822859883
G10	G4	0.0055472394451498
G43	G61	0.0055472375825047
G69	G4	0.0055472147651016
G97	G10	0.0055472035892307
G20	G5	0.0055471956729888
G41	G19	0.0055471821688115
G4	G67	0.0055471756495535
G40	G89	0.0055471244268119
G21	G88	0.0055470624938607
G8	G35	0.0055470345541834
G86	G48	0.0055469973012804
G50	G49	0.0055469828657805
G32	G93	0.0055469311773777
G32	G5	0.0055468142963945
G68	G65	0.005546810105443001
G41	G90	0.0055467789061367
G26	G32	0.0055467667989432
G82	G92	0.0055467160418629
G13	G78	0.0055466070771217
G28	G69	0.0055465754121541
G67	G54	0.0055465479381382
G47	G22	0.0055464841425418
G63	G17	0.0055464813485741
G75	G60	0.005546452011913
G53	G79	0.0055464408360421
G2	G75	0.0055464021861553
G49	G59	0.0055463933385908
G95	G80	0.0055463868193328
G33	G74	0.0055463779717683
G50	G41	0.0055461996234953
G46	G76	0.005546186119318001
G100	G61	0.0055461535230278
G79	G3	0.0055460622534155
G86	G59	0.0055460333824157
G82	G19	0.0055460063740611
G5	G98	0.0055459826253354
G95	G64	0.0055459807626903
G8	G63	0.0055459789000451
G57	G83	0.0055459602735936
G26	G65	0.0055458494462072
G32	G28	0.0055457772687077
G63	G1	0.0055457372218369995
G29	G68	0.0055457302369177
G45	G41	0.0055457083508372
G65	G23	0.0055456822738051
G40	G21	0.0055456808768212
G100	G20	0.0055456669069826
G2	G30	0.0055455449037253
G83	G22	0.0055455332621932
G62	G10	0.0055454475805163
G20	G74	0.0055453688837587
G4	G13	0.0055453646928071
G16	G31	0.005545153748244
G43	G90	0.0055451309308409
G20	G93	0.0055450615473091
G92	G48	0.0055450592190027
G21	G71	0.0055450126528739
G46	G74	0.0055450019426643
G84	G94	0.0055449688807129
G23	G29	0.0055449525825679
G53	G40	0.0055447397753596
G4	G64	0.0055447234772145
G79	G15	0.005544695071875999
G72	G18	0.0055446750484406
G78	G27	0.0055446573533117
G85	G37	0.0055446084588766
G100	G82	0.0055445749312639
G32	G44	0.0055445381440222
G75	G88	0.0055444664321839
G3	G79	0.0055444072932004
G47	G15	0.0055443923920392
G5	G1	0.0055443667806684
G99	G5	0.0055443458259105
G66	G90	0.0055442466400563
G23	G98	0.0055441567674279
G86	G8	0.0055441535077989
G8	G32	0.005544101819396001
G46	G72	0.0055440063588321
G26	G24	0.0055439854040741
G38	G7	0.0055439248681068
G10	G17	0.005543899256736
G12	G6	0.0055438759736716
G79	G69	0.0055438694544136
G32	G56	0.0055438275448977
G75	G18	0.0055438228882849
G7	G22	0.0055438037961721
G77	G8	0.0055437986738979
G1	G33	0.0055437949486076
G95	G22	0.0055437870323657
G88	G27	0.0055437814444303
G10	G24	0.0055437441915273
G84	G5	0.005543743725866
G95	G82	0.0055436552502214
G48	G68	0.0055435318499803
G16	G84	0.0055434796959161
G33	G20	0.0055434214882552
G53	G3	0.0055433460511267
G77	G49	0.0055433246307075
G75	G45	0.0055432319641113
G68	G95	0.0055432310327887
G33	G60	0.005543224979192
G86	G11	0.0055431756190955
G18	G7	0.0055431467480957
G48	G15	0.0055431174114346
G56	G93	0.005543103441596
G13	G97	0.0055430857464671
G6	G71	0.0055430741049349
G70	G1	0.0055429926142096
G70	G26	0.0055429525673389
G77	G38	0.0055429521016776
G95	G49	0.0055428622290492
G100	G79	0.0055428328923881
G85	G12	0.0055428203195333
G58	G52	0.00554277934134
G31	G15	0.0055427644401788
G18	G21	0.0055427243933081
G66	G32	0.005542704835534
G49	G84	0.0055426922626793
G2	G41	0.0055426801554858
G16	G9	0.0055426708422601
G75	G57	0.0055426689796149
G86	G32	0.0055426303297281
G16	G64	0.0055426256731152
G86	G64	0.0055425986647605
G65	G55	0.0055425963364541
G34	G45	0.0055425749160349
G16	G43	0.0055425679311156
G37	G16	0.0055425628088414
G50	G17	0.0055425530299544
G70	G96	0.0055425022728741
G51	G27	0.0055425018072128
G30	G84	0.0055424897000193
G44	G33	0.0055424240417778
G70	G57	0.005542364437133
G51	G60	0.0055423504672944
G18	G87	0.0055423304438591
G97	G66	0.0055422289296984
G45	G89	0.0055421614088118
G7	G57	0.0055421539582312
G75	G47	0.0055421069264411
G62	G22	0.0055420259013772
G67	G98	0.005542014259845
G91	G75	0.0055419416166841
G100	G48	0.0055419192649424
G85	G66	0.0055419132113456
G92	G41	0.0055418848060071
G44	G43	0.0055418610572814
G26	G2	0.0055418256670236
G67	G87	0.0055418028496205
G50	G55	0.0055417739786207
G7	G40	0.0055417548865079
G33	G37	0.0055417153052985
G91	G17	0.0055417004041373
G34	G73	0.0055416715331375
G17	G38	0.0055416175164282
G38	G25	0.0055414205417037
G100	G66	0.0055413860827684
G32	G81	0.0055413800291717
G68	G20	0.0055413730442523
G67	G47	0.0055413567461073
G95	G83	0.0055413548834621
G32	G83	0.0055413478985428
G1	G47	0.0055412794463336
G88	G68	0.0055412757210433
G85	G75	0.0055412366054952
G7	G16	0.0055412291549146
G17	G66	0.0055412147194147
G82	G68	0.0055411946959793
G82	G58	0.0055411881767213
G88	G78	0.0055411322973668
G32	G38	0.0055411285720765
G62	G76	0.0055411080829799
G85	G82	0.0055410298518836
G41	G43	0.0055410186760127
G100	G60	0.005540897604078
G42	G68	0.0055408840999007
G29	G38	0.0055408049374818
G55	G95	0.0055407918989658
G57	G49	0.0055407872423529
G88	G49	0.0055407141335308
G53	G85	0.0055407132022082
G45	G10	0.0055407094769179
G40	G32	0.0055406866595149
G4	G2	0.0055406428873538
G67	G69	0.0055405893363058
G92	G100	0.0055405749008059
G68	G56	0.0055405283346772
G7	G83	0.0055404747836291
G28	G89	0.005540466401726
G44	G74	0.0055404608137905
G58	G90	0.0055403215810656
G62	G98	0.0055403015576303
G73	G56	0.0055403001606464
G70	G94	0.0055402987636625
G97	G69	0.0055402941070497
G23	G35	0.0055402666330337
G60	G45	0.0055402386933565
G32	G99	0.0055402368307113
G71	G13	0.0055402331054209995
G52	G89	0.0055402256548404
G100	G90	0.0055401907302439
G52	G48	0.0055401651188731
G84	G68	0.0055401194840669
G54	G18	0.0055400296114385
G43	G10	0.005539949517697
G93	G92	0.0055399243719875
G53	G16	0.0055398913100361
G93	G83	0.0055398819968104
G13	G45	0.0055398736149072
G11	G4	0.0055398298427462
G66	G15	0.0055397921241819
G92	G31	0.0055397907271981
G41	G18	0.0055397683754563
G43	G34	0.0055397478863596
G15	G35	0.0055397083051502
G7	G74	0.0055396645329892
G7	G42	0.0055396440438926
G18	G40	0.0055395942181348
G8	G26	0.0055395378731191
G56	G76	0.0055395136587321
G6	G82	0.0055394191294908
G86	G5	0.0055394168011844
G70	G42	0.0055393981747329
G32	G13	0.0055393893271684
G55	G20	0.0055393800139427
G26	G15	0.0055393339134752
G56	G30	0.0055393301881849
G51	G11	0.0055393241345882
G44	G18	0.0055393227376043
G46	G25	0.0055392337962985
G77	G14	0.0055391727946698
G83	G97	0.0055391434580087
G41	G38	0.0055391080677509
G5	G93	0.0055390363559126
G1	G32	0.0055389925837516
G39	G68	0.0055389911867678
G13	G37	0.0055389618501067
G32	G36	0.0055389506742358
G100	G97	0.0055389492772519
G5	G46	0.0055389450863003
G44	G79	0.0055389367043972
G70	G51	0.0055389297194778
G58	G12	0.005538897588849
G64	G91	0.0055388663895428
G20	G100	0.0055388072505593
G83	G79	0.0055387616157531
G32	G25	0.0055387280881404
G100	G24	0.0055386652238667
G100	G73	0.0055385981686413
G11	G2	0.0055385776795446
G34	G44	0.0055385488085448
G3	G73	0.0055384985171258
G43	G26	0.0055384971201419
G13	G18	0.0055384114384651
G56	G24	0.0055384072475135
G11	G5	0.0055384002625942
G92	G34	0.0055383760482072
G62	G24	0.0055383499711751
G11	G84	0.0055383434519171
G37	G75	0.0055383029393851
G50	G38	0.0055381990969181
G12	G22	0.0055381800048053
G47	G23	0.005538142286241
G29	G18	0.0055381315760314
G96	G63	0.0055380715057253
G44	G2	0.0055380561389029
G23	G14	0.0055380454286932
G100	G36	0.0055379723198711
G48	G27	0.0055379644036293
G19	G9	0.0055379439145326
G36	G65	0.0055379346013069
G1	G26	0.0055379252880811
G88	G6	0.0055379066616296
G17	G53	0.0055379047989845
G100	G6	0.0055379043333232
G85	G83	0.0055378852412104
G46	G77	0.0055376924574375
G67	G79	0.0055376552045345
G99	G38	0.0055375671945512
G16	G73	0.005537558812648001
G49	G75	0.005537549033761
G24	G45	0.0055374526418745
G31	G9	0.0055373706854879
G91	G74	0.0055372286587953
G36	G64	0.0055372193455696
G83	G10	0.0055372179485857
G70	G3	0.0055372132919728
G40	G37	0.0055371974594891
G52	G12	0.0055371839553117
G37	G67	0.0055371816270053
G14	G33	0.0055370484478771
G14	G76	0.0055370409972965
G74	G48	0.0055370274931192
G18	G65	0.0055370107293128
G59	G57	0.0055369990877807
G13	G59	0.0055369660258293
G45	G20	0.0055369175970554
G94	G18	0.0055369036272168
G40	G26	0.0055368840694427
G90	G11	0.0055368156172335
G46	G20	0.00553680351004
G19	G25	0.0055367895402014
G92	G89	0.0055367718450725
G85	G78	0.0055367057211697
G29	G51	0.0055367033928632
G78	G3	0.0055366470478475
G3	G4	0.0055365646257996
G67	G72	0.0055365609005093
G70	G5	0.0055365278385579
G76	G91	0.0055364873260259
G17	G6	0.0055364733561873
G65	G51	0.0055364123545587
G48	G52	0.0055364021100103
G86	G96	0.0055363895371556
G48	G5	0.0055363830178976
G48	G79	0.0055363206192851
G61	G22	0.0055363047868013
G11	G77	0.0055362898856401
G97	G61	0.0055362675338983
G36	G53	0.0055362475104629
G6	G65	0.0055362470448017
G79	G90	0.005536229815334
G85	G22	0.0055362246930599
G77	G4	0.0055361883714795
G2	G70	0.0055361879058182
G92	G51	0.0055361222475767
G72	G52	0.0055361036211252
G8	G73	0.0055360803380608
G44	G88	0.0055360458791255
G77	G78	0.0055360407568514
G98	G85	0.0055360356345772
G58	G4	0.0055360328406095
G67	G24	0.0055359662510454
G9	G75	0.0055359220132231
G78	G66	0.0055358856916427
G49	G72	0.0055358707904815
G72	G74	0.0055358470417559
G1	G84	0.0055357869714498
G58	G84	0.0055357818491756
G84	G56	0.0055356845259666
G5	G92	0.0055356710217893
G43	G99	0.0055356426164507
G97	G34	0.0055355764925479
G42	G4	0.0055355569347739
G6	G39	0.0055355345830321
G67	G90	0.0055355131626129
G92	G61	0.0055354260839521
G11	G7	0.0055353958159685
G18	G1	0.0055353785865008
G53	G97	0.0055352919735014
G2	G10	0.0055352351628243
G40	G81	0.0055352272465825
G75	G28	0.0055352081544697
G98	G49	0.0055351979099214
G100	G57	0.0055351206101477
G18	G10	0.0055351154878735
G90	G62	0.0055350917391479
G31	G90	0.0055350526235997
G26	G63	0.0055350218899548
G19	G64	0.0055350204929709
G91	G39	0.0055350107140839
G14	G28	0.0055349287576973
G45	G93	0.0055349133908748
G61	G35	0.005534911993891
G87	G49	0.0055348887108266
G40	G42	0.0055348766036331
G63	G31	0.0055348551832139
G35	G7	0.0055348491296172
G99	G71	0.0055348444730043
G90	G41	0.0055348281748592
G3	G88	0.0055347834713757
G92	G39	0.0055347676388919
G87	G11	0.0055347667075693
G51	G56	0.0055347261950373
G49	G46	0.0055347187444567
G13	G3	0.0055346805602312
G97	G50	0.005534672178328
G26	G83	0.0055346707813441
G4	G1	0.0055346614681184
G42	G35	0.0055346502922475
G95	G7	0.0055345771834254
G61	G25	0.0055345762521028
G28	G61	0.0055344887077808
G10	G91	0.0055343792773783
G14	G13	0.005534351337701001
G79	G58	0.0055343057028949
G6	G61	0.0055342838168144
G58	G51	0.0055342195555567
G90	G13	0.0055342162959277
G9	G16	0.0055342013947665
G90	G19	0.0055342009291052
G49	G14	0.0055341715924441
G74	G4	0.0055341296829283
G75	G3	0.0055341003462672
G46	G39	0.0055339997634291
G38	G55	0.0055339913815259
G48	G13	0.0055339909158647
G28	G32	0.0055339881218969
G79	G28	0.0055339443497359
G15	G52	0.0055339378304779
G70	G81	0.005533923394978001
G28	G43	0.0055338921956717
G7	G73	0.0055338912643492
G44	G48	0.0055338125675916
G97	G85	0.0055338069796562
G54	G64	0.0055337673984467
G39	G5	0.0055337212979793
G53	G91	0.0055336924269795
G41	G39	0.0055335839278995
G14	G61	0.0055335480719804
G42	G14	0.0055335462093353
G33	G89	0.0055335373617708
G2	G55	0.0055335196666419
G34	G81	0.005533498711883999
G7	G71	0.0055334907956421
G17	G7	0.0055334237404167
G78	G52	0.0055334102362394
G41	G8	0.0055333995260298
G49	G81	0.0055333725176751
G72	G53	0.0055333236232399
G26	G94	0.0055331946350634
G25	G17	0.0055331913754343
G23	G72	0.0055331378243863
G20	G21	0.0055331313051283
G79	G51	0.0055331233888864
G26	G10	0.0055330763570964
G99	G84	0.0055330283939838
G25	G51	0.0055330018512904
G25	G14	0.0055329934693872
G24	G90	0.0055329846218228
G4	G27	0.0055329645983874
G31	G74	0.0055329566821455
G40	G46	0.0055329510942101
G3	G45	0.0055329403840005
G23	G67	0.0055329273454844
G42	G59	0.0055329226888716
G87	G98	0.005532891023904
G13	G54	0.0055328859016299
G71	G18	0.0055328421294689
G79	G2	0.0055328179150819
G71	G5	0.0055328076705336
G33	G100	0.0055327964946627
G91	G40	0.0055327955633401
G86	G38	0.0055327829904854
G17	G77	0.0055327392183244
G40	G6	0.0055327345617115
G22	G56	0.0055327014997601
G23	G69	0.0055326088331639
G97	G39	0.0055326013825833
G67	G81	0.0055325869470834
G18	G100	0.0055325864814221
G44	G41	0.005532550625503001
G68	G90	0.0055325496941804
G50	G86	0.0055325427092611
G68	G35	0.0055325115099549
G71	G28	0.0055324868299067
G69	G71	0.0055324821732938
G80	G21	0.0055324654094874
G44	G66	0.005532459821551998
G20	G72	0.0055323522537946
G79	G20	0.0055322856642305
G92	G56	0.0055322684347629
G17	G72	0.0055322335101664
G38	G81	0.0055322288535535
G99	G1	0.0055322195403277
G66	G16	0.0055322120897471
G10	G14	0.0055322092957794
G49	G85	0.005532176233828
G18	G47	0.0055321655236184
G16	G54	0.0055321473628282
G49	G9	0.0055321184918284
G33	G30	0.0055321063846349
G49	G21	0.0055320616811513
G94	G7	0.0055320421233773
G33	G97	0.0055320402607321
G99	G59	0.0055319312959909
G93	G95	0.0055319275707006
G4	G7	0.0055319257080554
G88	G60	0.0055319066159427
G44	G52	0.0055318716913461
G91	G89	0.0055318367667496
G6	G52	0.005531832575798001
G5	G97	0.0055318265222013
G29	G61	0.0055317524820566
G4	G87	0.0055317338556051
G73	G76	0.005531711038202
G96	G95	0.0055315941572189
G5	G21	0.0055315918289124
G45	G64	0.005531576462090001
G91	G12	0.0055315559729933
G17	G37	0.0055315513163805
G81	G31	0.0055315089412033
G18	G36	0.0055314912460744
G5	G26	0.0055314609780907
G16	G23	0.0055314120836555
G82	G10	0.0055313785560429
G44	G31	0.0055313091725111
G6	G64	0.005531289614737
G81	G98	0.0055312626063823
G96	G90	0.0055312463082373
G90	G25	0.0055312374606728
G14	G75	0.0055310963653028
G59	G4	0.0055310889147222
G28	G17	0.0055310050956904
G52	G96	0.0055309678427875
G44	G64	0.0055309571325778
G91	G46	0.0055309222079813
G73	G17	0.0055306791327893
G77	G64	0.0055306642316281
G8	G33	0.0055306423455476
G72	G9	0.0055306274443864
G82	G72	0.0055306139402091
G26	G62	0.0055306088179349
G38	G59	0.0055305794812738
G76	G4	0.0055305599234998
G62	G64	0.0055305492132902
G32	G98	0.0055304868146777
G85	G7	0.0055304844863712
G38	G47	0.0055304379202425
G98	G77	0.0055304318666458
G56	G84	0.0055304295383393
G69	G33	0.0055304002016782
G12	G51	0.0055303638800978
G51	G13	0.0055302730761468
G64	G6	0.0055301971733569995
G63	G41	0.0055301585234701
G95	G23	0.0055301557295024
G20	G42	0.0055301412940025
G61	G99	0.0055301385000348
G23	G90	0.005530119407922
G56	G46	0.0055301184765994
G95	G46	0.0055301063694059
G63	G69	0.0055300956591963
G11	G64	0.0055300565436482
G70	G64	0.0055300551466643
G48	G46	0.0055299769155681
G65	G64	0.0055299755185842
G2	G61	0.0055299447849392
G1	G45	0.0055299238301813
G10	G11	0.0055299224331974
G90	G22	0.005529869813471999
G100	G93	0.0055298684164881
G24	G98	0.0055298549123108
G48	G92	0.005529788788408001
G69	G43	0.005529758054763001
G31	G63	0.0055297384969890005
G61	G85	0.0055297375656664
G97	G11	0.005529714282602
G49	G62	0.0055296942591667
G20	G8	0.0055296579375863
G98	G72	0.0055296565406024
G86	G4	0.0055296537466347
G20	G71	0.0055296313948929
G27	G30	0.0055295932106673
G27	G71	0.0055295927450059994
G15	G11	0.0055295894853769996
G21	G80	0.0055295801721513
G36	G83	0.0055295177735388
G26	G46	0.0055295103229582
G69	G46	0.0055295070633292
G22	G85	0.0055294870398938
G98	G100	0.005529467947781
G38	G98	0.005529401358216998
G91	G93	0.0055293408222496
G81	G40	0.0055292141623795
G31	G35	0.0055291494354605
G41	G22	0.0055291079916059
G79	G18	0.0055290991440415
G9	G7	0.0055290814489126
G10	G22	0.0055290781892836
G3	G48	0.0055290581658482
G55	G88	0.0055290139280259
G61	G73	0.0055289887823164
G99	G41	0.0055288868024945
G78	G17	0.0055288826115429
G2	G94	0.0055288602598011
G42	G99	0.0055288318544626
G31	G85	0.0055287997238337
G55	G2	0.0055287266150116
G70	G68	0.0055287051945924
G86	G19	0.0055286427959799
G59	G40	0.0055286167189478
G75	G6	0.0055286143906414
G96	G7	0.0055286101996898
G70	G53	0.005528608802706
G42	G41	0.0055285617709159
G4	G32	0.0055285524576902
G53	G70	0.0055285468697547
G42	G88	0.0055285156704485
G98	G40	0.0055285058915615
G17	G20	0.005528500303626
G26	G84	0.0055284900590777
G64	G18	0.0055284886620938
G68	G6	0.0055284602567553
G48	G58	0.005528382025659
G25	G3	0.0055283787660299994
G62	G43	0.0055283275432884
G13	G83	0.005528247449547
G28	G91	0.0055282334797084
G50	G42	0.0055282097309827
G11	G96	0.0055281654931604
G24	G14	0.0055281561799347
G10	G65	0.0055281389504671
G62	G52	0.0055281375534832
G75	G89	0.0055281152017414
G85	G68	0.0055280691012740005
G64	G5	0.0055280551314353
G33	G7	0.005528031848370999
G56	G75	0.0055280118249356
G86	G56	0.0055279973894357
G96	G98	0.0055279866792261
G17	G90	0.0055279559455811
G44	G58	0.0055279145017266
G2	G16	0.0055279089137911
G79	G40	0.0055278996005654
G82	G29	0.0055278856307268
G84	G93	0.0055278819054365
G33	G79	0.0055278199724853
G40	G27	0.0055278153158724
G58	G69	0.0055277943611145
G81	G36	0.0055277934297919
G94	G10	0.0055277734063565
G25	G64	0.0055277571082115
G8	G54	0.0055277524515986
G33	G32	0.0055277254432439
G50	G48	0.0055276649072766
G72	G75	0.0055276285856962
G10	G61	0.0055275936610996
G8	G53	0.0055275866761803
G43	G65	0.0055275317281484
G69	G38	0.0055275303311645
G45	G74	0.0055275256745517
G73	G100	0.0055275242775678
G73	G9	0.005527495406568
G98	G89	0.0055274697951972
G65	G66	0.0055274129845201
G91	G26	0.0055274022743105
G60	G88	0.0055273897014558
G46	G7	0.0055273892357945
G75	G62	0.0055273082107305
G33	G53	0.0055272397585213
G53	G100	0.0055272174067795
G70	G52	0.0055271829478442
G1	G36	0.0055270888842642
G72	G83	0.0055270744487643
G62	G91	0.0055270697921514
G20	G14	0.0055270576849579
G10	G26	0.0055269841104745
G78	G34	0.0055269747972488
G62	G7	0.005526958964765001
G46	G79	0.005526915192604
G14	G65	0.0055268844589591
G55	G50	0.0055268830619752
G100	G58	0.0055268788710236
G52	G58	0.0055268662981688
G70	G87	0.0055268541909754
G93	G9	0.0055268290452659
G4	G12	0.0055268192663788
G60	G50	0.0055267941206693
G93	G26	0.0055267713032662
G27	G83	0.0055267196148633
G75	G53	0.0055267182178795
G53	G71	0.0055266707204282
G96	G65	0.0055266548879444
G28	G88	0.0055266139097511
G91	G76	0.005526612047106
G6	G60	0.0055265827104449
G46	G5	0.0055265524424612
G3	G93	0.0055265296250581
G38	G72	0.0055265258997678
G48	G38	0.0055265165865421
G52	G77	0.0055264523252844
G42	G87	0.0055264509283006
G43	G80	0.005526440218091
G23	G71	0.0055264336988329
G89	G91	0.0055263978429138
G17	G23	0.0055263713002204
G92	G45	0.0055263484828174
G26	G48	0.0055263410322368
G3	G31	0.0055262772366404
G22	G38	0.0055262697860598
G26	G98	0.0055262660607695
G16	G15	0.0055262129753828
G64	G38	0.005526153370738
G15	G4	0.0055261389352381
G70	G25	0.005526062566787
G9	G57	0.0055260593071579
G93	G85	0.005526028573513001
G41	G14	0.0055260020308196
G94	G30	0.0055259927175939
G72	G24	0.0055259903892874
G56	G50	0.0055259312503039
G75	G72	0.0055258991196751
G29	G49	0.0055258851498365
G85	G65	0.005525866523385
G32	G95	0.0055258586071431
G65	G24	0.0055258171632885
G64	G15	0.0055258027277886
G53	G57	0.0055257882922887
G63	G88	0.0055257747881114
G79	G49	0.005525697953999001
G91	G82	0.0055256457999348
G82	G42	0.0055255810730159
G78	G36	0.0055254437029361
G70	G60	0.0055254232138395
G91	G27	0.005525411106646
G22	G93	0.005525411106646
G44	G37	0.0055254045873880005
G73	G27	0.0055253966711461
G61	G1	0.0055253952741622
G81	G4	0.0055253682658076
G65	G1	0.0055252881720662
G9	G8	0.0055252686142921
G96	G27	0.0055252229794859
G93	G5	0.0055251750163733
G100	G25	0.0055250604636967
G68	G80	0.0055250516161322
G97	G15	0.0055250376462936
G5	G12	0.0055250283330678
G70	G55	0.0055250255391001
G27	G5	0.0055249957367777
G86	G50	0.0055249352008104
G10	G32	0.005524874664843001
G56	G9	0.0055248676799237
G82	G40	0.0055248355492949
G53	G20	0.0055248257704079
G64	G9	0.0055247275158762
G59	G70	0.0055246460251510005
G88	G17	0.0055245752446353
G14	G96	0.0055245338007807
G85	G98	0.0055244509130716
G52	G8	0.005524433683603999
G45	G63	0.0055244094692169995
G82	G78	0.0055243968963623
G22	G95	0.0055243535898625
G76	G73	0.0055242753587663
G43	G41	0.0055242669768631
G93	G96	0.0055242208763957
G8	G22	0.0055241952650249
G23	G68	0.0055241552181541
G16	G78	0.0055241198278963
G99	G68	0.0055240881629288
G59	G64	0.0055240653455257
G97	G87	0.0055240616202354
G83	G78	0.0055240504443645
G78	G44	0.0055240406654775
G8	G82	0.0055240038782358
G67	G17	0.0055239200592041
G78	G9	0.0055238688364624
G60	G3	0.0055237882770597
G54	G91	0.0055237486958503
G96	G88	0.0055237384513019995
G5	G67	0.005523688159883
G45	G85	0.0055236862972378
G51	G1	0.0055236755870282
G53	G56	0.0055236727930605
G83	G4	0.0055236360058188
G34	G71	0.0055236350744962
G97	G58	0.0055236206389963
G51	G93	0.0055235987529158
G80	G17	0.0055235913023352
G33	G67	0.0055235433392226
G55	G91	0.0055235349573194
G17	G44	0.0055234762839972
G75	G32	0.0055234697647392
G13	G48	0.0055234506726264
G37	G31	0.0055234320461750004
G33	G46	0.0055234245955944
G81	G6	0.0055233812890946
G32	G19	0.0055233691819012
G6	G91	0.0055233309976756
G9	G84	0.005523330066353001
G3	G14	0.0055233207531273
G38	G48	0.0055232783779501
G42	G30	0.0055232723243534
G53	G67	0.0055232695303857
G32	G54	0.0055232211016118
G3	G59	0.0055232197046279
G79	G48	0.0055231805890798
G64	G58	0.0055231633596122
G55	G32	0.005523077212274
G82	G69	0.0055230674333869995
G3	G15	0.0055229533463716
G91	G41	0.0055229314602911
G7	G41	0.005522908642888001
G64	G12	0.00552290212363
G42	G53	0.0055228755809366
G69	G9	0.0055228029377758
G1	G29	0.0055227279663085
G1	G18	0.0055227205157279
G47	G60	0.0055227056145668
G31	G42	0.0055226893164217
G8	G96	0.0055226488038897
G6	G51	0.0055226138792932
G37	G68	0.0055226050317287
G62	G71	0.0055226036347448
G3	G41	0.0055225426331162
G41	G86	0.0055225268006324
G46	G94	0.0055225235410034
G21	G84	0.0055224997922778
G27	G62	0.0055224979296326
G20	G78	0.0055224862881004
G59	G45	0.0055224639363586
G47	G6	0.0055224313400685
G71	G82	0.0055223824456334
G53	G12	0.0055223703384399
G92	G82	0.0055223614908754
G1	G34	0.0055223475210368
G70	G6	0.0055221314541995
G66	G20	0.0055221295915544
G83	G3	0.0055221272632479
G46	G84	0.0055221230722963
G9	G76	0.0055220974609255
G78	G21	0.0055220890790224
G50	G56	0.0055220811627805
G43	G32	0.005522078834473999
G48	G88	0.0055220760405063
G11	G49	0.005521988030523001
G95	G18	0.0055219396017491
G44	G20	0.0055219284258782
G26	G67	0.0055218189954757
G48	G7	0.0055217831395566
G4	G61	0.0055217808112502
G51	G52	0.0055217738263309
G1	G79	0.0055217030458152
G66	G29	0.0055216904729604
G8	G50	0.0055216862820088
G81	G68	0.0055216229520738
G54	G76	0.005521603859960999
G16	G89	0.0055215605534613
G41	G5	0.0055215442553162
G14	G37	0.0055215079337358
G6	G85	0.0055214739404618
G40	G19	0.005521454848349
G76	G62	0.0055214506573975
G85	G39	0.0055214487947523
G92	G2	0.0055213826708495
G41	G6	0.0055213747546076
G47	G81	0.0055213747546076
G20	G31	0.005521367304026999
G70	G69	0.005521367304026999
G8	G2	0.0055213230662047
G20	G81	0.0055213212035596
G72	G17	0.0055213090963661
G29	G100	0.0055212914012372
G60	G5	0.0055212886072695
G15	G74	0.0055212671868503
G2	G51	0.0055212494917213
G79	G65	0.0055212280713021
G37	G79	0.0055212220177054
G47	G45	0.0055211116559803
G23	G70	0.0055210841819643
G36	G81	0.0055210050195455
G54	G92	0.0055210003629326
G78	G98	0.0055209770798683
G76	G64	0.0055209514684975
G23	G43	0.0055209500715136
G84	G59	0.0055209440179169
G90	G89	0.0055209291167557
G8	G62	0.0055209253914654
G37	G78	0.0055209202691912
G20	G26	0.0055209062993526
G85	G76	0.0055208834819495
G71	G90	0.0055208704434335
G56	G32	0.0055208327248692
G45	G77	0.0055208066478371
G16	G6	0.0055207572877407
G78	G35	0.0055207363329827
G29	G31	0.0055207144469022
G92	G83	0.0055206539109349
G49	G37	0.0055206501856446
G5	G77	0.0055206296965479
G26	G37	0.0055206147953867
G45	G50	0.0055205961689352
G44	G39	0.0055204886011779
G53	G87	0.005520487204194
G79	G73	0.0055204825475811
G7	G50	0.0055204727686941
G8	G47	0.0055204057134687
G4	G8	0.0055203987285494
G79	G92	0.0055203870870172
G85	G24	0.0055203842930495
G14	G56	0.0055203051306307
G45	G81	0.0055202702060341
G16	G59	0.0055202431976795
G23	G15	0.0055202404037117
G7	G90	0.0055202147923409
G16	G33	0.0055202026851475
G63	G66	0.005520200356841
G95	G32	0.0055201794020831
G59	G25	0.0055201631039381
G17	G61	0.0055201365612447
G2	G35	0.0055201333016157
G50	G39	0.0055201184004545
G52	G14	0.0055201179347932
G14	G16	0.0055200974456965
G8	G68	0.0055200881324708
G1	G48	0.0055200606584548
G31	G73	0.005519991274923
G57	G90	0.0055198925547301
G98	G68	0.0055198343470692
G12	G70	0.0055198320187628
G70	G41	0.0055198217742145
G13	G84	0.0055198054760694
G60	G70	0.0055197961628437
G65	G31	0.0055197784677147
G86	G9	0.0055197672918438
G25	G18	0.0055197048932313
G1	G46	0.005519688129425
G41	G4	0.0055196792818605
G67	G58	0.0055196583271026
G55	G31	0.005519634578377001
G34	G63	0.0055196303874254
G11	G22	0.0055196154862642
G7	G4	0.0055196019820868
G1	G87	0.0055195959284901
G73	G41	0.0055195917375385
G75	G61	0.0055195870809257
G36	G14	0.0055195847526192
G93	G18	0.005519573111087
G43	G92	0.0055195009335875
G16	G21	0.0055194953456521
G98	G54	0.005519488826394
G69	G34	0.0055194483138619995
G70	G27	0.0055193626321852
G93	G6	0.0055193244479596
G67	G5	0.00551931373775
G8	G57	0.0055192983709275
G47	G8	0.0055192881263792
G20	G51	0.0055192825384438
G66	G68	0.0055192462168633
G6	G5	0.0055192289873957
G55	G57	0.0055192150175571
G91	G56	0.0055191912688314
G40	G94	0.0055191656574606
G26	G8	0.0055191535502672
G47	G43	0.0055191512219607
G71	G76	0.0055191437713801
G76	G78	0.0055191162973642
G95	G61	0.0055190515704452
G67	G9	0.0055190129205584
G16	G53	0.0055189640261232
G86	G74	0.0055189542472362
G31	G58	0.0055189472623169
G13	G75	0.0055189332924783
G12	G20	0.0055189142003655
G86	G21	0.0055189058184623
G73	G95	0.0055188895203173
G5	G53	0.0055188806727528
G53	G37	0.0055188410915434
G79	G50	0.0055188140831887
G92	G3	0.0055187856778502
G3	G32	0.0055187735706567
G33	G13	0.0055187568068504
G95	G70	0.0055187502875924
G51	G26	0.0055186934769153
G36	G71	0.005518645979464
G100	G40	0.0055186138488352
G95	G71	0.0055185928940773
G41	G84	0.005518521182239
G58	G71	0.0055185188539326
G18	G78	0.005518517922609999
G14	G22	0.0055185011588037
G48	G36	0.0055184578523039
G99	G98	0.0055184410884976
G72	G100	0.005518430378288
G60	G21	0.0055184261873364
G76	G20	0.0055184052325785
G58	G72	0.0055183959193527
G59	G100	0.005518386606127
G80	G78	0.0055183749645948
G66	G21	0.0055183470249176
G78	G57	0.0055183279328048
G79	G41	0.0055183051154017
G55	G17	0.0055182962678372
G96	G59	0.0055182860232889
G46	G23	0.0055182781070469995
G80	G28	0.0055182743817567
G43	G44	0.0055182129144668
G95	G53	0.0055182031355798
G52	G10	0.0055181821808218
G72	G5	0.0055181817151606
G65	G68	0.0055181295610964
G91	G79	0.0055181165225803
G33	G3	0.0055180862545967
G42	G89	0.0055180732160806
G66	G46	0.0055180587805807
G49	G39	0.0055180112831294
G65	G22	0.0055179637856781
G9	G62	0.0055179549381136
G65	G39	0.0055179526098072
G83	G6	0.005517934449016999
G14	G70	0.005517931189388
G58	G79	0.0055178441107273
G7	G76	0.0055178375914692
G14	G36	0.0055178147740662
G79	G77	0.0055178077891469
G8	G58	0.0055177994072437
G18	G67	0.0055177421309053
G4	G36	0.0055177300237119
G92	G64	0.0055176550522446
G70	G2	0.0055176289752125
G82	G3	0.0055176257155835
G26	G54	0.0055176131427288
G14	G87	0.0055176001042127
G82	G31	0.0055174920707941
G34	G97	0.0055174818262457
G34	G11	0.0055174599401652
G68	G19	0.0055174296721816
G37	G71	0.0055174273438751
G48	G59	0.005517381709069001
G72	G6	0.0055173770524561
G13	G61	0.0055173337459564
G68	G5	0.0055173253640532
G69	G56	0.0055173067376017
G91	G60	0.0055171572603285
G54	G5	0.0055171493440866
G54	G65	0.0055171269923448
G48	G32	0.0055170664563775
G54	G13	0.0055170585401356
G54	G87	0.0055170496925711
G59	G81	0.0055170338600873
G79	G29	0.005517004057765
G79	G81	0.0055170035921037
G6	G97	0.0055169900879263
G100	G45	0.0055169747211039
G26	G47	0.0055169304832816
G54	G53	0.0055168522521853
G75	G19	0.005516811273992
G80	G14	0.0055168098770082
G79	G80	0.0055167861282825
G61	G90	0.0055167670361697
G41	G66	0.0055166343227028
G91	G100	0.0055166091769933
G50	G18	0.0055165882222354
G99	G56	0.0055165854282677
G85	G95	0.0055165626108646
G73	G55	0.0055165588855743
G21	G72	0.0055165556259453
G6	G55	0.0055165425874292
G32	G46	0.0055165425874292
G1	G60	0.0055165155790746
G18	G45	0.0055165085941553
G7	G29	0.0055164983496069
G75	G69	0.0055164699442684
G41	G13	0.0055164489895105
G61	G62	0.0055164406076073
G82	G48	0.0055164387449622
G93	G24	0.0055164112709462
G76	G52	0.0055163865908980005
G95	G31	0.0055163595825433
G28	G49	0.0055163111537694
G34	G72	0.005516308825463001
G38	G61	0.0055162985809147
G36	G98	0.0055162901990115
G27	G56	0.0055162752978503
G25	G71	0.005516274832189001
G28	G78	0.005516265053301999
G25	G79	0.005516237579286
G51	G20	0.0055161798372864
G42	G71	0.0055161667987704
G89	G85	0.0055161546915769
G15	G72	0.0055161500349640005
G25	G42	0.0055161477066576
G86	G71	0.0055161253549158
G60	G66	0.0055161127820611
G4	G84	0.0055160196498036
G52	G19	0.0055160140618681
G93	G45	0.0055160117335617
G64	G34	0.0055160005576908
G33	G14	0.0055159465409815
G61	G78	0.0055158995091915
G79	G62	0.0055158967152237
G38	G52	0.0055158813484013
G22	G71	0.0055158431641757
G48	G37	0.0055158166214823
G11	G20	0.0055157793685793
G34	G89	0.0055157504975795
G5	G35	0.005515668541193001
G62	G40	0.0055156238377094
G70	G54	0.0055156229063868
G20	G87	0.0055156066082417
G12	G9	0.0055155926384031
G67	G42	0.0055155549198389
G45	G60	0.005515509750694
G48	G40	0.0055155088193714
G5	G8	0.0055154780857264
G54	G74	0.005515462718904
G29	G11	0.0055154617875814
G68	G47	0.0055154589936137
G62	G97	0.0055154575966298
G61	G70	0.0055154259316623
G98	G83	0.0055154217407107
G23	G51	0.0055154045112431
G14	G66	0.0055154026485979
G97	G29	0.0055153821595013
G69	G89	0.0055153481662273
G41	G91	0.005515313707291999
G50	G51	0.005515313707291999
G10	G90	0.0055152769200503
G20	G92	0.0055152694694697
G64	G36	0.0055152187123894
G78	G76	0.0055152000859379
G42	G2	0.0055151912383735
G47	G39	0.0055151106789708
G37	G63	0.0055151060223579
G11	G97	0.005515081807971
G99	G61	0.0055150752887129
G6	G50	0.0055150352418422
G29	G85	0.0055150273256003
G34	G13	0.0055150189436972
G44	G94	0.0055150003172457
G85	G87	0.0055149937979876
G30	G97	0.0055149919353425
G7	G100	0.0055149891413748
G20	G86	0.0055149886757135
G58	G68	0.0055149313993752
G67	G55	0.005514919757843
G2	G24	0.0055148955434559995
G42	G40	0.0055148699320852
G88	G42	0.0055148159153759
G80	G55	0.0055146552622318
G81	G52	0.0055146501399576
G10	G47	0.0055146496742963
G77	G94	0.0055145830847322
G20	G85	0.0055145556107163
G72	G54	0.0055145327933132
G59	G96	0.0055145015940070005
G47	G78	0.0055144210346043
G58	G80	0.0055143763311207
G20	G3	0.0055143674835562
G11	G9	0.0055143339559435
G88	G24	0.0055142967030406
G37	G30	0.0055142138153314
G96	G79	0.0055141691118478
G89	G15	0.0055141663178801
G70	G29	0.0055141448974609
G99	G78	0.0055141374468803
G100	G44	0.005514102987944999
G77	G88	0.0055140913464128
G13	G42	0.0055140368640422
G79	G86	0.0055140331387519
G3	G6	0.0055140289478003
G77	G98	0.0055139851756393
G33	G73	0.0055139600299298
G33	G40	0.0055139558389782
G5	G18	0.0055139414034783
G18	G33	0.0055139083415269
G4	G58	0.0055139041505753
G9	G47	0.0055139004252851
G32	G66	0.0055138817988336
G71	G33	0.0055138734169304
G65	G91	0.0055138394236564
G7	G67	0.0055137961171567
G38	G93	0.0055137868039309
G28	G70	0.0055137281306087
G5	G78	0.0055137146264314
G69	G85	0.0055137136951088
G37	G29	0.0055137043818831
G46	G16	0.0055136694572865
G13	G93	0.0055135083384811
G45	G55	0.0055134962312877
G16	G29	0.0055134682916104
G85	G16	0.0055134631693363
G45	G53	0.0055134152062237
G66	G98	0.005513347685337
G100	G72	0.0055133048444986
G62	G9	0.0055132727138698
G1	G82	0.0055132168345153
G21	G27	0.005513203330338
G82	G54	0.0055131982080638
G83	G2	0.0055131814442574
G28	G94	0.0055131488479673
G5	G25	0.0055131423287093
G28	G68	0.0055131348781287
G4	G59	0.005513125564903001
G60	G16	0.0055131143890321
G35	G9	0.0055130929686129
G47	G5	0.0055130771361291
G48	G1	0.005513054318726
G66	G14	0.0055130491964519
G82	G46	0.0055130291730165
G100	G29	0.0055129509419202
G61	G15	0.0055129420943558
G32	G31	0.0055129285901784
G89	G10	0.0055128931999206
G24	G49	0.0055128554813563
G65	G36	0.0055128443054854
G79	G22	0.0055128438398242
G65	G97	0.0055127944797277
G14	G53	0.0055127823725342
G89	G32	0.0055127767845988
G8	G27	0.0055127558298408
G48	G78	0.0055127525702118
G69	G50	0.0055126962251961
G17	G87	0.0055126771330833
G28	G47	0.005512676667422001
G78	G1	0.0055126603692769996
G67	G41	0.0055126259103417
G10	G21	0.0055125979706645
G42	G91	0.0055125392973423
G23	G8	0.0055124768987298
G39	G74	0.0055124619975686
G6	G38	0.0055124461650848
G70	G30	0.0055124377831816
G51	G5	0.0055124056525528
G5	G62	0.0055123432539403
G9	G94	0.0055123390629887
G6	G40	0.0055123376660048
G46	G68	0.0055123283527791
G4	G78	0.0055122994817793
G12	G46	0.0055122952908277
G79	G44	0.0055122459307312
G29	G90	0.0055122380144894
G62	G37	0.0055122296325862
G17	G15	0.0055122049525380004
G21	G18	0.0055121430195868
G14	G48	0.0055121267214417
G4	G24	0.0055121211335062
G17	G80	0.005512117408216
G8	G13	0.0055121025070548
G77	G53	0.0055121001787483
G44	G56	0.0055120917968451
G24	G31	0.0055120885372161
G93	G59	0.0055120871402323
G6	G18	0.0055120131000876
G93	G73	0.0055119236931204
G75	G55	0.0055118794552981
G94	G29	0.005511837080121
G82	G76	0.0055118249729275
G31	G59	0.0055117984302341
G91	G84	0.0055117979645729
G57	G53	0.0055117467418313
G70	G17	0.0055117448791861
G17	G25	0.0055117388255894
G20	G52	0.005511718802154
G5	G64	0.0055117011070251
G53	G80	0.0055116903968155
G13	G67	0.0055116862058639
G79	G47	0.0055116461589932
G22	G57	0.0055116200819611
G1	G23	0.0055116079747676
G6	G23	0.0055115348659455
G93	G74	0.0055114910937845
G75	G79	0.0055114808492362
G48	G14	0.0055114361457526
G32	G73	0.0055114291608333
G91	G85	0.0055114226415753
G36	G60	0.0055114198476076
G100	G98	0.0055113499984145
G45	G66	0.00551134115085
G88	G43	0.0055112964473664
G52	G31	0.0055112801492214
G25	G54	0.0055112638510763
G32	G16	0.0055112377740442
G84	G51	0.0055111716501414
G50	G72	0.0055111525580286
G48	G66	0.0055111376568675
G86	G44	0.0055111362598836
G91	G98	0.0055111008696258
G47	G70	0.005511094816029001
G79	G25	0.0055110282264649
G52	G16	0.0055110142566263
G58	G13	0.0055110030807554
G62	G18	0.0055109448730945
G55	G11	0.0055109425447881
G77	G41	0.0055109169334173
G34	G37	0.0055108568631112
G14	G34	0.0055108428932726
G46	G30	0.0055108345113694
G92	G60	0.0055108121596276
G81	G15	0.0055107721127569
G10	G2	0.0055107683874666
G21	G64	0.0055106743238866
G95	G98	0.0055106617510318
G18	G98	0.0055106342770159
G71	G25	0.0055106012150645
G73	G85	0.0055105965584516
G86	G29	0.0055105960927903
G81	G38	0.0055105919018387
G53	G41	0.0055105900391936
G67	G44	0.0055105746723711
G20	G12	0.0055105262435972
G43	G6	0.0055105192586779
G97	G32	0.0055104703642427
G90	G32	0.0055103856138885
G29	G27	0.0055103478953242
G47	G55	0.0055103343911468
G57	G100	0.0055103213526308
G80	G98	0.0055103003978729
G19	G83	0.0055102966725826
G8	G64	0.0055102915503084
G98	G70	0.005510289222002
G71	G10	0.0055101932957768
G49	G71	0.0055101928301155
G65	G25	0.0055101895704865
G3	G50	0.0055101695470511
G2	G31	0.0055101658217608
G12	G78	0.0055100796744227
G37	G100	0.0055100452154874
G55	G45	0.0055100144818425
G44	G59	0.0055099795572459
G91	G59	0.0055099688470363
G53	G95	0.0055099404416978
G78	G92	0.00550990505144
G46	G19	0.005509880837053
G6	G30	0.0055098803713917
G96	G40	0.005509864538908001
G45	G87	0.0055098440498113
G26	G31	0.0055098375305533
G32	G18	0.0055098058655858
G26	G27	0.0055097602307796
G96	G41	0.0055097560398280005
G98	G66	0.005509709008038
G25	G43	0.0055096745491027
G78	G11	0.0055096740834414
G15	G32	0.0055095460265874
G21	G26	0.0055095283314585
G8	G7	0.005509462673216999
G11	G3	0.0055093839764595
G44	G91	0.0055093648843467
G14	G59	0.0055093136616051
G83	G29	0.0055093010887503
G27	G94	0.0055092349648475
G44	G98	0.0055092303082346
G1	G10	0.0055091748945415
G66	G100	0.0055091180838644
G94	G93	0.0055091055110096
G65	G17	0.0055090291425585
G93	G22	0.0055090091191232
G95	G60	0.0055089727975428
G53	G69	0.0055089611560106
G91	G22	0.0055089304223656
G58	G41	0.0055089280940592
G93	G70	0.0055088899098336
G72	G28	0.0055088754743337
G21	G10	0.0055088703520596
G95	G87	0.0055087860673666
G38	G28	0.0055087390355765
G99	G32	0.00550870411098
G16	G20	0.0055086566135287
G26	G17	0.0055085076019167
G10	G97	0.005508504807948999
G31	G89	0.0055084433406591
G85	G56	0.0055083404295146
G3	G68	0.0055083124898374
G2	G80	0.0055082645267248
G89	G93	0.0055082547478377
G37	G1	0.0055082491599023
G74	G23	0.0055082417093217
G3	G69	0.0055082337930798
G75	G73	0.0055082314647734
G100	G78	0.0055082044564187
G54	G88	0.0055082011967897
G83	G98	0.0055081862956285
G58	G55	0.0055081285536289
G31	G99	0.005508114118129001
G100	G14	0.0055080885067582
G22	G6	0.0055080815218389
G22	G66	0.0055080773308873
G75	G97	0.0055080512538552
G16	G95	0.0055080098100006
G61	G49	0.0055079688318073
G100	G50	0.0055079576559364
G55	G68	0.0055079557932913
G63	G16	0.0055079418234527
G75	G36	0.005507908295840001
G49	G24	0.005507884081453
G37	G56	0.0055078566074371
G52	G39	0.0055078477598726
G13	G92	0.0055078049190342
G99	G60	0.0055077988654375
G88	G20	0.0055077914148569
G39	G80	0.0055077611468732
G48	G33	0.0055077485740184
G94	G6	0.0055077006109058
G3	G20	0.0055076861754059
G73	G57	0.0055076656863093
G18	G68	0.0055076605640351
G11	G8	0.0055076596327126
G56	G69	0.0055076382122933
G64	G14	0.0055076107382774
G52	G13	0.0055076046846807
G77	G71	0.0055075506679713
G66	G40	0.0055075190030038
G98	G60	0.0055075180716812
G71	G91	0.0055075152777135
G48	G50	0.0055074333213269
G59	G84	0.005507415626198001
G24	G27	0.005507405847311
G6	G46	0.0055074021220207
G93	G57	0.005507384892553
G94	G67	0.0055073760449886
G35	G51	0.0055073234252631
G18	G38	0.0055073187686502
G23	G88	0.0055073136463761
G68	G46	0.0055072731338441
G17	G5	0.0055072591640055
G4	G43	0.0055072591640055
G65	G89	0.0055072465911507
G86	G45	0.0055072261020541
G82	G34	0.0055072209797799
G74	G68	0.0055072079412639
G49	G42	0.0055071697570383
G43	G75	0.0055071501992642
G38	G42	0.0055071492679417
G21	G89	0.0055071334354579
G13	G10	0.0055070910602808
G96	G25	0.0055070598609745
G34	G30	0.0055070500820875
G9	G52	0.0055070081725716
G61	G76	0.0055070035159587
G46	G99	0.0055070030502974
G40	G64	0.0055068843066692
G58	G82	0.005506859626621
G9	G29	0.0055068591609597
G18	G6	0.0055068307556211
G16	G55	0.0055067762732505
G29	G80	0.0055066454224288
G2	G39	0.0055066281929612
G32	G89	0.0055066244676709
G96	G33	0.0055066049098968
G40	G12	0.0055065937340259
G97	G75	0.0055065886117517
G10	G40	0.0055065681226551
G53	G46	0.0055065415799617
G21	G8	0.0055065369233489
G97	G56	0.0055064847692847
G81	G82	0.0055064833723008
G60	G54	0.0055064680054783
G93	G76	0.005506423767656
G82	G41	0.0055063990876078
G41	G53	0.0055063795298337
G85	G97	0.0055063180625438
G95	G35	0.0055063008330762
G79	G26	0.0055062496103346
G39	G31	0.0055062491446733
G3	G30	0.0055062174797058
G88	G31	0.0055061969906091
G2	G29	0.0055061872117221
G67	G38	0.0055061634629964
G30	G32	0.0055061504244804
G6	G98	0.0055061350576579
G7	G28	0.0055061187595129
G87	G64	0.0055061168968677
G52	G86	0.0055061005987226
G55	G27	0.0055060838349163
G6	G37	0.005506080109625999
G64	G62	0.0055060707964003
G49	G4	0.0055060205049812
G76	G47	0.0055060181766748
G50	G23	0.0055060177110135
G40	G30	0.0055059590376913
G90	G85	0.0055059469304978
G45	G99	0.0055059022270143
G28	G64	0.005505877546965999
G52	G66	0.005505871027708
G100	G51	0.0055058500729501
G49	G98	0.0055058361031115
G92	G20	0.0055058202706277
G57	G96	0.0055058193393051
G72	G82	0.0055057317949831
G55	G8	0.0055057206191122
G45	G13	0.005505695939064
G55	G18	0.0055056759156286
G77	G31	0.005505618173629
G25	G74	0.0055055720731616
G51	G91	0.0055055716075003
G62	G30	0.0055055697448551
G64	G40	0.0055055650882422
G70	G84	0.0055055585689842
G57	G15	0.0055055120028555
G54	G28	0.0055054924450814
G15	G24	0.0055054649710655
G80	G100	0.0055054412223398
G94	G9	0.0055054337717592
G99	G49	0.0055054314434528
G37	G83	0.0055054211989045
G83	G51	0.0055053629912436
G83	G96	0.0055053625255823
G55	G70	0.0055053429678082
G63	G85	0.0055053294636309
G54	G43	0.0055053192190825
G33	G68	0.0055052922107279
G69	G65	0.0055052833631634
G46	G10	0.0055052689276635
G72	G94	0.0055052479729056
G67	G23	0.0055052451789379
G46	G87	0.0055052386596798
G100	G55	0.0055051972158253
G23	G27	0.0055051799863576
G65	G56	0.0055051753297448
G36	G6	0.0055051567032933
G55	G25	0.0055051534436643
G2	G40	0.005505132023245
G36	G70	0.0055051026865839
G49	G26	0.0055050980299711
G21	G56	0.0055050970986485
G32	G90	0.0055050915107131
G68	G14	0.0055050682276487
G14	G40	0.0055050640366971
G100	G30	0.0055050151422619
G2	G6	0.0055049997754395
G67	G30	0.0055049690417945
G5	G74	0.0055049611255526
G49	G17	0.005504953674971999
G50	G53	0.0055048465728759
G93	G84	0.0055047692731022
G83	G53	0.0055047655478119
G48	G89	0.0055046598426997
G37	G85	0.0055046021007001
G14	G41	0.0055045713670551
G9	G79	0.0055044931359589
G56	G91	0.0055044726468622
G58	G81	0.0055044619366526
G11	G87	0.0055044265463948
G45	G24	0.0055044246837496
G73	G10	0.0055043888278305
G56	G13	0.0055043492466211
G70	G10	0.0055043278262019
G42	G82	0.005504313390702
G59	G49	0.0055043082684278
G16	G82	0.0055042807944118
G23	G17	0.0055042272433638
G45	G25	0.0055042221210896
G77	G40	0.0055041997693479
G2	G5	0.0055041615851223
G23	G65	0.0055041443556547
G55	G98	0.0055041327141225
G78	G23	0.0055040968582034
G2	G79	0.0055040698498487
G21	G78	0.0055040647275745
G29	G76	0.0055039743892848
G98	G56	0.0055039469152688
G92	G59	0.0055039441213011
G89	G65	0.0055039199069142
G12	G85	0.0055038346908986
G44	G27	0.0055038090795278
G52	G78	0.0055037853308022
G63	G45	0.0055037843994796
G75	G92	0.0055037681013345
G10	G45	0.0055037569254636
G88	G53	0.005503726657479999
G4	G56	0.0055036731064319
G56	G18	0.0055036609992384
G81	G97	0.0055036465637385
G65	G70	0.0055036325938999
G56	G88	0.005503605119884
G38	G100	0.005503587424755
G46	G100	0.0055035823024809
G65	G76	0.0055035795085132
G52	G30	0.0055035650730133
G18	G60	0.005503564607352
G16	G5	0.0055035492405295
G29	G83	0.0055035417899489
G39	G6	0.00550347706303
G58	G18	0.0055034416727721
G73	G32	0.005503371823579001
G38	G84	0.0055033285170793
G31	G16	0.0055033108219504
G4	G10	0.0055033098906278
G34	G83	0.0055032959207892
G55	G38	0.005503277759999
G50	G33	0.0055032651871442
G32	G10	0.0055032605305314
G33	G84	0.0055032526142895
G47	G83	0.0055032349191606
G77	G29	0.005503162741661
G43	G40	0.0055031306110322
G4	G54	0.0055030900985002
G16	G96	0.0055030742660164
G17	G65	0.0055030495859682
G1	G78	0.0055029946379363
G26	G3	0.0055029862560331
G97	G30	0.0055029815994203
G28	G34	0.0055029606446623
G28	G12	0.0055028698407113
G49	G51	0.0055028684437274
G99	G11	0.0055028223432599995
G55	G74	0.0055027762427926
G23	G22	0.0055027501657605
G6	G89	0.0055027115158736
G42	G49	0.0055026705376803
G88	G15	0.0055026449263095
G91	G38	0.0055026402696967
G41	G7	0.0055026379413902
G28	G93	0.0055026239715516
G85	G4	0.0055026137270033
G79	G8	0.0055025867186486
G63	G82	0.0055025448091328
G65	G72	0.0055025392211973
G58	G8	0.0055025345645844
G63	G89	0.0055025215260684
G90	G81	0.005502488464117
G9	G48	0.0055024712346494
G76	G15	0.0055024693720042
G72	G11	0.0055024586617946
G60	G31	0.0055024567991495
G34	G7	0.0055024526081979
G3	G18	0.0055024418979883
G73	G20	0.0055024176836013
G12	G30	0.0055023599416017
G48	G80	0.0055023268796503
G37	G50	0.0055022607557475
G96	G35	0.0055022565647959
G75	G30	0.0055021811276674
G74	G2	0.0055021680891513
G89	G18	0.0055021513253449995
G75	G4	0.0055020991712808
G59	G11	0.0055020535364747
G67	G70	0.0055020456202328
G52	G55	0.0055020311847329
G81	G48	0.0055020097643136
G1	G74	0.0055019734427332
G59	G10	0.005501955281943001
G12	G74	0.0055019534192979
G12	G48	0.0055019417777657
G84	G32	0.0055018630810081
G67	G46	0.0055018444545567
G32	G51	0.0055018211714923
G99	G6	0.005501810926944
G40	G56	0.005501807667314999
G76	G6	0.0055017932318151
G28	G96	0.0055017927661538
G69	G29	0.0055017648264765
G87	G27	0.0055017527192831
G88	G89	0.0055017247796058
G20	G32	0.0055017005652189
G70	G92	0.0055016954429447
G4	G72	0.0055016758851706
G85	G44	0.0055016302503645
G33	G96	0.0055016037076711
G96	G81	0.0055016004480421
G83	G73	0.0055015962570905
G79	G96	0.0055015943944454
G31	G80	0.0055015906691551
G10	G70	0.0055015883408486
G75	G68	0.0055015701800584
G76	G25	0.0055015385150909
G29	G95	0.0055015054531395
G60	G22	0.005501499865204
G49	G54	0.0055014775134623
G52	G62	0.0055014360696077
G39	G11	0.0055014197714626
G28	G18	0.0055013918317854
G89	G43	0.0055013778619468
G62	G38	0.0055013643577694
G6	G47	0.0055013629607856
G53	G29	0.0055013461969792
G99	G74	0.0055012735538184
G75	G33	0.0055012637749314
G85	G17	0.0055012367665767
G22	G32	0.0055012265220284
G13	G55	0.0055011445656418
G43	G48	0.0055011413060128
G4	G25	0.0055011408403515
G48	G70	0.0055011385120451
G90	G51	0.0055010630749166
G58	G53	0.0055009583011269
G59	G68	0.0055008474737405
G80	G20	0.0055008027702569
G60	G89	0.0055007725022733
G72	G84	0.0055007529444992
G58	G7	0.0055007245391607
G61	G4	0.0055006947368383
G64	G1	0.0055006914772093
G26	G43	0.0055006858892738
G86	G49	0.0055006756447255
G92	G74	0.0055006607435643
G81	G75	0.0055006262846291
G91	G47	0.0055006225593388
G96	G19	0.0055006071925163
G57	G8	0.0055005936883389
G76	G94	0.0055005704052746
G97	G67	0.005500538740307
G44	G47	0.0055005270987749
G10	G28	0.0055005182512104
G98	G17	0.0055003901943564
G29	G42	0.0055003627203404
G24	G34	0.0055003515444695
G18	G52	0.0055003468878567
G8	G10	0.0055003440938889
G18	G14	0.0055003203451633
G12	G42	0.005500310100615
G27	G82	0.0055003021843731
G46	G83	0.0055002896115183
G88	G14	0.0055002816952764
G40	G23	0.0055002756416797
G15	G81	0.0055002067238092
G85	G45	0.005500204861164001
G44	G55	0.0055001708678901
G88	G47	0.0055001629516482
G48	G41	0.0055001443251967
G66	G67	0.0055001443251967
G100	G19	0.0055001159198582
G70	G44	0.0055000665597617
G92	G38	0.0055000577121973
G6	G17	0.0055000241845846
G13	G34	0.0055000055581331
G83	G71	0.0055000041611492
G40	G73	0.0055000041611492
G56	G70	0.0054999878630042
G97	G40	0.0054999869316816
G40	G65	0.0054999445565044
G69	G2	0.0054999385029077
G83	G39	0.0054999138228595
G62	G4	0.0054998202249407
G42	G36	0.0054998164996504
G55	G83	0.0054997871629893
G46	G71	0.0054997764527797
G45	G9	0.0054997648112475
G5	G3	0.0054997634142637
G60	G49	0.0054997634142637
G72	G51	0.0054997564293444
G84	G95	0.0054997485131025
G65	G15	0.0054997275583446
G88	G5	0.0054997266270219985
G93	G37	0.0054996791295707
G17	G8	0.0054996730759739
G55	G53	0.005499655380845
G7	G69	0.0054996479302644
G76	G22	0.0054996069520711
G9	G73	0.0054995976388454
G100	G18	0.0054995827376842
G32	G50	0.0054995478130877
G80	G5	0.005499517545104
G9	G78	0.0054994947277009
G57	G37	0.0054994910024106
G77	G62	0.0054994728416204
G45	G59	0.0054994588717818
G61	G59	0.0054994570091366
G57	G42	0.0054994537495076
G10	G9	0.005499443039298
G40	G33	0.005499439779669001
G3	G2	0.0054994286037981
G27	G98	0.0054994211532175
G82	G95	0.0054993913508951
G39	G19	0.0054993540979921
G68	G70	0.0054993513040244
G20	G10	0.0054993475787341
G33	G58	0.0054992870427668
G42	G60	0.0054992740042507
G65	G21	0.0054992632940411
G44	G32	0.0054992628283798
G20	G76	0.0054992577061057
G49	G96	0.0054992479272186
G40	G55	0.0054992428049445
G67	G18	0.0054992414079606
G40	G25	0.0054992367513477
G65	G27	0.0054992022924125
G44	G72	0.0054991948418319
G76	G19	0.0054991673678159
G86	G93	0.0054991589859128
G22	G98	0.0054991515353322
G52	G4	0.0054991403594613
G6	G80	0.0054991166107356
G53	G86	0.0054990402422845
G14	G58	0.0054990062490105
G81	G69	0.0054989964701235
G90	G94	0.0054989876225589995
G30	G56	0.0054989657364785
G5	G47	0.0054989396594464
G85	G84	0.0054988893680274
G37	G19	0.0054987994953989
G15	G38	0.0054987724870443
G13	G51	0.0054987394250929
G18	G57	0.0054987366311252
G8	G43	0.0054987277835607
G51	G86	0.0054987119510769
G49	G60	0.0054986691102385
G95	G14	0.0054986686445772
G44	G29	0.0054986262694001
G97	G3	0.0054986095055937
G52	G1	0.0054985946044325
G79	G35	0.0054985820315778
G65	G57	0.0054985447786748
G27	G2	0.0054985140450298
G63	G98	0.0054984577000141
G8	G16	0.005498451180756
G98	G16	0.0054984292946755
G40	G51	0.0054983710870146
G8	G31	0.005498360376805
G31	G62	0.0054983561858534
G8	G67	0.0054983519949018
G93	G66	0.0054982923902571
G100	G96	0.0054982900619506
G88	G98	0.0054982812143862
G70	G33	0.0054982681758701
G5	G39	0.0054982276633381
G27	G52	0.0054981810972094
G40	G9	0.005498175509274
G43	G73	0.0054981214925646
G68	G79	0.0054981056600809
G13	G68	0.0054980511777102
G96	G55	0.00549793895334
G61	G36	0.0054979273118078
G93	G68	0.0054979235865175
G80	G72	0.0054979091510176
G98	G80	0.0054978723637759
G99	G16	0.0054978225380182
G67	G35	0.0054978155530989
G50	G45	0.0054978085681796
G63	G52	0.0054978029802441
G23	G100	0.0054977880790829
G8	G98	0.005497767124325
G84	G49	0.0054977629333734
G69	G94	0.0054977592080831
G79	G23	0.0054977503605186
G18	G82	0.0054977471008896
G19	G98	0.0054977354593575
G2	G88	0.0054977303370833
G99	G29	0.0054977065883576
G4	G3	0.0054976972751319
G96	G4	0.0054976968094706
G36	G25	0.005497692618519
G43	G53	0.0054976590909063
G4	G33	0.0054976446554064
G92	G66	0.005497601814568001
G91	G66	0.0054975948296487
G26	G76	0.0054975897073745
G27	G38	0.0054975855164229
G13	G58	0.0054975510574877
G31	G12	0.0054975464008748
G87	G74	0.0054975063540041
G24	G38	0.0054974984377622
G42	G81	0.0054974732920527
G37	G39	0.0054974718950688
G43	G17	0.0054974518716335
G81	G95	0.0054974337108433
G60	G69	0.005497402511537
G37	G46	0.0054973983205854
G5	G83	0.0054973494261503
G14	G83	0.0054972940124571
G25	G68	0.0054972604848444
G48	G30	0.005497258156538
G94	G16	0.0054972511716187
G78	G85	0.0054972330108284
G21	G94	0.0054972073994576
G56	G97	0.0054971841163933
G42	G52	0.0054971519857645
G88	G59	0.0054971454665064
G7	G25	0.005497139878571
G37	G7	0.0054971105419099
G14	G84	0.0054971068166196
G39	G27	0.0054971016943454
G41	G88	0.0054970970377326
G90	G66	0.005497055593878
G13	G22	0.0054970327764749
G95	G2	0.0054970234632492
G9	G27	0.0054970071651041
G27	G11	0.0054970071651041
G92	G49	0.0054970015771687
G9	G46	0.0054969862103462
G72	G16	0.0054969177581369
G13	G53	0.0054969135671854
G71	G61	0.0054968651384115
G48	G63	0.0054968479089438
G36	G66	0.0054968330077826
G82	G57	0.0054968246258795
G53	G36	0.0054968181066215
G69	G93	0.0054967859759926
G45	G96	0.0054967617616057
G64	G25	0.0054967566393315
G59	G62	0.0054967501200735
G76	G82	0.0054967440664768
G20	G35	0.0054967259056866
G82	G55	0.0054967165924608
G70	G20	0.0054966337047517
G59	G1	0.0054965680465102
G24	G100	0.0054965675808489
G89	G25	0.0054965051822364
G34	G32	0.0054965051822364
G57	G10	0.0054965028539299
G54	G12	0.0054964809678494
G41	G85	0.0054964488372206
G7	G1	0.0054964222945272
G6	G7	0.0054963789880275
G32	G77	0.0054963775910437
G49	G40	0.0054963352158665
G45	G52	0.0054962732829153
G7	G62	0.0054962285794317
G57	G25	0.0054962239228188
G30	G83	0.0054962174035608
G10	G53	0.0054961554706096
G88	G10	0.0054961298592388
G38	G35	0.0054961252026259
G39	G93	0.0054961196146905
G88	G57	0.0054961172863841
G3	G9	0.005496104247868
G51	G71	0.0054961000569164
G60	G42	0.0054960721172392
G30	G4	0.0054960451088845
G65	G58	0.0054959924891591
G23	G31	0.0054959882982075
G87	G45	0.0054959822446107
G68	G99	0.0054959678091108
G81	G14	0.0054959370754659
G36	G29	0.0054959156550467
G58	G65	0.0054958821274340005
G59	G94	0.0054958811961114
G55	G34	0.0054958686232566
G14	G80	0.0054958672262728
G62	G41	0.0054958327673375
G79	G78	0.0054958071559667
G71	G39	0.0054957992397248
G59	G76	0.0054957969114184
G46	G60	0.0054957740940153
G47	G75	0.0054957699030637
G73	G88	0.0054957512766122
G80	G33	0.0054957377724349
G69	G91	0.0054957079701125
G15	G10	0.0054957065731287
G48	G90	0.0054957005195319
G40	G70	0.0054956707172095
G4	G41	0.0054956665262579
G61	G38	0.005495635792613
G25	G88	0.0054956157691776
G5	G14	0.0054955924861133
G95	G74	0.005495554767549
G56	G81	0.005495548248290999
G66	G28	0.005495548248290999
G10	G36	0.0054955375380814
G65	G82	0.0054955189116299
G19	G73	0.0054954886436462
G38	G21	0.0054954448714852
G46	G31	0.0054954239167273
G19	G40	0.0054954085499048
G47	G7	0.0054953764192759
G96	G5	0.0054953568615019
G29	G78	0.0054952651262283
G66	G93	0.0054952218197286
G17	G96	0.0054952129721641
G42	G57	0.0054952101781964
G76	G26	0.0054952013306319
G55	G15	0.0054951598867774
G63	G29	0.0054951244965195
G15	G66	0.0054951072670519
G37	G54	0.0054951068013906
G21	G100	0.0054951054044067
G8	G87	0.0054950970225036
G8	G29	0.0054950914345681
G6	G15	0.0054950634948909
G47	G87	0.0054950602352619
G69	G75	0.0054950574412941
G76	G13	0.0054950518533587
G12	G82	0.0054950253106653
G62	G89	0.0054950034245848
G8	G55	0.0054950006306171
G16	G87	0.0054949559271335
G16	G90	0.0054949554614722
G31	G64	0.0054949484765529
G28	G62	0.0054949079640209
G48	G43	0.0054949042387306
G87	G72	0.0054948981851339
G4	G52	0.0054948907345533
G63	G9	0.0054948716424405
G94	G15	0.0054948558099567
G80	G15	0.0054948381148278
G39	G7	0.0054948320612311
G53	G23	0.0054948218166828
G50	G28	0.0054948115721344
G79	G87	0.0054948111064732
G69	G16	0.0054948031902313
G10	G59	0.0054947854951024
G19	G47	0.0054947705939412
G2	G96	0.0054947696626186
G17	G32	0.0054947682656347
G21	G38	0.0054947677999734
G67	G62	0.0054947528988122
G97	G24	0.0054947491735219
G40	G8	0.0054947440512478
G16	G94	0.0054947412572801
G57	G13	0.0054947058670222
G89	G3	0.0054946858435869
G33	G4	0.0054946853779256
G83	G75	0.0054946793243288
G7	G39	0.0054946681484580005
G68	G94	0.0054946602322161
G5	G73	0.0054946574382483
G1	G85	0.0054946248419582
G20	G88	0.0054946187883615
G71	G26	0.005494593642652001
G82	G12	0.005494590383023
G25	G66	0.0054945680312812
G72	G92	0.0054945643059909
G24	G96	0.0054945615120232
G82	G20	0.005494556389749
G74	G89	0.0054945512674748
G66	G75	0.0054945414885878
G52	G44	0.0054945116862654
G81	G30	0.0054944693110883
G81	G59	0.0054944427683949
G100	G92	0.0054944357834756
G59	G34	0.0054944334551692
G32	G80	0.0054943938739597
G10	G82	0.005494384560734
G44	G80	0.0054943822324275
G80	G66	0.0054942755959928
G44	G97	0.0054942541755735
G5	G49	0.0054942341521382
G74	G11	0.0054942327551543
G88	G76	0.0054942243732512
G74	G24	0.0054942141287028
G91	G83	0.0054941345006227
G98	G58	0.0054941177368164
G77	G82	0.0054941144771873
G6	G81	0.0054940897971391
G68	G39	0.005494087934494
G80	G74	0.0054940697737038
G35	G45	0.005494060460478
G76	G5	0.0054940483532845
G72	G4	0.0054940311238169
G61	G52	0.0054939934052526
G46	G44	0.0054939892143011
G21	G35	0.0054939747788012
G10	G6	0.0054939654655754
G4	G17	0.0054939580149948
G34	G51	0.0054939216934144
G89	G40	0.005493901669979
G50	G69	0.0054938863031566
G37	G20	0.0054938858374953
G25	G27	0.0054938797838985
G20	G67	0.0054937419481575
G70	G24	0.0054937377572059
G83	G95	0.0054937251843512
G1	G58	0.0054936800152063
G29	G23	0.0054936767555773
G12	G27	0.0054936571978032
G68	G48	0.0054936339147388
G85	G100	0.0054936120286583
G83	G70	0.0054935915395617
G94	G63	0.0054935747757554
G58	G46	0.0054935296066105
G40	G91	0.0054935235530138
G32	G61	0.0054934960789978
G100	G26	0.0054934844374656
G84	G1	0.0054934783838689
G9	G70	0.0054934686049818
G44	G17	0.0054934388026595
G31	G61	0.005493436474353
G72	G43	0.0054934080690145
G65	G5	0.005493373144418
G75	G23	0.005493339151144
G32	G100	0.0054932883940637
G14	G43	0.0054932772181928
G86	G52	0.0054932720959186
G77	G17	0.0054932623170316
G40	G83	0.0054932544007897
G12	G64	0.0054932185448706
G21	G32	0.0054932064376771
G12	G18	0.0054931589402258
G15	G30	0.0054931123740971
G20	G70	0.0054931109771132
G7	G14	0.0054930336773395
G2	G91	0.005492917727679
G63	G70	0.0054928930476307
G56	G34	0.0054928651079535
G9	G99	0.0054928539320826
G90	G27	0.0054928511381149
G59	G15	0.0054928273893892
G58	G98	0.0054928171448409
G64	G39	0.00549280596897
G37	G59	0.0054928031750023
G96	G6	0.0054927417077124
G15	G36	0.0054927156306803
G85	G96	0.0054927095770835
G4	G95	0.0054927039891481
G37	G22	0.005492690950632
G37	G17	0.0054926108568906
G44	G40	0.005492606665939001
G5	G84	0.0054925945587456
G46	G41	0.0054925638251006
G67	G51	0.0054925475269556
G98	G22	0.0054925251752138
G68	G84	0.005492522381245999
G98	G59	0.0054924879223108
G95	G48	0.0054924394935369
G59	G54	0.0054923123680055
G83	G49	0.0054922821000218
G25	G91	0.0054922476410865
G41	G36	0.0054922397248446
G16	G52	0.0054922280833125
G74	G15	0.0054922206327319
G31	G60	0.0054921992123126
G51	G24	0.0054921810515224
G58	G37	0.0054921223782002
G93	G19	0.0054921186529099
G6	G90	0.0054921172559261
G45	G29	0.0054920958355069
G25	G28	0.0054920921102166
G98	G23	0.0054920809343457
G97	G8	0.0054920641705393
G91	G4	0.0054920576512813
G47	G71	0.0054920171387493
G62	G65	0.0054919850081205
G49	G86	0.0054919505491852
G7	G93	0.0054919370450079
G31	G17	0.0054918527603149
G65	G37	0.005491841584444001
G38	G16	0.0054918169043958
G78	G59	0.0054918145760893
G19	G89	0.0054917996749281
G55	G87	0.0054917801171541
G24	G29	0.0054917437955737
G99	G45	0.0054917354136705
G66	G33	0.0054916781373322
G28	G50	0.0054916543886065
G99	G31	0.0054916520603001
G76	G90	0.0054916362278163
G98	G9	0.0054916171357035
G22	G36	0.005491582211107001
G37	G2	0.0054915770888328
G49	G92	0.0054915742948651
G74	G80	0.005491564515978
G49	G27	0.0054915528744459
G4	G76	0.005491501186043001
G23	G20	0.0054914490319788
G56	G27	0.0054914359934628
G17	G85	0.0054914178326725
G85	G54	0.0054914006032049
G100	G56	0.0054913996718823
G98	G46	0.0054913582280278
G98	G93	0.0054913577623665
G85	G63	0.0054913409985601
G96	G87	0.0054913088679313
G100	G47	0.0054913032799959
G67	G89	0.0054912781342864
G2	G85	0.0054912688210606
G11	G68	0.0054912660270929
G55	G30	0.0054912599734961
G78	G55	0.0054912469349801
G47	G63	0.0054912441410124
G56	G90	0.0054912217892706
G11	G61	0.0054912180639803
G6	G57	0.0054912120103836
G31	G33	0.005491173826158
G51	G83	0.005491164047271
G63	G19	0.0054911593906581
G97	G54	0.0054911551997065
G91	G69	0.0054911472834646
G73	G90	0.005491146352142
G4	G92	0.0054911389015614
G12	G79	0.0054911123588681
G13	G7	0.0054911118932068
G76	G53	0.0054911114275455
G38	G45	0.0054910602048039
G92	G46	0.0054910513572394
G80	G30	0.0054910178296267
G78	G37	0.005490958224982
G99	G30	0.0054909414611756
G44	G46	0.0054909382015466
G96	G86	0.0054909316822886
G7	G15	0.0054909139871597
G14	G60	0.0054908907040953
G55	G69	0.0054908576421439
G20	G90	0.0054908487945795
G96	G29	0.0054908469319343
G92	G81	0.0054908255115151
G3	G11	0.0054908036254346
G89	G41	0.0054907812736928
G9	G98	0.0054907673038542
G27	G29	0.0054907673038542
G40	G28	0.0054907333105802
G27	G16	0.0054907109588384
G66	G9	0.0054906634613871
G79	G72	0.0054906490258872
G56	G10	0.0054906480945646
G5	G48	0.0054906411096453
G75	G86	0.0054905922152101
G69	G28	0.0054905717261135
G35	G3	0.0054905535653233
G22	G41	0.0054905409924685
G93	G60	0.0054904976859688
G24	G17	0.005490434821695
G30	G31	0.0054904147982597
G72	G78	0.0054904031567275
G75	G40	0.0054903989657759
G9	G77	0.0054903798736631
G13	G15	0.0054903593845665
G18	G71	0.0054903510026633
G50	G29	0.0054903463460505
G17	G21	0.005490243434906
G56	G8	0.0054902406409382
G72	G69	0.0054901647381484
G89	G6	0.0054901540279388
G36	G4	0.0054901083931326
G90	G45	0.0054900827817618
G71	G19	0.0054900767281651
G70	G9	0.0054900026880204
G27	G91	0.0054900012910366
G11	G94	0.0054899835959076
G6	G35	0.005489935632795
G7	G18	0.005489929113536999
G87	G94	0.0054898904636502
G67	G33	0.0054898667149245
G34	G8	0.0054898592643439
G59	G61	0.005489844828843999
G50	G59	0.0054898257367312
G56	G61	0.0054897982627153
G61	G54	0.0054897842928767
G11	G15	0.0054897321388125
G88	G70	0.0054897251538932
G46	G9	0.005489703733474
G88	G92	0.0054896934889256
G40	G98	0.0054896781221032
G14	G30	0.0054896492511034
G96	G77	0.0054896287620067
G85	G9	0.0054896250367164
G76	G88	0.0054895929060876
G28	G37	0.0054895766079425
G88	G25	0.0054895658977329
G46	G85	0.005489538423716999
G17	G49	0.0054895072244107
G88	G95	0.0054894369095563
G97	G62	0.0054894140921533
G19	G16	0.0054894075728952
G28	G36	0.0054893218912184
G2	G84	0.0054893079213798
G55	G48	0.0054892818443477
G90	G47	0.0054892762564122
G41	G49	0.0054892404004931
G76	G72	0.0054892343468964
G99	G88	0.0054892310872673
G26	G60	0.0054892110638319995
G34	G19	0.0054891635663807
G78	G7	0.0054891603067517
G71	G69	0.005489136558026
G91	G50	0.0054891197942197
G98	G15	0.0054891183972358
G56	G92	0.0054891118779778
G15	G29	0.0054891081526875
G77	G97	0.0054890918545424
G45	G19	0.005489079747349
G38	G9	0.0054890736937522
G17	G69	0.0054890727624297
G85	G86	0.0054890462197363
G100	G32	0.0054890438914299
G56	G58	0.0054890303872525
G69	G83	0.0054889456368982
G25	G38	0.0054889349266886
G98	G33	0.0054888981394469
G45	G67	0.0054888981394469
G69	G7	0.0054888813756406
G3	G87	0.0054888729937374
G11	G28	0.0054888683371245
G97	G71	0.0054888646118342
G66	G19	0.0054888152517378
G83	G86	0.0054887593723833
G33	G39	0.0054887579753994
G94	G95	0.0054887337610125
G82	G75	0.0054886606521904
G82	G50	0.0054886098951101
G38	G4	0.0054886089637875
G58	G9	0.0054886071011424
G34	G74	0.0054885717108845
G14	G32	0.005488509312272001
G73	G11	0.0054885083809494
G2	G42	0.0054884906858205
G32	G24	0.0054884729906916
G85	G10	0.0054884329438209
G71	G95	0.0054884264245629
G43	G54	0.0054884213022887
G18	G11	0.005488408729434
G38	G14	0.0054883691482245
G2	G59	0.0054883635602891
G95	G9	0.0054883593693375
G48	G47	0.0054883579723536
G72	G2	0.0054882979020476
G81	G5	0.0054882946424186
G41	G70	0.0054882438853383
G41	G72	0.0054882052354514
G97	G74	0.0054882010444998
G50	G27	0.005488196387887
G15	G82	0.0054881824180483
G68	G27	0.0054881586693227
G22	G14	0.0054881540127098
G59	G36	0.0054881428368389
G100	G69	0.0054881274700164
G27	G24	0.0054881181567907
G50	G15	0.005488091148435999
G25	G63	0.0054880720563232
G54	G50	0.0054880632087588
G70	G50	0.0054880455136299
G12	G19	0.0054880385287106
G5	G13	0.0054879342205822
G48	G56	0.0054879318922758
G92	G95	0.005487916059792
G28	G10	0.0054878760129213
G46	G1	0.0054878625087440005
G27	G99	0.0054878587834537
G11	G76	0.0054878392256796
G76	G18	0.0054878266528248
G90	G69	0.0054877852089703
G52	G59	0.0054877786897122
G44	G25	0.0054877451620996
G100	G83	0.0054877428337931
G17	G27	0.0054877204820513
G94	G77	0.0054877195507287
G70	G23	0.0054876920767128
G13	G16	0.0054876874200999
G77	G56	0.0054876818321645
G42	G72	0.005487679503858
G96	G22	0.0054876399226486
G18	G4	0.0054876273497939
G65	G28	0.0054875509813427
G18	G17	0.0054875393398106
G17	G33	0.0054875020869076
G49	G23	0.0054874387569725
G55	G66	0.0054874182678759
G60	G91	0.0054874145425856
G59	G33	0.0054873889312148
G43	G38	0.0054873712360858
G74	G100	0.0054873279295861
G62	G79	0.0054872822947799995
G55	G5	0.0054872655309736
G85	G73	0.0054872632026672
G96	G42	0.0054872306063771
G75	G64	0.0054871966131031
G35	G100	0.0054871775209903
G51	G35	0.005487164016813
G45	G17	0.0054871407337486
G84	G17	0.0054871384054422
G48	G99	0.0054871356114745
G99	G97	0.0054871272295713
G21	G66	0.00548712676391
G41	G80	0.0054871127940714
G97	G33	0.0054870569147169
G81	G34	0.0054870140738785
G52	G84	0.0054869805462658
G56	G98	0.0054869018495082
G41	G61	0.0054868948645889
G60	G55	0.0054868394508957
G56	G66	0.0054868138395249
G13	G29	0.0054868077859282
G48	G61	0.005486779846251
G98	G39	0.0054867756552994
G17	G83	0.0054867547005414
G45	G83	0.0054867258295416
G22	G5	0.0054867248982191
G64	G90	0.0054867141880095
G57	G71	0.0054866829887032
G26	G85	0.005486677866428999
G98	G10	0.0054866443388164
G23	G13	0.0054866191931068
G53	G43	0.0054865460842847
G9	G100	0.0054865418933331
G43	G82	0.0054865307174623
G52	G82	0.0054865079000592
G61	G18	0.0054864906705915
G42	G97	0.0054864860139787
G7	G96	0.0054864236153662
G53	G76	0.0054864045232534
G11	G43	0.0054863789118826
G44	G85	0.0054863663390278
G13	G12	0.0054863630793988
G16	G79	0.0054863174445927
G6	G29	0.0054863155819475
G16	G48	0.0054863020777702
G43	G45	0.0054862978868186
G44	G15	0.0054862722754478
G45	G95	0.0054862615652382
G9	G12	0.0054862489923834
G35	G23	0.0054862024262547
G29	G57	0.0054862005636096
G89	G42	0.0054861949756741
G61	G20	0.0054861647076904
G72	G38	0.0054861526004969996
G20	G50	0.0054861172102391
G13	G64	0.0054861102253198
G69	G37	0.0054860739037394
G79	G67	0.0054860594682395
G55	G94	0.0054860380478203
G10	G52	0.0054860352538526
G47	G82	0.0054860203526914
G89	G44	0.0054859719239175
G11	G42	0.0054859481751918
G44	G68	0.0054859337396919
G65	G54	0.005485906265675999
G26	G93	0.0054859058000147
G6	G78	0.0054859011434018
G15	G8	0.005485835019499001
G47	G98	0.0054858336225152
G41	G45	0.0054858075454831
G40	G99	0.0054858005605638
G37	G47	0.0054857968352735
G93	G25	0.0054857763461768
G58	G22	0.005485757254064001
G34	G93	0.0054857549257576
G5	G9	0.0054857465438544
G45	G18	0.0054857032373547
G49	G25	0.0054856906644999
G24	G51	0.0054856874048709
G15	G78	0.0054856818169355
G97	G27	0.0054856692440807
G44	G60	0.0054856492206454
G91	G42	0.0054856310598552
G28	G100	0.0054856240749359
G89	G64	0.0054855877533555
G80	G6	0.0054855798371136
G84	G27	0.0054855747148394
G54	G56	0.0054855397902429
G99	G51	0.0054855397902429
G78	G40	0.0054855151101946
G26	G23	0.0054855127818882
G32	G21	0.0054855099879205
G46	G69	0.0054854885675013
G19	G80	0.0054854820482432
G32	G57	0.0054854745976626
G12	G41	0.0054854694753885
G66	G72	0.0054854289628565
G22	G100	0.0054853945039212
G100	G1	0.0054853823967278
G59	G30	0.0054853782057762
G37	G93	0.0054853674955666
G36	G88	0.0054853619076311
G34	G62	0.0054853553883731
G28	G82	0.005485339090227999
G5	G88	0.0054853283800184
G55	G76	0.0054853255860507
G45	G68	0.0054853069595992
G85	G74	0.005485241767019
G41	G71	0.0054852361790835
G60	G19	0.0054852203465998
G5	G70	0.0054852082394063
G76	G14	0.0054851868189871
G69	G53	0.0054851686581969
G74	G94	0.0054851653985679
G52	G64	0.0054851123131811
G53	G32	0.0054851025342941
G38	G85	0.0054850419983267
G62	G25	0.0054850196465849
G56	G33	0.0054850131273269
G14	G42	0.0054849865846335
G57	G3	0.005484985653311
G37	G14	0.0054849786683917
G61	G88	0.0054849777370691
G5	G34	0.0054849619045853
G2	G44	0.0054849456064403
G71	G87	0.0054849130101501
G19	G13	0.0054849125444889
G22	G64	0.0054848901927471
G15	G63	0.0054848422296345
G85	G19	0.0054848049767315
G32	G43	0.0054847644641995
G27	G65	0.0054847546853125
G12	G58	0.005484736058861
G86	G91	0.0054847314022481
G75	G66	0.0054847225546836
G60	G61	0.0054846741259098
G73	G86	0.005484651774168001
G71	G59	0.0054846461862325
G58	G63	0.0054846415296196
G12	G7	0.005484621040523
G10	G84	0.0054846089333295
G20	G44	0.0054846042767167
G99	G2	0.0054845968261361
G49	G91	0.0054845954291522
G3	G22	0.0054845730774104
G77	G73	0.0054845684207975
G1	G92	0.0054845623672008
G35	G85	0.0054845181293785
G11	G39	0.0054844752885401
G23	G42	0.0054844240657985
G50	G65	0.0054843765683472
G54	G24	0.0054843402467668
G4	G80	0.0054843300022184
G19	G48	0.0054843076504766
G89	G9	0.0054842662066221
G73	G35	0.0054842461831867
G85	G35	0.0054842419922351
G48	G18	0.0054842289537191
G55	G23	0.0054842028766869996
G95	G62	0.0054841972887516
G54	G100	0.0054841483943164
G31	G76	0.0054841469973325
G11	G52	0.0054841255769133
G46	G64	0.0054841223172843
G5	G100	0.0054841060191392
G69	G87	0.0054840901866555
G75	G12	0.0054840631783008
G69	G79	0.0054840133525431
G83	G99	0.0054840119555592
G57	G22	0.0054840100929141
G89	G68	0.0054839900694787
G23	G92	0.005483956541866
G81	G10	0.0054839407093822
G38	G37	0.0054839313961565
G61	G14	0.0054838964715600005
G68	G15	0.0054838825017213
G76	G17	0.0054838606156408
G88	G87	0.005483859218657
G60	G13	0.005483825225382999
G17	G45	0.005483825225382999
G48	G94	0.0054838242940604
G22	G18	0.0054838215000927
G45	G75	0.0054838149808347
G25	G20	0.0054837823845446
G78	G99	0.0054837549105286
G52	G92	0.0054835779592394
G87	G69	0.005483522079885
G45	G58	0.0054834964685142
G25	G16	0.0054834685288369
G47	G79	0.0054834489710628
G19	G5	0.005483423359692
G36	G37	0.0054834121838212
G8	G61	0.005483410321176
G5	G61	0.0054832743480801
G94	G54	0.0054832585155963
G90	G40	0.0054832529276609
G54	G98	0.0054832412861287
G12	G93	0.0054832184687256
G66	G22	0.0054831826128065
G20	G75	0.0054831756278872
G58	G15	0.0054831742309033
G42	G23	0.0054831458255648
G63	G15	0.0054831020534038
G76	G27	0.0054831015877425
G100	G68	0.0054830950684845
G17	G9	0.005483076442033
G33	G77	0.0054830652661621
G94	G61	0.0054830573499202
G4	G50	0.0054830466397106
G71	G31	0.0054830163717269
G32	G42	0.0054829800501465
G52	G20	0.0054829781875014
G46	G36	0.0054829739965498
G87	G6	0.0054829455912113
G92	G27	0.0054829139262437
G10	G33	0.0054829032160341
G43	G20	0.0054828636348247
G22	G65	0.0054828538559377
G54	G59	0.0054828217253088
G19	G56	0.005482820328324999
G98	G61	0.0054828175343573
G29	G28	0.0054827947169542
G16	G99	0.0054827593266963
G99	G95	0.0054827420972287
G66	G70	0.0054826661944389
G35	G68	0.0054826349951326
G89	G23	0.0054825618863105
G84	G30	0.0054825479164719
G12	G16	0.0054825409315526
G74	G79	0.0054824934341013
G58	G44	0.0054824776016175
G83	G38	0.0054824687540531
G38	G65	0.0054823928512632
G63	G93	0.0054823923856019
G87	G96	0.0054823826067149
G82	G25	0.0054823788814246
G27	G6	0.0054823388345539
G33	G72	0.005482317879795999
G63	G23	0.0054823085665702
G11	G34	0.0054823020473122
G83	G46	0.0054822941310703
G83	G35	0.0054822550155222
G42	G61	0.0054822526872158
G49	G13	0.0054822326637804
G69	G14	0.0054822214879095
G10	G94	0.0054822084493935
G94	G17	0.0054821567609906
G24	G15	0.0054821567609906
G85	G43	0.005482146050781
G54	G14	0.0054821167141199
G27	G45	0.0054821041412651
G67	G26	0.0054821008816361
G92	G44	0.0054820924997329
G100	G64	0.0054820775985717
G77	G79	0.0054820692166686
G76	G85	0.0054820496588945
G22	G11	0.0054820436052978
G71	G20	0.0054820352233946
G50	G54	0.0054820338264107
G80	G8	0.0054820231162011
G47	G76	0.0054820096120238
G61	G41	0.0054819746874272
G7	G78	0.0054819677025079
G33	G41	0.0054819579236209
G19	G92	0.0054819579236209
G2	G64	0.0054819346405565
G7	G65	0.0054819034412503
G13	G76	0.005481865722686
G50	G85	0.0054818224161863
G37	G99	0.0054817972704768
G69	G45	0.005481791216880001
G37	G32	0.005481787957251
G12	G10	0.0054817264899611
G90	G15	0.0054817250929772
G32	G71	0.0054817185737192
G11	G82	0.0054817078635096
G4	G75	0.0054816463962197
G97	G35	0.0054816338233649
G25	G8	0.0054816221818327
G41	G99	0.0054816100746393
G65	G19	0.0054815644398331
G76	G41	0.0054815602488815
G1	G100	0.005481528583914001
G47	G19	0.0054815076291561
G26	G61	0.0054815062321722
G16	G57	0.0054814927279949
G65	G46	0.0054814536124467
G33	G70	0.0054814293980598
G91	G97	0.0054813683964312
G85	G11	0.0054813562892377
G77	G69	0.0054813558235764
G65	G14	0.0054813488386571
G14	G11	0.0054813362658023
G95	G5	0.005481316242367
G81	G42	0.0054813125170767
G83	G36	0.0054813036695122
G83	G100	0.005481285508722
G14	G29	0.005481275729835
G15	G79	0.0054812710732221
G28	G1	0.0054812380112707
G82	G38	0.005481211002916
G25	G1	0.005481163971125999
G53	G42	0.005481113679707
G5	G65	0.0054811057634651
G32	G60	0.0054810959845781
G68	G66	0.0054810773581266
G34	G43	0.0054810605943202
G15	G80	0.0054810498841106
G11	G90	0.0054810042493045
G48	G6	0.0054810037836432
G93	G67	0.0054809702560305
G94	G85	0.0054809525609016
G68	G85	0.0054809409193694
G61	G7	0.0054808417335152
G86	G70	0.0054807760752737
G19	G22	0.0054807555861771
G31	G25	0.0054807537235319
G79	G33	0.005480749066919001
G69	G12	0.0054807430133223
G46	G33	0.0054807397536933
G76	G35	0.0054807220585644
G64	G94	0.0054806754924356
G25	G37	0.0054806303232908
G78	G20	0.0054806140251457
G79	G30	0.0054806084372103
G72	G55	0.005480607971549
G54	G32	0.0054806070402264
G6	G53	0.0054804678075015
G48	G87	0.0054804645478725
G74	G13	0.0054804598912596
G29	G53	0.0054804179817438
G28	G76	0.0054803490638732
G81	G53	0.0054803481325507
G72	G56	0.0054803439415991
G76	G81	0.0054803173989057
G14	G27	0.005480314604938
G75	G99	0.0054802731610834
G98	G34	0.0054802615195512
G34	G9	0.0054802293889224
G79	G53	0.0054802205413579
G75	G27	0.0054801991209387
G96	G75	0.0054801795631647
G6	G59	0.0054801790975034
G35	G27	0.0054801553487777
G12	G36	0.0054801306687295
G45	G100	0.0054801143705844
G25	G41	0.0054800743237137
G80	G7	0.0054800659418106
G80	G34	0.0054800580255687
G69	G74	0.0054800538346171
G44	G81	0.0054800449870526
G49	G35	0.0054799774661659995
G83	G92	0.0054799653589725
G72	G87	0.0054799034260213
G19	G17	0.0054798531346023
G43	G47	0.0054798196069896
G73	G8	0.0054797939956188
G13	G4	0.0054797711782157
G57	G91	0.0054797688499093
G11	G32	0.0054797539487481
G5	G90	0.0054797194898128
G85	G13	0.0054796943441033
G52	G32	0.0054796724580228
G16	G12	0.0054796142503619
G9	G59	0.0054795923642814
G88	G65	0.0054795774631202
G1	G69	0.0054795700125396
G71	G99	0.0054795686155557
G68	G82	0.0054795495234429
G71	G3	0.0054795476607978
G8	G84	0.0054794857278466
G51	G65	0.0054794801399111
G19	G8	0.0054793967865407
G25	G35	0.0054793944582343
G40	G11	0.0054793865419924
G24	G73	0.0054793828167021
G24	G54	0.0054793651215732
G93	G50	0.0054793627932667
G77	G90	0.0054793595336377
G51	G42	0.00547935673967
G12	G55	0.0054793371818959
G58	G59	0.0054792845621705
G89	G76	0.005479222163557999
G76	G2	0.0054792081937193
G43	G15	0.0054791951552033
G15	G83	0.0054791704751551
G98	G38	0.0054791402071714
G63	G11	0.0054791122674942
G84	G71	0.0054790736176073
G25	G40	0.0054790577851235
G15	G19	0.0054790414869785
G58	G17	0.0054790303111076
G3	G95	0.005479029379785
G59	G48	0.0054790284484624
G34	G64	0.0054789972491562
G100	G41	0.0054789939895272
G73	G92	0.0054789581336081
G23	G7	0.0054789413698017
G89	G16	0.0054789329878985
G58	G100	0.0054789306595921
G63	G91	0.0054789180867373
G12	G95	0.0054788808338344
G9	G6	0.0054788743145763
G88	G11	0.0054788724519312
G36	G12	0.0054788482375442
G87	G1	0.0054788384586572
G14	G68	0.005478823557496
G62	G93	0.0054787979461252
G56	G79	0.0054787979461252
G3	G62	0.0054787397384643
G13	G65	0.0054786996915936
G73	G36	0.0054786773398518
G67	G45	0.005478664766997
G19	G57	0.0054786335676908
G89	G55	0.0054786228574812
G98	G35	0.0054785944521427
G17	G46	0.0054785734973847
G84	G7	0.0054785646498203
G81	G86	0.0054785110987722
G9	G35	0.0054785101674497
G36	G33	0.0054784924723207
G79	G94	0.0054784780368208
G71	G100	0.0054784752428531
G60	G10	0.0054784570820629
G11	G91	0.0054784561507403
G93	G4	0.0054784333333373
G32	G39	0.0054784202948212
G31	G91	0.0054783835075795
G75	G95	0.0054783811792731
G25	G82	0.0054783495143055
G66	G12	0.0054783029481768
G45	G12	0.0054782754741609
G38	G96	0.0054782726801931
G19	G41	0.0054782680235803
G70	G99	0.00547826429829
G40	G14	0.0054782573133707
G46	G48	0.0054782289080321
G85	G49	0.0054782195948064
G77	G59	0.0054781823419034
G2	G78	0.0054781734943389
G26	G16	0.0054781436920166
G74	G78	0.0054781180806458
G100	G39	0.0054780985228717
G23	G56	0.0054780938662588
G29	G75	0.0054780631326138
G53	G5	0.0054780323989689
G10	G64	0.0054779890924692
G74	G41	0.0054779690690338
G50	G37	0.0054779658094048
G56	G60	0.0054779020138084
G96	G16	0.0054778968915343
G3	G5	0.0054778968915343
G27	G74	0.0054778954945504
G75	G80	0.0054778680205345
G1	G53	0.0054778540506958
G89	G14	0.00547781214118
G91	G80	0.0054776952601969
G93	G94	0.0054776822216808
G48	G84	0.0054776621982455
G57	G46	0.0054776612669229
G69	G32	0.0054776589386165
G67	G7	0.0054776575416326
G50	G3	0.0054776389151811
G28	G85	0.0054776286706328
G73	G75	0.0054776263423264
G40	G84	0.0054776091128587
G56	G86	0.0054775867611169
G97	G14	0.0054775509051978
G29	G71	0.0054775374010205
G42	G85	0.0054775080643594
G25	G11	0.0054775071330368
G39	G71	0.0054775043390691
G70	G12	0.0054774833843111
G46	G98	0.0054774777963757
G29	G26	0.0054774493910372
G2	G71	0.0054774405434727
G75	G78	0.0054774046875536
G50	G93	0.0054773897863924
G54	G48	0.0054773692972958
G82	G89	0.0054773478768765
G6	G26	0.0054773301817476
G56	G65	0.0054773017764091
G89	G51	0.0054772966541349
G19	G20	0.005477262660861001
G78	G42	0.0054772570729255
G27	G63	0.0054772547446191
G57	G75	0.0054772524163126
G51	G59	0.0054772379808127
G55	G37	0.0054772174917161
G92	G54	0.0054772105067968
G86	G81	0.0054772021248936
G99	G15	0.0054771956056356
G19	G58	0.0054771755822002
G38	G53	0.0054771360009908
G40	G34	0.005477097351104
G38	G74	0.0054770749993622
G2	G53	0.0054770628921687
G44	G35	0.0054770577698946
G53	G22	0.005477053578943
G44	G28	0.0054770200513303
G72	G63	0.0054769767448306
G55	G9	0.0054769394919276
G24	G70	0.0054769334383308
G71	G72	0.0054769185371696
G96	G85	0.00547686079517
G92	G90	0.0054768342524766
G1	G51	0.0054768114350736
G18	G49	0.0054767588153481
G12	G98	0.0054767215624451
G7	G68	0.0054766610264778
G98	G18	0.0054766088724136
G81	G62	0.0054765995591878
G56	G55	0.0054765944369137
G62	G19	0.0054765455424785
G81	G47	0.0054764221422374
G1	G19	0.0054763876833021
G99	G94	0.0054763779044151
G71	G1	0.0054763760417699
G25	G21	0.0054763541556894
G99	G35	0.0054763369262218
G92	G69	0.0054763220250606
G83	G1	0.0054762819781899
G49	G97	0.0054762498475611
G92	G75	0.0054762340150773
G99	G42	0.0054762014187872
G30	G49	0.0054761888459324
G86	G14	0.0054761678911745
G29	G15	0.0054761660285294
G32	G74	0.0054761185310781
G57	G79	0.0054760631173849
G20	G2	0.0054760556668043
G15	G34	0.0054760510101914
G94	G46	0.0054760337807238
G41	G32	0.0054760235361754
G52	G83	0.0054759914055466
G65	G43	0.0054759895429015
G33	G91	0.0054758903570473
G61	G11	0.0054758777841925
G58	G24	0.0054758400656282
G16	G65	0.0054758330807089
G89	G74	0.0054758191108703
G41	G50	0.0054757921025156
G44	G23	0.0054757888428866
G66	G78	0.0054757879115641
G18	G32	0.0054757860489189
G87	G29	0.0054757818579673
G64	G93	0.0054757399484515
G82	G35	0.0054757092148065
G76	G44	0.0054756775498390016
G67	G80	0.0054756752215325
G9	G54	0.0054756579920649
G61	G89	0.0054755927994847
G79	G84	0.0054755830205976
G90	G36	0.0054755536839365
G18	G37	0.0054755327291786
G47	G62	0.0054755029268562
G100	G21	0.0054754987359046
G69	G96	0.0054754922166466
G40	G16	0.0054754866287112
G1	G41	0.0054754759185016
G88	G84	0.0054754512384533
G48	G49	0.0054754395969212
G77	G37	0.0054754158481955
G59	G46	0.0054753860458731
G16	G46	0.0054753473959863
G84	G34	0.0054753441363573
G38	G32	0.0054753231815993
G20	G39	0.0054753213189542
G40	G35	0.0054752971045672
G100	G52	0.0054752766154706
G43	G79	0.0054752482101321
G47	G88	0.0054751830175518
G68	G93	0.0054751252755522
G45	G27	0.0054751206189394
G60	G63	0.0054751099087297
G17	G64	0.0054751094430685
G95	G1	0.0054751052521169
G60	G94	0.005475100595504
G7	G3	0.0054750978015363
G29	G5	0.0054750582203269
G36	G61	0.0054750475101172
G68	G44	0.0054750405251979
G18	G83	0.0054750316776335
G33	G94	0.0054750307463109
G65	G11	0.0054749939590692
G27	G72	0.0054749031551182
G26	G86	0.0054748831316828
G41	G9	0.0054748738184571
G82	G77	0.0054748654365539
G1	G5	0.0054748556576669
G78	G48	0.0054748123511672
G40	G39	0.0054748095571994
G78	G73	0.0054747853428125
G99	G91	0.005474732723087
G77	G18	0.005474716424942
G66	G39	0.0054746554233133
G85	G89	0.0054746465757489
G81	G65	0.0054746265523135
G34	G82	0.0054746195673942
G52	G7	0.0054745976813137
G34	G99	0.0054745785892009
G40	G13	0.0054745734669268
G67	G68	0.0054745450615882
G50	G62	0.0054745366796851
G59	G44	0.0054745087400078
G24	G85	0.0054744891822338
G5	G29	0.0054744449444115
G33	G54	0.0054744314402341
G37	G90	0.0054744058288633
G51	G38	0.005474405363202
G75	G7	0.0054743746295571
G87	G66	0.005474361591041
G39	G95	0.0054743504151701
G12	G83	0.0054743355140089
G45	G37	0.0054743224754929
G73	G22	0.0054742665961384
G1	G11	0.0054742442443966
G74	G65	0.0054742414504289
G86	G15	0.0054742414504289
G86	G82	0.0054742088541388
G75	G44	0.0054741725325584
G56	G77	0.0054741683416068
G25	G13	0.0054741627536714
G28	G98	0.0054741506464779
G2	G82	0.0054741450585424
G73	G14	0.0054741161875426
G32	G70	0.005474111996590999
G96	G34	0.0054741092026233
G54	G41	0.0054740193299949
G16	G27	0.0054740062914788
G63	G30	0.0054740044288337
G15	G93	0.0054739927873015
G17	G67	0.0054739890620112
G34	G50	0.005473987199366001
G19	G15	0.0054739410988986
G93	G32	0.0054739289917051
G92	G16	0.0054738819599151
G9	G93	0.0054738610051572
G45	G16	0.0054738572798669
G34	G49	0.0054737580940127
G58	G48	0.0054737301543354
G10	G29	0.0054737273603677
G58	G32	0.0054737115278839996
G76	G48	0.0054737105965614
G17	G75	0.0054736919701099
G38	G13	0.0054736770689487
G78	G24	0.0054736579768359
G50	G96	0.0054736295714974
G91	G86	0.0054735811427235
G97	G2	0.0054735718294978
G51	G23	0.0054735606536269
G56	G54	0.0054735126905143
G44	G67	0.0054735038429498
G85	G1	0.0054734665900468
G4	G14	0.0054734488949179
G24	G25	0.005473434459418
G54	G62	0.0054734339937567
G29	G66	0.0054734172299504
G31	G97	0.0054734121076762
G88	G66	0.0054733846336603
G96	G14	0.0054733767174184
G2	G43	0.0054733483120799
G69	G95	0.0054733389988541
G27	G51	0.0054733166471123
G39	G34	0.0054733115248382
G2	G86	0.005473275668919001
G93	G89	0.0054732281714677
G27	G34	0.005473222117870999
G70	G73	0.0054731070995329995
G90	G9	0.0054730856791138
G17	G99	0.0054730768315494
G44	G96	0.0054730735719203
G59	G18	0.0054730554111301
G84	G67	0.0054730367846786
G56	G57	0.0054730181582272
G33	G31	0.0054729781113564
G9	G26	0.0054729767143726
G31	G32	0.0054729604162275
G22	G96	0.0054729357361793
G32	G47	0.0054729063995182
G80	G64	0.0054728994145989
G48	G53	0.0054728449322283
G20	G45	0.0054728290997445
G21	G42	0.0054728081449866
G84	G82	0.005472797434777001
G38	G5	0.0054727946408092
G91	G67	0.0054727322421967
G1	G68	0.0054727247916162
G17	G54	0.0054726721718907
G52	G60	0.0054726391099393
G9	G23	0.0054726172238588
G21	G90	0.0054726167581975
G42	G90	0.0054726074449718
G27	G69	0.0054725902155041
G21	G6	0.0054725795052945
G83	G93	0.0054725673981009994
G47	G44	0.0054725389927625
G75	G21	0.0054725361987948
G50	G57	0.0054725348018109
G1	G96	0.0054725236259399995
G42	G13	0.0054725194349884
G38	G77	0.0054725031368434
G40	G20	0.0054725031368434
G96	G1	0.0054724970832467
G24	G6	0.0054724947549402
G82	G86	0.0054724779911339
G32	G55	0.0054724453948438
G40	G17	0.0054724398069083
G73	G25	0.0054723820649087
G77	G85	0.0054723680950701
G17	G18	0.0054723415523767
G1	G90	0.0054723201319575
G97	G73	0.005472308024764
G70	G63	0.005472294986248
G97	G51	0.0054722870700061
G36	G45	0.0054722856730222
G4	G37	0.0054722679778933
G31	G1	0.0054722568020224
G70	G39	0.0054722498171031
G93	G46	0.0054722414351999
G74	G18	0.0054722274653613
G64	G83	0.0054722181521356
G5	G10	0.0054722046479582
G78	G71	0.005472193006426
G15	G43	0.0054721706546843
G77	G13	0.0054721389897167
G16	G85	0.0054720947518944
G93	G99	0.0054720831103622
G78	G15	0.0054720304906368
G36	G93	0.005472008138895001
G41	G76	0.0054719899781048
G41	G29	0.0054719890467822
G91	G81	0.0054719038307666
G11	G16	0.0054718945175409
G73	G98	0.0054718917235732
G90	G10	0.0054718749597668
G57	G41	0.0054718530736863
G40	G95	0.0054718381725251
G72	G98	0.005471805576235
G23	G47	0.0054717804305255
G77	G99	0.0054717757739126
G82	G74	0.0054717380553483
G15	G95	0.0054717240855097
G83	G88	0.0054716523736715
G91	G7	0.0054716495797038
G25	G50	0.0054716477170586
G11	G58	0.0054716472513973
G48	G31	0.0054716458544135
G41	G31	0.0054716430604457
G51	G99	0.0054716314189136
G8	G91	0.0054716076701879
G23	G44	0.005471606273204001
G3	G52	0.0054715927690267
G6	G25	0.0054715918377041
G68	G33	0.0054715215228497
G25	G83	0.0054715145379304
G32	G58	0.0054714628495275
G60	G82	0.0054714241996407
G60	G98	0.0054714223369956
G19	G69	0.0054714218713343
G54	G45	0.0054714069701731
G1	G6	0.005471384152770001
G38	G62	0.0054713669233024
G69	G51	0.0054713641293346
G9	G89	0.0054713562130928
G29	G13	0.0054713389836251
G13	G11	0.0054713049903512
G72	G42	0.0054712938144803
G66	G3	0.0054712607525289
G84	G42	0.0054712537676095
G87	G56	0.0054712267592549
G56	G85	0.0054711955599486
G35	G38	0.0054711806587874
G29	G59	0.005471178330481
G7	G86	0.0054711340926587
G87	G55	0.0054711252450942
G38	G91	0.0054711080156266
G51	G53	0.0054710768163204
G28	G58	0.0054710265249013
G66	G62	0.0054710255935788
G4	G77	0.0054710200056433
G89	G67	0.0054709855467081
G23	G4	0.0054709762334823
G59	G14	0.0054709524847567
G98	G43	0.0054709389805793
G86	G53	0.0054709361866116
G6	G32	0.0054709361866116
G82	G90	0.0054709180258214
G96	G70	0.0054709110409021
G53	G75	0.0054708546958863
G66	G73	0.0054708272218704
G97	G12	0.0054707922972738
G70	G8	0.0054707759991288
G81	G11	0.0054707746021449
G9	G86	0.0054707685485482
G5	G45	0.0054707415401935
G9	G50	0.0054707382805645
G89	G47	0.005470729433
G28	G87	0.0054706586524844
G33	G29	0.0054705962538719
G72	G29	0.0054705711081624
G65	G88	0.0054705706425011
G26	G22	0.0054705659858882
G98	G32	0.0054705352522432
G68	G92	0.0054705319926142
G71	G89	0.0054705226793885
G16	G72	0.0054705226793885
G54	G37	0.005470517091453
G41	G25	0.0054705124348402
G100	G37	0.0054705082438886
G81	G66	0.0054705068469047
G55	G56	0.0054704854264855
G96	G73	0.0054704365320503
G2	G17	0.0054704146459698
G39	G4	0.0054703843779861
G67	G85	0.0054703336209058
G81	G93	0.0054703303612768
G7	G56	0.0054703177884221
G100	G4	0.0054703135974705
G7	G46	0.0054703126661479
G85	G50	0.0054702898487448
G60	G56	0.0054702679626643
G94	G47	0.0054702516645193
G23	G54	0.0054702423512935
G38	G24	0.0054702344350516
G56	G2	0.0054702279157936
G56	G100	0.0054702251218259
G39	G43	0.0054701804183423
G74	G70	0.0054701697081327
G60	G68	0.0054701659828424
G40	G52	0.0054701119661331
G86	G100	0.0054700975306332
G75	G58	0.0054700528271496
G73	G51	0.0054700365290045
G80	G60	0.005469977390021
G75	G50	0.0054699247702956
G39	G15	0.0054699094034731
G54	G93	0.0054698940366506
G17	G97	0.005469893105328001
G16	G61	0.0054698563180863
G22	G40	0.005469842813909
G64	G17	0.0054698335006833
G23	G99	0.0054698302410542
G59	G39	0.0054698064923286
G12	G40	0.0054697832092642
G28	G3	0.0054697496816515
G36	G89	0.0054697412997484
G62	G47	0.0054697347804903
G84	G75	0.0054697119630873
G69	G66	0.0054696542210876
G66	G53	0.0054695853032171
G32	G40	0.0054695843718945
G87	G39	0.0054695741273462
G99	G69	0.0054695359431207
G12	G14	0.0054694921709597
G73	G46	0.005469474941492
G9	G56	0.0054694660939276
G3	G90	0.005469452124089
G16	G41	0.0054694516584277
G97	G28	0.0054694372229278
G20	G97	0.0054694321006536
G50	G83	0.005469371099025
G85	G88	0.0054693552665412
G87	G10	0.0054693487472832
G21	G50	0.0054693473502993
G69	G73	0.0054693166166543
G89	G48	0.0054693138226866
G74	G53	0.005469312891364
G59	G37	0.0054692928679287
G91	G9	0.0054692705161869
G54	G89	0.0054692598059773
G70	G88	0.005469215568155
G51	G94	0.0054692118428647
G56	G22	0.0054691801778972
G5	G27	0.0054691447876393
G45	G14	0.0054690805263817
G59	G47	0.0054690456017851
G59	G7	0.0054690050892531
G34	G25	0.0054689832031726
G86	G79	0.0054689678363502
G78	G53	0.0054688928648829
G18	G77	0.0054688923992216
G4	G35	0.0054688886739313
G28	G39	0.0054688788950443
G75	G1	0.0054688737727701
G88	G67	0.0054688323289155
G78	G80	0.0054688295349478
G100	G63	0.0054688155651092
G40	G1	0.0054688034579157
G59	G52	0.0054688015952706
G59	G22	0.0054687871597707
G18	G55	0.0054687517695128
G57	G82	0.0054687494412064
G86	G39	0.0054686986841261
G33	G21	0.0054686879739165
G14	G12	0.0054686563089489
G38	G39	0.0054686442017555
G72	G59	0.0054686325602233
G82	G33	0.0054686060175299
G76	G79	0.0054686008952558
G10	G66	0.00546854455024
G9	G25	0.0054684742353856
G31	G65	0.0054684290662407
G71	G51	0.0054684253409504
G61	G23	0.0054684178903698
G8	G95	0.0054684155620634
G9	G1	0.0054684141650795
G22	G9	0.0054684053175151
G52	G47	0.0054684015922248
G35	G82	0.0054683657363057
G86	G3	0.0054683592170476
G87	G95	0.0054683513008058
G61	G29	0.0054683415219187
G28	G19	0.0054682907648384
G29	G6	0.0054682595655322
G3	G55	0.0054682497866451
G54	G57	0.0054682469926774
G92	G4	0.0054682423360645
G59	G24	0.0054681897163391
G67	G66	0.0054681757465004
G53	G81	0.0054680798202753
G39	G79	0.0054680630564689
G85	G52	0.0054679764434695
G36	G30	0.0054679615423083
G91	G53	0.005467957817017999
G51	G33	0.0054679354652762
G42	G7	0.0054679317399859
G28	G97	0.0054679275490343
G15	G61	0.0054679056629538
G16	G2	0.0054678651504218
G65	G98	0.0054678204469382
G70	G16	0.0054678181186318
G48	G98	0.0054677953012287
G18	G50	0.0054677794687449
G46	G14	0.0054677417501807
G25	G31	0.0054677110165357
G58	G70	0.0054676258005201
G50	G76	0.0054676029831171
G88	G93	0.0054675927385687
G73	G45	0.0054675713181495
G47	G51	0.0054675661958754
G15	G23	0.0054675508290529
G1	G49	0.0054675335995852
G76	G98	0.0054675005376338
G45	G86	0.0054674902930855
G61	G77	0.0054674730636179
G49	G19	0.005467448849231
G9	G91	0.0054674423299729
G99	G65	0.0054674288257956
G24	G84	0.0054674260318279
G78	G39	0.0054674209095537
G78	G16	0.0054674195125699
G49	G50	0.0054673790000379
G52	G46	0.0054673510603606
G67	G43	0.0054673450067639
G66	G96	0.0054673426784574
G47	G73	0.0054672737605869
G64	G92	0.0054672663100063
G32	G2	0.0054672439582645
G30	G88	0.0054672439582645
G50	G40	0.0054672234691679
G78	G81	0.0054672164842486
G58	G19	0.0054672113619744
G39	G53	0.0054671876132488
G25	G78	0.0054671834222972
G32	G37	0.0054671694524586
G25	G87	0.0054671680554747
G13	G32	0.0054671573452651
G44	G8	0.0054671433754265
G86	G24	0.0054671405814588
G38	G82	0.0054671261459589
G17	G12	0.0054671093821525
G26	G13	0.005467097274959
G85	G20	0.0054670819081366
G41	G67	0.0054670721292495
G7	G11	0.0054670623503625
G20	G16	0.0054670581594109
G94	G53	0.0054670581594109
G29	G32	0.0054670516401529
G12	G99	0.0054670199751853
G97	G96	0.0054670139215886
G4	G34	0.0054670083336532
G95	G20	0.0054669808596372
G29	G97	0.0054669785313308
G71	G29	0.0054669613018631
G64	G52	0.0054668770171701
G73	G89	0.005466865375638
G13	G50	0.0054668472148478
G95	G10	0.0054668374359607
G56	G87	0.0054667619988322
G51	G85	0.0054667415097355
G97	G9	0.0054667042568326
G90	G26	0.0054666842333972
G27	G36	0.005466679111123
G40	G66	0.0054666302166879
G13	G24	0.0054665897041559
G76	G38	0.0054665580391883
G56	G64	0.0054665436036884
G89	G60	0.0054665179923176
G67	G92	0.0054665124043822
G35	G59	0.0054664993658661
G45	G62	0.0054664858616888
G70	G78	0.0054664751514792
G1	G76	0.0054664267227053
G92	G58	0.0054663862101733
G1	G71	0.0054663848131895
G17	G31	0.0054663778282701
G45	G3	0.0054663429036736
G23	G33	0.0054663429036736
G62	G83	0.0054662954062223
G85	G5	0.0054662809707224
G64	G22	0.0054662055335938
G21	G1	0.0054660984314978
G92	G13	0.0054660877212882
G15	G94	0.0054660788737237
G69	G41	0.0054660597816109
G51	G36	0.0054660579189658
G42	G9	0.0054660439491271
G27	G26	0.0054660085588693
G32	G14	0.0054659624584019
G81	G22	0.0054659601300954
G11	G88	0.0054659359157085
G60	G74	0.0054658893495798
G7	G79	0.0054658674634993
G4	G49	0.0054658474400639
G59	G66	0.0054658032022416
G21	G44	0.0054658013395965
G17	G73	0.0054657789878547
G48	G62	0.0054657598957419
G36	G42	0.0054657463915646
G67	G32	0.0054657040163874
G6	G84	0.005465630441904
G86	G51	0.0054656150750815
G66	G86	0.0054656113497912
G20	G79	0.0054656085558235
G33	G98	0.0054656048305332
G73	G13	0.0054655419662594
G54	G25	0.0054654986597597
G87	G7	0.0054654721170663
G18	G89	0.0054654465056955
G90	G91	0.0054654446430504
G27	G4	0.005465427879244001
G44	G69	0.0054654222913086
G73	G26	0.0054654073901474
G9	G28	0.0054653966799378
G23	G38	0.0054653747938573
G8	G39	0.0054653575643897
G24	G33	0.0054653300903737
G50	G21	0.0054653105325996
G14	G50	0.0054653016850352
G35	G61	0.0054652541875839
G86	G36	0.0054652360267937
G99	G43	0.0054652336984872
G36	G8	0.0054652281105518
G53	G2	0.0054652118124067
G66	G58	0.00546520575881
G69	G36	0.0054651917889714
G28	G29	0.0054651163518428
G88	G41	0.0054651084356009
G36	G90	0.0054650735110044
G19	G49	0.0054650530219078
G47	G59	0.0054650478996336
G31	G14	0.0054650302045047
G15	G18	0.0054650250822305
G96	G78	0.0054649799130856
G87	G51	0.0054649347439408
G7	G49	0.0054649300873279
G99	G82	0.0054648928344249
G41	G64	0.0054648923687636
G58	G23	0.005464868620038
G80	G29	0.0054648485966026
G3	G80	0.0054648318327963
G26	G92	0.0054648304358124
G1	G21	0.0054648104123771
G61	G58	0.0054648080840706
G80	G88	0.0054648043587803
G36	G84	0.0054647368378937
G56	G23	0.005464713089168001
G27	G17	0.005464703310281
G2	G72	0.0054646781645715
G100	G16	0.0054646716453135
G11	G56	0.0054646637290716
G1	G28	0.0054646464996039
G84	G69	0.0054646385833621
G42	G94	0.0054646171629428
G55	G39	0.0054646059870719
G10	G20	0.0054645854979753
G63	G86	0.0054645724594593
G47	G56	0.005464568734169
G58	G99	0.0054645542986691
G76	G75	0.0054644960910081
G55	G43	0.0054644905030727
G37	G69	0.0054644895717501
G69	G60	0.0054644597694277
G42	G46	0.0054644509218633
G6	G24	0.0054644374176859
G76	G7	0.0054644183255732
G87	G85	0.0054644118063151
G15	G88	0.0054643587209284
G47	G10	0.0054643563926219
G35	G34	0.0054643484763801
G54	G51	0.0054642767645418
G14	G67	0.0054642572067677
G32	G29	0.0054642320610582
G72	G20	0.0054642218165099
G55	G29	0.0054641622118651
G64	G57	0.0054641608148813
G17	G60	0.0054641440510749
G93	G55	0.0054641310125589
G20	G7	0.0054641156457364
G100	G10	0.0054640504531562
G86	G54	0.0054640481248497
G73	G84	0.0054640369489789
G83	G27	0.0054640271700918
G28	G72	0.0054639880545437
G59	G56	0.0054639861918985
G38	G70	0.005463967565447
G99	G17	0.0054639587178826
G24	G74	0.005463870242238
G13	G56	0.0054638632573187
G8	G86	0.0054638627916574
G49	G88	0.0054638590663671
G9	G72	0.0054638469591736
G80	G70	0.005463832989334999
G29	G99	0.0054638101719319
G16	G58	0.005463755223899999
G22	G54	0.0054637473076581
G21	G60	0.0054637463763356
G18	G35	0.0054637235589325
G64	G11	0.0054637128487229
G16	G10	0.0054637100547552
G33	G69	0.0054636965505778
G9	G65	0.0054636760614812
G73	G60	0.005463670939207
G68	G98	0.0054636369459331
G98	G84	0.0054635913111269
G97	G65	0.0054635913111269
G37	G87	0.005463580135256
G98	G57	0.0054635577835142
G1	G50	0.0054635489359498
G39	G20	0.0054634911939501
G57	G9	0.0054633854888379
G45	G48	0.0054633682593703
G87	G86	0.0054633496329188
G59	G12	0.0054633477702736
G5	G42	0.0054633286781609
G7	G84	0.0054633067920804
G25	G2	0.005463256035
G6	G54	0.0054632518440485
G3	G85	0.0054631903767585
G84	G13	0.0054631568491458
G14	G35	0.0054631270468235
G20	G4	0.005463124718517
G82	G81	0.0054631135426461
G43	G93	0.0054630995728075
G24	G58	0.0054630925878882
G43	G62	0.0054630897939205
G21	G3	0.0054630856029689
G95	G86	0.0054630725644528
G78	G60	0.0054630464874207
G19	G4	0.0054630273953079995
G44	G21	0.0054630269296467
G65	G61	0.0054630083031952
G41	G2	0.0054630027152597
G74	G3	0.0054629687219858
G6	G83	0.0054629240185022
G52	G87	0.0054628862999379
G71	G70	0.0054628606885671
G29	G10	0.0054628206416964
G78	G91	0.0054628159850835
G80	G50	0.0054628001525998
G76	G40	0.0054627996869385
G16	G80	0.0054627377539873
G60	G6	0.0054627303034067
G21	G87	0.0054627107456326
G34	G14	0.0054626511409878
G66	G36	0.0054626073688268
G61	G75	0.005462605971843
G7	G19	0.0054625975899398
G20	G59	0.0054625910706818
G22	G27	0.0054625594057142
G23	G80	0.0054625584743916
G7	G54	0.0054625323973596
G90	G67	0.0054625277407467
G1	G3	0.0054624793119728
G1	G20	0.0054624737240374
G80	G81	0.0054624709300696
G84	G38	0.0054624523036181
G42	G21	0.0054624169133603
G82	G26	0.0054623866453766
G12	G100	0.0054623712785542
G66	G85	0.0054623447358608
G78	G49	0.0054623233154416
G32	G6	0.0054622809402644
G32	G35	0.0054622609168291
G28	G16	0.0054622502066195
G86	G94	0.0054622460156679
G21	G65	0.0054622399620711
G27	G59	0.0054622399620711
G69	G80	0.0054622255265712
G59	G20	0.0054622222669422
G26	G74	0.0054622199386358
G57	G59	0.0054622176103293
G23	G83	0.0054622031748294
G63	G74	0.0054621836170554
G40	G80	0.0054621715098619
G20	G91	0.0054621598683297
G39	G76	0.0054621552117168
G26	G79	0.0054621533490717
G65	G93	0.0054621454328298
G52	G5	0.0054620997980237
G79	G64	0.0054620811715722
G51	G69	0.0054620127193629
G94	G100	0.0054620043374598
G100	G54	0.0054619731381535
G5	G2	0.0054619652219116
G19	G53	0.005461941473186
G48	G8	0.0054619372822344
G9	G45	0.0054619223810732
G43	G95	0.0054619046859443
G1	G56	0.0054619018919765
G16	G26	0.0054618893191218
G77	G100	0.0054618706926703
G81	G58	0.0054618585854768
G1	G62	0.0054618511348962
G49	G20	0.0054618129506707
G72	G95	0.0054617729038
G67	G29	0.0054617566056549
G82	G87	0.0054617314599454
G91	G3	0.0054617021232843
G95	G78	0.0054617002606391
G24	G43	0.005461688619107
G21	G5	0.0054616839624941
G100	G84	0.0054616671986877
G33	G52	0.0054616322740912
G34	G39	0.0054616169072687
G43	G46	0.0054615754634141
G99	G33	0.0054615507833659
G29	G94	0.0054615493863821
G94	G91	0.005461523309350001
G35	G5	0.0054615149274468
G46	G67	0.0054615149274468
G13	G35	0.0054615065455436
G10	G73	0.0054615009576082
G67	G34	0.0054614911787211
G67	G2	0.0054614753462374
G14	G72	0.0054614478722214
G23	G73	0.0054613654501736
G59	G55	0.0054613570682704
G76	G54	0.0054613393731415
G64	G4	0.0054613375104963
G99	G12	0.0054613184183835
G32	G27	0.005461317487061
G70	G34	0.0054613025858998
G73	G52	0.0054612862877547
G2	G54	0.0054612481035292
G36	G11	0.0054612294770777
G27	G73	0.0054612108506262
G70	G62	0.0054612071253359
G21	G74	0.0054611843079328
G54	G35	0.0054611759260296
G45	G31	0.0054611722007393
G90	G75	0.005461168475449
G100	G67	0.0054611656814813
G48	G100	0.0054611410014331
G58	G11	0.0054611405357718
G89	G26	0.005461111664772
G41	G75	0.0054611098021268
G96	G49	0.0054610534571111
G38	G12	0.0054610059596598
G84	G80	0.0054609766229987
G58	G91	0.0054609747603535
G45	G40	0.0054609375074505
G63	G79	0.0054609249345958
G44	G82	0.0054609165526926
G79	G42	0.0054609049111604
G37	G97	0.0054608844220638
G36	G17	0.0054608811624348
G51	G21	0.0054608536884188
G13	G6	0.0054608318023383
G93	G23	0.0054608206264674
G29	G37	0.0054607898928225
G46	G15	0.0054607684724032
G68	G42	0.0054607233032584
G3	G76	0.0054607214406132
G47	G21	0.0054607116617262
G73	G50	0.0054606869816779995
G9	G10	0.0054606772027909
G23	G63	0.0054606162011623
G84	G96	0.0054606110788881
G3	G7	0.0054606064222753
G27	G9	0.0054605845361948
G31	G7	0.0054605822078883
G94	G21	0.0054605766199529
G97	G89	0.0054605742916464
G90	G31	0.0054605603218078
G94	G20	0.0054605598561465
G51	G4	0.0054605486802756
G59	G89	0.0054605277255177
G18	G58	0.0054604518227279
G75	G63	0.005460450425744001
G1	G91	0.0054604252800345
G74	G7	0.0054604043252766
G52	G93	0.0054603666067123
G77	G63	0.0054603652097284
G95	G36	0.0054603377357125
G91	G64	0.0054603344760835
G58	G92	0.0054603251628577
G49	G7	0.005460291635245
G31	G54	0.0054602869786322
G66	G34	0.0054602865129709
G46	G4	0.0054602553136646
G4	G89	0.0054602455347776
G49	G100	0.0054602287709712
G61	G47	0.0054602222517132
G5	G20	0.0054602180607616
G51	G72	0.0054602012969553
G3	G1	0.0054601561278104
G54	G46	0.0054601482115685
G40	G49	0.0054601342417299
G66	G95	0.0054601323790848
G21	G53	0.0054601277224719
G90	G97	0.0054600196890532
G82	G27	0.0054599903523921
G36	G59	0.0054599759168922
G32	G97	0.0054599563591182
G37	G88	0.0054599386639893
G65	G20	0.0054599312134087
G42	G70	0.00545991724357
G50	G64	0.0054599111899733
G48	G65	0.0054598958231508
G27	G79	0.0054598716087639
G16	G44	0.005459850654006
G82	G15	0.0054597873240709
G98	G97	0.0054597849957644
G34	G42	0.0054597528651356
G38	G83	0.0054597528651356
G75	G83	0.0054597477428615
G69	G17	0.0054597379639744
G42	G58	0.005459732376039
G86	G95	0.0054597044363617
G70	G77	0.0054596979171037
G99	G21	0.005459688603878
G48	G95	0.0054596825502812
G82	G97	0.0054596774280071
G49	G47	0.0054596383124589
G29	G93	0.0054596322588622
G35	G46	0.0054596266709268
G14	G55	0.0054596127010881
G18	G75	0.005459610838443
G78	G86	0.0054595624096691
G91	G77	0.0054595479741692
G19	G24	0.0054595218971371
G47	G29	0.0054594888351857
G77	G70	0.0054594753310084
G66	G7	0.0054594594985246
G90	G99	0.0054594036191701
G88	G34	0.0054593998938798
G14	G64	0.0054593887180089
G43	G12	0.0054593719542026
G16	G36	0.0054593291133642
G1	G37	0.0054592890664935
G67	G59	0.0054592844098806
G4	G85	0.0054592806845903
G82	G45	0.0054592797532677
G55	G1	0.005459239706397001
G76	G23	0.0054592052474617
G22	G73	0.0054591870866715
G92	G71	0.0054591763764619
G98	G94	0.0054591698572039
G67	G25	0.0054591353982687
G17	G93	0.0054591074585914
G74	G73	0.0054590869694948
G54	G95	0.0054590851068496
G77	G66	0.0054590799845755
G61	G44	0.0054590553045272
G14	G57	0.0054590450599789
G67	G56	0.0054590376093983
G27	G66	0.0054590096697211
G2	G74	0.0054589984938502
G60	G48	0.0054589374922215
G86	G80	0.0054589337669312
G66	G88	0.0054588546045124
G82	G83	0.0054588126949965
G54	G75	0.0054587991908192
G65	G95	0.0054587940685451
G12	G89	0.0054587563499808
G80	G37	0.0054587535560131
G15	G57	0.0054587121121585
G70	G14	0.0054587088525295
G60	G8	0.005458706524223
G36	G79	0.0054586785845458
G61	G39	0.0054586613550782
G48	G9	0.0054586506448686
G40	G18	0.0054586096666753
G17	G86	0.0054586096666753
G39	G83	0.0054586040787398
G98	G42	0.005458599422127001
G87	G50	0.0054585798643529
G86	G30	0.0054585584439337
G64	G32	0.0054585547186434
G83	G48	0.0054585435427725
G25	G46	0.0054585128091275
G34	G92	0.0054585016332566
G20	G38	0.005458453670144
G44	G26	0.0054583940654993
G10	G54	0.0054583791643381
G70	G21	0.0054583549499511
G38	G69	0.0054583451710641
G51	G75	0.0054582748562097
G11	G21	0.0054582734592258
G17	G76	0.0054581849835813
G16	G47	0.0054581393487751
G90	G56	0.0054580909200012
G19	G71	0.0054580839350819
G2	G49	0.0054580797441303
G17	G39	0.0054580778814852
G54	G1	0.0054580699652433
G67	G65	0.0054580611176788
G26	G21	0.005458056461066
G42	G50	0.0054580420255661
G59	G42	0.0054580406285822
G13	G26	0.0054580154828727
G91	G2	0.0054580117575824
G37	G48	0.0054579670540988
G99	G96	0.0054579600691795
G81	G49	0.0054579502902925
G50	G91	0.0054579209536314
G16	G1	0.0054579172283411
G88	G82	0.0054578809067606
G53	G58	0.005457866936922
G52	G24	0.0054578534327447
G99	G24	0.0054578417912125
G5	G54	0.0054578259587287
G10	G19	0.0054578171111643
G34	G68	0.0054578119888901
G36	G72	0.0054578096605837
G52	G79	0.0054578064009547
G21	G13	0.0054577849805355
G74	G99	0.0054577700793743
G9	G67	0.0054577528499066
G10	G35	0.0054577030241489
G37	G94	0.0054576746188104
G12	G92	0.0054576662369072
G62	G67	0.005457664374262
G9	G87	0.0054576331749558
G52	G53	0.0054576066322624
G62	G17	0.0054576005786657
G21	G23	0.0054575838148593
G35	G18	0.0054575810208916
G92	G47	0.0054575731046497
G38	G6	0.0054575433023273
G39	G75	0.0054575419053435
G87	G22	0.0054575158283114
G43	G71	0.0054574580863118
G90	G6	0.0054574506357312
G1	G75	0.0054574096575379
G33	G17	0.0054574022069573
G52	G27	0.0054573779925704
G13	G79	0.0054573551751673
G81	G90	0.0054573165252804
G86	G10	0.0054573020897805
G18	G64	0.0054572746157646
G59	G8	0.0054572504013776
G86	G98	0.0054572480730712
G72	G27	0.0054572378285229
G24	G61	0.005457236431539001
G72	G88	0.0054572289809584
G100	G38	0.0054572252556681
G7	G66	0.0054571516811847
G65	G35	0.0054571386426687
G70	G61	0.0054571344517171
G26	G5	0.0054571279324591
G95	G79	0.0054571251384913
G27	G44	0.0054571009241044
G51	G90	0.0054570971988141
G65	G80	0.0054570501670241
G96	G36	0.0054570431821048
G50	G4	0.0054570278152823
G37	G64	0.0054570017382502
G63	G38	0.0054569849744439
G68	G11	0.0054569817148149
G95	G66	0.0054569272324442
G45	G2	0.0054569151252508
G32	G45	0.0054569006897509
G49	G29	0.0054569002240896
G40	G63	0.0054568746127188
G61	G81	0.0054568527266383
G81	G43	0.0054568434134125
G67	G100	0.0054568219929933
G19	G67	0.0054568005725741
G57	G55	0.0054567814804613
G41	G79	0.0054567703045904
G42	G12	0.0054567484185099
G51	G74	0.0054567414335906
G48	G17	0.0054567349143326
G91	G99	0.0054566776379942
G96	G26	0.0054566776379942
G60	G64	0.0054566664621233
G78	G46	0.0054566347971558
G1	G57	0.0054566306062042
G60	G97	0.0054565779864788
G67	G14	0.0054565649479627
G32	G23	0.0054565463215112
G10	G5	0.0054565332829952
G85	G91	0.0054564797319471
G96	G38	0.0054564513266086
G15	G25	0.0054564387537539
G15	G5	0.0054563605226576
G100	G46	0.0054563558660447
G45	G80	0.0054562576115131
G59	G73	0.0054562212899327
G87	G2	0.0054561737924814
G77	G26	0.0054561682045459
G21	G9	0.0054561346769332
G23	G97	0.0054561309516429
G81	G94	0.0054560960270464
G10	G92	0.0054560434073209
G54	G73	0.0054560313001275
G31	G66	0.0054560275748372
G47	G94	0.0054560168646276
G8	G59	0.0054559824056923
G11	G46	0.005455972161144
G54	G55	0.0054559716954827
G85	G38	0.005455941427499
G58	G16	0.005455925129354
G89	G63	0.0054558836854994
G45	G38	0.0054558534175157
G72	G97	0.0054558361880481
G55	G67	0.0054558059200644
G34	G90	0.0054557952098548
G51	G45	0.0054557742550969
G17	G84	0.0054557542316615
G72	G10	0.0054557439871132
G46	G22	0.0054557314142584
G19	G85	0.0054557230323553
G44	G16	0.005455691833049
G49	G61	0.0054556881077587
G88	G90	0.0054556876420974
G99	G44	0.0054556494578719
G43	G57	0.0054556345567107
G36	G41	0.005455553997307999
G2	G76	0.0054555339738726
G74	G92	0.0054555223323404
G58	G85	0.0054555190727114
G49	G45	0.0054555111564695
G54	G23	0.0054555009119212
G45	G91	0.0054554706439375
G68	G53	0.0054554645903408
G81	G1	0.0054554231464862
G100	G7	0.0054554129019379
G48	G10	0.0054553956724703
G11	G55	0.005455388687550999
G94	G78	0.0054553686641156
G15	G71	0.0054553570225834
G13	G9	0.0054553216323256
G85	G67	0.0054553193040192
G38	G92	0.005455304402858001
G28	G25	0.0054552904330194
G13	G14	0.005455276928842
G89	G31	0.0054552759975194
G9	G82	0.0054552615620195
G38	G90	0.0054552285000681
G64	G84	0.0054552038200199
G49	G41	0.0054551605135202
G8	G45	0.0054551023058593
G80	G83	0.0054550264030694
G61	G92	0.0054549868218599995
G27	G46	0.0054549383930861
G75	G49	0.0054549346677958
G81	G73	0.0054548871703445
G47	G40	0.0054548485204577
G51	G30	0.0054548461921513
G76	G31	0.0054548461921513
G6	G87	0.0054548382759094
G28	G84	0.0054548243060708
G80	G62	0.0054547847248613
G40	G50	0.0054547833278775
G43	G25	0.0054547507315874
G71	G40	0.0054547227919101
G69	G61	0.0054547106847167
G65	G41	0.0054546622559428
G10	G96	0.0054546566680073
G30	G54	0.0054545789025723
G76	G80	0.0054545765742659
G88	G81	0.0054545709863305
G76	G30	0.0054545616731047
G17	G98	0.00545454910025
G27	G20	0.0054545416496694
G100	G28	0.0054544727317988
G66	G17	0.0054544461891055
G68	G43	0.0054544364102184
G40	G22	0.0054544312879443
G63	G8	0.0054544005542993
G15	G12	0.0054543726146221
G61	G45	0.0054543358273804
G39	G87	0.0054543307051062
G5	G85	0.0054543293081223
G87	G67	0.0054542766883969
G14	G99	0.0054542296566069
G44	G51	0.0054541844874619995
G55	G65	0.0054541709832847
G26	G66	0.0054541635327041
G38	G88	0.0054541588760912
G32	G72	0.0054541486315429
G39	G85	0.0054541332647204
G82	G66	0.0054541085846722
G76	G28	0.0054540536366403
G75	G77	0.0054540461860597
G8	G88	0.0054540210403501
G52	G26	0.0054540089331567
G79	G59	0.0054539814591407
G16	G75	0.0054539223201572
G70	G98	0.0054539199918508
G28	G95	0.0054538748227059
G43	G51	0.0054538329131901
G15	G6	0.0054538329131901
G36	G78	0.0054538166150449995
G34	G26	0.0054537705145776
G40	G29	0.0054537667892873
G51	G9	0.0054537360556423
G45	G15	0.0054537351243197
G82	G61	0.0054537290707229995
G67	G76	0.005453722551465001
G69	G40	0.0054537206888198
G91	G11	0.005453698337078
G44	G9	0.005453657824546
G43	G56	0.0054536429233849
G27	G89	0.0054536401294171
G30	G48	0.0054536280222237
G37	G13	0.0054536238312721
G3	G63	0.0054535269737243
G92	G8	0.0054534948430955
G76	G89	0.0054534641094505
G7	G26	0.0054534575901925
G25	G92	0.0054534492082893
G22	G88	0.005453429184854
G74	G37	0.0054534082300961
G39	G29	0.0054534040391445
G21	G77	0.0054533714428544
G84	G98	0.0054533509537577
G67	G8	0.0054533472284674
G36	G69	0.0054532615467906
G61	G69	0.005453195888549
G36	G49	0.005453155376017001
G71	G44	0.0054531544446945
G38	G99	0.0054531442001461
G9	G5	0.0054531418718397
G10	G69	0.0054531046189367
G23	G76	0.0054530943743884
G88	G2	0.0054530338384211
G80	G63	0.0054530221968889
G52	G61	0.0054529877379536
G67	G37	0.0054529858753085
G80	G13	0.0054529388435184
G57	G66	0.005452933255583
G9	G66	0.0054529267363249995
G1	G16	0.0054528969340026
G82	G51	0.0054528824985027
G1	G17	0.0054528694599866
G69	G30	0.0054528247565031
G11	G33	0.0054528228938579
G5	G80	0.0054528089240193
G48	G54	0.0054527879692614
G56	G15	0.0054527195170521
G65	G26	0.0054527162574231
G70	G95	0.0054526785388588
G59	G51	0.0054526696912944
G31	G44	0.0054526440799236
G90	G100	0.0054526147432625
G96	G69	0.005452487617731
G75	G59	0.005452487617731
G4	G19	0.0054524596780538
G95	G81	0.0054524354636669
G10	G79	0.0054524047300219
G85	G36	0.0054523609578609
G43	G27	0.005452353041619001
G94	G24	0.0054523451253771
G11	G62	0.0054523232392966
G55	G81	0.0054523204453289
G71	G34	0.0054523199796676
G12	G80	0.0054522962309420005
G58	G28	0.0054522673599421
G15	G92	0.0054522650316357
G19	G18	0.0054522156715393
G61	G96	0.005452215205878001
G31	G19	0.0054522147402167
G5	G36	0.0054521933197975
G48	G51	0.0054521928541362
G37	G10	0.0054521914571523
G33	G25	0.0054521732963621
G25	G5	0.0054521313868463
G27	G100	0.0054521285928785
G1	G24	0.0054520550183951
G10	G93	0.0054520359262824
G87	G68	0.0054519898258149
G12	G31	0.0054519763216376
G80	G51	0.0054519511759281
G5	G81	0.0054519455879926
G95	G16	0.0054519139230251
G56	G38	0.0054519129917025
G58	G62	0.0054519013501703
G60	G17	0.0054518999531865
G54	G52	0.0054518575780093
G71	G81	0.0054518380202353
G20	G57	0.0054518296383321
G92	G23	0.0054518170654773
G85	G27	0.0054518114775419
G80	G54	0.0054518063552677
G64	G73	0.0054517891258001
G60	G71	0.0054517346434295
G94	G83	0.0054517094977200005
G97	G100	0.0054517001844942
G98	G25	0.0054516964592039
G53	G6	0.0054516084492206
G68	G2	0.0054515963420271
G39	G88	0.0054515940137207
G49	G18	0.0054515367373824
G17	G59	0.0054514976218342
G64	G60	0.0054514966905117
G48	G44	0.0054514924995601
G73	G4	0.0054514789953827
G74	G45	0.0054514720104634
G63	G80	0.005451469682157
G71	G2	0.0054514571093022
G14	G45	0.0054514557123184
G77	G95	0.0054514431394636
G9	G17	0.0054514370858669
G2	G26	0.005451419390738
G64	G100	0.0054514054208993
G15	G60	0.0054513989016413
G92	G32	0.0054513104259967
G52	G50	0.0054513034410774
G97	G86	0.0054512261413037
G47	G17	0.0054511986672878
G81	G55	0.0054511539638042
G30	G22	0.0054510906338691
G29	G3	0.0054510734044015
G54	G38	0.0054510673508048
G31	G8	0.0054509863257408
G98	G86	0.0054509816691279
G78	G45	0.0054509555920958
G41	G24	0.0054508903995156
G12	G66	0.0054508754983544
G20	G47	0.0054508736357092
G72	G30	0.0054508717730641
G61	G3	0.0054508089087903
G5	G94	0.0054508042521774
G73	G96	0.0054507562890648
G91	G44	0.0054507474415004
G81	G23	0.0054507371969521
G47	G32	0.0054507195018231
G7	G6	0.0054506794549524
G54	G97	0.0054506598971784
G49	G89	0.0054506561718881
G40	G24	0.0054506440646946
G42	G26	0.0054506226442754
G67	G3	0.0054506179876625
G99	G63	0.0054506110027432
G91	G14	0.0054505742155015
G69	G48	0.0054505569860339
G26	G30	0.0054505406878888
G26	G44	0.005450505297630999
G71	G17	0.005450502038002
G22	G58	0.0054504778236149996
G82	G4	0.0054504587315022
G14	G90	0.0054504424333572
G66	G50	0.0054504163563251
G96	G72	0.0054504065774381
G50	G10	0.0054503725841641
G21	G22	0.0054503427818417
G1	G22	0.0054503269493579
G91	G95	0.0054502105340361
G96	G8	0.005450174678117
G37	G65	0.0054501309059559995
G15	G70	0.0054500973783433
G64	G13	0.0054500643163919
G19	G62	0.0054500508122146
G58	G66	0.0054500033147633
G94	G64	0.00544996233657
G27	G35	0.0054499567486345
G25	G81	0.0054498557001352
G95	G76	0.0054498505778609995
G90	G70	0.0054498328827321
G64	G28	0.0054498142562806
G30	G11	0.0054497993551194
G10	G50	0.0054497485980391
G5	G68	0.0054497146047651
G54	G86	0.0054496834054589
G44	G3	0.0054496810771524
G6	G75	0.0054496680386364
G98	G91	0.0054496554657816
G39	G45	0.0054496363736689
G4	G21	0.0054495721124112
G91	G72	0.005449550691992
G84	G52	0.0054495260119438
G25	G61	0.0054494836367666
G68	G72	0.0054494813084602
G19	G37	0.0054494710639119
G63	G26	0.0054494701325893
G21	G48	0.0054494314827024
G23	G55	0.0054494212381541
G74	G21	0.0054494044743478
G28	G55	0.0054493891075253
G98	G41	0.0054493849165737
G68	G45	0.0054493732750415
G63	G24	0.0054493611678481
G26	G7	0.0054493425413966
G22	G23	0.0054493215866386
G19	G76	0.0054492768831551
G40	G53	0.0054492722265422
G32	G11	0.0054492480121552
G77	G2	0.0054492205381393
G94	G87	0.0054492019116878
G54	G90	0.0054491939954459
G10	G72	0.0054491814225912
G25	G62	0.0054491437040269
G69	G25	0.0054491418413817
G65	G84	0.0054490743204951
G99	G90	0.0054490393958985
G18	G59	0.0054490049369633
G55	G64	0.0054489751346409
G82	G28	0.0054489732719957
G65	G10	0.0054489583708345
G96	G57	0.0054489290341734
G90	G5	0.0054489248432219
G93	G97	0.0054489057511091
G34	G61	0.0054488768801093
G6	G22	0.005448873154819
G19	G35	0.0054488671012222
G90	G30	0.0054488671012222
G62	G23	0.0054488577879965
G46	G90	0.0054488247260451
G11	G53	0.0054487865418195
G48	G82	0.0054487618617713
G72	G68	0.0054487604647874
G8	G70	0.0054487409070134
G24	G80	0.0054486859589815
G76	G10	0.0054486757144331
G93	G69	0.0054486356675624
G78	G50	0.0054486137814819
G60	G80	0.0054485355503857
G72	G76	0.0054484959691762
G92	G37	0.0054484447464346
G16	G40	0.0054484065622091
G15	G41	0.0054484009742736
G84	G31	0.0054483991116285
G37	G91	0.0054483832791447
G93	G41	0.0054483716376125
G64	G80	0.0054483567364513
G42	G38	0.0054483562707901
G96	G48	0.0054482952691614
G73	G87	0.0054482650011777
G62	G1	0.0054482384584844
G74	G75	0.0054482342675328
G27	G42	0.0054482305422425
G32	G86	0.0054482202976942
G53	G65	0.0054481928236782
G30	G27	0.005448161624371999
G6	G2	0.0054481485858559
G32	G22	0.0054481476545333
G4	G57	0.0054481411352753
G65	G69	0.0054481392726302
G74	G8	0.0054481006227433
G57	G45	0.0054480866529047
G36	G57	0.0054480610415339
G42	G33	0.0054480484686791
G38	G46	0.0054480074904859
G88	G100	0.0054479343816637
G56	G99	0.0054479334503412
G22	G1	0.0054479241371154
G23	G66	0.0054478989914059
G93	G39	0.0054478836245834
G56	G80	0.0054478398524224
G4	G48	0.0054478147067129
G30	G28	0.0054478058591485
G96	G13	0.0054477788507938
G35	G83	0.0054477583616971
G55	G73	0.0054477578960359
G86	G67	0.005447743460536
G93	G2	0.0054477308876812
G50	G63	0.0054476996883749
G30	G90	0.0054476857185363
G53	G45	0.0054476745426654
G94	G56	0.0054476554505527
G29	G52	0.0054476298391819
G76	G67	0.0054475967772305
G61	G37	0.0054475902579724
G31	G71	0.0054475897923111
G48	G35	0.0054475497454404
G22	G69	0.0054475460201501
G45	G8	0.0054475367069244
G83	G7	0.0054474868811666
G74	G84	0.0054474752396345
G6	G10	0.005447459872812
G58	G10	0.005447453353554
G74	G71	0.0054474133066833
G8	G71	0.005447385367005999
G52	G63	0.0054473732598125
G31	G87	0.0054473299533128
G93	G49	0.0054473252967
G68	G88	0.0054473066702485
G98	G3	0.0054472703486680004
G64	G20	0.0054472698830068
G93	G91	0.0054472461342811
G71	G78	0.0054472396150231
G36	G100	0.0054472321644425
G57	G2	0.0054472228512167
G57	G68	0.0054471739567816
G71	G36	0.0054471483454108
G39	G59	0.0054471460171043
G24	G28	0.0054470878094434
G19	G61	0.0054470538161695
G89	G81	0.0054470472969114
G18	G88	0.005447038449347001
G9	G37	0.0054470086470246
G31	G50	0.0054469918832182
G90	G53	0.0054469890892505
G23	G25	0.0054469644092023
G64	G16	0.0054469499737024
G84	G62	0.0054469499737024
G94	G25	0.0054469457827508
G13	G52	0.0054469425231218
G55	G49	0.005446886178105999
G43	G86	0.0054468787275254
G26	G75	0.0054468773305416
G68	G3	0.0054468093439936
G77	G11	0.0054467902518808
G36	G50	0.0054467883892357
G2	G83	0.0054467758163809
G50	G13	0.005446707829833
G43	G72	0.0054466971196234
G6	G9	0.0054466682486236
G39	G42	0.0054466561414301
G44	G19	0.0054466393776237
G18	G94	0.0054466277360916
G23	G86	0.0054466030560433
G6	G95	0.0054465755820274
G96	G93	0.0054465625435113
G79	G82	0.0054465606808662
G28	G90	0.0054465406574308
G45	G35	0.0054465252906084
G31	G83	0.0054465145803987
G25	G23	0.0054465131834149
G82	G13	0.0054465117864309995
G86	G31	0.0054465117864309995
G51	G28	0.0054464945569634
G36	G73	0.0054464889690279
G9	G69	0.0054463073611259
G34	G6	0.0054463045671582
G54	G16	0.0054462999105453
G45	G82	0.0054462752304971
G49	G43	0.0054462640546262
G28	G74	0.0054462561383843
G13	G95	0.0054462207481265
G4	G51	0.0054461909458041
G53	G34	0.0054461872205138
G17	G95	0.0054461718536913
G99	G55	0.0054461634717881
G63	G21	0.0054461499676108
G72	G66	0.0054461201652884
G12	G67	0.0054461187683045
G66	G97	0.005446114577353
G47	G91	0.0054461127147078
G26	G19	0.0054460968822240005
G87	G59	0.0054460503160953
G71	G8	0.0054460298269987
G76	G12	0.0054460163228213
G82	G11	0.0054460153914988
G37	G92	0.0054460135288536
G28	G67	0.0054460000246763
G95	G92	0.005445965565741001
G14	G81	0.0054459599778056
G89	G13	0.0054459446109831
G30	G42	0.0054459148086607
G55	G92	0.0054458850063383
G50	G73	0.0054458691738545
G83	G30	0.0054458617232739
G42	G29	0.0054458524100482
G88	G19	0.0054458514787256
G51	G46	0.0054458435624837
G37	G41	0.0054458333179354
G33	G51	0.0054458249360322
G89	G5	0.005445783957839001
G4	G40	0.0054457834921777
G30	G69	0.0054457704536616
G21	G73	0.0054457653313875
G96	G80	0.0054457453079521
G14	G49	0.0054457448422908
G38	G20	0.0054457420483231
G63	G6	0.0054457285441458
G86	G85	0.0054457266815006
G54	G60	0.0054457080550491
G4	G100	0.0054457001388072
G69	G99	0.0054456871002912
G52	G73	0.0054456675425171
G67	G53	0.0054456526413559
G75	G84	0.0054456088691949
G73	G19	0.0054455837234854
G55	G3	0.0054455446079373
G67	G83	0.0054455306380987
G57	G89	0.0054455269128084
G58	G89	0.0054455199278891
G86	G34	0.0054455026984214
G13	G40	0.0054454905912280005
G27	G32	0.0054454817436635
G75	G74	0.0054454705677926
G62	G8	0.0054454687051475
G6	G93	0.0054454482160508
G44	G36	0.0054454188793897
G45	G97	0.0054454132914543
G16	G92	0.0054454035125672
G42	G79	0.0054453737102448
G77	G81	0.0054453224875032
G85	G40	0.005445263814181
G76	G70	0.0054452479816973
G36	G43	0.0054452419281005
G89	G2	0.005445216782391
G60	G77	0.005445200484245999
G68	G71	0.0054451604373753
G15	G98	0.0054450822062789995
G5	G32	0.0054450579918920005
G84	G40	0.0054450244642794
G53	G92	0.005444988142699001
G98	G24	0.0054448894225059994
G69	G21	0.0054448586888611
G24	G3	0.0054448498412966
G6	G14	0.0054448400624096
G31	G45	0.0054448018781839995
G91	G5	0.0054447869770228
G11	G86	0.0054447865113615
G11	G79	0.0054447632282972
G6	G58	0.005444745067506999
G14	G74	0.0054447292350232
G86	G72	0.0054447278380393
G98	G37	0.0054446961730718
G79	G11	0.0054446868598461
G34	G67	0.0054446430876851
G27	G7	0.0054445825517177
G49	G31	0.0054445727728307
G75	G5	0.0054445718415081
G50	G32	0.0054445709101855
G65	G94	0.005444555543363
G34	G15	0.0054445280693471
G28	G8	0.0054445005953311
G84	G10	0.005444467999040999
G28	G35	0.0054444638080894
G72	G46	0.0054444433189928
G25	G58	0.0054444330744445
G39	G46	0.0054444083943963
G37	G81	0.0054444051347672
G51	G61	0.0054443902336061
G79	G27	0.0054443133994936
G50	G84	0.0054443050175905
G29	G96	0.0054443012923002
G18	G22	0.0054442845284938
G49	G55	0.0054442468099296
G67	G63	0.0054442402906715
G41	G82	0.0054442132823169
G36	G16	0.005444202106446
G32	G82	0.0054441993124783
G35	G81	0.0054441941902041
G46	G11	0.0054441741667687
G85	G31	0.0054441327229142
G73	G71	0.0054441103711724
G54	G44	0.005444049835205
G93	G79	0.0054440340027213
G85	G25	0.0054439958184957
G90	G43	0.0054439799860119
G96	G43	0.0054439683444797
G20	G58	0.0054439580999314
G11	G48	0.0054439576342701
G2	G4	0.0054439576342701
G78	G33	0.0054439343512058
G71	G58	0.0054439329542219
G46	G35	0.0054439124651253
G30	G18	0.0054439045488834
G30	G82	0.0054438970983028
G59	G86	0.0054438547231256
G30	G17	0.0054438500665128
G94	G81	0.0054437820799648
G77	G12	0.0054437457583844
G78	G43	0.005443740170449
G49	G58	0.0054437271319329
G86	G92	0.0054437210783362
G23	G46	0.0054436684586107
G25	G6	0.0054436642676591
G89	G71	0.0054436596110463
G71	G96	0.0054436530917882
G31	G55	0.0054436335340142
G58	G96	0.0054436204954981
G14	G1	0.0054436097852885
G50	G75	0.0054435869678854
G68	G4	0.0054435799829661
G49	G82	0.0054435450583696
G12	G34	0.0054434952326118
G34	G22	0.0054434794001281
G91	G32	0.0054434491321444
G62	G74	0.0054434267804026
G62	G28	0.0054434142075479
G61	G82	0.0054433941841125
G24	G57	0.0054433806799352
G93	G64	0.0054433359764516
G36	G80	0.0054433164186775
G64	G95	0.0054432898759841
G10	G42	0.0054432833567261
G57	G94	0.005443250760436
G51	G77	0.0054431594908237
G52	G88	0.0054431590251624
G66	G48	0.0054430677555501
G85	G15	0.0054430663585662
G26	G57	0.0054430519230663
G17	G28	0.0054430360905826
G22	G51	0.005443010944873
G16	G88	0.0054428819566965
G38	G87	0.0054428670555353
G59	G41	0.0054428610019385
G8	G23	0.0054428414441645
G73	G1	0.0054428274743258
G17	G92	0.0054428270086646
G29	G84	0.0054427688010036
G12	G65	0.0054427655413746
G57	G81	0.0054427622817456
G89	G100	0.0054427441209554
G24	G19	0.0054427394643425
G94	G43	0.0054427380673587
G78	G25	0.0054427310824394
G64	G86	0.0054427282884716
G18	G73	0.0054427254945039
G17	G51	0.0054427152499556
G22	G74	0.0054427138529717
G40	G62	0.0054427115246653
G57	G32	0.0054426984861493
G73	G97	0.0054426812566816
G22	G25	0.0054426691494882
G60	G47	0.0054426393471658
G51	G47	0.0054426044225692
G45	G70	0.0054425648413598
G10	G49	0.0054425485432147
G95	G99	0.0054425005801022
G58	G39	0.0054424651898443
G6	G63	0.0054424609988927
G87	G17	0.0054424437694251
G35	G14	0.0054424400441348
G49	G36	0.0054424321278929
G22	G7	0.0054424130357801
G78	G10	0.0054424055851995
G57	G48	0.0054424037225544
G25	G73	0.0054423529654741
G75	G10	0.0054423501715064
G10	G71	0.005442339926958
G13	G70	0.0054423189722001
G49	G33	0.0054422998800873
G5	G22	0.0054422901012003
G20	G13	0.0054422779940068
G41	G1	0.0054422691464424
G72	G14	0.0054422486573457
G96	G20	0.0054422412067651
G65	G34	0.005442202091217
G69	G90	0.00544219231233
G50	G1	0.0054421853274106
G80	G2	0.0054421853274106
G33	G99	0.0054421820677816
G55	G4	0.0054421764798462
G65	G63	0.0054421173408627
G53	G78	0.0054420391097664
G37	G45	0.0054420260712504
G55	G89	0.0054420074447989
G40	G43	0.0054420032538473
G10	G51	0.0054419506341218
G53	G39	0.005441949237137999
G72	G99	0.0054419185034929995
G68	G25	0.0054418994113802
G46	G6	0.0054418710060417
G27	G68	0.005441868212074001
G73	G53	0.0054418561048805
G34	G100	0.0054418118670582
G54	G3	0.0054417951032519
G97	G46	0.005441790446639
G43	G19	0.0054417639039456
G63	G64	0.0054417615756392
G3	G89	0.0054417513310909
G42	G54	0.0054417294450104
G21	G59	0.0054417275823652
G8	G34	0.0054417257197201
G76	G95	0.005441712681204
G28	G60	0.0054416595958173
G9	G51	0.0054416484199464
G81	G46	0.0054416446946561
G72	G1	0.0054416446946561
G78	G96	0.0054416419006884
G4	G82	0.0054416195489466
G46	G2	0.0054416167549788
G74	G66	0.0054415701888501
G36	G91	0.0054415292106568
G86	G90	0.0054415240883827
G46	G28	0.0054415240883827
G61	G53	0.0054414914920926
G35	G97	0.0054414360783994
G24	G60	0.0054414351470768
G86	G2	0.0054414290934801
G14	G97	0.0054414109326899
G98	G4	0.0054414104670286
G64	G53	0.0054413750767707
G86	G42	0.005441372282803
G56	G96	0.0054413438774645
G68	G77	0.0054413178004324
G94	G33	0.0054413168691098
G27	G48	0.0054412940517067
G73	G38	0.0054412679746747
G45	G56	0.0054412200115621
G65	G87	0.0054412148892879
G19	G72	0.0054411930032074
G24	G76	0.0054411822929978
G1	G8	0.0054411529563367
G58	G73	0.005441146902739999
G35	G8	0.005441112909465999
G8	G56	0.0054411054588854
G57	G29	0.0054410807788372
G83	G89	0.005441075656562999
G60	G59	0.0054410248994827
G21	G67	0.0054410039447247
G71	G93	0.0054409787990152
G11	G18	0.0054409429430961
G75	G96	0.0054409205913543
G73	G74	0.0054408954456448
G75	G25	0.0054408954456448
G36	G38	0.0054408945143222
G56	G14	0.0054408651776611
G67	G36	0.0054408516734838
G69	G8	0.0054408507421612
G76	G93	0.0054407995194196
G16	G81	0.0054407846182584
G80	G65	0.0054407799616456
G44	G53	0.0054407692514359
G86	G76	0.0054407604038715
G25	G76	0.0054407566785812
G34	G48	0.0054407282732427
G24	G11	0.0054406858980655
G100	G34	0.0054406421259045
G42	G34	0.0054406272247433
G77	G96	0.0054406016133725
G51	G37	0.0054405150003731
G33	G22	0.0054404982365667
G33	G48	0.0054404735565185
G77	G54	0.0054404097609221
G100	G13	0.0054403636604547
G63	G42	0.0054403599351644
G95	G72	0.0054403454996645
G69	G35	0.0054403161630034
G35	G89	0.0054402849636971
G90	G18	0.0054402686655521
G68	G51	0.0054402253590524
G55	G36	0.0054402165114879
G10	G62	0.0054401801899075
G99	G22	0.0054401461966335
G61	G57	0.0054401294328272
G37	G11	0.0054401182569563
G46	G82	0.0054401084780693
G47	G96	0.0054400968365371
G69	G97	0.0054400949738919
G27	G31	0.0054400903172791
G59	G91	0.0054400791414082
G42	G6	0.0054400684311985
G92	G28	0.0054400605149567
G70	G89	0.0054400577209889
G90	G98	0.0054400479421019
G28	G9	0.0054400223307311
G62	G39	0.0054400041699409
G8	G38	0.0054400018416345
G5	G40	0.0054399296641349
G80	G76	0.0054399059154093
G84	G90	0.0054398826323449
G43	G91	0.0054398765787482
G69	G63	0.0054398728534579
G60	G35	0.0054398700594902
G78	G64	0.0054398667998611
G36	G1	0.0054398509673774
G55	G33	0.0054398463107645
G92	G76	0.0054398444481194
G84	G2	0.0054397997446358
G21	G11	0.0054397988133132
G42	G25	0.0054397801868617
G26	G25	0.0054397564381361
G40	G60	0.0054397527128458
G41	G81	0.0054397485218942
G31	G2	0.0054397033527493
G15	G17	0.0054396949708461
G68	G75	0.0054396945051848
G29	G62	0.005439672153443
G42	G27	0.0054396707564592
G7	G97	0.0054396651685237
G12	G28	0.005439659114927
G7	G43	0.0054396321065723
G40	G86	0.005439618602395
G95	G91	0.0054396181367337
G21	G61	0.0054396078921854
G19	G1	0.0054396013729274
G56	G74	0.0054395934566855
G63	G10	0.0054395766928792
G15	G9	0.0054395515471696
G5	G75	0.005439544096589001
G44	G30	0.0054395166225731
G27	G40	0.0054394956678152
G39	G3	0.0054394896142184
G11	G23	0.0054394886828958
G100	G15	0.005439443513751
G62	G55	0.0054394048638641
G100	G53	0.0054393806494772
G80	G22	0.0054393764585256
G88	G54	0.0054393410682678
G35	G99	0.0054393345490098
G10	G3	0.0054393233731389
G23	G24	0.0054393089376389
G24	G91	0.0054393056780099
G19	G84	0.0054393024183809
G88	G74	0.0054392744787037
G13	G28	0.0054392712190747
G18	G54	0.0054392702877521
G19	G88	0.0054392688907682
G12	G54	0.0054391762241721
G49	G74	0.0054391711018979
G94	G58	0.0054391548037528
G29	G54	0.0054391301237046
G93	G10	0.0054390276782214
G72	G65	0.0054390267468988
G33	G35	0.0054389913566409995
G78	G58	0.0054389629513025
G3	G51	0.0054389433935284
G30	G59	0.0054389089345932
G85	G14	0.0054388600401579995
G15	G73	0.0054388530552387
G71	G52	0.0054388516582548
G52	G65	0.0054388232529163
G35	G15	0.0054388204589486
G54	G34	0.0054388018324971
G72	G91	0.005438785534352
G17	G81	0.0054387762211263
G28	G56	0.0054387575946748
G45	G73	0.0054387394338846
G21	G49	0.0054387152194976
G91	G30	0.005438684951514
G83	G44	0.0054386532865464
G88	G75	0.0054386015981435
G76	G29	0.0054385466501116
G95	G59	0.0054385173134505
G28	G5	0.0054385014809668
G80	G86	0.0054384907707571
G82	G1	0.0054384828545153
G6	G48	0.0054384609684348
G88	G1	0.0054383873939514
G98	G11	0.0054383808746933
G6	G73	0.0054383804090321
G66	G56	0.0054383748210966
G65	G79	0.0054383459500968
G27	G49	0.0054382639937102
G60	G25	0.0054382248781621
G94	G40	0.0054382146336138
G29	G24	0.0054381857626140005
G100	G88	0.0054381759837269
G95	G75	0.0054380996152758
G8	G17	0.0054380604997277
G67	G97	0.0054380334913730006
G2	G63	0.0054379855282604
G79	G97	0.0054379687644541
G64	G78	0.0054379603825509
G32	G49	0.0054379352368414
G57	G6	0.0054379287175834
G96	G64	0.0054379077628254
G67	G39	0.0054378928616642
G68	G78	0.0054378896020352
G98	G53	0.0054378849454224
G97	G21	0.0054378733038902
G45	G21	0.0054378462955355
G26	G70	0.0054378272034227
G6	G33	0.0054378150962293
G79	G6	0.0054378048516809
G19	G68	0.0054377960041165
G44	G76	0.0054377410560846
G69	G6	0.005437683314085
G53	G77	0.0054376539774239
G24	G4	0.0054376521147787
G95	G29	0.0054376455955207
G75	G94	0.0054376404732465
G82	G79	0.0054376269690692
G38	G18	0.0054376176558434
G87	G82	0.0054375925101339
G69	G20	0.0054375845938919995
G81	G24	0.0054375668987631
G30	G64	0.0054375440813601
G60	G81	0.0054375012405216
G85	G29	0.0054374784231185
G3	G57	0.0054374667815864
G8	G85	0.0054374188184738
G58	G43	0.005437372252345
G29	G46	0.005437365733087
G90	G92	0.0054373457096517
G47	G93	0.0054373098537325
G83	G56	0.0054372930899262
G50	G31	0.0054372786544263
G23	G41	0.0054372483864426
G9	G71	0.0054372446611523
G50	G58	0.0054372446611523
G65	G45	0.0054372325539588
G24	G30	0.0054372171871364
G64	G24	0.0054372162558138
G32	G12	0.0054372102022171
G59	G2	0.0054372018203139
G60	G24	0.0054371943697333
G75	G76	0.0054371492005884
G59	G85	0.0054371370933949
G60	G99	0.0054371315054595
G84	G57	0.0054371282458305
G65	G42	0.0054371240548789
G21	G54	0.0054370965808629
G87	G84	0.0054370914585888
G74	G6	0.0054370742291212
G81	G79	0.0054370569996535
G43	G85	0.0054370379075407
G16	G83	0.0054370136931538
G92	G18	0.0054369894787669
G69	G70	0.005436971783638
G95	G38	0.0054369582794606
G61	G31	0.0054369485005736
G26	G87	0.0054369242861866
G50	G82	0.0054369224235415
G18	G53	0.005436910316347999
G20	G46	0.0054368767887353
G77	G47	0.005436853505671
G47	G89	0.0054368479177355
G24	G83	0.0054368353448808
G77	G51	0.0054367696866393
G77	G74	0.0054367389529943
G14	G52	0.005436731968075
G68	G38	0.005436697974800999
G74	G87	0.0054366821423172
G13	G33	0.0054366751573979
G20	G60	0.0054366635158658
G76	G100	0.0054366230033338
G82	G30	0.0054366011172533
G15	G31	0.0054365727119147
G69	G72	0.0054365582764148
G41	G74	0.0054365578107535
G64	G63	0.0054365019313991
G98	G62	0.0054364865645766
G66	G31	0.0054364721290767
G71	G7	0.0054364535026252
G98	G5	0.0054364423267543
G92	G43	0.0054364250972867
G16	G93	0.0054364232346415
G53	G68	0.0054364115931093
G48	G16	0.0054364101961255
G61	G9	0.0054364074021577
G90	G68	0.0054363613016903
G20	G49	0.005436347797513
G2	G68	0.0054363263770937
G80	G91	0.0054362928494811
G67	G75	0.0054362909868359
G16	G22	0.0054362704977393
G49	G6	0.005436202045529999
G72	G34	0.0054361992515623
G79	G71	0.0054361936636269
G40	G45	0.0054361685179173
G92	G99	0.00543615501374
G91	G65	0.0054361182264983
G2	G11	0.0054361121729016
G75	G24	0.0054361121729016
G83	G19	0.0054360670037567
G38	G50	0.0054360628128051
G25	G56	0.0054360558278858
G5	G86	0.0054360250942409
G40	G47	0.0054360223002731
G35	G96	0.0054359817877411
G60	G40	0.0054359608329832
G2	G50	0.0054359040223062
G15	G49	0.0054359030909836
G30	G53	0.0054358984343707
G57	G39	0.0054357824847102
G82	G44	0.0054357787594199
G80	G40	0.0054357764311134
G38	G17	0.0054357089102268
G51	G19	0.005435689818114001
G79	G89	0.0054356874898076
G1	G81	0.0054356781765818
G49	G69	0.0054356628097593
G38	G58	0.0054356227628886
G26	G20	0.0054355910979211
G67	G95	0.0054355869069695
G10	G99	0.0054355538450181
G75	G9	0.005435534287244
G28	G6	0.0054354988969862
G10	G57	0.0054354020394384
G87	G36	0.0054353894665837
G66	G82	0.0054353871382772
G32	G53	0.0054353573359549
G66	G44	0.0054353415034711
G38	G57	0.0054353363811969
G45	G22	0.005435325205326
G41	G73	0.0054353182204067
G22	G8	0.0054353163577616
G60	G29	0.0054353103041648
G68	G74	0.0054353098385035
G22	G34	0.0054352958686649
G34	G1	0.0054352385923266
G93	G62	0.0054351622238755
G33	G59	0.0054351529106497
G92	G11	0.0054351072758436
G54	G39	0.0054350579157471
G73	G6	0.0054350495338439
G25	G100	0.0054350201971828
G69	G39	0.0054349554702639
G80	G93	0.0054349498823285
G8	G49	0.0054349470883607
G55	G60	0.0054349252022802
G60	G51	0.005434884224087
G14	G98	0.0054348818957805
G22	G48	0.0054348777048289
G46	G93	0.0054348628036677
G98	G12	0.0054348469711840005
G67	G93	0.0054348339326679
G59	G9	0.0054348139092326
G98	G99	0.0054347538389265
G70	G47	0.0054347463883459
G11	G14	0.0054346802644431
G91	G25	0.0054346728138625
G33	G23	0.0054346695542335
G62	G82	0.0054346653632819
G50	G67	0.0054346495307981
G20	G43	0.0054346392862498
G44	G54	0.0054346206597983
G47	G20	0.0054346122778952
G62	G26	0.0054345945827662
G56	G16	0.0054345079697668
G4	G44	0.0054344991222023
G88	G46	0.0054344912059605
G6	G88	0.0054344837553799
G34	G91	0.0054344576783478
G71	G15	0.0054344427771866
G46	G55	0.0054344404488801
G55	G54	0.0054344097152352
G89	G7	0.0054343994706869
G92	G35	0.0054343892261385
G80	G1	0.0054343822412192
G5	G71	0.0054343142546713
G98	G28	0.0054343035444617
G44	G100	0.0054342970252037
G39	G91	0.0054342490620911
G60	G38	0.0054342481307685
G67	G48	0.0054342458024621
G1	G61	0.005434216465801
G32	G34	0.0054342160001397
G4	G93	0.0054342160001397
G6	G72	0.005434188991784999
G62	G5	0.0054341685026884
G81	G80	0.0054341233335435
G14	G91	0.0054341168142855
G37	G53	0.0054340716451406
G50	G16	0.0054340190254151
G95	G69	0.0054340153001248
G82	G56	0.0054339906200766
G12	G90	0.0054339775815606
G8	G36	0.0054339552298188
G54	G40	0.0054339282214641
G27	G53	0.0054339119233191
G79	G74	0.0054339081980288
G71	G74	0.0054339077323675
G35	G40	0.0054338932968676
G40	G59	0.0054338914342224
G56	G67	0.0054338816553354
G36	G21	0.0054338779300451
G25	G97	0.0054338760673999
G26	G9	0.005433868151158
G74	G10	0.0054338383488357
G9	G83	0.0054338113404809995
G33	G1	0.0054337698966264
G67	G20	0.0054337428882718
G68	G18	0.0054337331093847
G38	G44	0.0054337293840944
G15	G14	0.0054337261244654
G21	G45	0.0054337200708687
G88	G48	0.0054337154142558
G1	G43	0.0054336450994014
G31	G36	0.0054336423054337
G72	G58	0.0054336106404662
G8	G92	0.0054335980676114
G77	G22	0.0054335971362888
G100	G8	0.005433493759483
G89	G54	0.0054334714077413
G45	G7	0.0054334132000803
G75	G56	0.0054334010928869
G32	G91	0.0054333633743226
G48	G24	0.0054333540610969
G95	G34	0.0054333340376615
G23	G1	0.0054332823492586
G52	G75	0.0054332762956619
G56	G11	0.0054332739673554
G10	G68	0.0054332469590008
G84	G29	0.005433231126517
G73	G82	0.0054332301951944
G81	G7	0.0054332222789525
G71	G22	0.0054331785067915
G21	G68	0.0054331570863723
G26	G73	0.0054331393912434
G87	G75	0.0054331286810338
G50	G71	0.0054331249557435
G7	G30	0.0054330821149051
G13	G19	0.0054330774582922
G87	G5	0.0054330769926309
G68	G50	0.0054330700077116
G80	G57	0.0054330546408891
G96	G51	0.0054330285638570005
G80	G12	0.0054330257698893
G27	G58	0.0054330145940184
G2	G28	0.0054329996928572
G5	G63	0.0054329982958734
G14	G82	0.0054329978302121
G28	G51	0.0054329740814864
G77	G5	0.0054329698905348
G55	G78	0.0054329452104866
G54	G27	0.0054329275153577
G57	G12	0.0054329275153577
G42	G51	0.0054329251870512
G64	G68	0.0054329088889062
G58	G95	0.0054328539408743
G61	G43	0.0054328232072293
G27	G84	0.0054328013211488
G9	G39	0.0054327989928424
G43	G78	0.0054327985271811
G27	G55	0.0054327258840203
G50	G95	0.0054326993413269
G12	G23	0.0054326318204402
G88	G28	0.0054326201789081
G59	G28	0.0054326085373759
G76	G11	0.0054325894452631
G95	G44	0.0054325889796018
G92	G68	0.0054325829260051
G48	G86	0.0054325591772794
G91	G52	0.0054325577802956
G82	G71	0.0054325549863278
G71	G32	0.0054325181990861
G89	G87	0.0054325102828443
G23	G39	0.0054324860684573
G83	G11	0.005432479083538
G14	G39	0.0054324665106832
G6	G16	0.0054324376396834
G48	G3	0.0054323785006999
G22	G68	0.0054323766380548
G71	G97	0.0054323691874742
G93	G34	0.0054323403164744
G21	G16	0.0054323077201843
G34	G76	0.0054323067888617
G26	G82	0.0054322862997651
G13	G88	0.0054322420619428
G33	G16	0.0054322369396686
G9	G4	0.0054322336800396
G95	G55	0.0054322108626365
G1	G70	0.0054321740753948
G17	G22	0.0054321261122822
G41	G58	0.0054321177303791
G12	G3	0.0054321037605404
G73	G63	0.005432094912976
G56	G83	0.0054320390336215
G62	G48	0.0054320278577506
G37	G96	0.0054320273920893
G90	G61	0.005432026926427999
G59	G21	0.005432007368654
G37	G5	0.0054320055060088
G32	G76	0.0054319556802511
G36	G35	0.0054319016635417
G29	G48	0.0054318918846547
G14	G78	0.005431889090687
G92	G14	0.0054318732582032
G50	G79	0.0054318592883646
G79	G76	0.0054318401962518
G86	G60	0.0054318206384778
G65	G83	0.0054317745380103
G12	G5	0.0054317619651556
G95	G21	0.0054317447356879
G38	G94	0.0054317223839461
G12	G76	0.0054316958412528
G16	G77	0.0054315882734954
G4	G26	0.0054314793087542
G9	G53	0.005431433673947999
G69	G10	0.0054314089938998
G92	G98	0.0054313708096742
G38	G34	0.0054313438013195
G26	G88	0.0054313405416905
G35	G72	0.0054313391447067
G79	G55	0.0054313135333359
G74	G63	0.0054313046857714
G21	G34	0.005431265104562
G89	G35	0.0054312427528202
G82	G18	0.0054312394931912
G100	G74	0.0054312366992235
G71	G73	0.0054311854764819
G65	G67	0.0054311784915626
G11	G24	0.0054311207495629
G81	G35	0.0054311146959662
G16	G76	0.005431112833321
G99	G75	0.0054310886189341
G19	G27	0.005431056022644
G99	G39	0.0054309740662574
G37	G89	0.0054309582337737
G35	G76	0.0054309535771608
G50	G9	0.0054309302940964
G20	G40	0.0054309107363224
G92	G70	0.0054308990947902
G19	G60	0.0054308949038386
G65	G6	0.005430893972515999
G88	G79	0.0054308925755321
G79	G19	0.0054308813996613
G94	G99	0.0054308800026774
G55	G75	0.0054308730177581
G51	G49	0.0054308637045323
G97	G92	0.0054308422841131
G1	G12	0.0054308418184518
G14	G7	0.0054308390244841
G53	G27	0.0054308092221617
G40	G92	0.0054307873360812
G5	G7	0.0054307784885168
G20	G82	0.0054307244718074
G24	G7	0.0054307235404849
G45	G30	0.0054306914098559995
G35	G90	0.0054306844249367
G64	G89	0.00543063133955
G4	G91	0.0054305791854858
G62	G29	0.0054305782541632
G49	G63	0.0054305754601955
G89	G1	0.0054305526427924
G75	G51	0.0054305060766637
G40	G57	0.0054304949007928
G20	G54	0.0054304786026477
G55	G80	0.0054304483346641
G20	G77	0.0054304399527609
G26	G28	0.0054304325021803
G39	G26	0.0054303971119225
G21	G52	0.0054303132928907
G91	G49	0.0054303128272295
G25	G55	0.0054303030483424
G82	G36	0.0054302820935845
G7	G37	0.0054302541539072
G39	G8	0.0054302159696817
G46	G80	0.0054301978088915
G23	G19	0.0054301745258271
G94	G37	0.0054301735945045
G49	G99	0.005430141929537
G11	G12	0.0054301396012306
G46	G42	0.0054301121272146
G40	G69	0.0054301102645695
G24	G40	0.0054300888441503
G68	G61	0.0054299929179251
G29	G63	0.0054299845360219
G46	G86	0.0054299817420542
G87	G65	0.0054299673065543
G61	G100	0.0054299477487802
G8	G93	0.0054299412295222
G69	G24	0.0054299132898449
G10	G46	0.0054299077019095
G81	G74	0.0054298946633934
G100	G80	0.0054298904724419
G83	G28	0.0054298648610711
G3	G38	0.005429851822555
G90	G12	0.005429795011878001
G41	G87	0.0054297847673296
G76	G43	0.0054297233000397
G91	G51	0.0054297167807817
G63	G92	0.005429673474282
G98	G65	0.0054296455346047
G80	G52	0.0054295621812343
G72	G32	0.0054295542649924
G23	G89	0.0054295235313475
G80	G69	0.0054295151494443
G33	G65	0.0054294462315738
G89	G49	0.0054294373840093
G81	G41	0.0054294345900416
G4	G86	0.0054294187575578
G54	G4	0.0054294182918965
G41	G27	0.0054293950088322
G92	G21	0.0054293917492032
G3	G37	0.0054293796420097
G30	G80	0.005429359152913001
G62	G42	0.005429346114397
G90	G48	0.0054293335415422
G72	G37	0.0054293000139296
G31	G3	0.0054292813874781
G34	G52	0.0054292655549943
G18	G31	0.005429208278656
G47	G37	0.0054291691631078
G51	G16	0.0054291551932692
G79	G24	0.0054291500709950005
G89	G36	0.0054291398264467
G13	G46	0.0054290830157697
G92	G93	0.0054290806874632
G79	G17	0.0054290760308504
G66	G1	0.0054290415719151
G39	G66	0.0054290322586894
G69	G68	0.0054289856925606
G9	G88	0.0054289842955768
G73	G3	0.005428981501608999
G49	G5	0.0054289065301418
G18	G44	0.0054288613609969
G62	G90	0.0054288157261908
G53	G52	0.0054287356324493
G9	G68	0.0054287239909172
G37	G12	0.0054287170059978
G4	G6	0.0054286853410303
G24	G32	0.0054286350496113
G9	G36	0.0054286317899823
G4	G83	0.0054286299273371
G65	G3	0.0054286178201437
G51	G32	0.0054285577498376
G83	G13	0.0054285391233861
G98	G2	0.0054285158403217
G45	G84	0.0054285046644508
G86	G7	0.0054284767247736
G24	G23	0.0054283603094518
G46	G97	0.0054283095523715
G84	G15	0.0054282904602587
G85	G77	0.005428273230791
G77	G57	0.0054282573983073
G97	G19	0.0054282252676784
G91	G78	0.0054282206110656
G97	G88	0.0054282038472592
G71	G49	0.0054282033815979
G61	G12	0.005428188946098
G50	G34	0.0054280469194054
G92	G42	0.0054280343465507
G74	G98	0.0054280227050185
G21	G57	0.0054280213080346
G3	G35	0.005428020376712
G75	G43	0.0054280147887766
G49	G22	0.0054280045442283
G20	G61	0.0054279691539704
G29	G70	0.0054279370233416
G83	G82	0.0054278844036161
G26	G72	0.0054278750903904
G98	G21	0.0054278736934065
G57	G31	0.005427851807326
G87	G4	0.00542783876881
G72	G80	0.0054278126917779
G3	G12	0.0054277861490845
G74	G56	0.0054277735762298
G2	G12	0.0054277558811008
G21	G28	0.0054277256131172
G22	G29	0.0054276962764561
G55	G46	0.0054276855662465
G83	G16	0.0054276483133435
G14	G10	0.0054276469163596
G36	G56	0.0054276240989565
G7	G91	0.0054276129230856
G83	G45	0.0054274592548608
G35	G50	0.0054274536669254
G11	G25	0.005427436903119
G5	G58	0.0054274275898933
G21	G98	0.0054274145513772
G2	G18	0.005427383352071
G22	G79	0.0054273754358291
G32	G68	0.0054273391142487
G18	G85	0.0054273195564746
G48	G97	0.0054273144342005
G59	G71	0.0054272478446364
G60	G58	0.0054272222332656
G8	G75	0.0054271901026368
G40	G10	0.0054271663539111
G37	G60	0.0054270955733954
G53	G51	0.0054270909167826
G51	G66	0.005427086725830999
G74	G62	0.0054270736873149
G76	G83	0.0054270126856863
G50	G89	0.0054269800893962
G3	G74	0.0054269772954285
G29	G14	0.0054269703105092
G24	G64	0.0054269474931061
G88	G69	0.0054269316606223
G30	G55	0.0054269237443804
G95	G45	0.0054269130341708
G62	G2	0.0054268771782517
G85	G58	0.0054268548265099
G28	G66	0.0054268464446067
G86	G27	0.0054268375970423
G2	G1	0.0054268306121229995
G46	G95	0.0054268036037683
G27	G23	0.0054267952218651
G87	G37	0.0054267887026071
G28	G75	0.0054267873056232
G42	G66	0.0054267817176878
G65	G2	0.0054267649538815
G72	G85	0.0054267514497041
G36	G51	0.0054267514497041
G81	G13	0.0054267426021397
G9	G40	0.005426722113043
G83	G65	0.0054266499355435
G6	G43	0.005426644347608
G13	G94	0.0054266056977212
G27	G13	0.0054265954531729
G3	G39	0.005426540505141
G83	G68	0.0054265144281089
G82	G16	0.005426509771495999
G92	G65	0.005426509771495999
G77	G6	0.0054264981299638
G41	G83	0.0054264962673187
G38	G95	0.0054264930076897
G100	G22	0.0054264483042061
G87	G33	0.0054264469072222
G67	G71	0.0054264459758996
G48	G55	0.005426428746431999
G38	G54	0.0054264282807707
G43	G39	0.0054264161735773
G42	G3	0.005426391493529
G75	G100	0.0054263765923678
G85	G69	0.0054263728670775
G10	G89	0.0054263649508357
G84	G79	0.0054263505153357
G46	G88	0.0054263169877231
G41	G100	0.005426303949207
G23	G94	0.0054262648336589
G99	G18	0.0054262354969978
G1	G44	0.0054262336343526
G47	G85	0.0054262187331914
G56	G73	0.0054262052290141
G15	G2	0.0054261805489659
G55	G85	0.0054261512123048
G46	G47	0.0054261507466435
G31	G75	0.0054261079058051
G40	G77	0.0054261023178696
G75	G82	0.0054260767064988
G63	G57	0.0054260753095149
G93	G1	0.0054260408505797
G81	G54	0.0054260320030152
G18	G91	0.0054260292090475
G11	G100	0.0054259896278381
G91	G10	0.0054259342141449
G48	G25	0.0054259314201772
G68	G83	0.0054259304888546
G29	G64	0.0054259221069514
G84	G60	0.0054258797317743
G39	G44	0.0054258764721453
G15	G50	0.0054258555173873
G87	G12	0.005425851792097
G55	G24	0.0054258476011455
G89	G84	0.0054258476011455
G62	G3	0.0054257926531136
G64	G99	0.0054257819429039
G80	G77	0.0054257735610008
G73	G66	0.0054257223382592
G19	G59	0.0054257195442914
G55	G61	0.005425670184195
G37	G52	0.00542563945055
G51	G96	0.0054256287403404
G84	G11	0.005425623152405
G54	G66	0.0054256101138889
G51	G62	0.0054255938157439
G100	G2	0.0054255900904536
G88	G21	0.0054255691356956
G84	G50	0.0054255481809377
G100	G23	0.0054255221039056
G23	G85	0.0054254964925348
G60	G37	0.0054254885762929
G86	G40	0.0054254876449704
G91	G96	0.0054254494607448
G68	G86	0.0054254424758255
G79	G46	0.0054254350252449
G25	G29	0.0054253740236163
G95	G56	0.0054253707639873
G84	G21	0.0054253698326647
G52	G38	0.0054253442212939
G95	G90	0.0054253241978585
G67	G11	0.0054252985864877
G96	G54	0.005425282754004001
G63	G58	0.0054252319969236
G21	G25	0.0054252254776656
G25	G47	0.0054251863621175
G38	G78	0.0054251849651336
G15	G42	0.0054251812398433
G92	G52	0.0054251798428595
G8	G19	0.0054251640103757
G30	G93	0.0054251616820693
G18	G3	0.00542514026165
G31	G57	0.005425133742392001
G36	G19	0.0054251286201179
G4	G20	0.0054250992834568
G60	G36	0.0054250992834568
G63	G87	0.0054250881075859
G93	G100	0.005425083450973
G3	G49	0.0054250606335699
G19	G6	0.0054250475950539
G90	G74	0.0054250336252152
G97	G20	0.0054250136017799
G24	G88	0.005425012204795999
G51	G67	0.0054249917156994
G90	G86	0.0054249642416834
G31	G4	0.0054249539971351
G2	G69	0.0054249349050223
G40	G74	0.0054249232634902
G12	G91	0.0054249088279902
G78	G75	0.0054248552769422
G64	G82	0.0054248119704425
G24	G2	0.0054248003289103
G19	G3	0.0054247942753136
G47	G49	0.0054247844964265
G84	G8	0.0054247751832008
G18	G86	0.0054247630760073
G96	G62	0.0054247574880719
G72	G33	0.0054247542284429
G81	G56	0.0054247099906206
G7	G21	0.0054246908985078
G4	G30	0.0054246741347014
G76	G61	0.0054246475920081
G100	G35	0.0054246187210083
G29	G92	0.0054245917126536
G51	G63	0.0054245707578957
G14	G18	0.0054245446808636
G61	G48	0.0054245190694928
G52	G28	0.0054244799539446
G47	G41	0.0054244077764451
G64	G31	0.0054243472404778
G27	G37	0.0054243053309619
G93	G80	0.0054242867045104
G79	G66	0.0054242801852524
G71	G12	0.0054242713376879
G48	G96	0.0054242559708654
G93	G71	0.0054242201149463
G7	G60	0.0054242108017206
G16	G62	0.0054241591133177
G7	G32	0.0054241078905761
G42	G16	0.0054240897297859
G64	G66	0.0054240860044956
G48	G64	0.0054240343160927
G29	G74	0.0054240273311734
G67	G74	0.0054240203462541
G47	G31	0.0054239984601736
G26	G91	0.0054239779710769
G69	G11	0.0054239453747868
G73	G61	0.0054239416494965
G3	G13	0.0054239234887063
G41	G65	0.0054239081218838
G53	G73	0.0054238992743194
G95	G42	0.0054238718003034
G4	G88	0.0054238587617874
G80	G38	0.0054238564334809
G77	G24	0.0054238471202552
G97	G31	0.0054238168522715
G95	G25	0.0054238126613199
G18	G26	0.0054237921722233
G23	G48	0.0054237782023847
G88	G32	0.0054237525910139
G17	G35	0.0054237334989011
G3	G61	0.0054237130098044
G31	G82	0.0054236692376434
G20	G63	0.0054236343130469
G97	G36	0.0054236310534179
G48	G67	0.0054236301220953
G54	G8	0.0054236268624663
G69	G64	0.0054236208088696
G49	G38	0.0054235071875154
G57	G50	0.0054234638810157
G100	G71	0.0054234135895967
G94	G11	0.0054233917035162
G96	G66	0.0054233665578067
G87	G88	0.005423329770564999
G36	G32	0.005423326510935999
G60	G95	0.0054232645779848
G21	G4	0.0054232520051300005
G69	G26	0.0054232003167271
G82	G59	0.0054231970570981
G99	G53	0.0054231574758887
G82	G96	0.0054231560789048
G43	G18	0.0054231388494372
G48	G23	0.0054231379181146
G3	G99	0.0054231137037277
G18	G28	0.0054231081157922
G42	G20	0.0054230941459536
G97	G43	0.0054230839014053
G99	G64	0.0054230671375989
G58	G34	0.0054230536334216
G11	G67	0.0054230489768087
G18	G12	0.0054229856468737
G39	G82	0.0054229819215834
G62	G59	0.0054229721426963
G64	G8	0.0054229479283094
G12	G39	0.0054229348897933
G29	G20	0.0054229325614869
G81	G77	0.0054229237139225
G39	G38	0.0054228310473263
G17	G2	0.0054227737709879
G31	G100	0.0054226731881499
G34	G53	0.0054226685315370005
G35	G52	0.0054225842468439995
G94	G60	0.0054225833155214
G92	G7	0.005422574467957
G20	G29	0.0054225218482315
G73	G59	0.0054225092753767
G14	G100	0.0054224790073931
G47	G18	0.005422469228506
G16	G68	0.0054223951883614
G96	G94	0.0054223709739744
G10	G1	0.0054223397746682
G8	G51	0.0054223295301198
G1	G73	0.0054222880862653
G6	G99	0.0054222797043621
G82	G14	0.0054222792387008
G16	G60	0.0054222736507654
G16	G37	0.0054222159087657
G64	G70	0.0054221958853304
G38	G33	0.0054221847094595
G94	G90	0.0054221767932176
G32	G92	0.0054221684113144
G56	G20	0.0054221642203629
G44	G62	0.0054221367463469
G32	G79	0.0054221176542341
G95	G3	0.0054221153259277
G88	G51	0.00542211253196
G34	G70	0.0054220897145569
G75	G2	0.0054220869205892
G94	G49	0.005422034766525
G94	G82	0.0054220287129282
G29	G7	0.0054220245219767
G36	G24	0.0054220082238316
G33	G76	0.0054219947196543
G55	G10	0.005421987734734999
G94	G57	0.005421966779977001
G58	G20	0.0054219085723161
G36	G39	0.0054219062440097
G49	G90	0.0054218992590904
G81	G18	0.0054218871518969
G43	G7	0.0054218568839132
G12	G2	0.0054218284785747
G48	G74	0.0054218168370425
G60	G46	0.0054217954166233
G71	G63	0.0054217819124459995
G3	G56	0.0054217553697526
G36	G5	0.0054217483848333
G59	G31	0.0054217451252043
G19	G93	0.0054217148572206
G11	G19	0.0054217125289142
G49	G83	0.0054217036813497
G58	G75	0.0054216948337852
G50	G78	0.0054216915741562
G8	G4	0.0054216845892369
G5	G30	0.0054216710850596
G7	G75	0.0054216543212533
G17	G55	0.0054216408170759
G40	G87	0.0054216333664953
G92	G30	0.0054216301068663
G38	G8	0.0054216291755437
G21	G83	0.005421619862317999
G55	G41	0.0054215965792536
G96	G17	0.0054215788841247
G10	G13	0.0054215672425925
G28	G38	0.0054215528070926
G35	G43	0.0054215150885283
G88	G8	0.005421451292932
G53	G44	0.0054214419797062
G47	G90	0.005421441514045
G50	G2	0.0054214335978031
G10	G95	0.0054214317351579
G11	G63	0.0054214168339967
G51	G39	0.005421401001513
G52	G76	0.0054213842377066
G53	G62	0.005421376787125999
G77	G7	0.0054213614203035
G86	G47	0.0054213576950132
G86	G75	0.0054213511757552
G68	G37	0.0054213358089327
G95	G43	0.005421326495707
G68	G63	0.0054213223047554
G12	G47	0.0054213036783039
G88	G40	0.0054212748073041
G1	G63	0.0054212221875786
G82	G47	0.0054211933165788
G4	G70	0.0054211574606597
G52	G42	0.0054211411625146
G65	G40	0.0054211234673857
G34	G40	0.0054211094975471
G36	G67	0.0054210983216762
G43	G81	0.0054210936650633
G28	G45	0.0054210890084505
G25	G69	0.0054210722446441
G98	G78	0.0054209544323384
G34	G36	0.0054209087975323
G60	G2	0.0054208994843065
G66	G18	0.0054208957590162
G98	G8	0.0054208789952099
G3	G26	0.005420877598225999
G10	G39	0.0054208585061132
G31	G53	0.005420858040452
G41	G12	0.0054208524525165
G2	G98	0.0054208412766456
G43	G58	0.0054208100773394
G96	G50	0.0054207714274525
G76	G92	0.0054207616485655
G91	G43	0.0054207579232752
G72	G62	0.0054207267239689
G53	G30	0.0054207164794206
G5	G76	0.0054207136854529
G48	G26	0.0054207015782594
G98	G52	0.0054206731729209
G99	G27	0.0054206713102757
G63	G4	0.0054206470958888
G92	G94	0.0054206456989049
G45	G6	0.0054206144995987
G22	G70	0.0054206047207117
G79	G91	0.0054205930791795
G5	G87	0.0054205767810344
G63	G78	0.0054205590859055
G48	G57	0.005420546978712
G51	G44	0.0054205283522605
G12	G49	0.0054205236956477
G92	G15	0.0054205060005187
G87	G9	0.0054204994812607
G57	G98	0.0054204948246479
G39	G21	0.0054204906336963
G2	G48	0.0054203821346163
G30	G73	0.0054203616455197
G17	G74	0.0054203541949391
G87	G8	0.0054203472100198
G50	G22	0.0054202484898269
G65	G7	0.0054201828315854
G76	G32	0.005420175846666
G3	G10	0.0054201646707952
G86	G58	0.0054201618768274
G31	G41	0.0054201604798436
G89	G17	0.0054201469756662
G10	G8	0.0054201073944568
G46	G54	0.0054201041348278
G25	G10	0.0054201018065214
G90	G79	0.0054200892336666
G60	G33	0.005420075263827999
G57	G54	0.005419963505119
G67	G77	0.0054198773577809
G69	G42	0.0054198601283133
G5	G31	0.0054198531433939
G90	G78	0.0054198531433939
G54	G85	0.0054198447614908
G18	G96	0.0054198335856199
G77	G50	0.0054198177531361
G11	G66	0.0054198103025555
G2	G33	0.0054197241552174
G95	G100	0.0054196692071855
G31	G38	0.0054196282289922
G63	G34	0.0054195676930248
G7	G70	0.0054195579141378
G15	G37	0.0054195332340896
G11	G83	0.005419532302767
G68	G100	0.0054195234552025
G6	G19	0.0054194154217839
G2	G37	0.0054194070398807
G69	G82	0.005419363733380999
G26	G80	0.0054193455725908
G25	G22	0.0054193334653973
G39	G18	0.0054193288087844
G19	G99	0.0054193041287362
G2	G95	0.0054192640818655
G87	G42	0.0054192491807043
G37	G55	0.0054192128591239
G36	G22	0.0054191970266401
G50	G61	0.0054191863164305
G94	G31	0.0054191844537854
G23	G30	0.0054191830568015
G3	G91	0.0054191751405596
G97	G64	0.0054191718809306
G76	G69	0.0054191625677049
G74	G5	0.0054191472008824
G81	G91	0.0054191136732697
G76	G45	0.0054191029630601
G83	G18	0.0054190992377698
G35	G75	0.0054190829396247
G61	G8	0.005419080145657001
G29	G35	0.0054190694354474
G29	G16	0.0054190219379961
G78	G56	0.0054189898073673
G62	G45	0.0054189856164157
G47	G12	0.0054189502261579
G21	G24	0.0054189497604966
G10	G15	0.0054189483635127
G32	G1	0.0054188831709325
G69	G47	0.0054188636131584
G20	G96	0.0054188393987715
G1	G97	0.005418830551206999
G61	G97	0.0054188231006264
G28	G40	0.0054188212379813
G64	G97	0.0054188137874007
G34	G38	0.0054188095964491
G93	G56	0.0054188063368201
G11	G17	0.005418796557933
G28	G4	0.0054187942296266
G7	G23	0.0054187723435461
G88	G73	0.0054187453351914
G42	G11	0.0054187402129173
G14	G5	0.0054187206551432
G95	G88	0.005418692715465999
G61	G10	0.0054186540655791
G76	G51	0.0054186484776437
G16	G3	0.0054186400957405
G59	G75	0.0054185837507247
G35	G71	0.005418574437499001
G87	G34	0.0054185553453862
G20	G25	0.0054185492917895
G73	G7	0.0054185301996767
G51	G82	0.0054185250774025
G51	G64	0.0054185218177735
G18	G23	0.0054184906184673
G93	G86	0.0054184617474675
G96	G92	0.0054184617474675
G53	G33	0.0054184375330805
G17	G58	0.00541832158342
G11	G80	0.0054182806052267
G62	G73	0.0054182363674044
G45	G72	0.0054182321764528
G93	G88	0.0054182312451303
G7	G31	0.0054181101731956
G40	G75	0.0054181045852601
G19	G30	0.0054180938750505
G44	G1	0.005418088287114999
G43	G28	0.0054180608130991
G91	G70	0.0054180566221475
G41	G47	0.0054180501028895
G87	G44	0.005418018437922
G18	G34	0.0054179728031158
G51	G43	0.0054179672151803
G47	G4	0.0054179527796804
G50	G92	0.0054179499857127
G54	G17	0.0054179229773581
G85	G42	0.0054178233258426
G28	G99	0.0054178228601813
G98	G96	0.0054178219288587
G39	G61	0.0054178186692297
G92	G25	0.0054177995771169
G9	G64	0.0054177357815206
G63	G13	0.0054177339188754
G60	G30	0.0054177138954401
G80	G46	0.0054177083075046
G7	G44	0.0054177017882466
G62	G77	0.0054176687262952
G42	G67	0.005417657084763
G87	G83	0.0054175993427634
G47	G28	0.0054175471886992
G30	G65	0.0054175346158444
G60	G100	0.0054175299592316
G89	G79	0.0054175239056348
G63	G68	0.005417495034635
G52	G33	0.005417481996119
G37	G21	0.0054174372926354
G82	G100	0.0054174326360225
G83	G80	0.0054174014367163
G5	G19	0.005417363718152001
G84	G97	0.0054173502139747
G17	G89	0.0054173376411199
G20	G24	0.005417316686362
G24	G35	0.0054171690717339
G97	G26	0.0054171504452824
G27	G10	0.0054171383380889
G80	G45	0.0054171318188309
G85	G51	0.0054171164520084
G33	G36	0.0054171131923794
G66	G35	0.005417067091912
G54	G2	0.0054170386865735
G14	G79	0.0054169497452676
G69	G81	0.0054169255308806
G17	G78	0.0054169069044291
G81	G96	0.0054168975912034
G67	G21	0.0054168370552361
G25	G4	0.0054168351925909
G7	G88	0.005416817497462
G60	G52	0.0054168030619621
G74	G51	0.0054167849011719
G42	G75	0.0054167215712368
G80	G71	0.0054167122580111
G62	G20	0.0054167076013982
G63	G56	0.0054166805930435
G89	G92	0.0054166782647371
G17	G48	0.0054166745394468
G2	G38	0.0054166722111403
G83	G87	0.0054166545160114
G8	G97	0.0054166107438504
G23	G93	0.0054165953770279
G41	G57	0.0054165874607861
G3	G43	0.0054165492765605
G75	G70	0.0054165078327059
G34	G85	0.0054165031760931
G21	G39	0.0054164733737707
G13	G81	0.005416396073997
G80	G27	0.0054163569584488
G16	G34	0.0054163360036909
G83	G63	0.0054163220338523
G50	G36	0.0054163062013685
G99	G40	0.0054163052700459
G44	G7	0.0054162922315299
G54	G7	0.005416274536401
G48	G91	0.0054162689484655
G9	G97	0.0054162335582077
G26	G56	0.0054162088781595
G21	G75	0.0054161949083209
G24	G94	0.0054161841981112
G8	G65	0.0054161697626113
G53	G50	0.0054161688312888
G17	G4	0.0054160938598215
G34	G33	0.0054160887375473
G19	G100	0.005416041240096
G35	G20	0.0054160300642251
G62	G88	0.0054160030558705
G83	G66	0.0054159597493708
G15	G59	0.0054159085266292
G19	G26	0.0054158973507583
G18	G99	0.005415893625467999
G74	G91	0.0054158917628228
G92	G10	0.0054158330895006
G1	G66	0.0054158326238393
G17	G62	0.0054158275015652
G91	G34	0.0054158121347427
G17	G88	0.0054158018901944
G85	G47	0.0054157772101461
G93	G33	0.0054157697595655
G63	G83	0.0054157483391463
G7	G77	0.0054157227277755
G94	G51	0.0054157129488885
G78	G82	0.0054157068952918
G75	G11	0.0054156896658241
G26	G40	0.0054156677797436
G31	G88	0.0054156584665179
G44	G75	0.0054156463593244
G39	G14	0.0054156444966793
G39	G16	0.0054155932739377
G19	G77	0.0054155765101313
G27	G14	0.0054155657999217
G38	G22	0.0054155616089701
G35	G41	0.0054155308753252
G27	G25	0.0054155285470187
G87	G13	0.0054154954850673
G58	G27	0.005415491759777001
G47	G61	0.0054154847748577
G86	G25	0.0054154735989868
G78	G41	0.0054154233075678
G62	G92	0.0054154116660356
G82	G73	0.0054153907112777
G55	G21	0.0054153469391167
G8	G11	0.0054153404198586
G26	G18	0.0054153311066329
G43	G42	0.005415329709649
G20	G84	0.0054153269156813
G6	G41	0.0054153259843587
G18	G2	0.0054153180681169
G54	G10	0.0054153106175363
G68	G17	0.0054152999073266
G37	G98	0.005415269639343
G17	G11	0.0054152673110365
G34	G98	0.0054152356460689995
G66	G81	0.0054152230732142
G23	G26	0.0054151699878275
G97	G59	0.0054151671938598
G17	G50	0.0054151588119566
G23	G28	0.0054151574149727
G45	G61	0.0054151192307472
G27	G67	0.0054150489158928
G41	G40	0.0054150372743606
G35	G56	0.0054150177165865
G80	G67	0.0054150116629898
G86	G12	0.005414992570877
G98	G48	0.0054149567149579
G45	G36	0.0054149306379258
G97	G17	0.0054149101488292
G42	G83	0.0054149082861840005
G47	G64	0.0054148561321198
G59	G93	0.0054148477502167
G84	G25	0.0054148323833942
G83	G90	0.0054148193448781
G25	G99	0.0054148179478943
G2	G56	0.0054148072376847
G12	G68	0.0054147979244589
G87	G58	0.0054147592745721
G42	G98	0.0054147196933627
G33	G55	0.0054147136397659
G59	G17	0.0054146945476531
G44	G49	0.0054146898910403
G85	G6	0.0054146777838468
G65	G85	0.0054146759212017
G29	G60	0.0054146703332662
G53	G13	0.0054146563634276
G63	G35	0.0054146395996212
G75	G22	0.0054145911708474
G24	G13	0.0054145762696862
G46	G58	0.0054144752211868
G44	G84	0.0054144337773323
G68	G31	0.0054144235327839
G65	G38	0.0054143425077199
G85	G64	0.0054143304005265
G41	G59	0.0054143080487847
G77	G43	0.0054143075831234
G81	G72	0.0054142749868333
G8	G42	0.005414264742285
G66	G74	0.0054142586886882
G95	G26	0.0054142568260431
G53	G7	0.0054142531007528
G35	G32	0.0054142135195434
G73	G54	0.0054142004810273
G86	G62	0.0054141874425113
G17	G70	0.005414183717220999
G97	G1	0.0054141576401889
G43	G84	0.0054141087457537
G27	G77	0.0054140705615282
G86	G16	0.0054140388965606
G31	G28	0.0054140258580446
G72	G47	0.0054140146821737
G66	G65	0.0054139695130288
G84	G87	0.0054139634594321
G25	G48	0.0054139192216098
G31	G47	0.0054138717241585
G15	G86	0.0054138647392392
G68	G10	0.0054138619452714
G72	G60	0.0054138591513037
G71	G37	0.0054138507694005
G84	G20	0.0054137962870299
G100	G94	0.0054137823171913
G47	G54	0.0054137697443366
G67	G84	0.0054136565886437
G11	G31	0.0054136500693857
G54	G78	0.0054136360995471
G35	G95	0.0054136319085955
G2	G87	0.0054135997779667
G26	G58	0.0054135955870151
G11	G6	0.0054135913960635
G55	G44	0.0054135685786604
G84	G92	0.0054135657846927
G80	G4	0.0054135513491928
G40	G54	0.0054135229438543
G17	G26	0.0054135145619511
G90	G17	0.0054134977981448
G35	G19	0.0054134652018547
G95	G40	0.0054134381935
G24	G89	0.0054134330712258
G19	G38	0.0054134256206452
G45	G90	0.0054134172387421
G19	G75	0.0054134135134518
G42	G8	0.005413404200226
G14	G4	0.0054133767262101
G63	G46	0.0054133613593876
G65	G81	0.0054133492521941
G25	G15	0.005413347389549
G98	G14	0.0054132081568241
G73	G64	0.0054131899960339
G29	G44	0.0054131750948727
G37	G73	0.0054130856879055
G3	G64	0.0054130805656313
G98	G29	0.0054130586795508
G10	G60	0.0054130558855831
G98	G7	0.0054130554199218
G88	G39	0.0054130391217768
G87	G18	0.0054130349308252
G35	G78	0.0054130139760673
G1	G14	0.0054129883646965
G82	G6	0.0054129809141159
G88	G16	0.0054129660129547
G24	G22	0.0054129399359226
G80	G43	0.0054129129275679
G16	G7	0.0054128891788423
G59	G26	0.0054128766059875
G34	G66	0.0054128705523908
G31	G20	0.0054128519259393
G5	G66	0.0054128365591168
G69	G55	0.0054128258489072
G83	G57	0.0054127643816173
G37	G51	0.0054127550683915
G18	G42	0.0054127480834722
G57	G26	0.005412692669779001
G52	G95	0.0054126763716339996
G8	G72	0.0054126535542309
G29	G77	0.005412635859102
G10	G77	0.0054125492461025
G75	G38	0.0054125371389091
G58	G76	0.0054125357419252
G72	G93	0.0054125334136188
G23	G87	0.0054125152528285
G37	G36	0.0054125068709254
G2	G19	0.0054124910384416
G96	G56	0.0054124691523611
G42	G10	0.0054124603047966
G81	G8	0.0054124454036355
G3	G42	0.0054124295711517
G7	G99	0.0054123578593134
G49	G79	0.0054123396985232
G5	G51	0.0054123369045555
G57	G72	0.005412277765572
G17	G100	0.0054122717119753
G72	G71	0.0054122232832014
G97	G55	0.0054122125729918
G28	G81	0.0054121841676533
G56	G40	0.0054121785797178
G68	G24	0.0054121762514114
G73	G16	0.0054121711291372
G18	G51	0.0054121701978147
G6	G70	0.0054121417924761
G62	G94	0.0054121413268148
G81	G84	0.0054121385328471
G82	G23	0.0054121380671858
G23	G3	0.0054121231660246
G56	G31	0.0054121175780892
G60	G27	0.0054120831191539
G62	G54	0.0054120514541864
G88	G4	0.0054120239801704
G69	G5	0.0054119480773806
G58	G40	0.0054119331762194
G22	G28	0.0054119299165904
G81	G37	0.0054119271226227
G36	G96	0.0054119122214615
G1	G86	0.0054118894040584
G75	G14	0.0054118703119456
G51	G10	0.0054118623957037
G56	G37	0.0054117999970912
G74	G43	0.0054117906838655
G47	G69	0.0054117846302688
G22	G62	0.005411778576672
G34	G77	0.0054117375984787
G3	G28	0.0054117213003337
G9	G33	0.0054117157123982
G82	G53	0.0054117031395435
G89	G56	0.0054116863757371
G6	G96	0.0054116840474307
G93	G28	0.0054116756655275
G22	G80	0.0054116738028824
G72	G35	0.0054116612300276
G18	G56	0.0054116235114634
G82	G93	0.0054115890525281
G12	G75	0.0054115648381412
G2	G73	0.005411525722592999
G60	G23	0.0054115136153995
G3	G83	0.0054115061648189995
G49	G78	0.0054114814847707
G5	G96	0.0054114749655127
G27	G87	0.0054114614613354
G19	G51	0.0054114325903356
G17	G13	0.0054113995283842
G74	G17	0.0054113296791911
G54	G49	0.0054113282822072
G10	G38	0.0054113254882395
G98	G47	0.0054113026708364
G34	G75	0.0054112812504172
G84	G83	0.0054112691432237
G59	G65	0.0054112677462399
G94	G28	0.0054112588986754
G49	G34	0.0054112351499497
G6	G20	0.0054112076759338
G8	G83	0.0054112044163048
G7	G98	0.0054111997596919
G40	G97	0.0054111802019178
G64	G65	0.0054111662320792
G99	G54	0.0054111289791762
G48	G29	0.0054111140780150006
G93	G42	0.0054111084900796
G3	G44	0.005411070305854001
G56	G47	0.0054110456258058
G63	G27	0.0054110209457576
G93	G48	0.0054110083729028
G13	G87	0.0054110046476125
G47	G13	0.0054110041819512
G6	G67	0.0054109543561935
G99	G79	0.0054109496995806
G24	G75	0.0054109417833387
G50	G98	0.0054109282791614
G33	G64	0.0054109217599034
G22	G39	0.0054109068587422
G23	G18	0.0054108626209199
G86	G73	0.0054108062759041
G39	G63	0.0054108016192913
G33	G61	0.0054107951000332
G97	G23	0.0054107555188238
G72	G44	0.0054107499308884
G36	G74	0.0054107457399368
G35	G60	0.0054107033647596
G47	G35	0.0054106661118566
G27	G88	0.0054106647148728
G16	G25	0.0054106563329696
G26	G35	0.0054105916060507
G84	G35	0.0054105692543089
G15	G39	0.0054105385206639
G39	G57	0.0054104537703096
G25	G45	0.0054103923030197
G90	G83	0.0054103666916489
G47	G11	0.0054103126749396
G61	G71	0.0054102530702948
G56	G4	0.005410233978182
G57	G36	0.0054101906716823
G82	G80	0.0054101520217955
G91	G45	0.005410149693489
G69	G31	0.0054101212881505
G22	G61	0.0054101212881505
G23	G57	0.0054101175628602
G73	G5	0.0054100942797958
G78	G14	0.0054100803099572
G19	G94	0.0054100593551993
G54	G83	0.0054100505076348
G11	G74	0.0054100332781672
G75	G52	0.0054100225679576
G96	G30	0.005410018377005999
G57	G92	0.0054099815897643
G94	G36	0.0054099559783935
G83	G58	0.0054099331609904
G80	G23	0.0054099233821034
G93	G29	0.0054098814725875
G11	G35	0.0054098330438137
G73	G44	0.0054098311811685
G96	G67	0.005409806035459001
G19	G70	0.0054097860120236
G52	G69	0.0054097445681691
G68	G62	0.0054097296670079
G67	G49	0.0054097212851047
G91	G28	0.0054096556268632
G30	G41	0.0054096486419439
G26	G29	0.005409627687186
G34	G84	0.0054096016101539
G90	G34	0.0054095769301056
G22	G24	0.0054095657542347
G65	G96	0.0054095080122351
G89	G69	0.0054094577208161
G8	G69	0.0054094251245260004
G2	G97	0.0054094213992357
G36	G62	0.0054094102233648
G66	G38	0.0054094023071229
G29	G40	0.0054094023071229
G80	G96	0.0054094018414616
G97	G6	0.0054093953222036
G12	G21	0.0054093631915748
G17	G82	0.0054093576036393
G22	G49	0.0054093371145427
G64	G3	0.0054092779755592
G24	G10	0.0054092672653496
G91	G87	0.0054092654027044
G2	G89	0.0054092584177851
G27	G93	0.0054092374630272
G11	G44	0.0054092179052531
G57	G27	0.0054091839119791
G90	G14	0.0054091773927211
G100	G43	0.0054091587662696
G46	G43	0.0054091471247375
G60	G65	0.0054091257043182
G36	G27	0.0054091103374958
G82	G21	0.0054090358316898
G56	G49	0.0054090023040771
G17	G1	0.0054089725017547
G38	G41	0.0054089636541903
G42	G31	0.0054089273326098
G86	G88	0.0054089105688035
G98	G6	0.0054088970646262
G25	G60	0.0054088737815618
G39	G73	0.0054087894968688
G3	G84	0.0054087876342237
G33	G78	0.0054087876342237
G36	G55	0.0054087499156594
G77	G28	0.005408723372966
G2	G62	0.0054087014868855
G61	G91	0.0054086740128695
G68	G87	0.0054086721502244
G75	G67	0.0054086418822407
G12	G62	0.0054086237214505
G42	G84	0.0054086199961602
G82	G67	0.0054086176678538
G61	G30	0.0054085999727249
G96	G10	0.0054084965959191
G61	G34	0.0054084714502096
G58	G6	0.005408392753452
G11	G41	0.0054083610884845
G59	G87	0.0054083066061139
G54	G22	0.0054083061404526
G46	G51	0.0054082996211946
G34	G55	0.0054082949645817
G64	G49	0.0054082404822111
G59	G69	0.0054082130081951
G97	G76	0.0054082013666629
G69	G52	0.0054081967100501
G49	G2	0.0054081552661955
G58	G67	0.0054081478156149
G68	G30	0.0054081329144537
G20	G15	0.0054081305861473
G79	G75	0.0054081012494862
G73	G21	0.0054080700501799
G42	G95	0.0054080695845186
G67	G88	0.0054080588743090005
G37	G27	0.0054080449044704
G57	G61	0.0054080355912446
G30	G14	0.0054080137051641
G57	G95	0.0054079983383417
G58	G25	0.0054079839028418
G63	G39	0.0054079620167613
G8	G78	0.0054079475812613
G50	G77	0.0054079433903098
G27	G92	0.0054079014807939
G48	G81	0.0054078847169876
G59	G38	0.0054078502580523
G25	G70	0.0054078358225524
G73	G79	0.005407731514424
G59	G29	0.0054077301174402
G15	G47	0.0054076886735856
G21	G30	0.0054076863452792
G34	G69	0.0054076490923762
G100	G85	0.0054076206870377
G66	G24	0.0054075955413281
G48	G20	0.0054074861109256
G82	G39	0.0054074409417808
G74	G69	0.0054074018262326
G57	G18	0.0054073766805231
G93	G12	0.0054072826169431
G9	G19	0.0054072807542979
G39	G72	0.0054072448983788
G42	G96	0.0054072262719273
G80	G44	0.0054072183556854
G36	G47	0.005407185293734
G77	G86	0.0054071731865406
G52	G37	0.0054071708582341
G38	G80	0.0054071666672825
G41	G93	0.0054071471095085
G40	G79	0.0054071452468633
G71	G47	0.0054071340709924
G83	G60	0.0054071294143795
G16	G74	0.0054071075282990004
G35	G29	0.0054071038030087
G90	G3	0.0054070851765573
G48	G22	0.0054070702753961
G92	G91	0.0054070125333964
G60	G85	0.0054069473408162
G96	G28	0.0054069035686552
G94	G70	0.0054068649187684
G13	G60	0.0054067363962531
G50	G66	0.0054067037999629
G46	G92	0.0054066623561084
G94	G98	0.0054066437296569
G24	G37	0.0054066372103989
G62	G61	0.0054066288284957
G23	G64	0.0054066148586571
G22	G55	0.0054066143929958
G79	G99	0.0054066102020442
G66	G37	0.0054066060110926
G10	G75	0.0054066022858023
G7	G24	0.0054065831936895
G82	G24	0.0054065631702542
G92	G9	0.0054065072908997
G48	G4	0.0054064895957708
G68	G29	0.0054064835421741
G28	G46	0.0054064523428678
G81	G44	0.0054064504802227
G100	G76	0.0054064355790615
G79	G60	0.005406416952609999
G60	G84	0.005406395997851999
G9	G49	0.0054063652642071
G90	G96	0.0054063270799815
G54	G21	0.0054062670096755
G20	G95	0.0054062455892562
G36	G94	0.0054061757400631
G64	G41	0.0054061515256762
G73	G78	0.0054061501286923
G45	G51	0.0054060821421444
G68	G28	0.0054060784168541
G80	G16	0.0054060625843703
G10	G56	0.0054060616530478
G26	G51	0.0054059997200965
G66	G84	0.0054059466347098
G31	G34	0.0054059443064033
G93	G31	0.0054059126414358
G67	G50	0.0054058553650975
G86	G89	0.0054057538509368
G24	G66	0.0054057370871305
G83	G59	0.0054057305678725
G33	G28	0.0054056947119534
G41	G52	0.0054056895896792
G2	G47	0.0054056732915341
G63	G20	0.0054056667722761
G19	G86	0.0054056583903729
G34	G2	0.0054056500084698
G35	G13	0.0054056136868894
G14	G54	0.0054055703803896
G16	G13	0.0054055545479059
G64	G72	0.0054054819047451
G31	G56	0.0054054814390838
G74	G88	0.0054054795764386
G48	G19	0.0054054763168096
G66	G23	0.0054054614156484
G58	G38	0.0054054609499871
G8	G20	0.0054054567590355
G43	G89	0.0054054493084549
G8	G14	0.0054053822532296
G44	G86	0.0054052560590207
G25	G44	0.0054052420891821
G83	G40	0.0054052188061177
G62	G72	0.005405206233262999
G33	G95	0.0054052057676017
G49	G67	0.0054051550105214
G54	G71	0.0054051522165536
G60	G9	0.0054051429033279
G53	G15	0.0054050968028604
G95	G6	0.0054050800390541
G95	G47	0.0054050795733928
G89	G34	0.0054050609469413
G36	G95	0.0054050344042479
G36	G13	0.0054050129838287
G96	G74	0.0054050083272159
G53	G82	0.005404997151345001
G61	G86	0.0054049775935709
G89	G4	0.0054049612954258
G99	G87	0.0054049179889261
G79	G63	0.0054048462770879
G28	G20	0.0054048094898462
G37	G66	0.0054047633893787
G3	G100	0.0054047559387981
G39	G98	0.0054047461599111
G84	G55	0.0054047340527176
G57	G88	0.0054046935401856
G11	G59	0.0054046660661697
G64	G88	0.0054046506993472
G7	G34	0.0054046348668634
G39	G77	0.0054046199657022
G2	G60	0.0054045720025897
G95	G12	0.0054045552387833
G5	G55	0.0054045370779931
G77	G16	0.0054045296274125
G9	G38	0.0054045077413319995
G5	G38	0.005404477007687
G91	G29	0.0054044537246227
G16	G51	0.0054044243879616
G7	G64	0.0054043885320425
G37	G15	0.0054043554700911
G53	G59	0.005404335912317
G60	G39	0.0054043284617364
G55	G19	0.0054043112322688
G60	G92	0.0054043079726397
G42	G78	0.0054042865522205
G8	G37	0.0054042837582528
G30	G58	0.0054042520932853
G95	G67	0.005404224153608
G47	G97	0.0054042185656726
G80	G94	0.0054041310213506
G42	G32	0.0054041305556893
G62	G35	0.0054040919058024
G66	G60	0.0054040597751736
G42	G86	0.0054040271788835
G21	G37	0.0054039731621742
G2	G100	0.005403968039899999
G86	G35	0.005403911229223
G72	G45	0.0054038995876908
G64	G44	0.0054038725793361
G42	G28	0.0054038595408201
G82	G7	0.0054038558155298
G71	G75	0.005403802730142999
G36	G68	0.0054037719964981
G83	G9	0.0054037598893046
G86	G1	0.0054037570953369
G49	G10	0.0054037468507885
G87	G71	0.0054037300869822
G83	G76	0.0054036770015954
G60	G72	0.0054036164656281
G95	G96	0.0054035778157413
G57	G62	0.0054035391658544
G73	G23	0.0054034874774515
G17	G3	0.0054034786298871
G73	G2	0.0054034586064517
G75	G29	0.0054034092463552
G85	G33	0.0054033999331295
G9	G60	0.0054033887572586
G29	G21	0.0054033603519201
G37	G49	0.0054032844491302
G50	G74	0.00540326628834
G55	G35	0.0054032197222113
G81	G70	0.0054031950421631
G50	G43	0.0054031759500503
G13	G30	0.0054031568579375
G97	G42	0.0054031405597925
G73	G30	0.0054031298495829
G20	G27	0.0054031191393733
G6	G11	0.0054030725732445
G77	G34	0.0054030530154705
G60	G79	0.0054030446335673
G13	G63	0.0054030432365834
G61	G68	0.0054029854945838
G23	G10	0.0054029435850679
G87	G60	0.0054029389284551
G30	G1	0.0054029226303100005
G84	G64	0.0054029221646487
G26	G41	0.0054029175080358
G23	G52	0.0054029142484068
G37	G86	0.0054029119201004
G43	G96	0.0054028914310038
G75	G16	0.0054028816521167
G7	G5	0.0054028793238103
G50	G46	0.0054028769955039
G41	G48	0.0054028341546654
G31	G92	0.0054028057493269
G26	G36	0.0054027298465371
G30	G37	0.0054026609286665
G34	G21	0.0054026590660214
G63	G33	0.0054026469588279
G66	G77	0.0054026264697313
G24	G1	0.0054026213474571
G60	G78	0.0054026208817958
G92	G53	0.0054026166908442
G41	G62	0.0054026115685701
G35	G17	0.0054025864228606
G46	G17	0.005402572453022001
G96	G97	0.0054025705903768
G65	G49	0.0054025272838771
G72	G36	0.0054025002755224
G88	G71	0.005402491427958
G50	G80	0.0054024690762162
G14	G23	0.0054024686105549
G92	G67	0.005402457434684
G7	G82	0.0054024248383939
G6	G36	0.005402366630733
G61	G66	0.0054023494012653
G87	G93	0.0054023452103137
G27	G8	0.0054023442789912
G8	G21	0.0054023135453462
G34	G96	0.0054023098200559
G83	G37	0.0054022879339754
G19	G54	0.00540228234604
G23	G53	0.0054022530093789
G26	G33	0.0054022395052015
G89	G94	0.0054022329859435
G34	G31	0.0054022157564759
G95	G63	0.0054022134281694
G21	G99	0.0054021859541535
G55	G59	0.0054021584801375
G14	G20	0.0054021538235247
G23	G40	0.0054021393880248
G28	G65	0.0054021244868636
G16	G70	0.0054021012037992
G88	G56	0.0054020565003156
G15	G51	0.005402042530477
G17	G34	0.0054020155221223
G32	G96	0.0054019801318645
G95	G58	0.0054018525406718
G3	G34	0.0054018502123653
G69	G92	0.0054018450900912
G84	G12	0.0054018399678170004
G8	G46	0.0054018110968172
G30	G78	0.0054017873480916
G96	G32	0.0054017868824303
G24	G53	0.0054017649963498
G32	G7	0.0054017510265111
G43	G100	0.0054017328657209
G23	G75	0.0054017296060919
G2	G13	0.0054017137736082
G42	G69	0.0054017091169953
G28	G83	0.0054016960784792
G96	G89	0.0054016932845115
G21	G62	0.0054016239009797
G77	G46	0.0054016229696571
G42	G5	0.0054016131907701
G22	G52	0.005401506088674
G89	G21	0.0054014879278838
G53	G66	0.0054014539346098
G84	G9	0.0054014329798519
G30	G20	0.0054014245979487
G39	G64	0.0054013561457395
G97	G95	0.0054013109765946
G8	G28	0.0054012779146432
G36	G99	0.0054012746550142
G89	G82	0.0054012178443372
G36	G54	0.0054012127220629995
G32	G52	0.0054012099280953
G51	G97	0.0054011452011764
G44	G95	0.0054011405445635
G41	G15	0.0054011051543056
G6	G56	0.0054010604508221
G64	G19	0.0054010595194995
G39	G67	0.0054010530002415
G6	G4	0.0054009486921131
G93	G7	0.0054009454324841
G42	G22	0.0054009347222745
G60	G96	0.0054008709266781
G63	G32	0.005400865804404
G8	G41	0.0054008327424526
G28	G92	0.0054008066654205
G24	G86	0.0054007931612432
G47	G67	0.0054007675498723
G95	G52	0.0054007288999855
G62	G21	0.005400700494647
G99	G4	0.0054006772115826
G36	G3	0.0054006660357117
G25	G96	0.0054006506688892
G81	G76	0.0054005356505513
G12	G56	0.0054004844278097
G30	G51	0.0054004313424229
G89	G28	0.0054004141129553
G64	G48	0.0054004066623747
G6	G45	0.0054003954865038
G35	G98	0.0054003931581974
G83	G54	0.0054003852419555
G3	G72	0.0054003782570362
G26	G12	0.0054003745317459
G86	G57	0.0054003344848752
G81	G89	0.0054003098048269
G96	G100	0.0054002995602786
G68	G73	0.0054002995602786
G50	G94	0.0054002907127141
G89	G62	0.0054002390243113
G63	G54	0.0054001943208277
G3	G25	0.0054001826792955
G81	G63	0.0054001514799892
G16	G67	0.0054001417011022
G27	G15	0.0054001207463443
G86	G83	0.0054001156240701
G40	G4	0.0054000900126993
G57	G64	0.005400086287409
G42	G77	0.0054000616073608
G31	G84	0.0054000546224415
G34	G65	0.0054000462405383
G35	G21	0.0053999852389097
G89	G29	0.0053999549709259995
G5	G52	0.0053999307565391
G18	G43	0.005399914458394
G62	G60	0.0053999060764908
G40	G3	0.0053999051451683
G29	G72	0.0053998907096683
G80	G90	0.0053998338989913
G21	G58	0.00539983343333
G50	G20	0.0053998082876205
G29	G41	0.0053997957147657
G72	G67	0.0053997589275240005
G44	G10	0.0053997286595404
G74	G38	0.0053997156210243
G65	G52	0.0053996220231056
G30	G91	0.0053996122442185
G17	G43	0.0053995810449123
G77	G44	0.0053995521739125
G27	G60	0.0053995111957192
G72	G3	0.0053995065391063
G84	G28	0.0053994902409613
G53	G96	0.0053994827903807
G66	G52	0.0053994134068489
G98	G75	0.005399398971349
G69	G78	0.0053993705660104
G9	G11	0.0053993365727365
G29	G34	0.0053993305191397
G22	G89	0.0053993300534784
G100	G12	0.0053992914035916
G76	G16	0.0053992839530109995
G9	G18	0.0053992751054465
G94	G69	0.0053991712629795
G47	G84	0.0053991703316569
G9	G43	0.0053991605527698
G77	G75	0.0053991596214473
G31	G6	0.0053991479799151
G26	G39	0.0053991307504475
G55	G13	0.0053990948945283
G3	G97	0.0053990664891898
G45	G69	0.0053990627638995
G6	G1	0.0053990567103028
G53	G63	0.0053990543819963
G33	G87	0.0053990478627383
G37	G43	0.0053989659063518
G46	G62	0.0053989528678357
G24	G26	0.0053989482112228
G98	G90	0.0053988760337233
G5	G16	0.0053987470455467
G69	G57	0.0053986762650310004
G97	G52	0.0053986683487892
G53	G83	0.0053986492566764
G59	G27	0.0053986473940312
G31	G81	0.0053986399434506
G64	G7	0.0053986278362572
G3	G17	0.0053986166603863
G92	G6	0.0053985966369509
G68	G81	0.0053985542617738
G81	G51	0.0053985421545803
G61	G32	0.0053985193371772
G11	G27	0.0053984876722097
G11	G65	0.0053984546102583
G21	G91	0.0053984471596777
G82	G84	0.0053984220139682
G59	G78	0.0053984019905328
G75	G35	0.0053983619436621
G55	G82	0.0053983158431947
G54	G19	0.0053982818499207
G90	G55	0.005398235283792001
G99	G85	0.0053982334211468
G84	G44	0.0053981901146471
G80	G99	0.0053980946540832
G61	G74	0.0053980466909706
G79	G57	0.0053979875519871
G33	G63	0.0053979740478098
G80	G25	0.0053979358635842
G58	G97	0.0053979074582457
G30	G70	0.0053978865034878
G27	G70	0.0053978492505848
G7	G94	0.0053978157229721
G90	G72	0.0053977728821337
G90	G73	0.0053977412171661
G90	G65	0.0053977379575371
G23	G79	0.0053977281786501
G93	G90	0.0053976811468601
G56	G28	0.0053976108320057
G85	G28	0.0053975721821188
G56	G43	0.0053975610062479
G26	G96	0.0053975549526512
G63	G94	0.0053975214250385
G50	G81	0.0053975097835063
G11	G85	0.0053975097835063
G18	G63	0.0053975046612322
G6	G94	0.0053974939510226
G29	G73	0.0053974920883774
G65	G71	0.0053974324837327
G92	G12	0.0053973933681845
G56	G82	0.0053973929025232
G40	G72	0.0053973793983459
G64	G59	0.005397368222475001
G45	G78	0.0053973444737493
G22	G3	0.0053972895257174
G84	G36	0.0053972876630723
G94	G38	0.005397287197411
G31	G68	0.005397270899266
G84	G22	0.0053972699679434
G55	G97	0.0053972383029758
G50	G5	0.0053971642628312
G35	G84	0.0053971479646861
G60	G41	0.0053971419110894
G98	G27	0.0053971386514604
G68	G49	0.0053971260786056
G6	G8	0.0053971214219927
G77	G89	0.0053971116431057
G30	G98	0.0053970934823155
G27	G61	0.0053970525041222
G80	G18	0.0053970515727996
G74	G81	0.0053970511071383
G66	G13	0.0053970068693161
G82	G52	0.0053969896398484
G2	G52	0.0053969607688486
G34	G95	0.0053969537839293
G55	G51	0.00539694679901
G74	G27	0.0053969435393809995
G1	G27	0.0053969277068972
G18	G46	0.0053968736901879
G14	G26	0.0053968606516718
G15	G91	0.0053968415595591
G13	G96	0.0053968336433172
G54	G81	0.0053968038409948
G98	G55	0.0053967577405273
G41	G77	0.0053967060521245
G5	G99	0.0053967023268342
G93	G63	0.0053966492414474
G23	G37	0.0053966329433023
G40	G96	0.0053966143168509
G58	G61	0.0053965989500284
G57	G99	0.005396569147705999
G19	G52	0.0053965561091899
G62	G84	0.005396491382271
G68	G97	0.0053964899852871
G83	G24	0.0053964313119649
G19	G31	0.0053964280523359
G63	G28	0.0053964043036103
G95	G17	0.0053963167592883
G69	G15	0.0053962771780788
G61	G28	0.0053962585516273
G83	G43	0.0053962501697242
G95	G28	0.0053962203674018
G31	G29	0.0053961318917572
G59	G35	0.0053961253724992
G37	G40	0.0053960676304996
G100	G17	0.0053960564546287
G68	G57	0.0053960317745804
G66	G41	0.0053960080258548
G63	G37	0.0053959465585649
G53	G47	0.0053958995267748
G44	G63	0.0053958864882588
G86	G33	0.0053958166390657
G94	G65	0.0053958101198077
G97	G18	0.005395766813308
G63	G84	0.0053957658819854
G24	G36	0.0053957495838403
G76	G3	0.0053956829942762
G45	G26	0.0053956750780344
G7	G38	0.0053956722840666
G80	G49	0.0053956494666635
G42	G76	0.0053956229239702
G72	G81	0.0053956164047122
G97	G41	0.0053955912590026
G18	G27	0.0053955516777932
G80	G41	0.0053955451585352
G95	G30	0.0053954869508743
G66	G64	0.0053954804316163
G94	G12	0.0053953728638589
G47	G57	0.0053953696042299
G91	G23	0.0053953686729073
G11	G47	0.005395364947617
G79	G21	0.0053953495807945
G57	G43	0.0053953491151332
G17	G41	0.0053953346796333
G10	G78	0.0053952801972627
G83	G8	0.0053952783346176
G17	G10	0.0053952545858919
G37	G25	0.0053952485322952
G7	G59	0.0053952285088598
G49	G12	0.0053951619192957
G83	G26	0.0053951349109411
G39	G22	0.0053951335139572
G90	G54	0.0053951274603605
G54	G9	0.0053950878791511
G34	G58	0.0053950478322803
G100	G65	0.005395031068474
G37	G84	0.0053950287401676
G22	G75	0.005395021289587
G74	G49	0.0053950115106999
G68	G64	0.0053950115106999
G84	G37	0.0053950091823935
G82	G85	0.0053950077854096
G87	G30	0.0053949835710227
G19	G44	0.005394980777055001
G24	G41	0.0053949789144098
G52	G85	0.0053949016146361
G87	G61	0.0053948522545397
G12	G15	0.0053947693668305
G84	G85	0.005394737701863
G21	G31	0.0053947339765727
G50	G19	0.0053947335109114
G49	G56	0.0053947223350405
G45	G23	0.0053947153501212
G96	G2	0.005394706968218
G73	G94	0.0053947027772665
G88	G12	0.0053946776315569
G92	G29	0.0053946711122989
G77	G42	0.0053946706466376
G12	G35	0.0053946422412991
G74	G85	0.0053946152329444
G89	G95	0.0053946138359606
G90	G82	0.0053946119733154
G12	G61	0.0053945924155414
G77	G87	0.0053945900872349
G32	G75	0.0053945882245898
G71	G11	0.0053945705294609
G64	G23	0.0053945532999932
G76	G37	0.0053945132531225
G17	G94	0.0053945067338645
G90	G46	0.0053944829851388
G37	G23	0.0053944606333971
G22	G94	0.0053944317623972
G32	G63	0.005394407082349
G35	G92	0.0053943935781717
G52	G57	0.0053943726234138
G94	G4	0.0053943158127367
G93	G98	0.0053943041712045
G12	G33	0.0053942836821079
G50	G14	0.0053942645899951
G19	G95	0.0053942566737532
G54	G36	0.005394241772592
G71	G68	0.0053942021913826
G12	G32	0.0053941630758345
G12	G69	0.0053941407240927
G67	G91	0.0053941006772220005
G15	G27	0.0053940769284963
G11	G30	0.0053940704092383
G72	G40	0.0053940205834805
G76	G96	0.0053940122015774
G32	G65	0.0053940094076097
G7	G52	0.0053939986974
G3	G27	0.0053939833305776
G49	G76	0.0053939311765134
G66	G45	0.0053938957862555
G60	G34	0.0053938720375299
G50	G99	0.0053938655182719
G14	G47	0.005393854342401
G87	G53	0.0053938496857881
G96	G60	0.0053938417695462
G10	G87	0.0053938115015625
G74	G20	0.0053938087075948
G16	G17	0.0053937355987727
G39	G12	0.0053937286138534
G35	G33	0.0053936913609504
G32	G48	0.0053936750628054
G81	G100	0.0053936569020152
G18	G41	0.0053936461918056
G76	G99	0.0053936373442411
G77	G52	0.0053935893811285
G21	G7	0.0053935842588543
G54	G68	0.005393429659307
G62	G15	0.0053933495655655
G35	G69	0.0053933346644043
G68	G12	0.0053933225572109
G30	G68	0.0053933067247271
G74	G39	0.0053932946175336
G73	G42	0.0053932769224047
G94	G34	0.0053932438604533
G49	G66	0.0053931637667119
G66	G6	0.0053931549191474
G42	G56	0.0053930939175188
G80	G85	0.005393031053245
G93	G72	0.0053930249996483
G93	G40	0.0053929989226162
G33	G92	0.0053929248824715
G11	G70	0.0053928992711007
G71	G14	0.0053928704001009
G27	G96	0.0053928480483591
G20	G94	0.0053925924003124
G56	G71	0.0053925919346511
G53	G21	0.0053925337269902
G54	G61	0.0053925151005387
G59	G60	0.0053924927487969
G2	G58	0.0053924429230391
G22	G81	0.0053924140520393
G29	G36	0.0053924010135233
G69	G54	0.0053924000822007
G65	G16	0.0053923912346363
G89	G24	0.0053923726081848
G45	G57	0.0053923595696687
G1	G89	0.0053923428058624
G24	G52	0.0053923404775559
G75	G48	0.0053923353552818
G47	G9	0.0053923190571367
G35	G11	0.0053922943770885
G62	G16	0.0053922487422823
G60	G75	0.0053922473452985
G24	G18	0.0053922347724437
G13	G20	0.00539221893996
G26	G100	0.0053922119550406
G66	G63	0.0053921975195407
G16	G19	0.0053921821527183
G47	G53	0.0053921509534120005
G15	G69	0.005392113700509
G83	G72	0.0053920946083962
G64	G56	0.0053920540958642
G73	G43	0.0053919982165098
G99	G62	0.0053919688798487
G40	G2	0.0053919660858809
G92	G62	0.0053919656202197
G97	G63	0.0053918776102364
G1	G95	0.0053918594494462
G90	G44	0.0053918585181236
G12	G24	0.0053918492048978
G20	G98	0.0053918166086077
G2	G7	0.0053918119519948
G31	G94	0.0053917770273983
G11	G93	0.0053917681798338
G76	G63	0.0053917514160275
G34	G27	0.0053917448967695
G66	G89	0.0053916662000119
G35	G28	0.0053916648030281
G15	G67	0.0053916340693831
G42	G1	0.0053916200995445
G79	G1	0.0053915753960609
G60	G28	0.0053915744647383
G90	G84	0.0053915712051093
G21	G17	0.0053915348835289
G14	G95	0.005391533486545
G3	G66	0.0053914384916424
G72	G41	0.0053914384916424
G78	G63	0.0053914319723844
G25	G19	0.0053914203308522
G18	G93	0.0053914114832878
G10	G30	0.0053913225419819
G92	G72	0.0053913183510303
G38	G10	0.0053911972790956
G76	G9	0.0053911875002086
G94	G42	0.0053911549039185
G81	G20	0.0053911157883703
G58	G1	0.0053911046124994
G11	G1	0.0053910543210804
G90	G64	0.0053910352289676
G12	G57	0.0053910231217741
G34	G80	0.0053909909911453
G80	G61	0.0053909909911453
G18	G97	0.0053909849375486
G20	G65	0.0053909332491457
G39	G24	0.0053908978588879
G8	G66	0.0053908783011138
G89	G90	0.0053908522240817
G65	G92	0.0053907805122435
G25	G75	0.005390761885792
G85	G26	0.0053907549008727
G90	G37	0.0053907413966953
G34	G60	0.0053907325491309
G20	G23	0.0053907250985503
G72	G96	0.0053906957618892
G60	G14	0.0053906836546957
G28	G44	0.0053906640969216
G34	G29	0.0053906338289379995
G27	G85	0.0053905444219708
G10	G85	0.0053905239328742
G3	G53	0.0053905211389064
G92	G22	0.0053905048407614
G54	G47	0.0053904997184872
G99	G83	0.0053904843516647
G57	G21	0.0053904741071164
G73	G31	0.0053904303349554
G61	G80	0.0053904172964394
G24	G92	0.0053903656080365
G91	G18	0.0053903460502624
G64	G30	0.0053903111256659
G61	G98	0.0053903013467788
G6	G27	0.0053902855142951
G31	G11	0.0053902850486338
G53	G74	0.005390278995037
G3	G82	0.0053902575746178
G57	G38	0.0053901774808764
G9	G74	0.0053901514038443
G54	G80	0.0053901197388768
G9	G95	0.0053901146166026
G11	G72	0.0053900778293609
G19	G11	0.0053900443017482
G73	G34	0.0053900205530226
G83	G55	0.0053900149650871
G57	G97	0.0053899935446679
G24	G97	0.0053899912163615
G42	G73	0.0053899842314422
G53	G72	0.0053899786435067
G83	G62	0.0053899674676358
G46	G3	0.0053899367339909
G54	G84	0.0053899190388619
G11	G89	0.0053898636251688
G47	G26	0.0053898496553301
G12	G87	0.0053898128680884
G10	G43	0.0053897788748145
G94	G3	0.0053897751495242
G5	G15	0.005389736033976
G58	G50	0.00538972299546
G30	G16	0.0053897020407021
G33	G18	0.0053896619938313
G58	G35	0.0053896191529929
G42	G24	0.0053895805031061
G16	G97	0.0053895600140094
G23	G50	0.0053895507007837
G44	G77	0.0053894976153969
G43	G33	0.00538942636922
G75	G65	0.0053893947042524
G69	G18	0.0053893765434622
G83	G12	0.0053893737494945
G44	G99	0.0053893644362688
G35	G12	0.0053893560543656
G76	G87	0.0053893392905592
G90	G77	0.0053893355652689
G83	G23	0.0053893239237368
G69	G76	0.0053893057629466
G61	G51	0.0053892149589955
G92	G1	0.0053892009891569
G41	G89	0.0053891954012215
G19	G66	0.0053891944698989
G22	G45	0.0053891390562057
G53	G14	0.005389136262238
G29	G12	0.0053891260176897
G73	G58	0.0053890934213995
G87	G99	0.0053890463896095
G32	G17	0.0053890305571258
G90	G49	0.0053889513947069
G72	G77	0.0053889472037553
G77	G60	0.005388862453401
G84	G14	0.0053888536058366
G15	G84	0.0053888447582721
G27	G39	0.0053888075053691
G99	G50	0.0053887921385467
G88	G45	0.005388781428336999
G98	G82	0.0053887683898210005
G56	G3	0.0053887423127889
G58	G14	0.0053887362591922
G93	G15	0.0053886678069829
G82	G2	0.0053886622190475
G77	G83	0.0053886426612734
G43	G77	0.0053886114619672
G98	G64	0.0053886007517576
G49	G52	0.0053885169327259
G100	G86	0.0053885043598711
G66	G43	0.0053884740918874
G23	G60	0.0053883977234363
G61	G6	0.0053883953951299
G45	G42	0.0053883818909525
G32	G26	0.005388303194194999
G33	G44	0.005388299934566
G39	G10	0.0053882980719208
G3	G36	0.0053882957436144
G84	G53	0.0053882491774857
G36	G7	0.0053882370702922
G11	G26	0.0053882254287600006
G92	G57	0.0053881369531154
G18	G5	0.0053881369531154
G85	G41	0.0053881001658737
G22	G50	0.0053879832848906
G15	G7	0.0053879683837294
G91	G35	0.005387932062149
G32	G62	0.0053879031911492
G20	G80	0.0053878775797784
G56	G29	0.0053878650069236
G23	G91	0.0053878463804721
G77	G27	0.0053877406753599
G14	G21	0.0053876959718763
G30	G62	0.0053876908496022
G69	G3	0.0053876643069088
G76	G39	0.0053876447491347
G41	G68	0.0053876372985541
G94	G68	0.0053876219317317
G73	G48	0.0053876009769737
G7	G20	0.0053875786252319
G25	G33	0.0053875581361353
G20	G73	0.0053875558078289
G42	G19	0.0053875357843935
G25	G32	0.0053875143639743
G58	G93	0.005387483164668001
G69	G13	0.005387473385780999
G89	G66	0.0053874505683779
G12	G50	0.0053874379955232
G54	G72	0.0053873499855399
G74	G61	0.0053873346187174
G89	G97	0.0053873211145401
G93	G8	0.0053872969001531
G83	G91	0.0053872936405241
G62	G53	0.0053872154094278
G72	G21	0.0053871916607022
G62	G36	0.0053871041163802
G8	G48	0.0053870836272835
G25	G93	0.0053870822302997
G37	G95	0.0053870752453804
G41	G60	0.0053870165720582
G6	G28	0.0053869672119617
G34	G78	0.0053869020193815
G58	G49	0.0053868717513978
G10	G74	0.0053868638351559
G53	G10	0.0053867860697209
G7	G61	0.0053867581300437
G35	G25	0.0053867539390921
G18	G76	0.0053867218084633
G28	G13	0.0053866929374635
G17	G36	0.0053866887465119
G66	G8	0.0053866626694798
G39	G32	0.0053866608068346
G63	G95	0.0053866342641413
G60	G76	0.0053865928202867
G83	G47	0.0053865606896579
G24	G68	0.0053865532390773
G42	G45	0.0053865397348999
G52	G2	0.0053864531219005
G47	G30	0.0053863357752561
G7	G80	0.0053862994536757
G37	G76	0.0053862952627241
G77	G67	0.0053862459026277
G28	G86	0.005386212375015
G9	G92	0.0053861765190958
G54	G94	0.0053861658088862
G9	G96	0.005386107135564
G55	G40	0.0053860889747738
G33	G81	0.0053860689513385
G87	G3	0.005386056844145001
G63	G12	0.0053859897889196
G64	G45	0.0053859632462263
G68	G36	0.0053859525360167
G25	G80	0.0053859404288232
G93	G58	0.0053859241306781
G74	G28	0.0053859041072428
G15	G75	0.0053858952596783
G62	G75	0.0053858729079365
G16	G28	0.0053858393803238
G25	G77	0.0053858384490013
G62	G81	0.0053857387974858
G29	G25	0.005385713186115
G53	G19	0.0053857006132602
G12	G13	0.005385672673583
G41	G26	0.0053856554441154
G47	G66	0.0053856372833251
G81	G85	0.0053855646401643
G81	G21	0.0053855297155678
G10	G12	0.0053855231963098
G47	G36	0.0053855185396969
G79	G13	0.0053855022415518
G25	G49	0.0053854743018746
G63	G43	0.005385470110923001
G11	G60	0.0053854612633585
G79	G39	0.0053854505531489
G77	G61	0.0053854417055845
G62	G78	0.0053854365833103
G63	G2	0.0053854044526815
G7	G35	0.005385254509746999
G71	G67	0.0053852498531341
G59	G13	0.0053852400742471
G93	G27	0.0053851972334086
G54	G42	0.0053851837292313
G57	G4	0.0053851306438446
G54	G30	0.0053850566036999
G47	G1	0.0053850323893129
G88	G9	0.0053850263357162
G42	G100	0.0053850230760872
G3	G75	0.0053850160911679
G35	G67	0.0053849928081035
G95	G77	0.0053849732503294
G89	G75	0.0053849541582167
G74	G33	0.0053849313408136
G87	G90	0.0053849234245717
G18	G13	0.0053848302923142
G100	G27	0.0053848125971853
G2	G36	0.0053847725503146
G99	G89	0.005384748801589001
G98	G63	0.0053847441449761
G99	G70	0.0053847283124923
G42	G74	0.0053847236558794
G5	G4	0.0053847171366214
G61	G72	0.0053846887312829
G96	G84	0.0053846365772187
G6	G49	0.0053846221417188
G90	G93	0.005384603049606
G24	G55	0.0053845765069127
G64	G76	0.0053845541551709
G30	G35	0.0053845481015741
G53	G18	0.0053845336660742
G37	G61	0.0053844712674617
G35	G6	0.0053844689391553
G92	G87	0.0053844423964619
G66	G47	0.0053844405338168
G81	G88	0.0053844084031879
G79	G54	0.0053843194618821
G32	G64	0.0053841928020119
G26	G69	0.0053841578774154
G51	G57	0.005384121555835001
G61	G5	0.0053841033950448
G40	G44	0.0053840586915612
G99	G81	0.0053840046748518
G21	G97	0.0053839138709008
G73	G70	0.0053838621824979
G62	G13	0.0053838477469980005
G12	G63	0.0053838365711271
G74	G59	0.0053838123567402
G12	G37	0.0053838002495467
G87	G100	0.0053837685845792
G36	G58	0.0053836717270314
G17	G40	0.0053836409933865
G86	G87	0.0053836302831768
G34	G57	0.0053836079314351
G36	G87	0.0053836065344512
G84	G73	0.0053835781291127
G6	G3	0.0053835338912904
G69	G98	0.0053835078142583
G9	G2	0.0053834998980164
G73	G67	0.0053834826685488
G3	G29	0.0053834770806133
G29	G81	0.0053834435530006
G2	G77	0.0053834416903555
G19	G90	0.0053834118880331
G29	G79	0.0053833872079849
G27	G76	0.005383379291743
G18	G16	0.0053833494894206
G62	G96	0.0053831757977604
G90	G16	0.0053831143304705
G60	G93	0.0053831012919545
G100	G87	0.0053830463439226
G35	G57	0.0053830039687454
G87	G78	0.0053829364478588
G6	G66	0.0053829038515686
G84	G91	0.0053828759118914
G94	G79	0.005382846109569001
G41	G28	0.0053828181698918
G50	G70	0.0053827846422791
G79	G37	0.0053827646188437
G66	G51	0.0053827152587473
G11	G78	0.0053826794028282
G57	G56	0.0053826784715056
G27	G90	0.005382664501666999
G41	G23	0.005382627248764
G57	G30	0.005382599774747999
G29	G22	0.0053825634531676
G6	G86	0.005382518749684
G19	G96	0.0053824433125555
G23	G36	0.0053824153728783
G94	G35	0.0053823720663785
G14	G92	0.0053823227062821
G26	G55	0.0053822640329599
G55	G58	0.0053822100162506
G34	G88	0.0053822062909603
G59	G82	0.0053821690380573
G11	G36	0.0053821583278477
G68	G23	0.0053821424953639
G99	G77	0.0053821415640413
G89	G59	0.0053821383044123
G11	G38	0.0053821341134607
G71	G38	0.0053820218890905
G58	G86	0.0053819990716874
G37	G8	0.0053819864988327
G14	G89	0.0053818700835108
G20	G17	0.0053818579763174
G55	G14	0.0053818169981241
G1	G55	0.0053817983716726
G22	G21	0.0053817890584468
G28	G15	0.005381753668189
G99	G7	0.0053816498257219
G77	G19	0.0053816409781575
G47	G2	0.0053816395811736
G98	G79	0.0053816251456737
G39	G60	0.0053815478459
G50	G24	0.0053815292194485
G27	G81	0.0053814742714166
G15	G62	0.0053814118728041
G64	G43	0.0053813816048204
G57	G85	0.0053813634440302
G34	G54	0.0053813587874174
G12	G25	0.0053813178092241
G42	G47	0.0053813010454177
G69	G84	0.0053812959231436
G6	G42	0.0053812572732567
G80	G84	0.0053812321275472
G33	G86	0.0053812144324183
G52	G56	0.0053812135010957
G64	G26	0.0053811916150152
G14	G77	0.0053811874240636
G63	G53	0.005381176713854
G13	G62	0.0053811646066606
G25	G59	0.0053811585530638
G83	G64	0.0053810975514352
G73	G81	0.0053810928948223
G61	G63	0.005381089169532
G3	G47	0.0053810854442417
G42	G63	0.0053810407407581
G36	G63	0.0053810132667422
G28	G22	0.005380998365580999
G61	G2	0.0053808283992111
G81	G64	0.0053808060474693
G22	G20	0.0053807981312274
G96	G15	0.005380786024034
G32	G59	0.0053806859068572
G85	G70	0.0053806472569704
G76	G55	0.0053806039504706
G25	G85	0.0053805839270353
G56	G59	0.0053805173374712
G32	G20	0.005380505695939
G30	G46	0.0053804717026649995
G35	G24	0.0053804717026649995
G18	G84	0.0053804186172783
G55	G47	0.0053804013878107
G88	G26	0.0053803566843271
G11	G50	0.0053803459741175
G94	G14	0.0053803413175046
G8	G1	0.0053803226910531
G71	G65	0.0053803194314241
G12	G97	0.0053803185001015
G42	G17	0.0053802658803761
G48	G83	0.0053802584297955
G27	G28	0.0053802011534571
G7	G48	0.0053801205940544
G24	G81	0.0053801145404577
G26	G89	0.0053800959140062
G62	G27	0.0053800833411514
G95	G89	0.0053800651803612
G32	G41	0.0053800512105226
G71	G35	0.0053799720481038
G31	G18	0.0053799008019268
G66	G79	0.0053798775188624
G63	G25	0.0053798388689756
G15	G100	0.0053797620348632
G65	G48	0.0053797611035406
G23	G34	0.0053797564469277
G56	G94	0.0053797378204762
G2	G67	0.0053796614520251
G60	G20	0.005379656329751
G37	G34	0.0053796186111867
G34	G18	0.0053796041756868
G68	G26	0.005379585083574001
G51	G3	0.0053795846179127
G81	G16	0.0053795618005096
G84	G99	0.0053795557469129
G28	G30	0.005379541311412999
G89	G88	0.0053794481791555
G5	G72	0.005379423033446
G90	G33	0.0053793927654623
G12	G53	0.005379372742027
G10	G55	0.0053793680854141
G38	G75	0.0053793499246239
G10	G44	0.0053793122060596
G14	G44	0.0053792782127857
G83	G69	0.0053792395628988
G2	G32	0.0053792158141732
G30	G5	0.0053791962563991
G77	G20	0.0053791212849318
G67	G13	0.0053790640085935
G1	G13	0.0053790570236742
G68	G8	0.0053790295496582
G19	G7	0.0053790267556905
G7	G81	0.0053790090605616
G7	G89	0.0053790071979165
G22	G46	0.0053789606317877
G91	G57	0.0053789252415299
G56	G45	0.0053787683136761
G29	G39	0.0053787338547408
G9	G24	0.0053787231445312
G2	G57	0.0053787142969667
G11	G10	0.0053787063807249
G74	G12	0.0053786886855959
G62	G44	0.0053786616772413
G13	G80	0.0053786518983542
G10	G25	0.0053786137141287
G42	G92	0.0053785974159836
G54	G67	0.005378589965402999
G98	G76	0.005378567147999999
G76	G71	0.0053785503841936
G58	G83	0.0053784768097102
G31	G86	0.0053784730844199
G64	G87	0.005378445610404001
G94	G23	0.0053784446790814
G50	G52	0.0053784362971782
G73	G93	0.0053784158080816
G53	G17	0.0053783850744366
G48	G75	0.005378384143114001
G45	G44	0.0053783766925334
G5	G79	0.0053782737813889
G10	G23	0.0053782523609697
G50	G26	0.005378199275582999
G11	G73	0.0053781475871801
G56	G62	0.0053780651651322
G95	G27	0.0053779943846166
G71	G98	0.0053779655136168
G71	G45	0.00537795946002
G33	G10	0.005377946421504001
G99	G3	0.0053778360597789
G15	G99	0.0053778230212628
G98	G69	0.0053778034634888
G71	G57	0.0053778006695210006
G13	G57	0.0053778002038598
G62	G66	0.005377774592489001
G41	G11	0.0053777676075696
G68	G59	0.0053777457214891
G59	G67	0.0053777298890054
G1	G54	0.0053776870481669
G41	G34	0.0053776274435222
G28	G59	0.0053775813430547
G83	G94	0.0053775045089423
G63	G36	0.005377504043281
G55	G28	0.0053774961270391
G90	G23	0.0053774523548781
G34	G10	0.0053773899562656
G98	G88	0.0053773708641529
G96	G47	0.0053773690015077
G39	G90	0.0053773093968629
G69	G1	0.0053772674873471
G29	G50	0.0053772400133311
G50	G87	0.0053770737722516
G22	G44	0.0053770635277032
G68	G1	0.0053770556114614
G28	G42	0.005377035588026
G60	G7	0.0053769876249134
G22	G86	0.0053769862279295
G63	G75	0.0053769606165587
G53	G54	0.005376948043704
G79	G52	0.005376944784074999
G64	G67	0.0053769326768815
G82	G64	0.0053769270889461
G15	G3	0.0053768712095916
G83	G15	0.0053767985664308
G41	G17	0.005376792512834001
G77	G30	0.0053767608478665
G58	G29	0.005376745481044
G25	G90	0.0053767361678183
G83	G31	0.0053767263889312
G60	G86	0.0053767026402056
G57	G33	0.0053767007775604
G41	G63	0.0053766714408993
G37	G82	0.0053766565397381
G74	G58	0.0053765932098031
G56	G78	0.0053765880875289
G12	G71	0.0053765317425131
G71	G60	0.0053765289485454
G68	G16	0.0053765084594488
G17	G47	0.0053764777258038
G19	G45	0.0053764325566589
G18	G72	0.0053764274343848
G25	G86	0.0053763594478368
G89	G73	0.0053763263858854
G87	G63	0.0053763259202241
G100	G59	0.0053762975148856
G59	G98	0.005376277025789
G20	G62	0.0053762444294989
G23	G16	0.0053762369789183
G69	G49	0.0053762262687087
G82	G5	0.0053762109018862
G59	G32	0.0053762020543217
G56	G48	0.0053761289454996
G22	G53	0.0053761126473546
G39	G84	0.0053761079907417
G95	G13	0.0053760726004838
G94	G13	0.0053760516457259
G11	G71	0.0053760386072099
G57	G40	0.0053760199807584
G65	G62	0.0053759468719363
G47	G95	0.0053758909925818
G52	G17	0.005375875160097999
G57	G52	0.0053757592104375
G14	G38	0.005375750362873
G16	G42	0.0053757457062602
G10	G37	0.0053757419809699
G5	G33	0.0053757135756313
G87	G46	0.005375709850341
G77	G35	0.0053757010027766
G49	G44	0.0053756623528897
G12	G17	0.0053756455890834
G25	G95	0.0053756455890834
G80	G82	0.0053756316192448
G83	G34	0.0053756139241158
G68	G40	0.0053755766712129
G18	G19	0.0053755482658743
G66	G94	0.0053755361586809
G57	G84	0.0053754807449877
G39	G28	0.0053754276596009
G71	G30	0.0053753862157464
G77	G23	0.0053753745742142
G11	G75	0.0053753652609884
G39	G41	0.0053753419779241
G53	G48	0.0053753107786178
G45	G43	0.0053752670064568
G12	G73	0.0053752260282635
G74	G52	0.0053751738741993
G2	G65	0.0053751682862639
G58	G77	0.0053751645609736
G94	G45	0.0053751305676996
G7	G10	0.0053751240484416
G77	G93	0.0053751226514577
G31	G13	0.0053751170635223
G96	G46	0.0053751012310385
G100	G3	0.0053750849328935
G36	G77	0.0053750821389257
G1	G2	0.0053750728256999995
G31	G26	0.0053750486113131
G49	G73	0.0053750309161841
G31	G72	0.0053750281222164
G46	G65	0.0053749927319586
G87	G38	0.0053749815560877
G15	G87	0.0053749601356685
G37	G70	0.0053749536164104
G1	G4	0.005374914035201001
G84	G58	0.0053748721256852
G87	G89	0.0053748190402984
G30	G44	0.0053748129867017
G11	G45	0.0053748087957501
G21	G2	0.0053747524507343
G45	G1	0.005374745465815
G21	G85	0.005374685395509
G26	G4	0.0053746313787996
G71	G42	0.0053746080957353
G69	G59	0.005374604370445
G45	G94	0.0053745871409773
G86	G17	0.005374583415687
G82	G94	0.005374560598284
G33	G12	0.0053745228797197
G29	G17	0.0053744721226394
G19	G82	0.0053744465112686
G55	G93	0.0053744432516396
G50	G47	0.0053744101896882
G58	G94	0.0053743035532534
G62	G70	0.0053741903975605
G86	G69	0.0053741363808512
G21	G82	0.0053740381263196
G73	G80	0.0053740334697067
G46	G63	0.0053740250878036
G84	G61	0.0053739254362881
G19	G43	0.0053739203140139
G24	G71	0.0053737913258373
G54	G29	0.0053737154230475
G58	G57	0.0053737056441605
G7	G13	0.0053736930713057
G72	G48	0.0053736879490315
G27	G18	0.0053736823610961
G41	G78	0.0053736241534352
G95	G39	0.0053736167028546
G42	G37	0.0053735985420644
G87	G77	0.0053735910914838
G37	G58	0.005373585037887
G59	G80	0.0053735291585326
G10	G98	0.0053735100664198
G76	G1	0.0053734555840492
G63	G73	0.0053733680397272
G27	G64	0.0053733573295176
G12	G60	0.0053733414970338
G59	G72	0.0053732930682599
G58	G47	0.0053732520900666
G68	G60	0.0053731882944703
G87	G80	0.0053731580264866
G96	G3	0.0053731501102447
G64	G54	0.0053731296211481
G58	G3	0.0053731189109385
G5	G37	0.0053730863146483
G23	G5	0.0053730793297289995
G28	G24	0.0053730667568743
G90	G21	0.0053730537183582
G88	G97	0.0053730322979390005
G37	G4	0.0053730271756649
G98	G19	0.0053729871287941
G74	G9	0.0053729028441011
G50	G12	0.0053728260099887
G34	G5	0.0053728255443274
G11	G37	0.0053728162311017
G13	G72	0.0053727966733276
G72	G23	0.0053727366030216
G34	G94	0.0053726681508123
G18	G48	0.005372648127376999
G3	G78	0.0053726411424577
G97	G57	0.0053726295009255
G15	G16	0.0053726197220385
G61	G50	0.0053726155310869
G59	G95	0.0053726038895547
G28	G73	0.0053725773468613
G12	G4	0.0053725722245872
G74	G30	0.0053725489415228
G54	G20	0.0053725396282969995
G63	G71	0.0053725368343293
G99	G36	0.0053725354373455
G64	G75	0.0053724530152976
G62	G63	0.0053723873570561
G61	G65	0.0053722872398793
G29	G43	0.005372283514589
G97	G44	0.005372246261685999
G15	G45	0.0053722313605248
G24	G5	0.0053722169250249
G63	G49	0.0053721782751381
G81	G60	0.0053721624426543
G35	G63	0.0053721419535577
G46	G75	0.0053721410222351
G91	G36	0.0053720707073807
G59	G3	0.0053720162250101
G16	G100	0.0053719766438007
G18	G80	0.0053718551062047
G31	G43	0.0053718183189630005
G69	G44	0.0053717656992375
G75	G13	0.0053717596456408
G62	G46	0.005371737293899
G21	G19	0.0053716762922704
G39	G47	0.0053716683760285
G6	G21	0.0053715682588517
G66	G83	0.0053715598769485
G15	G76	0.0053715477697551
G89	G78	0.0053715091198682
G46	G59	0.0053714886307716
G19	G14	0.0053714849054813
G34	G28	0.0053714481182396
G47	G99	0.0053714313544332
G39	G35	0.0053714290261268
G7	G87	0.0053714122623205
G22	G92	0.0053714057430624
G71	G4	0.0053713941015303
G20	G33	0.0053713368251919
G63	G47	0.0053713298402726
G46	G61	0.0053712222725152
G96	G18	0.0053712180815637
G84	G23	0.0053712069056928
G92	G17	0.005371194332838
G98	G50	0.0053711803629994
G74	G50	0.0053711757063865
G18	G81	0.0053711328655481
G88	G63	0.0053711193613708
G89	G99	0.0053711179643869
G99	G20	0.0053710960783064
G57	G17	0.0053710774518549
G87	G24	0.0053710620850324
G56	G35	0.0053710551001131
G20	G55	0.0053710481151938
G83	G25	0.0053709736093878
G80	G75	0.0053709344938397
G32	G69	0.0053709275089204
G93	G81	0.0053709023632109
G57	G67	0.0053708972409367
G57	G60	0.0053708748891949
G64	G42	0.0053708450868725
G2	G92	0.0053708436898887
G90	G52	0.0053707738406956
G61	G93	0.0053707500919699
G39	G92	0.0053707151673734
G15	G53	0.0053707025945186
G34	G79	0.0053706825710833
G17	G29	0.005370635073631999
G47	G58	0.0053705903701484
G30	G52	0.0053705610334873
G42	G18	0.0053705223836004
G35	G62	0.0053704851306974
G55	G72	0.005370405036956
G95	G19	0.0053703938610851
G66	G2	0.0053703095763921
G89	G39	0.0053702862933278
G91	G61	0.0053702089935541
G90	G20	0.0053702015429735
G30	G71	0.0053701926954090005
G1	G65	0.0053701270371675
G1	G77	0.0053701144643127
G14	G94	0.0053699859417974
G57	G19	0.0053699859417974
G80	G53	0.005369970574975001
G19	G78	0.0053699654527008
G65	G50	0.0053699319250881
G29	G65	0.0053699165582656
G48	G77	0.0053698890842497
G55	G99	0.0053698658011853
G81	G28	0.0053698546253144
G47	G50	0.0053698001429438
G66	G49	0.0053697866387665
G5	G69	0.0053697805851697
G64	G46	0.0053697661496698
G29	G19	0.0053697512485086
G99	G57	0.0053697074763476
G28	G77	0.0053696758113801
G87	G41	0.0053696674294769
G66	G57	0.0053695980459451
G63	G40	0.0053695924580097
G50	G44	0.00536944065243
G33	G62	0.0053693982772529
G73	G91	0.0053693843074142
G61	G46	0.0053693614900112
G64	G50	0.005369359627365999
G66	G5	0.0053693302907049
G37	G35	0.0053693121299147
G31	G96	0.0053692837245762
G71	G54	0.0053691761568188
G41	G55	0.0053691156208515
G90	G42	0.0053690830245614
G57	G65	0.0053690732456743
G64	G37	0.0053690136410295
G73	G62	0.0053689945489168
G35	G39	0.005368975456804
G14	G86	0.0053689745254814
G17	G52	0.0053689745254814
G24	G69	0.0053689084015786
G91	G62	0.0053688841871917
G80	G58	0.0053688832558691
G67	G52	0.0053688772022724
G72	G22	0.0053688599728047
G68	G58	0.0053688324987888
G67	G12	0.0053688045591115
G88	G62	0.0053687957115471
G31	G49	0.0053687398321926
G37	G33	0.0053686923347413
G80	G59	0.0053685852326452
G66	G4	0.0053685717284679
G89	G57	0.0053685405291616
G91	G58	0.0053685177117586
G30	G60	0.0053685079328715
G57	G93	0.0053683794103562
G13	G99	0.0053683789446949
G13	G36	0.0053683593869209
G98	G71	0.005368304438889
G3	G16	0.0053682662546634
G68	G21	0.0053682602010667
G93	G38	0.0053682466968894
G55	G100	0.005368226673454001
G14	G15	0.0053681628778576
G14	G31	0.0053681065328419
G77	G76	0.0053680217824876
G11	G69	0.0053680124692618
G21	G79	0.0053679863922297
G90	G28	0.0053679426200687
G55	G71	0.0053679021075367
G74	G64	0.0053678918629884
G87	G97	0.0053678639233112
G40	G76	0.0053677484393119
G9	G63	0.0053677349351346
G90	G80	0.0053677032701671
G90	G39	0.0053676799871027
G66	G25	0.0053676087409257
G48	G85	0.0053676036186516
G89	G86	0.0053675840608775
G63	G14	0.0053675761446356
G56	G19	0.0053675491362810005
G92	G40	0.005367531441152
G81	G45	0.0053675076924264
G5	G60	0.0053674639202654
G57	G86	0.0053674560040235
G94	G71	0.0053674248047173
G66	G11	0.0053674024529755
G68	G55	0.0053673945367336
G60	G15	0.0053673717193305
G22	G43	0.0053673717193305
G17	G16	0.0053673563525079996
G65	G44	0.005367346573621
G93	G54	0.0053673260845243
G57	G74	0.0053672739304602
G98	G74	0.0053672147914767
G22	G42	0.0053672087378799
G56	G6	0.0053671249188482
G51	G89	0.0053670611232519
G2	G23	0.0053670601919293
G71	G92	0.0053670392371714
G88	G7	0.0053670071065425
G31	G27	0.0053669777698814
G25	G39	0.0053669712506234
G88	G83	0.0053669353947043
G62	G57	0.0053668888285756
G49	G30	0.0053668492473661
G39	G23	0.0053667156025767
G76	G33	0.0053666601888835
G28	G63	0.0053666587918996
G31	G30	0.0053666261956095
G21	G33	0.0053666261956095
G30	G15	0.0053665414452552
G13	G23	0.0053665288724005
G69	G27	0.0053665139712393
G71	G21	0.0053664911538362
G7	G58	0.0053663388825953
G10	G63	0.0053663002327084
G23	G6	0.0053662713617086
G74	G77	0.0053662387654185
G25	G53	0.0053662341088056
G89	G50	0.0053662145510315
G68	G7	0.0053661433048546
G2	G46	0.005366111639887
G74	G86	0.0053661046549677
G3	G24	0.0053660790435969
G14	G8	0.0053660408593714
G25	G7	0.0053659910336136
G41	G51	0.0053659016266465
G94	G62	0.005365892779081999
G62	G58	0.0053658699616789
G73	G29	0.0053658387623727
G12	G45	0.0053657605312764
G27	G41	0.0053657512180507
G10	G67	0.0053657335229218
G34	G16	0.0053657046519219
G18	G62	0.0053656217642128
G54	G69	0.0053655635565519
G86	G99	0.005365562159568
G68	G89	0.0053655006922781
G27	G50	0.0053653642535209
G89	G37	0.0053652967326343
G69	G58	0.0053652613423764
G8	G44	0.0053652231581509
G67	G22	0.0053652026690542
G87	G47	0.0053651761263608
G75	G26	0.0053651202470064
G25	G24	0.0053650196641683
G71	G83	0.0053649838082492
G67	G60	0.0053649684414267
G83	G74	0.0053649363107979
G98	G13	0.0053649228066205
G14	G46	0.0053649116307497
G88	G29	0.0053648864850401
G72	G79	0.0053648371249437
G14	G69	0.0053648022003471
G47	G42	0.0053647262975573
G86	G61	0.0053647211752831
G19	G29	0.0053646373562514
G64	G71	0.0053646238520741
G39	G100	0.0053645614534616
G76	G21	0.0053645120933651
G19	G23	0.0053645041771233
G29	G56	0.0053645041771233
G74	G67	0.0053644981235265
G47	G65	0.0053644846193492
G47	G80	0.0053644650615751
G72	G61	0.0053644515573978
G23	G45	0.0053644040599465
G25	G89	0.0053643332794308
G27	G54	0.0053643058054149
G100	G70	0.0053642462007701
G5	G89	0.0053642243146896
G81	G27	0.0053642117418348
G83	G77	0.0053642075508832
G91	G94	0.0053641889244318
G99	G73	0.0053641824051737
G61	G84	0.0053641707636415
G89	G98	0.0053641302511096
G20	G36	0.0053640743717551
G9	G14	0.0053640641272068
G42	G64	0.0053639085963368
G67	G61	0.0053639053367078
G61	G27	0.0053638634271919
G36	G44	0.0053637749515473
G3	G23	0.0053637656383216
G57	G77	0.0053637218661606
G39	G78	0.0053636492229998
G82	G70	0.0053636445663869
G3	G92	0.0053636343218386
G99	G66	0.0053636287339031
G67	G28	0.0053636264055967
G72	G12	0.0053636105731129
G37	G9	0.0053635844960808
G90	G76	0.0053635551594197
G62	G12	0.005363552365452
G66	G76	0.0053635481745004
G81	G83	0.0053635407239198
G31	G51	0.0053634843789041
G9	G3	0.005363393574953
G83	G84	0.0053632874041795
G3	G46	0.0053632846102118
G41	G94	0.0053631952032446
G21	G40	0.0053631910122931
G94	G59	0.0053630569018423
G57	G14	0.0053630555048584
G35	G4	0.0053630014881491
G30	G85	0.0053629609756171
G21	G14	0.0053629484027624
G90	G95	0.0053629307076334
G24	G78	0.0053629213944077
G68	G22	0.005362887866795001
G63	G18	0.005362881347537
G45	G49	0.0053628114983439
G9	G42	0.0053627924062311
G35	G73	0.0053627584129571
G30	G72	0.0053627314046025
G95	G15	0.0053627304732799
G34	G59	0.0053627146407961
G22	G47	0.0053626508451998
G74	G95	0.0053626312874257
G86	G63	0.0053626243025064
G58	G21	0.0053626000881195
G1	G30	0.0053625851869583
G10	G18	0.0053624571301043
G88	G52	0.0053624487482011
G7	G51	0.0053623681887984
G89	G19	0.0053623672574758
G12	G96	0.0053623369894921
G69	G86	0.0053622932173311
G76	G68	0.0053621921688318
G62	G69	0.0053621367551386
G21	G63	0.0053621362894773
G11	G99	0.0053621144033968
G57	G87	0.0053621036931872
G94	G39	0.005362082272768
G54	G31	0.005361997988075
G14	G51	0.0053618825040757
G73	G39	0.0053618680685758
G93	G17	0.0053618173114955
G20	G99	0.0053618103265762
G87	G76	0.0053617823868989
G12	G72	0.0053617707453668
G15	G96	0.0053617032244801
G62	G80	0.0053616939112544
G89	G45	0.0053616804070769995
G88	G94	0.0053616552613675
G94	G74	0.0053615653887391
G71	G16	0.0053615639917552
G12	G26	0.0053615341894328
G19	G81	0.0053615234792232
G3	G60	0.0053615071810781
G19	G12	0.0053614913485944
G24	G56	0.0053614494390785
G71	G80	0.0053614042699337
G60	G12	0.0053614010103046
G67	G40	0.0053613963536918
G59	G79	0.00536132697016
G88	G36	0.0053613227792084
G14	G93	0.0053613209165632
G76	G42	0.0053613004274666
G93	G52	0.0053612194024026
G84	G26	0.0053610983304679
G56	G1	0.0053610862232744
G47	G38	0.0053610275499522
G11	G40	0.0053610154427587
G93	G82	0.0053610024042427
G46	G96	0.0053609707392752
G23	G58	0.0053609698079526
G23	G84	0.0053607360459864
G30	G2	0.0053607346490025
G84	G70	0.005360712762922
G77	G15	0.0053606815636157
G6	G13	0.0053605125285685
G28	G48	0.0053604738786816
G89	G70	0.005360388662666
G47	G33	0.0053603868000209
G57	G70	0.0053603663109242
G36	G48	0.0053603653796017
G57	G73	0.0053603150881826
G36	G76	0.0053602899424731
G29	G33	0.0053601888939738
G87	G31	0.0053601753897964
G71	G55	0.0053601693361997
G22	G67	0.0053601521067321
G14	G3	0.0053601432591676
G37	G42	0.0053601413965225
G82	G43	0.0053600645624101
G63	G60	0.0053599397651851
G80	G92	0.0053599374368786
G99	G76	0.0053599257953464
G99	G37	0.0053599099628627
G25	G12	0.0053598186932504
G39	G25	0.0053598158992826
G95	G57	0.0053598005324602
G63	G97	0.0053596720099449
G89	G11	0.0053596696816384
G93	G30	0.0053596291691064
G63	G65	0.0053596096113324
G15	G1	0.0053594834171235
G41	G54	0.005359364207834001
G59	G43	0.0053593460470438
G84	G16	0.0053593437187373
G62	G50	0.0053593260236084
G42	G48	0.0053593222983181
G94	G5	0.0053593115881085
G68	G76	0.0053592841140925
G84	G100	0.005359283182770001
G35	G80	0.0053592384792864
G74	G83	0.0053592282347381
G34	G20	0.005359215196222
G12	G77	0.0053591933101415
G90	G50	0.0053591066971421
G47	G25	0.0053590559400618
G74	G76	0.0053590550087392
G48	G2	0.005359043367207
G19	G79	0.0053590345196425
G96	G45	0.0053590196184813
G84	G46	0.0053590140305459
G81	G61	0.0053589739836752
G28	G26	0.0053588775917887
G99	G86	0.0053588161244988
G81	G29	0.0053587346337735
G55	G96	0.0053586401045322
G30	G8	0.005358628463
G74	G55	0.0053586009889841
G12	G43	0.0053585250861942
G9	G30	0.0053585148416459
G62	G100	0.005358506925404001
G14	G85	0.0053584882989525
G37	G77	0.0053584743291139
G48	G45	0.0053584640845656
G37	G57	0.0053584133274853
G94	G2	0.0053584123961627
G90	G63	0.0053583811968564
G68	G41	0.0053583616390824
G99	G52	0.0053583467379212
G66	G42	0.0053583295084536
G44	G13	0.0053582857362926
G30	G89	0.0053582810796797
G98	G20	0.0053582764230668
G30	G25	0.0053582466207444
G68	G96	0.0053581893444061
G73	G18	0.0053580701351165
G34	G86	0.005358041729778
G7	G27	0.0053580179810523
G47	G16	0.0053579472005367
G76	G74	0.0053578936494886
G69	G19	0.0053578591905534
G80	G47	0.0053577981889247
G10	G100	0.005357795394956999
G21	G96	0.0053577707149088
G12	G59	0.0053577218204736
G19	G91	0.0053577059879899
G95	G50	0.0053576645441353
G34	G87	0.005357529502362
G100	G62	0.0053574992343783
G90	G7	0.0053574279882013
G19	G32	0.0053574228659272
G59	G92	0.0053573981858789
G66	G61	0.0053573134355247
G68	G54	0.0053573092445731
G90	G4	0.0053573069162666
G89	G83	0.0053572980687022
G88	G50	0.0053572859615087
G85	G57	0.0053572733886539
G73	G49	0.0053572598844766
G30	G79	0.0053572463802993
G35	G31	0.0053571765311062
G83	G33	0.0053571681492030005
G15	G20	0.0053571467287838
G89	G53	0.0053571127355098
G9	G85	0.0053570796735584
G2	G34	0.0053570782765746
G98	G51	0.0053570750169456
G11	G29	0.0053570088930428
G15	G90	0.0053569646552205
G25	G84	0.0053569432348012
G14	G25	0.0053569017909467
G21	G29	0.0053568948060274
G71	G62	0.0053568668663501
G31	G23	0.0053568026050925
G64	G10	0.0053567807190119995
G88	G99	0.0053567611612379
G19	G55	0.0053567090071737
G56	G36	0.0053566535934805
G80	G3	0.0053566461428999
G75	G46	0.0053565520793199
G94	G26	0.0053565478883683
G19	G28	0.0053565213456749
G82	G22	0.0053564691916108
G86	G43	0.005356459878385
G7	G53	0.0053563965484499
G54	G77	0.0053563900291919
G97	G47	0.0053563313558697
G15	G77	0.0053562270477414
G88	G18	0.0053561432287096
G94	G75	0.0053561422973871
G72	G19	0.0053561115637421
G7	G85	0.0053560649976134
G30	G86	0.0053560598753392
G86	G23	0.0053560398519039
G94	G50	0.0053560324013233
G42	G43	0.0053559690713882
G18	G66	0.0053559062071144
G55	G16	0.0053558992221951
G28	G2	0.0053558242507278
G56	G53	0.0053558056242764
G88	G91	0.0053557283245027
G65	G12	0.0053556687198579
G66	G91	0.0053556249476969
G66	G27	0.0053554461337625
G33	G19	0.0053554312326014
G62	G99	0.0053554167971014
G39	G55	0.0053554140031337
G22	G13	0.0053553720936179
G92	G79	0.0053553669713437
G74	G35	0.0053553618490695
G26	G95	0.0053553176112473
G64	G27	0.005355296190828
G41	G95	0.0053552850149571
G47	G3	0.0053552826866507
G72	G73	0.0053552165627479
G11	G57	0.0053552002646028
G100	G42	0.0053551099263131
G47	G46	0.005355108063668
G63	G7	0.0053550875745713
G96	G61	0.005355080589652001
G67	G73	0.0053550591692328
G61	G24	0.0053550093434751
G83	G67	0.0053550051525235
G74	G82	0.0053549902513623
G95	G33	0.0053549702279269
G57	G20	0.0053549320437014
G96	G21	0.0053549162112176
G23	G21	0.005354777444154001
G81	G3	0.0053547490388154
G80	G89	0.0053547406569123
G94	G27	0.0053546638227999
G68	G52	0.0053546559065579995
G77	G65	0.0053546181879937
G27	G57	0.0053545669652521
G15	G21	0.005354506894946
G62	G86	0.0053544803522527
G88	G35	0.0053544719703495
G55	G7	0.0053544430993497
G87	G32	0.0053544184193015
G83	G5	0.0053544021211564
G18	G39	0.0053543718531727
G63	G51	0.0053543457761406
G12	G29	0.0053542400710284
G57	G1	0.0053542354144155
G30	G94	0.0053541366942226
G3	G58	0.0053541157394647
G83	G81	0.0053540701046586
G2	G15	0.0053539732471108
G83	G17	0.0053539471700787
G80	G42	0.0053539145737886
G11	G92	0.0053538437932729
G58	G45	0.0053537669591605
G41	G98	0.0053537576459348
G17	G30	0.0053537492640316
G92	G36	0.0053537241183221
G3	G54	0.0053537171334028
G27	G1	0.0053536249324679
G26	G42	0.0053535941988229
G59	G53	0.0053535783663392
G9	G81	0.0053535480983555
G61	G33	0.0053534801118075
G84	G89	0.0053534116595983
G84	G4	0.0053533655591309
G100	G89	0.0053533460013568
G76	G66	0.0053533082827925
G13	G43	0.0053532919846475
G94	G86	0.0053532645106315
G37	G80	0.0053532216697931
G92	G33	0.0053531597368419
G62	G56	0.0053531271405518
G5	G28	0.0053530973382294
G39	G37	0.0053529790602624
G35	G54	0.0053529636934399
G90	G88	0.0053529073484241
G82	G62	0.0053528915159404
G60	G62	0.0053528887219727
G35	G30	0.0053528659045696
G74	G16	0.0053528635762631
G6	G92	0.0053527234122157
G35	G42	0.0053526754491031
G26	G50	0.0053526083938777
G96	G39	0.0053523848764598
G2	G99	0.0053523532114923
G60	G18	0.0053522530943155
G29	G45	0.0053522437810897
G93	G43	0.0053522121161222
G87	G21	0.0053522074595093
G77	G10	0.0053521725349128
G96	G23	0.0053521301597356
G53	G26	0.0053520798683166
G30	G24	0.0053520654328167
G95	G41	0.0053520477376878
G29	G1	0.0053519415669143
G34	G23	0.0053519140928983
G23	G62	0.0053518568165600005
G27	G22	0.005351829342544001
G93	G53	0.0053517981432378
G22	G83	0.0053517599590122
G48	G28	0.0053517338819801
G34	G35	0.0053517241030931
G99	G46	0.0053517050109803
G74	G54	0.0053516752086579
G9	G80	0.0053515257313847
G66	G69	0.0053515234030783
G45	G88	0.0053514558821916
G61	G17	0.0053514149039983
G81	G33	0.0053513818420469
G61	G13	0.0053513534367084
G19	G10	0.0053513450548052
G31	G70	0.0053513441234827
G6	G12	0.0053513054735958
G88	G3	0.0053513050079345
G19	G65	0.0053512812592089
G37	G18	0.0053511932492256
G36	G97	0.0053511904552578
G73	G69	0.0053511490114033
G6	G62	0.0053511490114033
G39	G30	0.0053511471487581
G46	G89	0.0053511098958551
G98	G44	0.0053510996513068
G86	G13	0.005351077299565
G27	G21	0.0053510065190494
G27	G86	0.0053509706631302
G90	G2	0.0053509110584855
G19	G34	0.0053508761338889
G61	G60	0.0053508756682276
G86	G26	0.0053507508710026
G14	G62	0.0053507131524384
G73	G65	0.0053505906835198
G47	G27	0.0053505883552134
G88	G33	0.0053503573872148
G77	G72	0.0053503401577472
G61	G16	0.0053503368981182
G29	G55	0.0053503336384892
G54	G82	0.005350331775843999
G15	G46	0.0053503075614571
G9	G20	0.0053502349182963
G27	G3	0.0053501902148127
G99	G23	0.0053501795046031
G14	G6	0.0053501185029745
G57	G11	0.0053501022048294
G6	G79	0.0053500905632972
G33	G57	0.0053500854410231
G3	G70	0.0053500751964747
G59	G83	0.0053500663489103
G57	G51	0.0053500495851039
G27	G43	0.0053500263020396
G74	G26	0.0053499988280236
G68	G67	0.0053499289788305
G94	G88	0.0053499168716371
G80	G36	0.0053498768247663
G74	G60	0.0053498046472668
G84	G88	0.0053497813642024
G92	G96	0.0053496551699936
G74	G96	0.0053496453911066
G81	G26	0.0053496430628001
G42	G65	0.0053495070897042
G21	G76	0.0053494758903979995
G16	G39	0.0053494302555918
G11	G13	0.0053494176827371
G93	G16	0.0053494088351726
G15	G85	0.0053494079038500005
G21	G41	0.0053493641316890005
G81	G67	0.005349307321012
G71	G88	0.0053492975421249
G74	G25	0.0053492942824959
G36	G75	0.0053491401486098
G87	G43	0.0053490698337554
G71	G6	0.0053488728590309
G63	G5	0.0053488407284021
G72	G26	0.0053487713448703
G24	G47	0.0053487136028707
G87	G19	0.0053486926481127
G84	G74	0.005348683334887
G41	G35	0.0053486633114516
G74	G36	0.0053486572578549
G94	G66	0.0053486470133066
G55	G86	0.0053486004471778
G56	G89	0.0053485399112105
G63	G50	0.0053485170938074
G74	G31	0.0053485012613236
G35	G10	0.0053483201190829
G37	G72	0.0053482842631638
G89	G96	0.0053482591174542
G7	G45	0.0053482120856642
G53	G1	0.0053480300121009
G64	G55	0.0053479988127946
G12	G52	0.0053479853086173
G69	G62	0.0053477697074413
G61	G83	0.0053476714529097
G56	G21	0.0053476425819098
G89	G22	0.0053476230241358
G71	G64	0.0053475932218134
G12	G1	0.0053475638851523
G64	G29	0.0053475140593945
G36	G52	0.0053474912419915
G15	G26	0.0053474716842174
G43	G2	0.0053473943844437
G53	G55	0.0053473906591534
G73	G40	0.0053472812287509
G37	G26	0.0053472183644771
G57	G69	0.0053471680730581
G30	G61	0.0053471638821065
G41	G37	0.0053471103310585
G68	G69	0.0053470237180590005
G95	G97	0.0053470223210752
G84	G3	0.0053470153361558
G47	G100	0.0053469780832529
G87	G52	0.0053469659760594
G41	G92	0.0053469273261725
G10	G41	0.0053469249978661
G57	G35	0.0053467727266252
G90	G57	0.005346757825464001
G19	G97	0.0053466674871742
G71	G27	0.0053466204553842
G58	G54	0.0053465901874005
G30	G36	0.0053465827368199
G22	G19	0.0053465822711586
G7	G12	0.005346568301319999
G98	G92	0.005346565041691
G74	G46	0.005346555262804
G90	G87	0.0053465459495782
G25	G98	0.0053464979864656
G22	G97	0.0053464523516595
G56	G44	0.0053464397788047
G99	G48	0.005346218124032001
G94	G73	0.0053461720235645
G87	G79	0.0053461347706615
G88	G64	0.0053461077623069
G74	G1	0.0053460933268069995
G33	G43	0.0053460141643881
G47	G86	0.0053458721376955
G12	G94	0.0053458246402442
G88	G44	0.0053457636386156
G23	G12	0.0053457468748092
G24	G16	0.005345731973648
G7	G63	0.0053455741144716
G74	G32	0.0053455373272299
G31	G10	0.0053455154411494
G89	G46	0.005345300771296
G65	G13	0.0053452732972799994
G39	G51	0.0053452295251189995
G88	G38	0.005345185752958
G89	G20	0.0053451564162969
G81	G78	0.0053450898267328
G21	G15	0.0053450781852006
G56	G41	0.0053449631668627
G81	G19	0.0053449622355401
G84	G6	0.0053449515253305
G10	G16	0.0053449082188308
G35	G22	0.0053447349928319
G84	G24	0.0053446269594132
G47	G72	0.005344602279365
G15	G54	0.0053445338271558
G76	G60	0.0053444816730916
G87	G54	0.0053444667719304
G60	G57	0.0053444057703018
G23	G95	0.0053443419747054
G64	G2	0.0053443210199475
G81	G71	0.0053441757336258
G67	G82	0.0053440378978848
G60	G73	0.005343968514353
G71	G50	0.0053439624607563
G11	G51	0.0053439498879015
G27	G75	0.0053439475595951
G25	G36	0.0053439447656273
G87	G15	0.0053439224138855
G99	G10	0.0053438954055309
G48	G12	0.0053438507020473
G12	G88	0.0053437571041285
G46	G81	0.0053437454625964
G65	G33	0.0053437440656125
G7	G92	0.0053436933085322
G34	G17	0.0053434493020176
G19	G74	0.0053434264846146
G55	G63	0.005343401338905
G71	G41	0.0053434004075825
G15	G65	0.0053433473221957
G16	G86	0.0053433286957442
G39	G89	0.0053433226421475
G30	G6	0.0053433165885508
G87	G16	0.0053432788699865
G29	G91	0.005343188997358
G15	G28	0.0053431512787938
G74	G72	0.0053431508131325
G63	G48	0.0053431359119713
G62	G95	0.005343081895262
G39	G2	0.0053430330008268
G21	G20	0.0053429114632308
G24	G20	0.0053429100662469
G55	G12	0.0053428900428116
G76	G46	0.0053427992388606
G42	G39	0.0053426665253937
G30	G96	0.0053425976075232
G100	G99	0.0053424788638949
G56	G51	0.0053424756042659
G35	G88	0.0053423475474119
G63	G96	0.0053422669880092
G94	G89	0.0053422506898641
G80	G79	0.0053422460332512
G98	G31	0.0053421664051711
G48	G76	0.0053420523181557
G77	G84	0.0053420518524944
G60	G67	0.0053419317118823
G97	G45	0.0053419261239469
G14	G63	0.0053419042378664
G60	G26	0.0053419033065438
G61	G87	0.0053418837487697
G13	G47	0.0053417775779962
G29	G87	0.005341749638319001
G95	G24	0.0053416928276419
G39	G97	0.0053416700102388
G29	G47	0.0053416155278682
G92	G85	0.0053416062146425
G54	G15	0.0053415652364492
G63	G76	0.0053414795547723
G39	G9	0.0053414674475789
G74	G44	0.00534143531695
G15	G48	0.0053414003923535
G12	G86	0.0053413528949022
G84	G65	0.0053413142450153
G41	G97	0.0053412830457091
G10	G81	0.0053412602283059996
G19	G50	0.0053412495180964
G81	G17	0.0053412364795804
G71	G84	0.0053412192501127
G66	G59	0.0053410781547427
G57	G7	0.0053410730324685
G66	G55	0.0053410693071782
G31	G52	0.0053410260006785
G99	G100	0.0053409677930176
G9	G21	0.0053408616222441
G66	G80	0.0053408350795507
G21	G70	0.0053407792001962
G20	G89	0.0053407135419547
G22	G63	0.0053406762890517
G21	G12	0.0053405635990202
G87	G14	0.0053405435755848
G47	G14	0.0053405156359076
G56	G95	0.0053404364734888
G10	G48	0.005340396426618
G55	G84	0.0053403656929731
G89	G80	0.0053402986377477
G58	G78	0.005340140312909999
G36	G28	0.0053400415927171
G82	G99	0.0053399028256535
G72	G39	0.0053398814052343
G22	G60	0.005339880939572999
G65	G75	0.0053398618474602
G48	G39	0.0053398222662508
G3	G40	0.0053397109732031
G55	G62	0.0053396839648485
G39	G58	0.0053396415896713
G24	G65	0.0053395219147205
G80	G19	0.0053394171409308
G36	G20	0.0053394078277051
G64	G61	0.0053393621928989
G62	G51	0.0053393021225929
G39	G86	0.0053391144610941
G61	G21	0.0053391098044812
G54	G26	0.0053390325047075
G47	G74	0.0053389854729175
G21	G36	0.0053389812819659
G73	G83	0.0053389552049338
G55	G77	0.0053388038650155
G41	G10	0.0053387181833386
G74	G90	0.0053386753425002
G73	G33	0.0053386590443551
G59	G50	0.0053386040963232
G80	G73	0.0053385682404041
G80	G39	0.0053384932689368
G80	G24	0.0053384588100016
G66	G92	0.0053383242338895
G21	G43	0.0053382576443254
G93	G14	0.0053382175974547
G84	G54	0.0053381822071969
G24	G72	0.0053381738252937
G65	G99	0.005338164512067999
G55	G42	0.0053381128236651
G31	G37	0.0053380960598587
G66	G30	0.0053380806930363
G57	G34	0.0053380196914076
G86	G84	0.0053379447199404
G61	G42	0.0053379256278276
G71	G56	0.0053379004821181
G89	G72	0.0053378664888441
G33	G26	0.005337830632925
G37	G62	0.005337820854038
G63	G62	0.0053377831354737
G7	G2	0.0053377663716673
G88	G85	0.0053377421572804
G57	G58	0.0053375614807009
G54	G70	0.0053375051356852
G96	G99	0.0053375042043626
G22	G82	0.005337432026863
G64	G51	0.0053373998962342
G18	G79	0.0053373095579445
G24	G63	0.0053372900001704
G63	G90	0.0053371516987681
G58	G42	0.0053371465764939
G73	G72	0.0053370939567685
G22	G17	0.0053369658999145
G88	G96	0.0053369565866887
G81	G57	0.0053369509987533
G20	G28	0.0053369179368019
G25	G94	0.0053367898799479
G5	G82	0.005336717236786999
G84	G33	0.0053366683423519
G7	G36	0.0053366543725132
G87	G20	0.0053366515785455
G19	G42	0.0053364862687885
G66	G54	0.0053364788182079
G34	G4	0.0053364187479019
G9	G13	0.0053364154882729
G84	G41	0.005336333066225001
G22	G30	0.0053362241014838
G22	G37	0.0053362054750323
G61	G19	0.0053361970931291
G68	G34	0.0053361929021775
G94	G72	0.0053361705504357
G27	G95	0.005336154717952
G88	G13	0.0053361281752586
G71	G66	0.0053360755555331
G60	G1	0.0053360639140009
G80	G35	0.0053360504098236
G24	G82	0.0053357970900833
G25	G30	0.0053357146680355
G88	G23	0.0053357072174549
G77	G58	0.0053356410935521
G5	G44	0.0053356341086328
G66	G26	0.0053356275893747
G70	G7	0.0053356229327619
G24	G77	0.0053356201387941
G71	G48	0.0053356140851974
G47	G34	0.0053355572745203
G63	G3	0.0053355400450527
G29	G86	0.0053355153650045
G89	G30	0.005335499998182
G57	G16	0.0053353793919086
G54	G58	0.005335328169167
G56	G63	0.0053353123366832
G76	G77	0.0053353044204413
G54	G33	0.0053351987153291
G37	G74	0.0053351521492004
G76	G97	0.0053351176902651
G13	G86	0.0053351111710071
G69	G77	0.0053350231610238
G83	G61	0.0053350087255239
G84	G63	0.0053349458612501
G31	G95	0.0053349412046372
G24	G87	0.0053346743807196
G87	G35	0.005334666930139
G6	G69	0.005334653891623
G7	G55	0.005334576126188
G41	G96	0.0053345113992691
G76	G50	0.0053344941698014
G24	G59	0.0053344806656241
G96	G12	0.0053344680927693
G35	G16	0.0053344327025115
G33	G47	0.0053344038315117
G63	G100	0.0053343712352216
G39	G50	0.0053343628533184
G89	G52	0.0053343456238508
G66	G71	0.0053343325853347
G63	G55	0.0053342650644481
G88	G55	0.0053341989405453
G47	G52	0.0053341891616582
G87	G25	0.0053341812454164
G81	G99	0.0053341411985456
G34	G12	0.0053341262973845
G94	G55	0.0053339730948209
G23	G59	0.0053339186124503
G61	G26	0.0053339055739343
G35	G74	0.0053338594734668
G30	G21	0.0053338166326284
G71	G46	0.0053337444551289
G36	G86	0.0053337388671934
G30	G67	0.0053337207064032
G93	G44	0.0053337039425969
G13	G39	0.0053336634300649
G35	G94	0.0053336201235651
G49	G77	0.0053335060365498
G35	G36	0.0053334957920014
G61	G55	0.0053334063850343
G3	G71	0.0053333630785346
G56	G52	0.0053332946263253
G84	G48	0.0053332541137933
G68	G13	0.005333169363439001
G41	G69	0.0053330808877944
G71	G23	0.0053330580703914
G34	G3	0.0053329803049564
G35	G53	0.0053329207003116
G57	G78	0.0053328745998442
G24	G42	0.0053328666836023
G31	G39	0.0053328615613281
G93	G51	0.0053328545764088
G10	G86	0.0053327162750065
G30	G38	0.0053326883353292
G74	G93	0.0053325886838138
G39	G17	0.005332542117685001
G25	G34	0.0053325146436691
G99	G58	0.0053324783220887
G18	G30	0.0053323758766055
G61	G56	0.0053323400206863
G15	G68	0.0053323041647672
G56	G25	0.0053322897292673
G28	G53	0.0053322450257837
G3	G65	0.0053322212770581
G21	G69	0.0053316843695938
G29	G82	0.0053315721452236
G83	G50	0.0053314585238695
G10	G80	0.0053313635289669
G89	G58	0.0053313551470637
G31	G79	0.0053312964737415
G63	G72	0.0053312648087739
G77	G39	0.0053312638774514
G58	G33	0.0053310706280171
G83	G42	0.0053309965878725
G54	G99	0.0053306804038584
G84	G66	0.0053304745815694
G58	G36	0.0053304298780858
G73	G37	0.0053303930908441
G99	G13	0.005330367013812
G37	G6	0.0053302994929254
G81	G2	0.0053302315063774
G100	G33	0.0053302170708775
G67	G99	0.0053302077576518
G62	G87	0.0053301262669265
G77	G36	0.0053301034495234
G64	G85	0.0053299767896533
G95	G37	0.005329901818186
G29	G67	0.0053297746926546
G28	G57	0.0053297383710742
G86	G97	0.0053296387195587
G30	G47	0.0053295572288334
G21	G47	0.005329554900527
G23	G81	0.0053294962272048
G30	G74	0.0053294147364795
G34	G56	0.0053294016979634
G36	G92	0.005329268053174001
G72	G89	0.0053292452357709
G89	G33	0.0053290291689336
G30	G29	0.0053289788775146
G29	G69	0.0053289760835468
G84	G19	0.0053289299830794
G54	G6	0.0053287362679839
G76	G84	0.0053287176415324
G73	G15	0.0053287167102098
G73	G12	0.0053286869078874
G99	G28	0.0053285378962755
G39	G40	0.0053283269517123
G30	G100	0.0053282873705029
G43	G13	0.005328272935003001
G59	G88	0.0053282473236322
G25	G57	0.0053281835280358
G24	G21	0.005328080151229999
G87	G73	0.005327888764441
G63	G61	0.0053278850391507
G56	G42	0.0053278002887964
G35	G91	0.0053276908583939
G80	G48	0.0053276256658136
G3	G77	0.0053274128586053
G39	G1	0.0053273667581379
G72	G57	0.0053272354416549
G87	G57	0.0053269416093826
G6	G77	0.0053267483599483
G86	G28	0.0053267395123839
G36	G23	0.005326613318175
G27	G33	0.0053261276334524
G54	G63	0.0053261071443557
G62	G33	0.0053260275162756
G59	G97	0.005325986072420999
G58	G2	0.005325945559889
G74	G97	0.0053258743137121
G94	G48	0.0053258561529219
G39	G69	0.0053257117979228
G48	G72	0.0053256438113749
G59	G16	0.0053256303071975
G35	G64	0.0053254258818924
G94	G80	0.0053254128433763
G21	G51	0.0053252414800226
G27	G97	0.0053252005018293
G76	G65	0.0053251697681844
G9	G44	0.005325024947524
G10	G58	0.0053250030614435
G76	G36	0.0053249788470566
G80	G10	0.0053249490447342
G21	G92	0.0053248708136379
G24	G12	0.0053248307667672
G19	G87	0.0053247814066708
G72	G50	0.0053247711621224
G87	G23	0.0053247357718646
G30	G34	0.0053242887370288
G74	G40	0.0053241970017552
G55	G79	0.0053241476416587
G64	G21	0.0053238635882735
G35	G93	0.0053238566033542
G94	G52	0.0053237956017255
G58	G88	0.0053235348314046
G12	G84	0.0053235059604048
G39	G70	0.0053234258666634
G3	G96	0.0053233089856803
G88	G58	0.0053232675418257
G63	G59	0.0053232060745358
G64	G33	0.0053231846541166
G93	G20	0.005323146469891
G15	G64	0.0053231087513267
G64	G35	0.005322981160134
G31	G78	0.0053229401819407
G80	G95	0.0053228959441185
G6	G44	0.0053226551972329
G73	G47	0.0053226533345878
G61	G64	0.0053225117735564
G5	G50	0.0053222994320094
G83	G21	0.0053218277171254
G7	G47	0.0053216288797557
G30	G9	0.0053214263170957
G2	G22	0.0053214230574667
G41	G21	0.005321399308741001
G9	G55	0.0053212535567581
G24	G62	0.0053212125785648
G35	G2	0.0053209913894534
G80	G56	0.0053209769539535
G25	G26	0.0053208190947771
G22	G10	0.0053207157179713
G39	G81	0.0053206435404717
G80	G26	0.0053204661235213
G72	G86	0.0053202724084258
G31	G93	0.0053202672861516
G67	G86	0.0053201294504106
G100	G75	0.0053200847469269995
G59	G99	0.0053200777620077
G21	G55	0.0053199883550405
G84	G72	0.005319635849446
G88	G37	0.0053196190856397
G93	G36	0.0053195329383015
G15	G55	0.0053194994106888
G30	G50	0.0053194873034954
G60	G87	0.0053194593638181
G88	G80	0.0053192786872386
G94	G41	0.005319146439433
G59	G63	0.005319139920175
G63	G67	0.0053191049955785
G30	G45	0.005319052375853
G85	G92	0.005318877287209
G54	G96	0.0053187417797744
G41	G42	0.0053186849690973
G71	G94	0.0053185992874205
G41	G30	0.0053184032440185
G59	G58	0.0053177615627646
G15	G33	0.0053176805377006
G56	G72	0.0053176595829427
G93	G75	0.0053175692446529
G13	G44	0.0053173815831542
G72	G13	0.0053173773922026
G29	G88	0.0053172493353486
G13	G77	0.0053171487525105
G47	G92	0.005316964816302
G19	G36	0.0053167743608355
G93	G65	0.0053167711012065
G99	G80	0.0053166761063039
G41	G16	0.0053165857680141
G92	G97	0.0053164670243859
G74	G42	0.0053164237178862
G39	G52	0.0053161256946623
G19	G2	0.0053157680667936
G3	G81	0.0053157662041485
G22	G84	0.0053157052025198
G94	G76	0.0053155929781496
G81	G12	0.0053155431523919
G7	G72	0.0053154723718762
G84	G45	0.0053154388442635
G15	G58	0.0053154327906668
G31	G46	0.0053153065964579
G94	G1	0.0053151496686041
G87	G70	0.0053151249885559
G58	G87	0.0053151128813624
G60	G83	0.0053150001913309
G93	G35	0.0053149773739278
G29	G89	0.0053149410523474
G86	G77	0.0053148702718317
G77	G3	0.0053148507140576
G21	G81	0.0053146774880588
G23	G2	0.0053144749253988
G21	G93	0.0053143422119319
G64	G96	0.0053142951801419
G41	G56	0.0053142225369811
G71	G53	0.0053141955286264
G71	G85	0.0053140139207243
G22	G72	0.0053138597868382
G31	G98	0.0053130388259887
G24	G50	0.00531289819628
G92	G78	0.0053128940053284
G99	G67	0.0053128916770219
G8	G12	0.0053127654828131
G84	G76	0.0053127496503293
G34	G46	0.0053127254359424
G30	G57	0.0053124632686376
G3	G21	0.0053123822435736
G53	G28	0.0053122960962355
G74	G47	0.005312280729413
G29	G2	0.0053121941164135
G73	G24	0.0053120413795113
G83	G52	0.0053119035437703
G15	G97	0.0053118867799639
G35	G44	0.0053116646595299
G88	G86	0.0053113354369997
G63	G99	0.0053109326399862
G99	G47	0.0053109186701476
G81	G50	0.0053109033033251
G26	G99	0.0053106918931007
G41	G44	0.0053106797859072
G63	G22	0.0053105861879885
G72	G7	0.0053103752434253
G93	G61	0.0053103668615221
G81	G87	0.0053102779202163
G22	G87	0.0053101177327334
G57	G63	0.0053099649958312
G81	G92	0.005309872329235
G94	G96	0.0053098425269126
G61	G95	0.0053097219206392
G19	G21	0.0053096110932528
G74	G14	0.0053095389157533
G25	G65	0.0053094234317541
G56	G7	0.0053093843162059
G84	G86	0.0053093638271093
G93	G21	0.0053092739544808
G84	G81	0.0053091985173523
G62	G6	0.0053090341389179
G58	G26	0.0053090238943696
G57	G80	0.0053087826818227
G41	G33	0.0053087221458554
G88	G30	0.0053086788393557
G39	G62	0.0053085894323885
G39	G65	0.0053083146922289996
G27	G78	0.0053083030506968
G59	G77	0.0053082932718098
G84	G43	0.0053082332015037
G35	G47	0.0053080846555531
G73	G99	0.0053079109638929
G27	G47	0.0053078024648129
G24	G46	0.0053077987395226
G15	G56	0.0053075556643307
G42	G44	0.0053075496107339
G3	G19	0.0053075333125889
G30	G12	0.0053074057213962
G99	G26	0.0053070820868015
G35	G37	0.0053070592693984
G5	G23	0.0053069265559315
G39	G94	0.0053068995475769
G22	G35	0.005306847859174
G31	G69	0.0053067943081259
G19	G63	0.0053065805695950005
G87	G91	0.0053064431995153
G30	G95	0.0053063402883708
G36	G82	0.0053061139769852
G56	G39	0.0053060082718729
G66	G10	0.0053058871999382
G24	G67	0.0053057149052619
G42	G55	0.0053056008182466
G35	G48	0.0053055835887789
G96	G44	0.0053053810261189
G35	G1	0.0053049814887344
G24	G48	0.0053049670532345
G74	G19	0.0053048185072839
G19	G39	0.0053046438843011
G31	G48	0.0053044464439153
G93	G13	0.0053043933585286
G84	G18	0.0053043053485453
G60	G44	0.0053040478378534
G24	G99	0.0053034522570669
G57	G23	0.0053034317679703
G66	G99	0.0053033782169222
G74	G34	0.0053033335134387
G30	G81	0.0053031030111014
G35	G26	0.0053030448034405
G93	G77	0.0053030122071504
G39	G36	0.0053028673864901
G66	G87	0.0053027966059744
G3	G67	0.0053026643581688
G37	G44	0.0053025661036372
G30	G19	0.0053024585358798
G30	G75	0.0053023258224129
G98	G26	0.0053023188374936
G34	G47	0.005302295088767999
G30	G33	0.0053021488711237
G63	G44	0.0053017809987068
G84	G47	0.0053017539903521
G35	G55	0.0053015346638858
G64	G79	0.0053015011362731
G35	G49	0.0053013716824352
G26	G81	0.0053012347780168
G22	G16	0.0053011928685009
G22	G12	0.0053011388517916
G57	G44	0.0053009884431958
G71	G86	0.0053009768016636
G89	G12	0.0053004389628767
G64	G69	0.0053002913482487
G27	G19	0.0053001604974269
G100	G77	0.0053000450134277
G39	G54	0.0052998205646872
G64	G81	0.0052997758612036
G74	G57	0.0052997679449617
G35	G87	0.005299650132655999
G31	G21	0.0052995015867054
G93	G78	0.0052994708530604
G2	G81	0.0052994480356574
G30	G99	0.0052986345253884
G21	G95	0.0052982494235038
G94	G19	0.0052978862076997
G64	G47	0.0052977688610553
G30	G66	0.0052976291626691
G15	G89	0.0052976259030401
G88	G72	0.0052970978431403
G92	G84	0.0052969399839639
G54	G79	0.0052968468517065
G34	G41	0.0052966740913689
G76	G58	0.0052966363728046
G24	G39	0.0052966335788369
G30	G43	0.0052960943430662
G63	G81	0.0052958847954869
G94	G44	0.0052956081926822
G23	G96	0.0052953395061194
G22	G91	0.0052952608093619
G81	G39	0.0052950419485569
G39	G49	0.0052949590608477
G74	G29	0.0052949236705899
G61	G67	0.0052943709306418
G21	G86	0.0052943332120776
G80	G87	0.0052943197079002
G30	G7	0.0052936379797756
G99	G92	0.0052934121340513
G24	G79	0.0052928528748452
G36	G46	0.0052923713810741
G87	G62	0.0052921851165592
G73	G28	0.0052921082824468
G30	G3	0.0052910936065018
G56	G12	0.0052910163067281
G39	G56	0.0052903485484421
G36	G26	0.0052902977913618
G19	G33	0.0052894880063831
G56	G26	0.0052891285158693
G71	G43	0.0052888859063386
G12	G8	0.0052888025529682
G3	G33	0.0052883513271808
G35	G79	0.005287492647767
G27	G12	0.005287014413624999
G19	G46	0.0052865417674183
G47	G48	0.005286518484354001
G93	G47	0.0052860784344375
G12	G81	0.0052860067225992
G30	G13	0.0052857608534395
G22	G59	0.0052850968204438
G84	G39	0.0052849748171865
G12	G44	0.0052843005396425
G71	G79	0.0052840979769825
G3	G86	0.0052825803868472
G22	G76	0.0052819112315773
G30	G23	0.0052814469672739
G55	G26	0.0052809626795351
G57	G47	0.0052806949242949
G29	G58	0.005280356388539
G39	G33	0.0052795936353504
G76	G86	0.0052792644128203
G15	G44	0.0052783824503421
G87	G92	0.0052768131718039
G47	G77	0.0052766501903533
G64	G77	0.0052761426195502
G87	G81	0.0052757044322788
G35	G65	0.005275703035295
G23	G77	0.0052749798633158
G59	G23	0.0052747502923011
G87	G40	0.0052744913846254
G41	G46	0.0052738729864358
G30	G26	0.005273750051856
G99	G19	0.0052734068594872
G35	G66	0.0052733784541487
G15	G13	0.0052726431749761
G87	G28	0.0052721262909471
G36	G2	0.0052716117352247
G30	G76	0.0052710222080349
G30	G40	0.0052709663286805
G39	G48	0.0052703153342008
G87	G48	0.0052697048522531
G35	G70	0.0052689625881612
G84	G77	0.0052679684013128
G39	G96	0.005267668981105
G65	G77	0.0052672578021883
G22	G26	0.0052671679295599
G24	G44	0.0052670496515929
G30	G87	0.0052660871297121
G35	G86	0.005263150203972999
G87	G26	0.0052627869881689
G22	G99	0.0052622552029788
G35	G58	0.0052619553171098
G63	G77	0.0052613215520977
G30	G10	0.0052613215520977
G88	G77	0.0052604568190872
G30	G63	0.0052584325894713
G22	G33	0.0052564260549843
G24	G95	0.0052544353529809995
G22	G2	0.0052514621056616
G89	G77	0.0052507910877466
G39	G99	0.0052495235577225
G30	G77	0.0052466206252574
G57	G28	0.0052462932653725
G39	G13	0.0052367816679179
G73	G77	0.0052358307875692
G26	G77	0.0052253543399274
G30	G39	0.0052216686308383
G30	G92	0.0052205612882971
G35	G77	0.005216141231358
G94	G92	0.0052140224725008
G22	G77	0.0051746671088039
