Gene1	Gene2	EdgeWeight
G32	G84	0.005601423792540999
G94	G84	0.0055883489549159995
G14	G90	0.0055822567082941
G38	G90	0.0055771078914403
G5	G59	0.0055699422955513
G84	G32	0.0055546602234244
G30	G84	0.0055534355342388
G1	G90	0.0055445055477321
G70	G72	0.0055408771149814
G27	G35	0.0055368673056364
G59	G5	0.0055348523892462
G67	G90	0.005534728989005
G78	G84	0.0055313352495431
G78	G34	0.005529299378395
G28	G34	0.005525944288819999
G32	G99	0.0055229207500815
G2	G34	0.0055228141136467
G22	G90	0.0055192578583955
G43	G90	0.0055164038203656
G7	G34	0.0055146948434412
G69	G34	0.005513846874237
G69	G90	0.0055117118172347
G80	G34	0.0055104168131947
G14	G37	0.0055080917663872
G43	G92	0.0055073229596018
G45	G34	0.0055072014220058
G44	G35	0.0055068568326532
G40	G90	0.0055066361092031
G58	G90	0.0055063772015273
G8	G35	0.0055045024491846
G51	G34	0.0055043101310729
G47	G44	0.0055039324797689
G63	G92	0.0055035138502717
G52	G35	0.0055034174583852
G28	G64	0.0055024670436978
G82	G34	0.0055020186118781
G67	G37	0.0055018826387822
G28	G37	0.0055007501505315
G6	G57	0.005500447936356
G85	G32	0.0055000963620841
G72	G70	0.0054997503757476
G82	G16	0.0054993545636534
G20	G92	0.0054987417533993
G4	G34	0.0054986258037388
G28	G90	0.0054984027519822
G4	G90	0.0054979408159852
G23	G34	0.0054973596706986
G11	G90	0.0054971384815871
G45	G37	0.0054953997023403
G82	G63	0.0054945889860391
G24	G37	0.0054918015375733
G23	G50	0.0054916488006711
G62	G84	0.0054910792969167
G36	G84	0.0054903766140341
G39	G34	0.0054891421459615
G71	G92	0.005488998722284999
G15	G34	0.0054889810271561
G100	G90	0.0054884161800146
G88	G99	0.0054882583208382
G29	G84	0.0054881400428712
G26	G90	0.0054877111688256
G68	G34	0.0054870531894266
G18	G90	0.0054863821715116
G49	G84	0.005485575646161999
G11	G34	0.0054855155758559
G19	G37	0.0054853111505508
G15	G90	0.0054850731976329985
G33	G84	0.0054848953150212
G76	G50	0.0054848436266183
G67	G1	0.0054848380386829
G27	G84	0.0054844357073307
G76	G90	0.0054844282567501
G72	G37	0.0054844031110405
G97	G84	0.0054810037836432
G30	G90	0.0054807551205158
G12	G34	0.0054804445244371
G63	G10	0.0054804203100502
G17	G2	0.0054792179726064
G8	G99	0.0054788654670119
G40	G34	0.0054788589477539
G6	G34	0.0054778610356152
G76	G34	0.0054778330959379
G8	G90	0.005477593280375
G98	G22	0.0054771294817328
G6	G55	0.0054765949025749995
G97	G34	0.0054762475192546
G97	G90	0.0054753669537603
G63	G82	0.0054751769639551
G46	G26	0.0054751597344875
G54	G37	0.0054737934842705
G96	G90	0.0054735913872718
G60	G84	0.00547338090837
G30	G72	0.0054732710123062
G73	G34	0.0054732109420001
G24	G26	0.0054726535454392
G55	G92	0.0054723657667636
G65	G90	0.0054720938205718
G60	G32	0.0054717599414289
G82	G84	0.0054714903235435
G95	G34	0.0054709468968212
G38	G92	0.0054704952053725
G84	G99	0.0054698390886187
G22	G34	0.0054698381572961
G99	G84	0.0054697091691195
G55	G83	0.0054692532867193
G65	G86	0.0054691364057362
G9	G92	0.005468017887324
G69	G84	0.0054674600251019
G9	G90	0.0054669920355081
G20	G83	0.0054668853990733
G55	G37	0.0054667326621711
G3	G92	0.0054666642099618
G91	G34	0.0054664788767695
G16	G48	0.005466251168399999
G14	G83	0.0054659754969179
G29	G99	0.005465880036354
G71	G77	0.0054658628068864
G55	G6	0.0054658032022416
G18	G89	0.0054656360298395
G31	G1	0.005465371068567
G57	G92	0.0054652108810842
G78	G50	0.0054643945768475
G94	G99	0.0054638115689158
G78	G35	0.0054637505672872
G39	G92	0.0054635102860629
G27	G21	0.0054629929363727
G70	G96	0.0054629640653729
G64	G86	0.0054627740755677
G13	G72	0.0054625761695206
G15	G1	0.0054623461328446
G13	G92	0.0054622557945549
G74	G84	0.0054622204042971
G85	G84	0.0054621798917651
G33	G77	0.0054620732553303
G84	G94	0.0054616336710751
G38	G99	0.0054614869877696
G4	G16	0.0054613831453025
G25	G90	0.0054608434438705
G10	G92	0.0054607847705483
G12	G72	0.0054604592733085
G60	G99	0.0054602455347776
G58	G84	0.0054602436721324
G45	G44	0.0054597510024905
G72	G90	0.0054596071131527
G45	G64	0.0054594832472503
G6	G86	0.0054593118838965
G27	G99	0.0054589039646089
G14	G34	0.0054588783532381
G74	G46	0.0054584662429988
G61	G84	0.0054581961594522
G98	G84	0.0054579940624535
G62	G16	0.0054579330608248
G66	G41	0.0054578897543251
G31	G50	0.0054577938280999
G31	G99	0.0054577877745032
G86	G51	0.0054576690308749
G69	G46	0.0054575502872467
G85	G72	0.0054574687965214
G67	G41	0.0054573831148445
G4	G72	0.0054573258385062
G55	G41	0.0054567628540098
G59	G41	0.0054566944018006
G69	G35	0.0054561016149818
G29	G32	0.0054560215212404
G23	G99	0.0054559996351599
G32	G30	0.0054557132534682
G66	G90	0.0054556615650653
G30	G35	0.0054552978835999
G70	G92	0.0054548853076994
G78	G83	0.0054548499174416
G67	G64	0.0054547768086194
G19	G86	0.0054545952007174
G23	G84	0.0054542273283004
G29	G90	0.0054540745913982
G6	G64	0.0054537584073841
G66	G72	0.0054534054361283
G53	G44	0.0054523679427802
G18	G92	0.0054518925026059
G99	G94	0.0054517616517841
G94	G90	0.0054513202048838
G58	G92	0.0054511534981429
G40	G84	0.0054508834145963
G100	G86	0.0054508540779352
G8	G86	0.0054507278837263
G9	G99	0.0054505858570337
G49	G34	0.0054500345140695
G30	G99	0.0054497933015227
G61	G35	0.0054496605880558
G20	G41	0.0054496196098625
G95	G72	0.0054494906216859
G15	G99	0.0054493127390742
G9	G22	0.0054491716437041
G66	G84	0.0054491274058818
G33	G59	0.0054490678012371
G62	G50	0.0054490529000759
G43	G72	0.0054489071480929
G7	G90	0.0054487502202391
G38	G64	0.0054484223946928
G40	G1	0.0054483762942254
G55	G84	0.0054482566192746
G70	G46	0.0054481690749526
G17	G50	0.0054481672123074
G22	G84	0.0054481015540659
G36	G99	0.0054478347301483
G5	G26	0.0054477932862937
G71	G34	0.0054477658122777
G47	G35	0.005447534378617999
G12	G83	0.0054474086500704
G88	G84	0.0054473071359097
G75	G87	0.0054472838528454
G51	G86	0.0054472116753458
G100	G44	0.0054466775618493
G74	G72	0.0054465304128825
G27	G16	0.0054462514817714
G99	G97	0.0054461997933685
G38	G23	0.0054460759274661
G24	G21	0.0054460130631923
G22	G35	0.0054459860548377
G6	G90	0.005445824470371
G14	G72	0.0054455376230179995
G81	G90	0.0054455241188406
G45	G35	0.0054455143399536
G42	G37	0.0054454077035188
G53	G99	0.005445197224617001
G18	G16	0.0054451576434075
G11	G86	0.0054449490271508
G67	G84	0.0054449401795864
G58	G96	0.0054449327290058
G6	G59	0.0054449117742478
G90	G58	0.0054448172450065
G24	G71	0.0054447557777166
G19	G50	0.0054445769637823
G96	G37	0.0054443893022835
G88	G34	0.0054443683475255
G30	G1	0.0054440950043499
G54	G57	0.0054437164217233
G85	G98	0.005443531088531
G8	G92	0.0054433597251772
G70	G16	0.0054433513432741
G93	G2	0.0054433005861938
G42	G75	0.0054428791627287
G62	G34	0.0054427767172455
G61	G34	0.0054427557624876
G68	G20	0.0054427324794232
G80	G84	0.0054424670524895
G71	G26	0.0054423846304416
G8	G10	0.0054423725232481
G1	G26	0.0054423683322966
G33	G94	0.0054418221116065
G4	G3	0.0054417247883975
G74	G16	0.0054415352642536
G20	G11	0.0054406463168561
G23	G16	0.0054404004476964
G21	G68	0.0054403906688094
G13	G41	0.0054403850808739
G24	G64	0.005440164823084999
G55	G86	0.0054400679655373
G54	G90	0.0054399548098444
G61	G90	0.0054397229105234
G85	G50	0.0054396446794271
G88	G1	0.0054389629513025
G68	G3	0.0054388241842389
G84	G37	0.0054385475814342
G14	G1	0.0054385145194828
G5	G84	0.0054384726099669
G85	G86	0.0054384428076446
G100	G93	0.0054383683018386
G90	G75	0.0054380511865019
G4	G85	0.00543804327026
G4	G92	0.0054379352368414
G71	G46	0.0054378830827772
G14	G77	0.0054378593340516
G85	G2	0.0054378220811486
G23	G72	0.0054378057830035
G63	G99	0.0054376441985368
G27	G44	0.0054375394247472
G25	G37	0.0054374993778765
G50	G92	0.0054372055456042
G94	G16	0.0054371850565075
G74	G35	0.0054371040314435
G67	G44	0.0054368157871067
G60	G98	0.0054368041455745
G40	G37	0.0054367263801395
G15	G55	0.0054366951808333
G38	G93	0.0054365522228181
G6	G48	0.0054365512914955
G88	G37	0.0054364302195608
G24	G90	0.0054363636299967
G68	G37	0.0054360502399504
G19	G16	0.0054360143840312
G63	G37	0.0054356739856302
G92	G48	0.0054355547763407
G6	G98	0.0054352162405848
G78	G26	0.0054351426661014
G27	G37	0.005435140337795001
G95	G16	0.0054350858554244
G43	G98	0.0054349927231669
G60	G94	0.0054349415004253
G27	G92	0.0054348465055227
G5	G90	0.0054346988908946
G41	G53	0.0054341428913176
G27	G3	0.0054339412599802
G72	G26	0.0054339352063834
G73	G72	0.005433908663689999
G66	G50	0.0054335133172571
G45	G92	0.0054332208819687
G95	G92	0.0054331352002918
G11	G39	0.0054329438135027
G15	G92	0.005432934500277001
G18	G80	0.0054327896796166
G35	G30	0.0054326453246176
G63	G50	0.0054326220415532
G27	G34	0.0054325442761182
G69	G3	0.0054324297234416
G78	G90	0.0054321489296853
G70	G2	0.0054318793118000004
G60	G85	0.0054318075999617
G98	G35	0.0054317726753652
G71	G72	0.0054317484609782
G83	G56	0.0054317223839461
G33	G34	0.0054317130707204
G90	G35	0.0054315607994794
G19	G26	0.0054314583539962
G29	G37	0.0054314001463353
G80	G99	0.0054312441498041
G99	G16	0.0054306406527757
G69	G37	0.0054306108504533
G90	G53	0.0054305600933729995
G53	G90	0.0054304008372128
G51	G99	0.0054303035140037
G88	G89	0.0054302890785038
G5	G64	0.0054302755743265
G9	G98	0.0054302350617945
G5	G87	0.0054302290081977
G33	G29	0.0054302075877785
G21	G77	0.0054299551993608
G81	G34	0.0054299472831189
G58	G26	0.0054298248142004
G28	G83	0.0054296418093144
G7	G11	0.0054295943118631
G83	G68	0.005429548677057
G15	G72	0.0054294448345899
G21	G2	0.0054288818500936
G67	G72	0.0054287202656269
G12	G3	0.0054286955855786
G92	G34	0.0054286262020468
G12	G37	0.0054283714853227
G34	G6	0.0054282592609524
G99	G90	0.0054281768389046
G79	G99	0.0054281372576951
G52	G21	0.0054281190969049
G30	G2	0.0054278848692774
G44	G90	0.0054278546012938
G28	G41	0.0054278224706649
G27	G18	0.0054276287555694
G73	G29	0.0054276115261018
G38	G47	0.0054274839349091
G21	G26	0.0054274611175059995
G10	G16	0.0054273852147161
G40	G15	0.0054273828864097
G14	G50	0.0054273391142487
G27	G42	0.0054273139685392
G57	G41	0.0054272529669106
G30	G29	0.0054271053522825
G87	G34	0.0054270992986857
G8	G95	0.0054270531982183
G5	G29	0.0054268883541226
G62	G92	0.0054266424849629
G8	G84	0.005426337942481
G93	G53	0.0054262778721749
G10	G35	0.0054261330515146
G64	G96	0.0054260711185634
G98	G32	0.0054259751923382
G81	G11	0.0054259705357253
G27	G82	0.0054257153533399
G90	G50	0.005425710696727
G66	G21	0.005425582639873
G52	G90	0.0054255803115665
G83	G55	0.0054255682043731
G62	G83	0.005425542127340999
G33	G25	0.0054254629649221
G57	G88	0.0054254457354545
G82	G48	0.0054254424758255
G74	G26	0.0054254103451967
G18	G87	0.0054252613335847
G10	G82	0.0054252035915851
G47	G68	0.0054249963723123
G2	G35	0.0054249931126832
G26	G72	0.0054249763488769
G93	G34	0.0054248147644102
G67	G96	0.0054248142987489
G14	G59	0.0054246163927018
G81	G98	0.0054245805367827
G49	G83	0.0054244268685579
G59	G34	0.005424418952316001
G91	G41	0.0054242452606558
G36	G35	0.0054242294281721
G60	G35	0.0054241679608821
G82	G35	0.0054240748286247
G19	G47	0.0054239719174802
G8	G87	0.0054238690063357
G12	G99	0.0054238536395132
G99	G50	0.0054237302392721
G95	G77	0.0054235807619988
G41	G80	0.0054235756397247
G74	G64	0.0054234424605965
G2	G64	0.0054231840185821
G66	G87	0.0054231397807598
G9	G64	0.005423089955001999
G78	G23	0.0054230070672929
G70	G59	0.0054229781962931
G80	G28	0.0054229698143899
G23	G86	0.0054229046218097
G17	G56	0.0054228897206485
G93	G92	0.0054228068329393
G33	G79	0.0054226042702794
G34	G45	0.0054225912317633
G71	G44	0.0054224496707320005
G52	G26	0.005422388203442
G59	G1	0.0054223141632974
G63	G34	0.0054222848266363
G9	G1	0.0054221828468143
G91	G37	0.0054219737648963
G11	G16	0.0054219658486545
G84	G29	0.0054217404685914
G29	G26	0.0054215975105762
G52	G70	0.0054215379059314
G36	G53	0.0054215341806411
G59	G84	0.0054213386029005
G9	G16	0.0054213125258684
G48	G91	0.0054212436079978
G36	G1	0.0054210918024182
G73	G90	0.0054209232330322
G24	G93	0.0054208948276937
G79	G72	0.0054208342917263
G15	G29	0.005420749541372
G27	G45	0.0054205902852118
G62	G48	0.0054205479100346
G86	G35	0.0054205302149057
G69	G21	0.005420358851552
G14	G92	0.0054202741011977
G33	G71	0.0054202312603592
G22	G36	0.0054201767779886
G56	G50	0.0054201050661504
G50	G16	0.0054199905134737
G10	G99	0.0054199770092964
G63	G93	0.0054198745638132
G27	G17	0.0054198247380554
G21	G92	0.0054198140278458
G84	G34	0.0054196421988308
G17	G57	0.0054193991236388
G11	G93	0.0054193469695746
G54	G26	0.0054192477837204
G100	G77	0.0054192189127206
G56	G2	0.0054190587252378
G27	G83	0.0054190321825444
G19	G48	0.0054190284572541
G61	G16	0.0054190084338188
G76	G53	0.0054190019145607
G66	G16	0.0054188980720937
G74	G68	0.005418840330094
G5	G74	0.0054187113419175
G73	G51	0.0054187113419175
G61	G6	0.0054187071509659
G30	G94	0.0054185977205634
G93	G72	0.0054185814224183
G94	G61	0.0054185111075639
G33	G83	0.0054185027256608
G23	G35	0.0054184477776288
G10	G21	0.0054184324108064
G69	G47	0.0054183416068553
G91	G26	0.0054183262400329
G56	G8	0.0054183113388717
G14	G35	0.0054182708263397
G64	G72	0.0054182698950171
G69	G50	0.0054181884042918
G84	G90	0.0054181744344532
G84	G61	0.0054180240258574
G68	G47	0.005417977925390001
G89	G18	0.0054179430007934
G49	G21	0.0054179085418581
G28	G16	0.005417862907052
G34	G90	0.005417853128165
G98	G11	0.0054178233258426
G90	G32	0.0054176151752471
G74	G3	0.0054175052791833
G74	G1	0.0054175001569092
G76	G37	0.0054174503311514
G24	G99	0.0054170214571058
G40	G72	0.0054169329814612
G15	G83	0.0054168766364455
G12	G44	0.0054167946800589
G55	G10	0.005416780244558999
G43	G1	0.0054167006164789
G87	G75	0.0054165516048669
G89	G23	0.0054165353067219
G1	G22	0.0054165343753993
G79	G50	0.0054163858294487
G95	G85	0.0054163737222552
G70	G66	0.0054162978194653
G95	G29	0.0054161534644663
G43	G48	0.0054160556755959
G88	G35	0.0054159923456609
G57	G93	0.0054159369319677
G11	G79	0.0054158670827746
G96	G55	0.0054158605635166
G70	G36	0.0054157911799848
G5	G86	0.0054157855920493
G2	G92	0.0054157520644366
G99	G44	0.0054156626574695
G57	G64	0.0054156444966793
G57	G59	0.0054153790697455
G17	G87	0.0054153138771653
G50	G23	0.0054152929224073
G23	G90	0.0054152533411979
G67	G47	0.0054151928052306
G62	G2	0.0054151923395693
G53	G61	0.0054151657968759
G68	G92	0.0054151583462953
G4	G35	0.0054150405339896
G48	G35	0.0054149287752807
G47	G53	0.0054149269126355
G20	G34	0.0054148770868778
G88	G92	0.0054148477502167
G28	G21	0.0054147792980074
G48	G13	0.0054146582260727
G24	G75	0.0054144267924129
G47	G34	0.0054143429733812
G62	G90	0.0054143397137522
G85	G34	0.0054143294692039
G99	G59	0.0054142046719789
G27	G89	0.0054141660220921
G78	G44	0.0054141567088663
G20	G86	0.0054139769636094
G60	G16	0.0054137934930622
G32	G29	0.0054136915132403
G70	G52	0.005413653794675999
G99	G78	0.0054136510007083
G99	G15	0.0054136300459504
G92	G1	0.0054136221297085
G69	G22	0.0054135783575475
G48	G25	0.0054135350510478
G23	G85	0.005413515958935
G59	G75	0.0054135099053382
G86	G37	0.0054134079255163
G60	G50	0.0054133115336298
G19	G41	0.0054132812656462
G17	G37	0.0054132496006786
G18	G35	0.0054131648503243
G79	G68	0.0054131387732923
G13	G25	0.0054131266660988
G42	G32	0.0054131229408085
G58	G48	0.0054130246862769
G74	G48	0.0054129953496158
G84	G36	0.005412992555648
G80	G51	0.0054129655472934
G73	G41	0.0054129371419548
G33	G48	0.0054129250347614
G97	G53	0.0054128607735037
G92	G76	0.0054128584451973
G69	G26	0.0054127983748912
G35	G7	0.0054127932526171
G1	G17	0.0054127392359077
G53	G85	0.0054127145558595
G85	G33	0.0054127089679241
G82	G27	0.0054127085022628
G97	G99	0.0054127033799886
G79	G37	0.0054126656614243
G69	G10	0.005412655416876
G60	G26	0.0054126209579408
G2	G26	0.0054126172326505
G28	G80	0.0054125878959894
G55	G25	0.0054125753231346
G1	G34	0.0054124910384416
G38	G1	0.0054124682210385
G81	G47	0.0054123946465551
G82	G24	0.0054123736917972
G48	G75	0.0054122530855238
G8	G50	0.0054121706634759
G1	G53	0.0054121473804116
G70	G18	0.0054120803251862
G21	G24	0.0054120426066219
G2	G68	0.0054119424894452
G81	G41	0.0054119029082357
G44	G50	0.0054118931293487
G89	G35	0.0054118186235427
G77	G33	0.00541179953143
G41	G34	0.005411772057414
G21	G25	0.0054117674008011
G21	G89	0.0054117492400109
G11	G59	0.0054117436520755
G33	G40	0.0054115587845444
G42	G57	0.0054115504026412
G77	G50	0.0054115303792059
G54	G92	0.0054115238599479
G100	G84	0.0054114679805934
G93	G96	0.0054114665836095
G36	G96	0.005411438178271
G58	G50	0.005411360412835999
G34	G5	0.0054111820645629995
G33	G88	0.0054111266508698
G72	G80	0.005411101039499
G20	G93	0.0054110819473862
G37	G90	0.0054110419005155
G99	G32	0.0054109892807899995
G79	G10	0.0054109790362417
G41	G25	0.0054108286276459
G82	G92	0.0054107778705656
G23	G3	0.0054107555188238
G4	G23	0.0054107350297272
G51	G90	0.0054107154719531
G6	G37	0.005410652142017999
G94	G93	0.0054106023162603
G41	G35	0.0054105604067444
G25	G55	0.0054104859009385
G28	G86	0.0054103373549878
G60	G74	0.0054101906716823
G75	G44	0.005410152953118
G91	G82	0.0054101315326988
G95	G86	0.0054100770503282
G81	G50	0.0054099606350064
G25	G48	0.0054099019616842
G18	G34	0.0054098996333777
G72	G84	0.0054098702967166
G85	G83	0.0054098386317491
G55	G3	0.0054098358377814
G93	G64	0.0054097599349915
G75	G64	0.0054096435196697
G67	G80	0.0054094432853162
G49	G64	0.0054094162769615
G6	G5	0.005409310106188
G3	G46	0.0054092966020107
G70	G87	0.0054092570208013
G88	G86	0.005409169010818
G54	G76	0.0054091592319309
G44	G34	0.0054091177880764
G70	G75	0.0054090884514153
G68	G18	0.0054090856574475
G68	G72	0.0054090768098831
G89	G21	0.0054090078920125
G22	G23	0.0054087755270302
G35	G65	0.0054086963646113
G100	G92	0.0054086935706436
G21	G84	0.0054086646996438
G55	G17	0.0054086367599666
G8	G44	0.0054086302407085
G99	G22	0.0054086172021925
G69	G17	0.0054085524752736
G9	G86	0.0054085412994027
G11	G48	0.0054084938019514
G100	G99	0.0054084453731775
G10	G55	0.0054082889109849
G42	G90	0.005408230703324001
G74	G41	0.0054081920534372
G99	G66	0.0054081440903246
G90	G51	0.005408143159001999
G62	G44	0.0054081087000668
G45	G16	0.0054080984555184
G70	G29	0.0054078004322946
G89	G90	0.0054077063687145
G13	G61	0.0054075364023447
G79	G85	0.0054073757492005
G63	G1	0.0054073743522167
G85	G97	0.0054072085767984
G22	G16	0.0054072053171694
G18	G21	0.0054071084596216
G97	G94	0.0054070558398962
G70	G86	0.0054070535115897
G59	G31	0.0054070432670414
G62	G72	0.0054070185869932
G27	G56	0.0054070083424448
G2	G37	0.0054069380275905
G67	G74	0.0054068774916231
G39	G64	0.0054068518802523
G36	G23	0.0054067634046077
G6	G83	0.005406723357737
G32	G23	0.0054066833108663
G9	G83	0.0054066325537859995
G42	G85	0.005406554788351
G1	G43	0.0054064067080616
G100	G25	0.0054063997231423
G6	G41	0.0054063987918198
G54	G84	0.0054063848219811
G93	G74	0.0054063657298684
G90	G8	0.0054063107818365
G76	G26	0.0054062358103692
G35	G47	0.0054061980918049
G57	G87	0.0054061748087406
G99	G21	0.0054061603732407
G8	G41	0.0054061352275311
G63	G27	0.0054061259143054
G10	G63	0.0054061128757894
G58	G44	0.0054060667753219
G23	G83	0.0054060611873865
G41	G84	0.0054060192778706
G21	G16	0.0054059852845966
G17	G41	0.0054059769026935
G84	G68	0.0054059769026935
G37	G72	0.0054059415124356
G28	G84	0.0054059317335486
G25	G79	0.0054058455862104
G17	G44	0.0054058292880654
G55	G51	0.0054058153182268
G60	G83	0.0054058134555816
G11	G46	0.0054058101959526
G65	G83	0.0054057794623076
G6	G61	0.0054057231172919
G38	G44	0.0054055866785347
G96	G50	0.0054055843502283
G36	G89	0.0054055573418736
G32	G53	0.0054053901694715
G32	G42	0.0054053799249231
G6	G89	0.0054053631611168
G67	G10	0.0054052956402301
G82	G86	0.0054052830673754
G17	G79	0.0054052774794399
G27	G54	0.0054052718915045
G39	G19	0.005405185278504999
G54	G10	0.0054051112383604
G25	G21	0.0054049869067966
G48	G16	0.0054049100726842
G61	G10	0.0054048760794103
G28	G1	0.0054048686288297
G93	G57	0.0054048593156039
G60	G11	0.0054048062302172
G55	G21	0.0054047997109591
G54	G75	0.0054047456942498
G46	G1	0.0054047433659434
G23	G64	0.0054047242738306
G68	G84	0.0054047126322984
G7	G94	0.0054044146090745
G31	G37	0.0054042828269302
G62	G35	0.0054042814299464
G40	G26	0.0054042753763496
G45	G27	0.0054042586125433
G45	G86	0.0054041044786572
G43	G23	0.0054040430113673
G9	G81	0.0054040285758674
G68	G61	0.0054038972593843
G42	G44	0.0054038930684328
G13	G46	0.0054038912057876
G43	G35	0.0054038912057876
G54	G53	0.0054038292728364
G72	G64	0.0054038166999816
G19	G93	0.0054037952795624
G62	G66	0.0054037808440625
G66	G61	0.0054037282243371
G64	G90	0.0054036877118051
G100	G1	0.0054036299698054
G7	G99	0.0054035736247897
G11	G83	0.0054035088978707
G9	G61	0.0054034953936934
G39	G36	0.005403465591370999
G68	G97	0.0054034618660807
G35	G16	0.0054034432396292
G50	G60	0.0054034297354519
G81	G10	0.005403418559581
G92	G10	0.0054032313637435
G4	G32	0.0054031577892601
G14	G85	0.0054031522013247
G23	G61	0.0054031321778893
G85	G94	0.0054031163454055
G93	G3	0.0054030725732445
G74	G42	0.0054030292667448
G42	G1	0.0054030143655836
G85	G51	0.0054030017927289
G4	G1	0.0054029775783419
G51	G91	0.0054029524326324
G15	G21	0.0054028467275202
G30	G83	0.0054027619771659
G21	G86	0.005402757320552999
G68	G31	0.0054027494043111
G4	G51	0.0054027079604566
G32	G93	0.0054025859571993
G72	G83	0.0054023843258619
G62	G41	0.0054023186676204
G65	G98	0.0054023056291043
G34	G12	0.0054022893309593
G59	G93	0.0054022455587983
G32	G34	0.0054022180847823
G20	G64	0.0054021989926695
G33	G92	0.0054021687246859
G89	G39	0.0054021500982344
G51	G83	0.0054021351970732
G36	G66	0.0054020993411540005
G3	G72	0.0054020802490413
G48	G32	0.0054019382223486
G77	G35	0.0054019372910261
G28	G2	0.0054019247181713
G48	G27	0.0054019116796553
G81	G35	0.0054019000381231
G88	G83	0.0054018944501876
G1	G84	0.0054017682559788
G58	G83	0.0054017105139791
G86	G3	0.0054015764035284
G51	G40	0.0054015680216252
G30	G59	0.0054015037603676
G40	G86	0.0054015000350773
G41	G92	0.0054012984037399
G70	G40	0.0054012220352888
G76	G59	0.005401206202805001
G59	G53	0.0054010525345802
G55	G44	0.005401050671935
G30	G74	0.0054009878076612
G27	G41	0.0054009547457098
G37	G32	0.0054009524174034
G41	G32	0.0054009491577744
G39	G45	0.0054009431041777
G49	G37	0.0054009077139198
G70	G93	0.0054008546285331
G54	G35	0.0054008373990654
G78	G12	0.0054008369334042
G75	G34	0.0054007889702916
G8	G18	0.0054007708095014
G2	G82	0.0054007652215659
G64	G58	0.0054007456637918
G89	G37	0.0054007060825824
G32	G83	0.0054006846621632
G1	G54	0.0054006343707442
G97	G2	0.0054005845449864
G97	G32	0.0054005440324544
G48	G88	0.0054004956036806
G97	G26	0.0054004453122615
G86	G47	0.0054004359990358
G99	G36	0.0054004313424229
G55	G5	0.005400373134762
G78	G98	0.0054003689438104
G75	G90	0.0054002748802304
G30	G48	0.0054002683609724
G56	G76	0.0054002646356821
G93	G86	0.005400245077907999
G62	G21	0.0054002138786017
G59	G90	0.0054002101533114
G20	G77	0.0054001659154891
G98	G89	0.005400117021054
G81	G51	0.0054000653326511
G48	G93	0.0053999749943614
G40	G21	0.0053999656811356
G38	G21	0.0053999437950551
G11	G25	0.0053998669609427
G86	G90	0.0053998488001525
G3	G97	0.0053998427465558
G5	G75	0.0053997668437659
G37	G48	0.0053997631184756
G71	G70	0.0053997612558305
G4	G83	0.0053996606729924
G73	G1	0.0053996532224118
G75	G25	0.0053995200432837
G24	G54	0.0053993579931557
G39	G10	0.0053993314504623
G76	G47	0.0053993258625268
G69	G23	0.0053992834873497
G75	G70	0.0053991777822375
G46	G18	0.0053991661407053
G51	G82	0.0053990804590284
G76	G72	0.0053990706801414
G24	G76	0.0053990525193512
G34	G14	0.0053990143351256
G19	G89	0.0053989989683032
G39	G14	0.005398990586399999
G21	G41	0.0053989775478839
G17	G99	0.0053989570587873
G74	G92	0.0053989118896424
G66	G1	0.0053988173604011
G94	G85	0.0053987568244338
G4	G98	0.0053987079299986
G91	G51	0.0053986622951924
G4	G79	0.0053986562415957
G56	G95	0.0053985556587576
G21	G27	0.0053985528647899
G64	G45	0.0053984355181455
G76	G2	0.0053983801044523
G57	G37	0.0053983335383236
G79	G92	0.0053981789387762
G36	G40	0.0053981002420187
G37	G39	0.0053980508819222
G6	G29	0.0053980145603418
G55	G1	0.0053979596123099
G49	G15	0.0053979302756488
G74	G90	0.0053978953510522
G35	G62	0.0053978879004716
G5	G34	0.0053978315554559
G68	G93	0.0053978255018591
G28	G51	0.0053975819610059
G4	G99	0.005397520493715999
G35	G68	0.0053975055925548
G93	G55	0.0053973644971847
G48	G70	0.0053973561152815
G62	G18	0.0053973360918462
G61	G32	0.0053973221220076
G99	G31	0.005397277418524
G8	G29	0.0053972583264112
G35	G48	0.0053972285240888
G65	G35	0.0053972089663147
G32	G26	0.0053971954621374
G35	G64	0.0053971833549439
G71	G83	0.0053971670567989
G18	G10	0.0053971246816217
G4	G74	0.0053971107117831
G48	G3	0.0053969388827681
G34	G22	0.0053968834690749
G20	G47	0.005396875552833
G22	G43	0.0053968713618814
G23	G68	0.0053968685679137
G97	G35	0.0053968480788171
G78	G86	0.0053967516869306
G30	G11	0.0053967372514307
G79	G90	0.005396731197834001
G25	G44	0.0053966995328664
G86	G46	0.0053966399282217
G92	G12	0.0053965891711413
G38	G50	0.0053965807892382
G30	G89	0.0053965775296092
G100	G81	0.0053965738043189
G10	G91	0.0053964960388839
G65	G3	0.0053964904509484
G43	G74	0.0053964676335453
G6	G27	0.0053964662365615
G36	G24	0.0053963866084814
G28	G68	0.0053962999954819
G27	G61	0.0053962860256433
G40	G61	0.0053962632082402
G42	G79	0.0053961928933858
G27	G53	0.005396188236773
G17	G97	0.0053961048834025
G4	G61	0.0053959158249199
G54	G13	0.0053958906792104
G46	G70	0.0053958883509039
G87	G93	0.0053958785720169
G33	G50	0.0053958632051944
G78	G53	0.0053958371281623
G30	G85	0.0053958361968398
G69	G93	0.0053958133794367
G65	G74	0.0053957323543727
G100	G22	0.0053957048803567
G7	G82	0.0053956108167767
G27	G10	0.0053955800831317
G55	G89	0.0053955614566802
G40	G32	0.0053955558687448
G10	G64	0.0053955288603901
G97	G33	0.0053955279290676
G73	G48	0.0053954101167619
G10	G94	0.0053953910246491
G69	G32	0.0053953421302139
G88	G55	0.0053953011520206
G64	G83	0.0053951875306665
G51	G48	0.0053951726295053
G41	G6	0.0053950552828609
G62	G3	0.0053950282745063
G57	G50	0.0053949640132486
G16	G81	0.0053948541171848
G14	G74	0.0053947791457176
G12	G16	0.0053947628475725
G77	G29	0.0053947265259921
G25	G86	0.0053946645930409
G17	G1	0.0053946459665894
G80	G18	0.0053945570252835
G77	G16	0.0053943605162203
G58	G72	0.0053943470120429
G96	G29	0.0053943144157528
G14	G32	0.0053942995145916
G70	G74	0.0053942864760756
G41	G73	0.0053942697122693
G22	G53	0.0053942683152854
G7	G57	0.0053941691294312
G3	G7	0.0053941537626087
G70	G80	0.005394076462835
G31	G6	0.005394069943577
G6	G26	0.0053940368816256
G90	G81	0.0053940056823194
G39	G35	0.0053939553909003
G21	G29	0.0053939106874167
G20	G35	0.0053938822820782
G12	G22	0.0053938687779009
G62	G31	0.0053938324563205
G75	G21	0.0053937998600304
G66	G64	0.0053937723860144
G23	G75	0.0053937411867082
G72	G75	0.0053936918266117
G61	G41	0.0053936685435473
G87	G32	0.0053936438634991
G30	G77	0.0053936415351927
G72	G21	0.0053935898467898
G3	G93	0.0053935889154672
G68	G83	0.0053935633040964
G36	G44	0.0053935409523546
G69	G16	0.005393415223807
G18	G59	0.0053933858871459
G85	G55	0.0053933416493237
G78	G77	0.0053932969458401
G79	G44	0.0053932666778564
G8	G94	0.0053932396695017
G46	G83	0.005393227096647001
G36	G10	0.0053932135924696
G54	G56	0.0053931823931634
G6	G77	0.0053931637667119
G25	G34	0.005393155850469999
G8	G34	0.005393099039793001
G51	G33	0.0053930175490677
G24	G32	0.0053929639980196
G70	G6	0.0053929011337459
G52	G89	0.0053928885608911
G17	G55	0.0053928610868752
G41	G75	0.0053928042761981
G12	G71	0.0053927851840853
G86	G41	0.005392761901021
G23	G79	0.0053927325643599
G58	G23	0.0053927153348922
G13	G84	0.0053926412947475
G79	G87	0.0053926338441669
G51	G54	0.0053926110267639
G38	G89	0.0053925765678286
G3	G41	0.0053925681859254
G41	G42	0.0053925612010061
G51	G22	0.0053924084641039
G99	G17	0.0053923795931041
G54	G32	0.0053923614323139
G85	G39	0.0053923455998301
G11	G95	0.0053923451341688
G89	G50	0.0053923288360238
G99	G53	0.0053922911174595
G48	G39	0.0053922720253467
G99	G27	0.0053922622464597
G68	G86	0.0053921719081699
G59	G80	0.0053921481594443
G22	G86	0.0053920364007353
G75	G84	0.0053920364007353
G66	G70	0.0053919712081551
G32	G68	0.0053919614292681
G41	G37	0.0053919577039778
G99	G5	0.0053919185884296
G55	G71	0.0053918911144137
G46	G68	0.005391870625317
G35	G94	0.0053918594494462
G60	G48	0.0053917937912046
G70	G42	0.0053917393088340005
G66	G22	0.0053916200995445
G46	G44	0.0053915749303996
G1	G58	0.0053915702737867
G91	G90	0.0053915581665933
G98	G1	0.0053915083408355
G75	G24	0.0053914231248199
G51	G50	0.0053913230076432
G38	G65	0.0053912964649498
G10	G83	0.0053912536241114
G70	G83	0.0053911651484668
G91	G84	0.0053911195136606
G57	G3	0.0053910212591290006
G79	G97	0.0053909602575004
G73	G37	0.0053909565322101
G24	G77	0.0053907907567918
G76	G64	0.0053907753899693
G45	G98	0.0053907609544694
G93	G6	0.0053907409310340005
G52	G87	0.0053906720131635
G51	G32	0.0053906538523733
G2	G48	0.0053906384855508
G86	G85	0.0053906152024865
G10	G17	0.0053906138055026
G20	G68	0.005390535108745
G95	G89	0.0053905197419226
G26	G92	0.0053904606029391
G65	G68	0.0053904275409877
G84	G53	0.0053902952931821
G66	G97	0.0053902901709079
G8	G79	0.0053902710787951
G71	G3	0.005390241742134
G8	G63	0.0053902394138276
G7	G87	0.0053902394138276
G90	G86	0.0053902277722954
G25	G41	0.0053902273066341
G21	G44	0.0053901635110378
G11	G53	0.0053901625797152
G49	G1	0.0053901365026831
G81	G36	0.0053900689817965
G47	G21	0.0053900578059256
G85	G99	0.0053900494240224
G48	G82	0.0053900391794741
G24	G57	0.0053899106569588
G36	G25	0.0053898845799267
G69	G39	0.0053898738697171
G1	G57	0.0053897807374596
G71	G19	0.0053897504694759
G9	G34	0.0053897211328148
G28	G75	0.0053897146135568
G88	G21	0.0053896941244602
G31	G63	0.0053896899335086
G66	G44	0.0053896438330411
G61	G39	0.005389641970396
G56	G57	0.0053895977325737
G16	G66	0.005389564204961
G72	G98	0.0053895162418484
G39	G23	0.0053895036689937
G18	G43	0.0053892452269792
G69	G87	0.005389236845076
G49	G10	0.0053892242722213
G48	G11	0.0053891134448349
G72	G97	0.0053891073912382
G91	G6	0.0053890957497059995
G63	G26	0.0053890901617705
G44	G47	0.0053890654817223
G9	G89	0.0053888903930783
G24	G84	0.0053888764232397
G83	G33	0.0053888508118689
G8	G43	0.0053888270631432
G32	G90	0.0053887772373855
G99	G29	0.0053886761888861
G67	G50	0.0053886175155639
G79	G2	0.0053885853849351
G58	G79	0.0053885518573224
G38	G83	0.0053885434754192
G88	G32	0.0053885215893387
G5	G8	0.0053884675726294
G44	G21	0.0053884126245975
G27	G15	0.0053884107619524
G38	G46	0.0053884009830653
G12	G60	0.0053883944638073
G100	G34	0.0053883329965174
G95	G59	0.0053883204236626
G29	G30	0.0053883055225014
G94	G42	0.0053882924839854
G91	G63	0.0053882854990661
G9	G75	0.0053882463835179
G82	G90	0.0053882137872278
G14	G21	0.0053882068023085
G90	G92	0.0053880969062447
G45	G83	0.0053880857303738
G71	G56	0.0053880731575191
G93	G46	0.0053878966718912
G59	G68	0.0053878705948591
G4	G93	0.0053878100588917
G71	G37	0.0053877783939242
G69	G18	0.0053876899182796
G90	G43	0.005387604702263999
G73	G10	0.0053875637240707
G28	G79	0.0053875409066677
G50	G25	0.0053873499855399
G78	G16	0.005387291777879001
G57	G16	0.0053872587159276
G3	G55	0.0053872382268309
G96	G49	0.0053871944546699
G47	G23	0.0053871250711381
G78	G13	0.0053870803676545
G36	G64	0.0053870663978159
G50	G77	0.005387045443058
G64	G74	0.0053870123811066
G5	G39	0.0053869779221713
G78	G68	0.0053867474198341
G51	G74	0.0053867381066083
G41	G31	0.0053867371752858
G16	G82	0.0053867157548666
G27	G26	0.0053866961970925
G22	G85	0.0053866459056735
G5	G3	0.0053866002708673
G47	G20	0.0053865034133195
G35	G27	0.0053864787332713
G27	G96	0.0053864209912717
G41	G99	0.0053863828070461
G52	G99	0.0053862859494984
G84	G16	0.0053862775675952
G66	G85	0.005386188160628
G85	G90	0.0053859567269682
G98	G81	0.0053859394975006
G48	G59	0.0053859367035329
G54	G89	0.0053859087638556
G53	G39	0.0053858975879848
G93	G12	0.0053858929313719
G19	G55	0.0053858384490013
G76	G86	0.0053858333267271
G88	G16	0.0053858156315982
G17	G90	0.0053857788443565
G12	G51	0.0053857574239373
G84	G87	0.005385732743889001
G85	G79	0.0053857280872762
G58	G20	0.0053856959566473
G1	G3	0.0053856424055993
G56	G39	0.0053856191225349
G94	G56	0.0053856004960834
G96	G16	0.0053855264559388
G60	G21	0.0053854822181165
G11	G88	0.005385419819504
G30	G43	0.0053854086436331
G58	G75	0.0053854016587138
G95	G64	0.0053853974677622
G55	G26	0.0053853918798267
G43	G57	0.0053853481076657
G4	G55	0.0053853360004723
G14	G51	0.0053853299468755
G85	G73	0.0053852899000048
G14	G99	0.0053852726705372
G15	G46	0.005385254509746999
G31	G51	0.0053852344863116
G67	G76	0.005385210737585999
G9	G62	0.0053851697593927
G53	G31	0.0053851529955863
G7	G18	0.0053851450793445
G20	G71	0.00538508919999
G28	G74	0.0053850752301514
G7	G2	0.0053850291296839
G31	G77	0.0053850007243454
G47	G1	0.0053849597461521
G32	G10	0.005384927149862001
G51	G80	0.0053849136456847
G55	G45	0.0053849066607654
G77	G21	0.0053848591633141
G77	G99	0.0053848465904593
G64	G85	0.0053848144598305
G64	G3	0.0053847939707338
G95	G1	0.0053847916424274
G42	G53	0.0053847837261855
G32	G47	0.0053847078233957
G26	G57	0.0053846281953155
G71	G64	0.0053845583461225
G19	G96	0.0053845574147999
G49	G12	0.0053845406509935
G57	G96	0.0053845196962356
G59	G96	0.005384505726397
G39	G79	0.0053845006041228
G89	G34	0.0053844978101551
G34	G24	0.0053844973444938
G92	G2	0.0053844270296394
G34	G37	0.0053844205103814
G82	G87	0.0053842929191887
G21	G31	0.005384249612689
G20	G51	0.0053842198103666
G40	G35	0.0053841583430767
G71	G35	0.0053840680047869
G85	G5	0.0053840675391256
G24	G6	0.0053840656764805
G56	G84	0.0053839748725295
G48	G40	0.0053839683532714
G90	G40	0.0053839078173041
G22	G1	0.0053839036263525
G92	G20	0.0053838579915463
G54	G39	0.0053838565945625
G54	G51	0.0053838528692722
G66	G68	0.0053838002495467
G7	G21	0.0053837681189179
G74	G96	0.0053837611339986
G71	G15	0.0053837611339986
G27	G98	0.0053837522864341
G47	G19	0.0053837429732084
G79	G95	0.0053837094455957
G57	G70	0.0053837043233215
G94	G34	0.0053836591541767
G12	G1	0.0053836512379348
G56	G98	0.0053836428560316
G23	G65	0.0053836023434996
G81	G88	0.0053835837170481
G3	G23	0.0053835758008062
G11	G37	0.0053835497237741
G87	G15	0.0053835115395486
G72	G12	0.0053834724240005
G95	G87	0.0053834384307265
G18	G47	0.0053834035061299
G7	G24	0.0053833774290978
G81	G19	0.0053833601996302
G9	G77	0.0053833518177270005
G40	G11	0.0053833099082112
G84	G30	0.0053833038546144
G97	G86	0.0053833005949854
G7	G47	0.0053832856938242
G38	G2	0.0053832484409213
G69	G48	0.0053832284174859
G85	G16	0.0053832246921956
G2	G94	0.0053831399418413
G99	G26	0.0053830603137612
G59	G6	0.0053830528631806
G25	G31	0.0053830454126000005
G31	G86	0.005383035633713
G14	G11	0.0053830086253583
G12	G80	0.0053829904645681
G53	G78	0.0053829606622457
G77	G64	0.0053829178214073
G64	G93	0.0053829071111977
G88	G85	0.0053828610107302
G55	G94	0.005382839590311
G33	G97	0.0053827851079404
G32	G7	0.0053827385418117
G64	G7	0.0053826947696506
G78	G17	0.0053826789371669
G1	G89	0.0053825597278773
G71	G18	0.0053825471550226
G88	G39	0.0053825443610548
G12	G90	0.0053825206123292
G50	G34	0.0053825159557163
G41	G86	0.0053824977949261
G49	G22	0.0053824628703296
G88	G5	0.0053824209608137
G7	G79	0.0053823497146368
G2	G10	0.0053823189809918
G52	G34	0.005382296629249999
G37	G45	0.0053822807967662
G13	G96	0.0053822700865566
G26	G17	0.0053822603076696
G2	G18	0.005382199306041
G77	G2	0.0053821881301701
G53	G68	0.0053821867331862
G59	G55	0.0053821736946702
G14	G97	0.0053821676410734
G90	G18	0.0053821266628801
G99	G95	0.0053820894099771
G36	G81	0.0053820759057998
G32	G66	0.0053820316679775
G56	G53	0.0053819767199456
G50	G7	0.0053819012828171
G37	G92	0.0053818309679627
G30	G31	0.0053818160668015
G53	G67	0.0053818081505596
G8	G31	0.0053817988373339
G2	G44	0.0053817937150597
G99	G61	0.0053817047737538
G76	G1	0.0053817019797861
G18	G3	0.0053816935978829
G56	G81	0.0053816880099475
G4	G42	0.0053816689178347
G93	G11	0.0053816204890608
G70	G64	0.0053816195577383
G25	G64	0.0053816181607544
G67	G32	0.0053816144354641
G55	G34	0.0053815860301256
G46	G74	0.0053815175779163
G13	G59	0.0053814267739653
G11	G99	0.0053813280537724
G36	G65	0.005381322465836999
G65	G16	0.0053812814876437
G4	G65	0.0053812703117728
G36	G34	0.0053812586702406
G36	G94	0.0053812186233699
G41	G16	0.0053811497054994
G36	G86	0.0053811240941286
G26	G38	0.0053811129182577
G31	G22	0.0053809084929525
G100	G31	0.0053808912634849
G18	G37	0.0053808661177754
G33	G87	0.0053808195516467
G89	G74	0.0053808097727596
G51	G94	0.0053807194344699
G92	G93	0.0053805848583579
G33	G23	0.0053805522620677
G61	G88	0.0053805448114871
G1	G98	0.0053805336356163
G18	G75	0.0053805187344551
G69	G77	0.0053805122151970005
G72	G24	0.0053804139606654
G68	G48	0.0053804046474397
G77	G96	0.0053803003393113
G64	G50	0.0053802682086825
G27	G63	0.0053802602924406
G74	G98	0.0053802542388439
G13	G99	0.0053802262991666
G18	G98	0.0053801676258444
G36	G47	0.0053801299072802
G27	G25	0.0053801252506673
G63	G84	0.005380087532103
G3	G47	0.0053800796158611
G79	G3	0.0053800698369741
G5	G13	0.0053800633177161
G9	G72	0.0053800367750227
G3	G16	0.0053800111636519
G35	G44	0.0053799846209585
G54	G98	0.0053799701854586
G8	G80	0.0053799641318619
G26	G64	0.0053798649460077
G28	G94	0.0053798435255885
G100	G2	0.0053798328153789
G52	G59	0.0053797964937984
G58	G86	0.0053797615692019
G26	G5	0.0053797233849763
G99	G77	0.0053797103464603
G49	G61	0.0053795585408806
G73	G11	0.0053795301355421
G37	G34	0.0053794966079294
G52	G37	0.0053794397972524
G80	G25	0.0053794272243976
G66	G77	0.0053792274557054
G2	G17	0.0053792148828506
G42	G27	0.0053791957907378
G8	G65	0.005379194393754001
G19	G80	0.0053791580721735
G26	G63	0.0053791566751897
G87	G6	0.0053791450336575
G91	G68	0.005379136186093
G65	G37	0.0053791343234479
G6	G40	0.0053791184909641
G80	G91	0.0053790616802871
G53	G89	0.0053790346719324
G64	G92	0.0053790272213518
G54	G17	0.0053790076635777
G67	G35	0.0053789569064974
G12	G96	0.0053789159283041
G75	G57	0.0053789149969816
G75	G35	0.005378867033869
G95	G45	0.0053788512013852
G29	G34	0.0053788195364177
G25	G84	0.0053787953220307
G5	G57	0.0053787287324666
G62	G27	0.0053787170909345
G74	G86	0.0053786979988217
G30	G50	0.0053786947391927
G94	G96	0.0053786421194672
G12	G11	0.0053786402568221
G83	G32	0.0053786397911608
G29	G64	0.0053786360658705
G29	G53	0.0053786258213222
G73	G75	0.005378573667258
G63	G64	0.0053785694763064
G22	G11	0.0053785643540322
G90	G38	0.0053785624913871
G61	G63	0.0053785215131938
G12	G92	0.0053785108029842
G39	G22	0.0053784782066941
G34	G72	0.0053784656338393
G42	G30	0.005378445610404001
G99	G25	0.005378442350775
G82	G6	0.0053784390911459
G81	G85	0.0053784195333719
G6	G63	0.0053784144110977
G74	G93	0.0053784041665494
G64	G84	0.0053783799521625
G18	G69	0.0053783170878887
G89	G92	0.0053783035837113
G78	G92	0.0053782691247761
G65	G15	0.0053782626055181
G43	G37	0.0053782351315021
G87	G22	0.005378199275582999
G18	G52	0.0053781694732606
G77	G44	0.005378158763050999
G81	G66	0.0053781340830028
G31	G48	0.0053781014867126
G65	G41	0.0053780577145516
G2	G3	0.0053780125454068
G43	G67	0.0053779920563101
G79	G84	0.0053779701702296
G5	G21	0.005377965979278
G20	G39	0.0053779277950525
G83	G75	0.0053779105655848
G81	G61	0.0053779082372784
G97	G88	0.0053778970614075
G78	G66	0.0053778570145368
G41	G68	0.0053778276778757
G1	G31	0.0053777755238115
G24	G59	0.0053777392022311
G75	G59	0.0053777224384248
G87	G17	0.0053777093999087
G5	G16	0.0053777061402797
G90	G13	0.0053776814602315
G73	G56	0.0053776712156832
G4	G96	0.0053776702843606
G23	G48	0.0053776348941028
G51	G66	0.0053776032291352
G60	G46	0.0053775575943291
G41	G91	0.0053774756379425
G97	G85	0.0053774551488459
G89	G53	0.0053773447871208
G90	G57	0.0053773382678627
G69	G44	0.0053773275576531
G25	G2	0.0053773238323628
G6	G31	0.0053773089312016
G42	G16	0.0053772763349115
G11	G2	0.0053772595711052
G97	G17	0.0053772251121699
G64	G76	0.005377217195927999
G96	G24	0.0053771985694766
G51	G12	0.0053771859966218
G19	G68	0.0053771529346704
G64	G12	0.0053771175444126
G63	G89	0.0053771170787513
G18	G55	0.005376995075494001
G50	G74	0.0053769862279295
G10	G37	0.0053769680671393
G33	G13	0.0053768120706081
G40	G79	0.0053767678327858
G40	G94	0.0053767524659633
G7	G80	0.0053766695782542
G1	G7	0.0053766109049319995
G82	G88	0.0053765969350934
G29	G68	0.005376533139497
G58	G16	0.0053765210323035
G32	G21	0.0053764870390295
G73	G92	0.0053764842450618
G57	G20	0.0053764670155942
G88	G90	0.0053764386102557
G4	G18	0.0053764311596751
G94	G26	0.0053763734176754
G61	G31	0.0053763343021273
G69	G79	0.0053762961179018
G47	G84	0.0053762467578053
G55	G46	0.0053762434981763
G6	G88	0.0053762407042086
G80	G77	0.0053762118332087
G31	G56	0.0053761987946927
G13	G77	0.0053761843591928
G60	G59	0.0053761424496769
G60	G37	0.0053760837763547
G3	G22	0.0053760823793709
G34	G69	0.0053760320879518
G42	G63	0.0053760223090648
G97	G42	0.0053759403526782
G53	G1	0.0053759138099849
G20	G72	0.0053759063594043
G81	G74	0.0053758136928081
G11	G22	0.005375797394663
G46	G16	0.0053757871501147
G49	G90	0.0053757736459374
G29	G22	0.0053757010027766
G6	G52	0.0053756991401314
G67	G17	0.0053756129927933
G48	G81	0.0053755957633256
G45	G59	0.0053755398839712
G85	G80	0.0053754867985844
G50	G49	0.0053754467517137
G6	G56	0.0053754094988107
G59	G2	0.0053753410466015
G14	G79	0.0053753359243273
G97	G51	0.0053752777166664
G39	G5	0.0053752716630697
G41	G89	0.0053751333616673
G20	G85	0.0053751193918287
G1	G23	0.0053751110099256
G37	G12	0.0053750672377645
G18	G99	0.0053749396465718
G84	G95	0.0053747873753309
G27	G20	0.0053747328929603
G68	G88	0.0053747314959764
G98	G96	0.0053746821358799
G63	G75	0.0053746523335576
G39	G89	0.0053746416233479
G85	G29	0.0053746136836707
G21	G91	0.005374586675316
G82	G96	0.0053745079785585
G53	G87	0.0053744870238006
G57	G99	0.0053744814358651
G88	G60	0.0053744749166071
G29	G95	0.0053744530305266
G88	G22	0.0053744469769299
G72	G99	0.0053744241595268
G35	G26	0.0053744208998978
G68	G89	0.0053744171746075
G41	G40	0.00537432404235
G45	G75	0.0053742625750601
G31	G15	0.0053742500022053
G52	G78	0.0053742392919957
G15	G68	0.0053742215968668
G22	G83	0.0053741694428026
G90	G77	0.005374165251851
G44	G16	0.0053740977309644
G66	G34	0.0053740604780614
G2	G46	0.0053740362636744
G8	G53	0.0053740348666906
G69	G64	0.005373999942094
G83	G93	0.0053739640861749
G74	G15	0.0053739631548523
G19	G13	0.0053739459253847
G2	G99	0.0053739370778203
G13	G37	0.0053738816641271
G42	G61	0.0053737927228212
G36	G98	0.0053737680427730005
G80	G44	0.0053737633861601
G16	G43	0.0053737587295472
G33	G3	0.0053736348636448
G16	G31	0.0053736199624836
G14	G84	0.0053735831752419
G95	G47	0.0053735827095806
G59	G57	0.0053735813125967
G35	G97	0.0053735799156129
G44	G92	0.0053735305555164
G59	G91	0.0053735268302261
G70	G56	0.0053735175170004
G54	G8	0.0053735175170004
G50	G15	0.005373494233936
G80	G48	0.0053734933026134
G34	G61	0.0053734895773231
G86	G66	0.0053734281100332
G57	G10	0.0053734160028398
G36	G59	0.0053733489476144
G43	G10	0.0053733312524855
G65	G34	0.0053733228705823
G77	G36	0.0053732991218566
G50	G21	0.0053732963278889
G4	G77	0.0053732614032924
G6	G97	0.0053732274100184
G27	G75	0.0053731370717287
G95	G7	0.0053731310181319
G16	G17	0.0053731016814708
G53	G36	0.0053730551153421
G72	G1	0.0053730513900518
G87	G41	0.0053730355575679995
G99	G79	0.0053730341605842
G99	G48	0.0053729894571006
G89	G48	0.0053728902712464
G7	G3	0.0053728749044239
G33	G85	0.0053728427737951
G53	G79	0.0053728409111499
G36	G73	0.0053728343918919
G74	G80	0.0053728162311017
G79	G78	0.005372785963117999
G64	G66	0.0053727449849247
G63	G60	0.0053726942278444
G86	G59	0.0053726676851511
G5	G35	0.0053726588375866
G81	G82	0.0053726541809737
G68	G44	0.0053726192563772
G33	G42	0.0053725941106677
G74	G37	0.0053725391626358
G62	G85	0.0053724450990557
G35	G91	0.0053724306635558
G70	G58	0.0053724031895399
G58	G77	0.0053723948076367
G70	G54	0.00537238875404
G40	G24	0.0053723705932497
G3	G34	0.0053723622113466
G67	G21	0.0053723230957984
G82	G53	0.005372310988604999
G65	G89	0.0053721945732831
G20	G98	0.0053721857257187
G8	G19	0.0053721675649285
G34	G39	0.0053721405565738
G93	G48	0.0053721289150416
G75	G47	0.0053721070289611
G15	G77	0.0053721000440418
G1	G6	0.0053720683790743
G94	G32	0.0053720031864941
G8	G64	0.0053719873540103
G50	G42	0.0053719454444944
G5	G18	0.0053719119168818
G28	G66	0.0053719109855592
G71	G63	0.0053719067946076
G5	G89	0.0053718802519142
G22	G97	0.0053718774579465
G56	G93	0.0053718681447207
G69	G71	0.0053718299604952
G25	G46	0.0053717945702373
G24	G96	0.0053717936389148
G88	G82	0.0053717736154794
G100	G97	0.0053717582486569
G61	G9	0.0053717270493507
G56	G6	0.0053717116825282
G85	G66	0.0053716888651251
G89	G27	0.0053716688416898
G74	G21	0.0053716520778834
G55	G18	0.0053716087713837
G80	G11	0.0053715766407549
G57	G83	0.0053715547546744
G65	G81	0.0053715491667389
G100	G48	0.0053715375252068
G24	G98	0.0053715151734650005
G1	G25	0.0053715035319328
G9	G87	0.0053714546374976
G95	G84	0.0053714173845946
G21	G14	0.0053714127279818
G68	G16	0.005371359642595001
G6	G47	0.0053713372908532
G8	G51	0.0053712632507085
G19	G31	0.0053712511435151
G46	G59	0.0053712474182248
G54	G18	0.0053712232038378
G33	G46	0.0053712101653218
G16	G61	0.0053711896762251
G87	G96	0.0053711733780801
G82	G45	0.0053711584769189
G78	G52	0.0053711156360805
G24	G1	0.0053711012005805
G19	G90	0.0053710555657744
G17	G27	0.0053709903731942
G94	G51	0.0053709619678556
G56	G66	0.0053709601052105
G83	G39	0.0053709452040493
G7	G86	0.0053709405474364
G67	G48	0.0053709051571786
G81	G21	0.0053708758205175
G69	G96	0.0053708092309534
G82	G94	0.0053707780316472
G52	G72	0.0053707426413893
G86	G73	0.005370644852519001
G94	G82	0.0053705140016973
G32	G31	0.0053704311139881
G29	G11	0.0053704143501818
G54	G29	0.0053703747689723
G11	G84	0.0053703696466982
G36	G15	0.0053703333251178
G86	G61	0.0053702248260378
G23	G81	0.0053702183067798
G92	G15	0.0053702029399573
G22	G79	0.0053701866418123
G64	G29	0.0053701750002801
G46	G77	0.0053701503202319
G43	G12	0.0053701419383287
G19	G81	0.0053701088763773
G4	G82	0.0053700557909905
G69	G1	0.0053700506687164
G94	G79	0.0053700441494584
G37	G27	0.0053700427524745
G78	G87	0.00537003390491
G9	G20	0.0053699668496847
G94	G17	0.0053699556738138
G22	G47	0.0053699505515396
G4	G27	0.0053699505515396
G60	G90	0.0053699249401688
G93	G17	0.0053698974661529
G35	G90	0.0053698746487498
G9	G31	0.0053698448464274
G71	G59	0.005369842518121
G82	G37	0.0053697456605732
G46	G47	0.0053697191178798
G2	G11	0.005369703285396
G80	G2	0.0053696827962994
G22	G64	0.0053696651011705
G32	G79	0.005369575228542
G40	G25	0.0053695701062679
G64	G80	0.005369555670767999
G5	G50	0.0053695323877036
G75	G33	0.0053695081733167
G18	G26	0.0053694755770266
G81	G44	0.0053694723173975
G11	G98	0.0053694341331720005
G32	G44	0.0053694318048655
G35	G84	0.0053694304078817
G16	G74	0.0053693857043981
G35	G17	0.0053693684749305
G97	G16	0.0053693121299147
G81	G91	0.0053693098016083
G42	G68	0.0053692432120442
G31	G66	0.0053692427463829
G64	G87	0.0053691929206252
G23	G40	0.0053691836073994
G24	G34	0.0053691533394157
G91	G66	0.0053691491484642
G63	G32	0.0053691421635448
G43	G26	0.0053690960630774
G94	G37	0.0053690928034484
G33	G1	0.0053690890781581
G84	G1	0.0053690448403358
G31	G7	0.00536898849532
G96	G84	0.0053689763881266
G28	G32	0.0053689708001911
G13	G31	0.0053689521737396
G29	G1	0.0053688022308051
G33	G45	0.0053687780164182
G79	G12	0.0053687151521444
G21	G39	0.0053687151521444
G93	G99	0.0053686811588704
G67	G98	0.0053685861639678
G46	G53	0.0053685843013226
G62	G86	0.0053685810416936
G23	G32	0.0053685568273067
G55	G36	0.0053685423918068
G20	G48	0.0053685056045651
G39	G86	0.005368482787161999
G98	G55	0.0053684748709201
G68	G87	0.0053684655576944
G20	G44	0.0053683845326304
G50	G64	0.0053683836013078
G72	G36	0.0053683789446949
G30	G81	0.0053683780133724
G97	G23	0.0053683603182435
G34	G65	0.0053682839497923
G75	G98	0.0053682690486311
G25	G53	0.0053682634606957
G90	G54	0.0053681978024542
G18	G5	0.0053681936115026
G88	G29	0.0053681735880672
G48	G53	0.0053681628778576
G61	G36	0.0053681232966482
G6	G2	0.0053681181743741
G67	G26	0.0053681177087128
G90	G95	0.0053680930286645
G90	G76	0.0053680511191487
G14	G39	0.0053680432029068
G64	G52	0.005367967300117001
G96	G8	0.0053679626435041
G3	G64	0.0053679356351494
G66	G98	0.0053679337725043
G80	G55	0.0053679207339882
G52	G16	0.0053679095581173
G44	G1	0.00536789605394
G90	G17	0.0053678504191339
G71	G99	0.0053678266704082
G31	G5	0.0053678010590374
G61	G87	0.0053677409887313
G1	G92	0.0053677223622798
G63	G48	0.0053676357492804
G15	G94	0.0053676348179578
G34	G9	0.0053676161915063
G84	G51	0.005367609206586999
G11	G40	0.0053675957024097
G92	G53	0.0053674718365073
G31	G53	0.0053674690425395
G79	G18	0.0053674485534429
G14	G81	0.0053673977963626
G99	G87	0.005367383826524001
G15	G48	0.0053673670627176
G7	G92	0.0053673535585403
G25	G57	0.0053673121146857
G26	G87	0.0053672967478632
G58	G57	0.0053672916255891
G33	G99	0.0053672892972826
G36	G5	0.0053672054782509
G78	G55	0.0053671579807996
G17	G45	0.0053671514615416
G65	G76	0.0053671039640903
G83	G70	0.005367090459913001
G13	G34	0.0053670750930905
G99	G85	0.0053670560009777
G70	G53	0.0053670252673327
G77	G61	0.005366921890527
G27	G79	0.0053668781183660004
G59	G62	0.0053668660111725
G13	G63	0.0053668585605919
G18	G41	0.0053668459877371
G42	G74	0.0053668185137212
G20	G21	0.0053668152540922
G38	G29	0.0053667495958507
G63	G45	0.0053667444735765
G51	G81	0.0053666592575609
G90	G65	0.005366644822061
G27	G29	0.0053666373714804
G43	G75	0.0053666206076741
G88	G87	0.0053665568120777
G25	G89	0.0053665307350456
G34	G32	0.0053664571605622
G4	G80	0.0053664450533688
G64	G21	0.005366435740143
G76	G22	0.0053664254955947
G78	G61	0.0053664105944335
G37	G10	0.0053663500584661
G87	G11	0.0053663020953536
G13	G64	0.0053662131540477
G10	G6	0.0053661805577576
G62	G40	0.0053661391139030006
G82	G29	0.0053660972043871
G74	G83	0.0053660972043871
G81	G22	0.0053660636767745
G25	G74	0.0053660366684198
G92	G58	0.0053659677505493
G8	G76	0.0053659318946301
G12	G74	0.0053659304976463
G94	G77	0.0053659141995012
G58	G98	0.0053658899851143
G5	G85	0.0053658811375498
G18	G53	0.0053658611141145
G78	G39	0.0053658285178244
G11	G60	0.0053657959215343
G37	G64	0.0053657940588891
G9	G59	0.0053656958043575
G6	G92	0.0053656417876482
G61	G81	0.0053656324744224
G59	G19	0.0053656320087611
G80	G78	0.0053656180389225
G30	G32	0.005365605931729
G54	G97	0.0053655956871807
G32	G85	0.0053655733354389
G54	G48	0.0053655579686164
G82	G59	0.0053655127994716
G30	G57	0.0053654792718589
G84	G75	0.0053654671646654
G27	G36	0.0053654229268431
G61	G77	0.0053653698414564
G96	G80	0.0053653516806662
G53	G65	0.0053653428331017
G88	G96	0.0053653339855372
G83	G22	0.0053653102368116
G25	G15	0.0053652790375053
G18	G27	0.0053652673959732
G31	G59	0.0053652585484087
G39	G7	0.005365171469748
G24	G33	0.0053651533089578
G82	G10	0.0053651528432965
G92	G65	0.0053651514463126
G82	G26	0.0053651412017643
G89	G96	0.0053651300258934
G87	G50	0.0053651137277483
G73	G22	0.0053650974296033
G15	G35	0.0053650764748454
G44	G89	0.0053650354966521
G42	G31	0.0053650280460715
G23	G22	0.0053650247864425
G26	G24	0.0053650001063942
G37	G24	0.0053649935871362
G13	G11	0.0053648897446691
G46	G92	0.0053648417815566
G57	G53	0.0053648361936211
G28	G50	0.0053648189641535
G11	G29	0.0053648184984922
G17	G34	0.0053648161701858
G41	G74	0.0053647928871214
G76	G61	0.0053647821769118
G46	G86	0.0053647812455892
G21	G13	0.0053647113963961
G68	G46	0.005364682059734999
G83	G69	0.0053646406158804
G8	G88	0.0053645870648324
G53	G49	0.0053645768202841
G94	G53	0.0053645642474293
G3	G83	0.005364547483623
G96	G6	0.0053645432926714
G31	G79	0.005364523269236
G32	G50	0.0053645088337361
G87	G79	0.0053645009174942
G64	G81	0.0053644990548491
G79	G28	0.0053644585423171
G6	G46	0.0053644478321075
G70	G61	0.0053644143044948
G56	G91	0.0053644003346562
G86	G72	0.0053642746061086
G64	G35	0.0053641316480934
G30	G10	0.0053640808910131
G59	G20	0.0053640366531908
G89	G42	0.0053640152327716
G48	G24	0.0053639798425138
G15	G65	0.0053639146499335
G85	G67	0.0053639053367078
G14	G13	0.0053638736717402
G61	G53	0.005363835953175999
G75	G6	0.0053638285025954
G31	G33	0.0053638224489986
G93	G21	0.0053637134842574
G39	G50	0.0053636245429515
G47	G3	0.0053636012598872
G35	G5	0.0053635886870324
G44	G41	0.0053635793738067
G89	G76	0.0053634699434041
G7	G76	0.005363458301872
G12	G40	0.0053634545765817
G34	G44	0.0053634392097592
G28	G92	0.0053634070791304
G80	G71	0.0053633111529052
G52	G40	0.0053633046336472
G16	G91	0.005363299511373
G33	G64	0.005363292992115
G66	G37	0.0053632874041795
G24	G35	0.0053632762283086
G83	G36	0.0053632506169378
G100	G98	0.0053632385097444
G24	G11	0.0053632361814379
G75	G26	0.0053632347844541
G38	G26	0.005363221745938
G2	G45	0.0053631206974387
G90	G84	0.0053630913607776
G24	G72	0.0053630881011486
G20	G30	0.0053630741313099
G53	G94	0.0053630587644875
G13	G29	0.0053630396723747
G35	G50	0.0053629744797945
G20	G12	0.0053629581816494
G32	G25	0.0053629535250365
G57	G66	0.0053629456087946
G38	G31	0.0053629069589078
G16	G88	0.0053629069589078
G21	G71	0.0053629064932465
G82	G51	0.0053628566674888
G74	G61	0.005362850613892
G93	G67	0.0053628017194569
G67	G56	0.0053627868182957
G15	G9	0.0053627621382474
G22	G57	0.0053627546876668
G89	G70	0.0053627300076186
G83	G57	0.005362685304135
G50	G53	0.0053626797161996
G51	G87	0.0053626713342964
G89	G22	0.005362662486732
G18	G45	0.0053626568987965
G54	G68	0.0053626471199095
G25	G26	0.0053626103326678
G94	G46	0.0053625707514584
G82	G80	0.0053625665605068
G96	G42	0.0053625614382326
G70	G57	0.005362459924072
G4	G68	0.005362438969314
G2	G93	0.0053624161519109995
G69	G75	0.0053624054417014
G55	G95	0.0053623365238308
G10	G45	0.0053623332642018
G78	G97	0.0053623327985405
G11	G58	0.0053622992709279
G19	G70	0.0053622107952833
G1	G44	0.0053621772676706
G37	G96	0.0053621614351868
G58	G38	0.0053621581755578
G27	G30	0.0053621162660419
G62	G53	0.005362082272768
G81	G73	0.0053620785474777
G77	G26	0.0053620771504938
G92	G86	0.0053620636463165
G10	G72	0.0053620240651071
G25	G72	0.0053619686514139
G21	G98	0.0053619369864463
G90	G49	0.0053619351238012
G82	G21	0.0053619113750755
G17	G61	0.0053618839010596
G72	G22	0.0053618801757693
G37	G97	0.0053618447855114
G5	G88	0.0053618317469954
G75	G89	0.0053618196398019
G54	G21	0.0053618000820279
G42	G49	0.0053617367520928
G38	G66	0.0053617348894476
G45	G72	0.0053616748191416
G21	G3	0.0053616552613675
G56	G94	0.0053615998476743
G90	G91	0.0053614974021911
G44	G32	0.0053614946082234
G12	G47	0.0053614610806107
G9	G50	0.0053614135831594
G36	G41	0.0053613921627402
G84	G52	0.0053613618947565
G35	G88	0.0053613362833857
G39	G18	0.0053613274358212
G65	G17	0.0053612608462572
G6	G51	0.0053612408228218
G71	G85	0.0053612189367413
G5	G6	0.0053612175397574
G49	G79	0.0053611770272254
G24	G88	0.0053611034527421
G84	G56	0.0053610554896295
G59	G51	0.0053610475733876
G90	G20	0.0053609977476298
G97	G79	0.0053609935566782
G53	G81	0.0053609795868396
G63	G69	0.0053609334863722
G47	G29	0.0053609274327754
G61	G72	0.0053609171882271
G100	G32	0.0053608859889209
G24	G81	0.0053608841262757
G33	G15	0.0053608515299856
G92	G7	0.0053608175367116
G46	G5	0.0053607067093253
G95	G25	0.0053607053123414
G100	G13	0.0053606419824063
G89	G86	0.0053606387227773
G37	G79	0.0053606135770678
G62	G1	0.005360601004213
G10	G57	0.0053605991415679
G69	G82	0.0053605954162776
G35	G69	0.0053605823777616
G60	G36	0.005360560491681
G49	G13	0.0053605469875037
G84	G85	0.0053605362772941
G93	G43	0.0053605316206812
G92	G35	0.0053605190478265
G11	G89	0.0053605157881975
G84	G63	0.0053605013526976
G46	G37	0.0053604808636009
G32	G16	0.005360469687729999
G38	G35	0.0053604659624397
G56	G10	0.0053604594431817
G5	G98	0.0053604580461978
G38	G16	0.005360456649214
G51	G93	0.0053604170680046
G85	G35	0.0053603905253112
G6	G20	0.0053603765554726
G9	G48	0.0053603667765855
G81	G37	0.0053603476844727
G97	G54	0.0053603397682309
G19	G20	0.00536032859236
G1	G67	0.0053603090345859
G33	G30	0.0053602955304086
G50	G90	0.0053602820262312
G48	G23	0.0053602727130055
G58	G27	0.0053601870313286
G1	G10	0.0053601404651999
G45	G3	0.0053601213730871
G4	G84	0.0053601167164742
G65	G72	0.0053601143881678
G38	G77	0.0053601041436195
G17	G32	0.0053600594401359
G81	G48	0.0053600310347974
G33	G11	0.0053600207902491
G52	G74	0.0053599565289914
G57	G12	0.0053599397651851
G22	G62	0.0053598480299115
G49	G29	0.0053598284721374
G87	G18	0.0053597926162183
G90	G2	0.0053596873767673
G40	G80	0.0053596710786223
G22	G3	0.0053596263751387
G85	G59	0.005359620321542
G21	G6	0.0053595853969454
G67	G85	0.0053595770150423
G3	G99	0.0053595365025103
G63	G98	0.0053595276549458
G62	G88	0.0053595206700265
G9	G43	0.0053595108911395
G18	G64	0.0053594526834785
G54	G59	0.0053594419732689
G84	G66	0.0053594075143337
G23	G66	0.0053593311458826
G1	G39	0.0053593134507536
G80	G88	0.0053593008778989
G74	G89	0.0053592929616570004
G24	G17	0.0053592738695442
G76	G11	0.005359171424060999
G71	G11	0.0053591704927384
G73	G79	0.0053591351024806
G17	G72	0.0053590550087392
G33	G26	0.005359049886465001
G12	G10	0.0053590261377394
G61	G1	0.0053589949384331
G68	G22	0.0053589725866913
G48	G7	0.0053589618764817
G36	G29	0.0053589455783367
G13	G83	0.0053589125163853
G7	G89	0.0053588850423693
G84	G72	0.0053588594309985
G93	G25	0.0053588347509503
G3	G29	0.00535883102566
G30	G60	0.0053588189184665
G20	G50	0.0053588100709021
G94	G59	0.0053588058799505
G16	G69	0.0053587756119668
G59	G63	0.005358763039112
G38	G13	0.0053587551228702
G48	G68	0.0053587527945637
G73	G5	0.0053587486036121
G72	G23	0.0053587178699672
G43	G15	0.0053587141446769
G21	G53	0.0053587118163704
G95	G46	0.0053586987778544
G34	G82	0.0053586740978062
G5	G47	0.0053586564026772
G70	G65	0.0053586405701935
G7	G46	0.0053586373105645
G89	G51	0.0053586307913064
G94	G30	0.005358625203370999
G90	G55	0.0053586214780807
G48	G5	0.0053586061112582
G39	G8	0.0053585208952426
G42	G2	0.0053584570996463
G53	G16	0.0053584459237754
G81	G70	0.0053584272973239
G59	G86	0.0053583648987114
G36	G32	0.0053583541885018
G96	G43	0.0053583425469696
G99	G3	0.0053583388216793
G76	G5	0.0053583160042762
G83	G47	0.0053582931868731
G76	G75	0.0053582764230668
G18	G23	0.005358210299164001
G87	G7	0.0053581907413899
G33	G51	0.0053581427782773
G44	G79	0.0053581092506647
G33	G10	0.0053580994717776
G35	G57	0.00535803521052
G77	G84	0.0053580333478748
G1	G69	0.0053580296225845
G75	G23	0.0053579933010041
G28	G24	0.0053579839877784
G23	G37	0.0053579118102788
G75	G81	0.0053579080849885
G18	G15	0.0053579066880047
G22	G89	0.0053578922525048
G25	G99	0.0053578829392790005
G5	G1	0.0053578428924083
G15	G25	0.0053578373044729
G41	G96	0.0053577981889247
G36	G55	0.0053577902726829
G41	G21	0.0053577804937958
G12	G24	0.0053577702492475
G21	G59	0.005357748363167
G86	G93	0.0053577222861349
G34	G73	0.0053577213548123
G16	G44	0.0053576412610709
G83	G44	0.0053576291538774
G1	G18	0.0053575630299746
G38	G34	0.0053575397469103
G85	G46	0.0053575322963297
G39	G76	0.0053575192578136
G24	G14	0.0053574829362332
G32	G77	0.0053574698977172
G26	G31	0.0053574326448142
G23	G77	0.005357377231120999
G17	G88	0.0053573371842503
G78	G47	0.0053573297336697
G96	G34	0.0053573101758956
G97	G60	0.0053573055192828
G9	G53	0.0053572854958474
G49	G76	0.0053572468459606
G21	G72	0.0053572179749608
G83	G64	0.0053572151809929995
G35	G8	0.0053571639582514
G81	G86	0.0053571625612676
G54	G80	0.0053571322932839
G27	G68	0.0053570996969938
G91	G15	0.0053570978343486
G51	G70	0.0053570927120745
G23	G55	0.0053570470772683
G15	G66	0.0053569702431559
G86	G39	0.0053569423034787
G57	G21	0.0053569371812045
G16	G10	0.0053569320589303
G72	G95	0.0053569301962852
G22	G68	0.0053569176234304
G29	G24	0.0053569097071886
G72	G96	0.0053569092415273
G38	G73	0.0053569050505757
G51	G11	0.0053569041192531
G21	G61	0.0053568952716887
G61	G92	0.0053568873554468
G37	G42	0.0053567895665764
G94	G64	0.0053567714057862
G58	G5	0.0053567443974316
G83	G90	0.0053567327558994
G37	G81	0.0053566941060125
G73	G86	0.0053566358983516
G84	G60	0.0053566279821097
G67	G5	0.0053565972484648
G54	G85	0.0053565772250294
G17	G75	0.0053565548732876
G31	G60	0.0053565483540296
G92	G77	0.0053565185517072
G52	G42	0.0053564980626106
G84	G93	0.005356459878385
G46	G12	0.0053564310073852
G47	G10	0.0053563904948532
G41	G85	0.0053563727997243
G82	G72	0.0053563495166599
G87	G47	0.0053563178516924
G73	G24	0.0053563024848699
G39	G65	0.0053562703542411
G68	G99	0.0053562675602734
G11	G51	0.0053562279790639
G84	G4	0.005356216803193
G65	G7	0.0053562074899673
G54	G83	0.0053562051616609
G80	G94	0.0053561804816126
G26	G74	0.0053561679087579
G2	G83	0.0053561525419354
G61	G83	0.0053561516106128
G49	G55	0.0053561506792902
G62	G98	0.0053561110980808
G34	G48	0.0053561041131615
G55	G2	0.0053561013191938
G84	G98	0.005356075707823
G73	G36	0.0053560710512101
G22	G31	0.0053559802472591
G34	G54	0.0053559523075819
G11	G21	0.0053559076040983
G64	G6	0.0053558899089694
G29	G92	0.0053558419458568
G100	G7	0.0053558344952762
G50	G33	0.0053558186627924
G42	G88	0.0053558014333248
G45	G39	0.0053557944484055
G37	G30	0.0053557800129055
G81	G33	0.0053557632490992
G59	G83	0.0053557562641799
G75	G42	0.0053557367064058
G42	G64	0.0053557245992124
G17	G67	0.0053557232022285
G29	G16	0.0053557050414383
G44	G2	0.005355704575777
G26	G46	0.0053556920029222
G16	G83	0.0053556724451482
G93	G88	0.0053556570783257
G9	G51	0.0053556566126644
G81	G59	0.0053556514903903
G55	G43	0.0053556500934064
G31	G13	0.0053556258790194
G63	G65	0.0053556249476969
G36	G83	0.0053555145859718
G35	G23	0.0053554996848106
G63	G51	0.0053554875776171
G4	G39	0.0053554750047624
G61	G19	0.0053554689511656
G56	G21	0.005355417728424
G79	G34	0.0053553725592792
G16	G77	0.0053553711622953
G70	G34	0.0053553651086986
G19	G72	0.0053553357720375
G94	G98	0.0053553306497633
G52	G86	0.0053553101606667
G73	G63	0.0053552514873445
G3	G82	0.0053552179597318
G56	G5	0.0053552077151834
G61	G47	0.0053551606833934
G38	G80	0.0053551401942968
G94	G22	0.0053551089949905
G2	G21	0.0053550815209746
G80	G10	0.0053550754673779
G72	G15	0.0053550372831523
G3	G94	0.0053550126031041
G40	G51	0.0053549758158624
G60	G2	0.0053549744188785
G78	G43	0.0053549716249108
G93	G79	0.0053549609147012
G25	G17	0.005354939494282
G23	G15	0.0053549129515886
G71	G95	0.0053548961877822
G53	G42	0.0053548933938145
G31	G10	0.0053548687137663
G67	G11	0.005354837514459999
G96	G81	0.0053548123687505
G45	G53	0.0053547830320894
G25	G11	0.0053547592833638
G44	G74	0.0053547364659607
G44	G11	0.005354712717235
G90	G69	0.0053546736016869
G47	G16	0.0053546112030744
G12	G86	0.0053546046838164
G8	G17	0.0053545916453003
G77	G89	0.0053545772098004
G45	G68	0.0053545250557363
G52	G93	0.0053544919937849
G3	G60	0.0053544184193015
G86	G36	0.0053543471731245
G90	G4	0.0053543346002697
G56	G37	0.0053543224930763
G1	G32	0.0053543150424957
G99	G7	0.005354278255254001
G60	G51	0.0053542740643024
G11	G62	0.0053542722016572
G38	G91	0.0053542484529316
G17	G29	0.0053542349487543
G8	G49	0.0053542307578027
G78	G56	0.0053542256355285
G64	G34	0.0053542163223028
G87	G86	0.0053542153909802
G42	G67	0.0053542098030447
G56	G29	0.0053541865199804
G4	G86	0.0053541725501418
G21	G79	0.0053541720844805
G32	G91	0.0053541683591902
G14	G19	0.0053541678935289
G16	G73	0.0053541450761258
G75	G17	0.0053541394881904
G72	G87	0.0053541380912065
G44	G19	0.005354122724383999
G11	G42	0.0053541180677711
G93	G35	0.0053541106171905
G62	G70	0.0053540966473519
G7	G25	0.0053540538065135
G55	G15	0.0053540291264653
G31	G57	0.0053540202789008
G5	G46	0.0053539951331913
G24	G87	0.0053539718501269
G10	G9	0.0053539681248366
G15	G6	0.0053539630025625
G43	G21	0.0053538866341114
G98	G43	0.0053538116626441
G65	G61	0.0053538070060312
G11	G7	0.0053537543863058
G40	G92	0.0053537399508059
G82	G47	0.0053536612540483
G68	G15	0.0053536179475486
G35	G74	0.0053536067716777
G41	G5	0.0053536025807261
G50	G30	0.0053535532206296
G90	G45	0.0053535397164523
G43	G64	0.0053535043261945
G82	G41	0.0053534735925495
G86	G10	0.00535344844684
G78	G15	0.0053533837199211
G52	G51	0.0053533646278083
G50	G18	0.0053533064201474
G88	G68	0.0053533003665506
G33	G72	0.0053532877936959
G96	G15	0.005353276617825
G25	G18	0.0053532738238573
G91	G5	0.0053532635793089
G86	G57	0.0053532384335994
G27	G93	0.0053532109595835
G40	G81	0.0053531927987933
G62	G94	0.0053531797602772
G56	G16	0.005353155080229
G25	G93	0.0053531345911324
G58	G6	0.0053531052544713
G28	G18	0.0053531043231487
G45	G18	0.0053531001321971
G45	G77	0.0053530968725681
G9	G32	0.0053530866280198
G52	G24	0.0053530824370682
G97	G12	0.005353080574423
G37	G3	0.0053530652076005
G11	G6	0.0053530484437942
G62	G49	0.0053530470468103
G30	G45	0.0053530079312622
G42	G25	0.0053530056029558
G92	G21	0.0053529110737144
G32	G98	0.0053528998978435
G50	G13	0.0053528766147792
G77	G39	0.0053528742864727
G96	G10	0.0053528575226664
G81	G46	0.0053528505377471
G23	G20	0.005352783948182999
G76	G33	0.0053527639247477
G89	G31	0.0053527359850704
G21	G69	0.0053527331911027
G49	G65	0.0053527215495705
G95	G48	0.0053526726551353
G34	G97	0.0053526666015386
G18	G46	0.005352665670215999
G65	G11	0.0053526349365711
G55	G39	0.0053526107221841
G22	G41	0.0053525832481682
G20	G87	0.0053525795228779
G86	G20	0.0053525399416685
G6	G68	0.0053525324910879
G60	G41	0.005352521315217
G17	G60	0.0053525143302977
G29	G73	0.0053524347022175
G51	G10	0.0053524207323789
G76	G68	0.0053524202667176
G18	G11	0.0053524021059274
G39	G67	0.0053523862734436
G39	G99	0.005352349486201999
G6	G99	0.0053523434326052
G56	G19	0.0053523425012826
G66	G63	0.0053522805683314
G8	G32	0.0053522600792348
G83	G40	0.0053522456437349
G93	G19	0.0053522353991866
G70	G25	0.0053522009402513
G68	G26	0.0053521711379289
G94	G35	0.0053521478548645
G92	G5	0.0053521185182034
G94	G21	0.0053521087393164
G17	G78	0.0053521059453487
G47	G42	0.0053521003574132
G33	G22	0.0053520859219133
G76	G92	0.005352078936994
G56	G47	0.0053520598448812
G48	G73	0.0053520477376878
G96	G31	0.0053520244546234
G72	G66	0.0053520114161074
G71	G57	0.0053520062938332
G11	G81	0.0053519578650593
G49	G43	0.0053519466891884
G16	G34	0.0053518866188824
G43	G77	0.0053518824279308
G1	G95	0.005351863335818
G29	G6	0.0053518628701567
G39	G62	0.0053518256172537
G35	G36	0.0053518083877861
G9	G84	0.0053517911583185
G99	G28	0.0053517408668994
G96	G5	0.0053517296910285
G51	G76	0.0053516505286097
G93	G82	0.0053516244515776
G57	G98	0.005351623520255
G49	G80	0.0053515559993684
G70	G35	0.0053515508770942
G68	G32	0.005351542495190999
G75	G55	0.0053515341132879
G43	G41	0.0053515322506427
G32	G94	0.0053515243344008
G46	G69	0.0053514884784817
G6	G19	0.0053514707833528
G8	G40	0.0053514461033046
G31	G75	0.0053514437749981
G13	G10	0.005351401399821
G25	G58	0.0053513799794018
G89	G12	0.0053513692691922
G99	G60	0.0053513227030634
G96	G97	0.0053513199090957
G33	G74	0.0053513180464506
G37	G33	0.0053513101302087
G46	G93	0.0053512784652411
G51	G77	0.0053512621670961
G93	G32	0.0053512505255639
G59	G35	0.0053512128069996
G64	G16	0.0053512114100158
G49	G99	0.0053511941805481
G36	G74	0.0053511704318225
G95	G37	0.0053511667065322
G30	G34	0.0053511424921453
G1	G5	0.0053511261940002
G92	G47	0.0053511136211454
G6	G73	0.0053510819561779
G71	G90	0.0053510786965489
G67	G29	0.0053510763682425
G28	G46	0.0053510712459683
G9	G37	0.005351064261048999
G84	G22	0.0053510563448071
G20	G69	0.0053510461002588
G69	G86	0.0053510251455008
G48	G18	0.0053510190919041
G99	G89	0.0053509743884205
G23	G21	0.0053509739227592
G46	G3	0.0053509380668401
G24	G40	0.0053508849814534
G23	G53	0.0053508821874856
G75	G56	0.0053508323617279
G70	G37	0.0053508300334215
G22	G44	0.0053508039563894
G96	G89	0.0053507769480347
G24	G48	0.0053507657721638
G7	G48	0.0053507592529058
G85	G8	0.0053506349213421
G27	G48	0.0053506293334066
G82	G17	0.0053506130352616
G61	G66	0.0053505944088101
G5	G25	0.0053505632095038
G46	G84	0.0053505436517298
G35	G18	0.005350540857762
G6	G54	0.0053504845127463
G86	G74	0.0053504779934883
G43	G53	0.005350477527827
G5	G66	0.0053504728712141
G4	G24	0.0053504463285207
G84	G55	0.0053504207171499
G45	G71	0.005350393243133999
G85	G12	0.0053503857925534
G72	G92	0.0053503820672631
G26	G80	0.0053503774106502
G33	G16	0.0053503466770052
G87	G72	0.0053503299131989
G88	G30	0.0053502935916185
G63	G57	0.0053502693772315
G25	G91	0.0053502223454415
G4	G97	0.0053501981310546
G14	G6	0.0053501627407968
G38	G57	0.0053501361981034
G98	G34	0.0053501315414905
G65	G93	0.00535010965541
G45	G60	0.0053500938229262
G18	G20	0.0053500924259424
G30	G39	0.0053500696085393
G21	G65	0.0053500579670071
G3	G91	0.0053500537760555
G5	G62	0.0053500295616686
G6	G17	0.0053500272333621
G93	G85	0.0053500235080718
G48	G55	0.0053500118665397
G29	G13	0.0053500025533139
G13	G55	0.0053499788045883
G56	G54	0.0053499774076044
G25	G51	0.0053499760106205
G86	G19	0.0053499741479754
G50	G68	0.0053499699570238
G76	G24	0.0053499662317335
G20	G26	0.0053498889319598
G81	G55	0.0053498833440244
G84	G10	0.0053498800843954
G26	G2	0.0053498595952987
G60	G62	0.0053498297929763
G38	G82	0.005349829327315
G36	G51	0.0053498041816055
G53	G32	0.0053497990593314
G91	G39	0.0053497981280088
G65	G95	0.0053497771732509
G29	G40	0.0053497641347348
G70	G91	0.0053497585467994
G37	G51	0.0053497538901865
G22	G42	0.0053497347980737
G70	G78	0.0053497119806706
G48	G76	0.0053496961481869
G25	G47	0.0053496947512029994
G25	G92	0.0053496691398322
G85	G89	0.0053496425971388
G77	G14	0.0053495788015425
G34	G11	0.0053495233878493
G65	G18	0.0053495042957365
G33	G56	0.0053494735620915
G13	G85	0.0053494470193982
G22	G66	0.0053494456224143
G17	G31	0.0053494423627853
G90	G80	0.0053494395688176
G26	G12	0.0053494302555918
G2	G7	0.0053493999876081
G55	G65	0.0053493799641728
G26	G41	0.0053493524901568
G58	G35	0.0053492374718189
G71	G48	0.0053492300212383
G48	G29	0.0053491489961743
G51	G14	0.0053491331636905
G18	G65	0.005349111277609999
G68	G6	0.0053490893915295
G77	G80	0.0053490865975618
G41	G44	0.0053490493446588
G51	G75	0.00534901721403
G83	G63	0.0053489920683205
G56	G86	0.0053489804267883
G85	G63	0.0053488812409341
G19	G76	0.0053488253615796
G13	G19	0.0053488202393054
G1	G48	0.0053487960249185
G9	G85	0.0053487862460315
G39	G48	0.0053487783297896
G54	G19	0.0053487312979996
G72	G44	0.0053487108089029
G38	G86	0.0053487098775804
G47	G86	0.0053486968390643
G13	G54	0.0053486637771129
G39	G47	0.0053486530669033
G99	G33	0.0053486446850001
G89	G9	0.0053486032411456
G46	G24	0.0053485864773392
G81	G1	0.0053485860116779
G100	G88	0.0053485510870814
G38	G37	0.0053485170938074
G80	G83	0.0053483927622437
G12	G52	0.0053483233787119
G97	G87	0.0053483182564377
G87	G92	0.0053483094088733
G26	G48	0.0053482302464544
G61	G96	0.0053482297807931
G42	G4	0.0053482120856642
G50	G79	0.0053481920622289
G49	G75	0.0053481855429708
G53	G30	0.0053481231443583
G100	G26	0.0053481133654713
G67	G66	0.0053481133654713
G75	G96	0.0053481101058423
G96	G30	0.0053481035865843
G90	G1	0.005348093342035999
G64	G41	0.0053480197675526
G33	G81	0.0053480030037462
G45	G42	0.0053479485213756
G40	G68	0.0053478959016501
G32	G89	0.0053478521294891
G6	G65	0.0053478428162634
G73	G94	0.0053478190675377
G2	G8	0.0053478023037314
G5	G76	0.0053477943874895
G61	G40	0.0053477799519896
G94	G48	0.0053477650508284
G21	G54	0.0053477524779737
G55	G77	0.0053477403707802
G61	G27	0.0053476910106837
G88	G42	0.0053476667962968
G56	G55	0.0053476598113775
G31	G29	0.0053476230241358
G14	G33	0.0053476011380553
G6	G13	0.0053475885652005
G17	G73	0.0053475112654268
G51	G6	0.0053474842570722
G11	G43	0.0053474828600883
G38	G72	0.0053474740125238
G73	G99	0.0053474572487175
G91	G59	0.0053474334999918
G22	G20	0.0053473757579922
G54	G82	0.0053473715670406
G57	G67	0.0053473622538149
G30	G37	0.0053473273292183
G16	G94	0.0053473161533474
G38	G18	0.0053473021835088
G39	G60	0.0053472891449928
G32	G86	0.0053472789004445
G70	G44	0.0053472365252673
G82	G15	0.0053471894934773
G28	G17	0.0053471820428967
G28	G99	0.0053471811115741
G19	G92	0.0053471713326871
G92	G44	0.0053471564315259
G20	G90	0.0053471126593649
G48	G50	0.0053471089340746
G79	G61	0.0053470679558813
G89	G65	0.0053470483981072
G9	G44	0.0053470456041395
G12	G41	0.0053470348939299
G7	G68	0.0053470027633011
G36	G78	0.0053469762206077
G62	G23	0.00534697342664
G51	G88	0.0053469510748982
G27	G88	0.0053469440899789
G82	G81	0.005346923135221
G80	G86	0.0053468961268663
G20	G53	0.0053468709811568
G19	G12	0.0053468267433345
G22	G18	0.0053468062542378
G83	G74	0.0053468053229153
G82	G97	0.0053467624820768
G50	G87	0.0053466749377548
G65	G59	0.0053466651588678
G72	G35	0.0053466418758034
G33	G14	0.0053466251119971
G89	G81	0.0053466199897229
G8	G85	0.005346599034965
G38	G22	0.0053465901874005
G28	G55	0.0053465887904167
G87	G64	0.0053465808741748
G41	G78	0.0053465738892555
G62	G75	0.0053465571254491
G50	G72	0.005346552003175
G70	G39	0.0053465296514332
G8	G57	0.0053465100936591
G35	G87	0.0053464928641915
G67	G92	0.0053463997319339995
G86	G75	0.0053463960066437
G45	G87	0.0053463829681277
G52	G53	0.0053463266231119
G1	G76	0.0053463261574506
G100	G59	0.0053462772630155
G66	G5	0.0053462679497897
G10	G93	0.0053462446667253
G23	G76	0.0053462320938706
G47	G31	0.0053462227806448
G55	G61	0.0053462153300642
G68	G50	0.0053461994975805
G41	G72	0.0053461408242583
G52	G84	0.0053461398929357
G53	G66	0.0053461375646293
G89	G2	0.0053460975177586
G71	G17	0.0053460700437426
G45	G5	0.005346059333533
G70	G84	0.0053459834307432
G29	G47	0.0053459713235497
G52	G57	0.0053459499031305
G51	G21	0.0053459424525499
G57	G75	0.0053459242917597
G57	G65	0.0053459228947758
G18	G66	0.0053458944894373
G22	G15	0.005345890764147
G41	G79	0.0053458702750504
G66	G86	0.0053458525799214
G34	G56	0.0053458460606634
G4	G11	0.0053458190523087
G83	G28	0.0053458092734217
G14	G70	0.0053457785397768
G42	G80	0.0053457771427929
G92	G6	0.005345735233277001
G2	G49	0.0053457170724868
G57	G72	0.0053456160239875
G8	G2	0.0053455973975359995
G11	G35	0.0053455862216651
G43	G59	0.0053455680608749
G10	G14	0.0053455298766493
G55	G99	0.0053455103188753
G19	G98	0.0053454237058758
G58	G95	0.0053453599102795
G38	G58	0.0053453366272151
G93	G80	0.0053452760912477
G33	G21	0.0053452542051672
G11	G74	0.0053452467545866
G22	G100	0.0053452146239578
G92	G57	0.0053452146239578
G7	G63	0.0053451098501682
G17	G8	0.0053450949490070005
G36	G90	0.0053450632840394
G92	G50	0.0053449738770723
G15	G93	0.0053449566476047
G84	G100	0.0053449501283466
G98	G67	0.0053449436090886
G21	G17	0.0053449179977178
G39	G20	0.0053448872640728
G57	G5	0.0053448784165084
G58	G36	0.0053448579274117
G66	G83	0.0053448313847184
G48	G69	0.0053448248654603
G80	G37	0.0053448053076863
G17	G35	0.0053447592072188
G47	G71	0.0053447443060576
G65	G58	0.0053447331301867
G99	G71	0.0053446739912033
G49	G36	0.005344646051525999
G5	G2	0.0053446367383003
G7	G78	0.0053446125239133
G16	G5	0.0053445734083652
G56	G75	0.0053445692174136
G6	G87	0.005344565026462
G66	G74	0.0053445589728653
G86	G48	0.0053445468656718
G51	G100	0.0053445338271558
G35	G31	0.0053445249795913
G31	G43	0.0053445091471076
G71	G79	0.0053444737568497
G19	G66	0.0053444285877048
G55	G64	0.0053444057703018
G84	G6	0.0053443410433828
G50	G3	0.0053443196229636
G46	G51	0.0053443098440766
G30	G5	0.0053442898206412
G43	G85	0.0053442795760929
G84	G59	0.0053442018106579
G8	G81	0.0053441529162228
G39	G78	0.0053441463969647
G98	G39	0.0053441375494003
G22	G40	0.0053441235795617
G91	G12	0.0053441119380295
G29	G46	0.0053441082127392
G90	G30	0.0053441021591424
G19	G97	0.0053440448828041
G34	G16	0.0053440444171428
G65	G96	0.0053440053015947
G89	G29	0.005343984812498001
G64	G8	0.0053439629264175
G21	G100	0.0053439512848854
G52	G25	0.0053439303301274
G61	G20	0.0053438693284988
G50	G54	0.0053438656032085
G32	G58	0.0053438618779182
G95	G51	0.0053438530303537
G48	G84	0.005343850236386
G94	G27	0.0053438497707247
G56	G80	0.0053438395261764
G11	G72	0.0053437636233866
G21	G40	0.0053437501192092
G17	G92	0.0053437193855643
G19	G95	0.0053437175229191
G34	G64	0.0053436928428709
G59	G48	0.0053436858579516
G39	G68	0.0053436649031937
G4	G37	0.0053436649031937
G26	G84	0.0053436597809195
G95	G90	0.0053436253219842
G16	G26	0.0053436201997101
G12	G33	0.0053435862064361
G71	G31	0.0053435754962265
G3	G37	0.0053435573354363
G61	G5	0.0053435489535331
G9	G15	0.0053435442969202
G42	G54	0.00534354057163
G83	G37	0.0053435275331139
G49	G53	0.0053435107693076
G67	G42	0.0053435037843883
G87	G29	0.0053434669971466
G77	G41	0.0053434544242918
G68	G80	0.0053434427827596
G16	G24	0.0053433976136147
G47	G89	0.0053433780558407
G85	G9	0.0053433533757925
G65	G1	0.0053433501161634
G72	G59	0.0053433333523571
G42	G22	0.0053433100692927
G99	G34	0.0053432486020028
G63	G83	0.0053432392887771
G55	G59	0.0053431945852935
G30	G25	0.005343192256987
G7	G59	0.0053431601263582
G25	G22	0.0053430879488587
G42	G28	0.0053430506959557
G87	G37	0.005343023687601
G91	G23	0.0053430092521011
G48	G60	0.0053430087864398
G49	G3	0.005342889111489
G1	G12	0.0053428672254085
G86	G82	0.0053428481332957
G17	G94	0.0053428360261023
G15	G53	0.0053428327664732
G88	G27	0.005342804826795999
G56	G27	0.0053427619859576
G62	G99	0.0053427200764417
G80	G9	0.0053427093662321
G9	G66	0.0053426781669259
G59	G89	0.0053426129743456
G22	G88	0.0053425780497491
G60	G61	0.0053425738587975
G1	G35	0.0053425729274749
G76	G55	0.0053425566293299
G77	G24	0.0053425482474267
G90	G29	0.0053425221703946
G79	G45	0.005342508200556
G6	G1	0.0053424756042659
G100	G20	0.0053424737416207
G44	G87	0.0053424518555402
G36	G57	0.0053424127399921
G75	G41	0.0053424020297825
G91	G18	0.0053423992358148
G9	G55	0.0053423843346536
G22	G10	0.0053423102945089
G16	G8	0.0053422981873154
G99	G74	0.0053422818891704
G100	G39	0.0053422665223479
G3	G39	0.0053422604687511
G93	G58	0.0053422315977513
G40	G95	0.0053421468473970005
G4	G73	0.0053421282209455
G5	G11	0.0053421105258166
G6	G8	0.0053420849144458
G61	G76	0.0053420583717525
G19	G42	0.0053420094773173
G10	G70	0.0053419386968016
G56	G85	0.0053419116884469
G7	G84	0.0053418907336889995
G70	G26	0.0053418851457536
G42	G86	0.0053418716415762
G80	G42	0.0053418716415762
G46	G48	0.0053418353199958
G17	G22	0.0053416271694004
G88	G11	0.0053416010923683
G100	G95	0.0053415969014167
G77	G95	0.0053415899164974
G95	G61	0.005341560114175
G10	G97	0.0053415549919009
G70	G5	0.0053415424190461
G23	G92	0.0053415396250784
G23	G24	0.0053415107540786
G73	G89	0.0053414874710142
G90	G78	0.0053414832800626
G86	G29	0.0053414781577885
G90	G70	0.0053414623253047
G59	G82	0.0053414390422403
G42	G33	0.0053414078429341
G91	G42	0.0053413873538374
G43	G31	0.0053413789719343
G95	G20	0.0053413710556924
G29	G72	0.0053413468413054
G19	G34	0.0053413263522088
G59	G10	0.0053413142450153
G53	G5	0.0053413114510476
G28	G82	0.005341310519725
G13	G66	0.0053412890993058
G17	G26	0.005341270007193
G34	G23	0.0053412551060318
G85	G92	0.0053412453271448
G66	G59	0.0053411871194839
G33	G49	0.0053411549888551
G14	G87	0.0053411447443068
G60	G1	0.0053411405533552
G34	G28	0.0053411279805004
G86	G18	0.0053411070257425
G54	G12	0.0053410986438393
G37	G1	0.0053410944528877
G62	G5	0.0053410567343235
G98	G61	0.0053410432301461
G15	G67	0.0053410404361784
G88	G53	0.005341000854969
G97	G81	0.0053409589454531
G64	G10	0.0053409477695822
G35	G80	0.005340923089534
G99	G23	0.005340916570275999
G3	G89	0.0053409123793244
G8	G5	0.0053408942185342
G84	G83	0.0053408909589052
G65	G85	0.0053408900275826
G72	G46	0.005340876057744
G74	G70	0.0053408648818731
G39	G1	0.0053408644162118
G53	G2	0.0053408560343086
G8	G97	0.005340855102985999
G73	G59	0.005340835545212
G92	G88	0.0053408332169055
G71	G42	0.0053408090025186
G8	G6	0.0053407913073897
G11	G1	0.0053407847881317
G57	G34	0.0053407843224704
G42	G77	0.0053407573141157
G17	G64	0.0053407400846481
G23	G6	0.0053407079540193
G56	G18	0.0053407037630677
G57	G17	0.0053406902588903
G22	G29	0.0053406683728098
G83	G79	0.0053406576626002
G83	G35	0.0053406190127134
G31	G34	0.00534059247002
G43	G97	0.0053405915386974
G33	G61	0.0053405910730361
G43	G55	0.0053405836224555
G44	G72	0.0053405654616653
G79	G63	0.0053405640646815
G51	G47	0.0053405603393912
G37	G63	0.0053405500948429
G22	G12	0.0053405459038913
G84	G50	0.0053405323997139
G22	G46	0.0053405226208269
G99	G2	0.0053405067883431
G8	G52	0.0053404965437948
G77	G90	0.0053404769860208
G83	G87	0.0053404425270855
G84	G64	0.0053404006175696
G49	G17	0.0053403722122311
G18	G39	0.0053403349593281
G79	G39	0.0053403149358928
G60	G56	0.0053403009660542
G64	G63	0.0053402734920382
G16	G68	0.0053402734920382
G12	G84	0.0053402725607156
G16	G99	0.0053402357734739
G32	G57	0.0053402055054903
G96	G70	0.0053401999175548
G13	G16	0.0053401980549097
G25	G83	0.0053401868790388
G63	G31	0.0053401668556034
G27	G1	0.0053401459008455
G97	G41	0.0053401407785713
G62	G29	0.0053400988690555
G6	G70	0.0053400639444589
G9	G79	0.0053400336764752
G41	G14	0.005340018775314001
G60	G63	0.0053399456664919
G80	G60	0.0053399209864437
G81	G27	0.0053399046882987
G68	G39	0.0053398995660245
G42	G15	0.0053398958407342
G60	G23	0.0053398869931697
G77	G17	0.0053398362360894
G55	G16	0.0053397817537188
G16	G58	0.0053397677838802
G26	G18	0.0053397621959447
G45	G48	0.0053397491574287
G22	G98	0.0053397426381707
G57	G14	0.0053397421725094
G99	G58	0.0053397333249449
G13	G90	0.0053397212177515
G8	G54	0.0053396807052195
G20	G29	0.0053396490402519
G25	G1	0.0053396103903651
G18	G8	0.0053396034054458
G62	G6	0.0053395680151879
G36	G52	0.0053395233117043
G40	G18	0.0053395177237689
G69	G8	0.005339493509382
G55	G33	0.0053394893184304
G85	G27	0.0053394688293337
G88	G20	0.0053394194692373
G6	G72	0.0053394180722534
G58	G89	0.0053394176065921
G22	G78	0.0053393337875604
G7	G17	0.0053393165580928
G39	G15	0.0053393044508993
G21	G82	0.005339300725609
G76	G67	0.0053393002599477
G100	G35	0.0053392872214317
G20	G14	0.0053392848931252
G43	G49	0.0053392383269965
G72	G68	0.0053392178378999
G20	G45	0.005339122377335999
G65	G31	0.0053390902467072
G55	G67	0.0053390767425298
G82	G79	0.0053390399552881
G2	G81	0.0053390385583043
G90	G66	0.0053390311077237
G28	G76	0.005339010618627
G86	G22	0.0053390045650303
G47	G66	0.0053389915265142
G26	G11	0.0053389868699014
G91	G1	0.0053389798849821
G61	G2	0.0053389761596918
G2	G50	0.0053389579989016
G56	G36	0.00533889234066
G54	G7	0.0053388699889183
G50	G1	0.0053388308733701
G43	G87	0.0053388271480798
G2	G80	0.005338825751096
G83	G29	0.0053388066589832
G85	G77	0.005338757764548001
G27	G12	0.005338754504919001
G4	G81	0.0053387363441288
G33	G9	0.0053387358784675
G19	G8	0.0053387307561933
G53	G9	0.0053387214429676
G41	G12	0.0053387121297419
G72	G55	0.0053387014195322
G29	G56	0.0053386567160487
G16	G95	0.0053386553190648
G38	G36	0.0053386534564197
G54	G63	0.0053386166691779995
G61	G50	0.0053386022336781
G42	G21	0.0053385933861136
G21	G88	0.0053385775536298
G17	G54	0.0053385677747428
G58	G21	0.0053385449573397
G21	G35	0.0053385440260171
G89	G38	0.0053384704515337
G62	G25	0.0053384564816951
G47	G59	0.005338427145034
G16	G32	0.0053384252823889
G73	G32	0.0053383526392281
G91	G99	0.0053383228369057
G91	G45	0.0053383209742605
G36	G16	0.0053383125923573
G93	G37	0.0053382669575512
G46	G65	0.0053382557816803
G87	G2	0.0053382162004709
G100	G3	0.005338208284229
G20	G3	0.0053382045589387
G36	G46	0.0053382022306323
G90	G42	0.0053381929174065
G92	G95	0.0053381924517452
G43	G34	0.0053381747566163
G5	G41	0.0053381691686809
G58	G32	0.005338164512067999
G43	G82	0.0053381612524389995
G1	G74	0.0053381477482616
G82	G93	0.0053381011821329
G17	G83	0.005338099785148999
G30	G58	0.00533809652552
G60	G53	0.0053380541503429
G36	G69	0.0053380369208753
G27	G13	0.0053380005992949
G39	G71	0.0053379796445369
G59	G44	0.0053379395976662
G24	G3	0.0053379335440695
G30	G47	0.0053379284217953
G99	G72	0.0053379191085696
G1	G86	0.0053379056043922
G15	G62	0.0053378567099571
G70	G45	0.0053378515876829
G5	G10	0.0053377640433609
G40	G98	0.0053376606665551
G80	G4	0.0053375791758298
G53	G51	0.0053375698626041
G60	G6	0.0053375423885881
G56	G74	0.0053375228308141
G90	G26	0.0053374990820884
G81	G58	0.0053374911658465
G35	G38	0.0053374809212982
G43	G17	0.0053374762646853
G46	G95	0.0053374716080725
G5	G37	0.0053374669514596
G91	G53	0.0053374399431049
G3	G84	0.0053374245762825
G60	G76	0.0053374161943793
G66	G93	0.00533740920946
G93	G50	0.0053373998962342
G58	G15	0.0053373170085251
G87	G99	0.0053372825495898
G94	G47	0.0053372643887996
G23	G96	0.0053372541442513
G48	G89	0.0053372429683804
G90	G5	0.0053372043184936
G52	G95	0.0053372029215097
G72	G33	0.0053371731191873
G6	G21	0.0053371624089777
G64	G65	0.0053371549583971
G32	G60	0.0053371358662843
G41	G95	0.0053371349349617
G26	G55	0.0053371284157037
G7	G27	0.0053371270187199
G59	G73	0.005337078589946
G52	G6	0.0053370632231235
G12	G17	0.0053370352834463
G12	G64	0.0053370301611721
G83	G76	0.0053370003588497
G70	G1	0.0053369891829788
G11	G44	0.0053369798697531
G48	G8	0.0053369379602372
G71	G98	0.0053368294611573
G76	G56	0.0053367796353995
G40	G99	0.0053367759101092
G30	G16	0.005336754489689999
G86	G83	0.0053367260843515
G31	G85	0.0053367065265774
G68	G79	0.0053366553038358
G75	G49	0.005336619913578
G56	G92	0.0053366087377071
G41	G20	0.0053365915082395
G11	G54	0.0053365714848041
G33	G90	0.0053365565836429
G10	G96	0.0053365458734333
G95	G65	0.0053365346975624
G54	G34	0.0053365277126431
G33	G6	0.0053365183994174
G66	G92	0.0053365118801593
G54	G74	0.0053364895284175
G10	G8	0.0053364257328212
G48	G44	0.0053363521583378
G81	G23	0.005336326546967
G60	G89	0.005336323287338
G94	G60	0.0053363051265478
G28	G65	0.0053362902253866
G56	G90	0.0053362809121608
G5	G51	0.0053362683393061
G80	G6	0.0053362371399998
G95	G88	0.0053361849859356
G53	G55	0.005336123984307
G10	G80	0.0053360839374363
G94	G10	0.0053360592573881
G97	G7	0.0053360033780336
G5	G99	0.0053359949961304
G3	G45	0.005335992667824
G61	G44	0.0053359591402113
G79	G69	0.0053359344601631
G97	G66	0.0053359330631792
G69	G91	0.0053358748555183
G5	G48	0.0053358576260507
G81	G24	0.0053358408622443
G66	G28	0.0053358385339379
G83	G97	0.0053358376026153
G96	G92	0.0053358250297605
G55	G63	0.0053357295691967
G96	G9	0.0053357197903096
G95	G35	0.005335718858987001
G38	G42	0.0053356741555035
G37	G56	0.0053356741555035
G60	G47	0.0053356392309069
G2	G31	0.0053356378339231
G98	G50	0.0053356178104877
G80	G67	0.0053356168791651
G8	G93	0.0053356052376329
G4	G7	0.0053355963900685
G9	G3	0.0053355852141976
G34	G79	0.0053354636766016
G16	G53	0.0053354548290371
G21	G67	0.0053354469127953
G60	G42	0.0053354450501501
G85	G57	0.0053354012779891
G48	G100	0.0053353761322796
G100	G47	0.0053353756666183
G23	G47	0.0053353542461991
G16	G85	0.0053353286348283
G32	G38	0.0053353141993284
G82	G71	0.0053352699615061
G88	G65	0.0053352629765868
G10	G48	0.0053352443501353
G43	G11	0.0053352396935224
G32	G39	0.0053351847454905
G89	G45	0.0053351600654423
G25	G42	0.0053351474925875
G15	G37	0.0053351242095232
G87	G90	0.0053350855596363
G62	G45	0.0053350836969912
G67	G22	0.005335051100701001
G51	G61	0.0053350417874753
G90	G10	0.0053350324742496
G46	G76	0.0053350296802818
G54	G55	0.0053350110538303
G87	G77	0.0053349980153143
G48	G83	0.0053349584341049
G5	G45	0.005334919784217999
G96	G23	0.0053348490037024
G99	G35	0.005334754474461
G55	G81	0.0053347242064774
G26	G37	0.0053347186185419
G60	G31	0.0053346557542681
G32	G22	0.0053346054628491
G68	G59	0.0053345765918493
G12	G55	0.0053345668129622
G52	G92	0.0053345570340752
G82	G89	0.0053345225751399
G12	G26	0.005334504880011
G46	G6	0.0053345044143497
G84	G62	0.0053344811312854
G27	G50	0.0053344275802373
G72	G10	0.0053344210609793
G93	G90	0.0053344061598181
G78	G65	0.0053344038315117
G58	G51	0.0053343982435762
G96	G94	0.0053343926556408
G64	G78	0.0053343838080763
G64	G43	0.0053343810141086
G2	G77	0.0053343665786087
G7	G37	0.0053343633189797
G6	G3	0.0053343614563345
G77	G53	0.0053343283943831
G35	G37	0.0053343279287219
G74	G12	0.0053343237377703
G53	G47	0.0053343116305768
G88	G17	0.0053342781029641
G95	G94	0.0053342515602707
G76	G21	0.0053342268802225
G92	G68	0.0053342022001743
G54	G16	0.0053341812454164
G36	G21	0.0053341789171099
G85	G48	0.0053341719321906
G58	G43	0.0053341705352067
G46	G79	0.0053341630846261
G76	G20	0.0053341342136263
G10	G61	0.0053341286256909
G11	G31	0.0053341202437877
G48	G92	0.0053341169841587
G40	G59	0.0053341002203524
G88	G98	0.0053340904414653
G61	G85	0.0053339735604822
G60	G96	0.0053339409641921
G37	G66	0.0053339251317083
G45	G95	0.0053338976576924
G63	G47	0.0053338906727731
G17	G21	0.0053338836878538
G18	G29	0.0053338604047894
G6	G44	0.0053338524885475
G85	G93	0.0053338482975959
G47	G73	0.005333840381354001
G85	G49	0.0053338375873863
G26	G35	0.0053338152356445
G22	G92	0.0053337747231125
G52	G77	0.0053337691351771
G42	G50	0.0053337165154516
G59	G45	0.0053336899727582
G18	G91	0.0053336704149842
G83	G11	0.005333652254194
G17	G89	0.0053336429409682
G38	G71	0.0053336201235651
G86	G4	0.0053335949778556
G2	G39	0.0053335786797106
G1	G42	0.0053335675038397
G31	G92	0.0053335614502429
G20	G37	0.0053335349075496
G13	G76	0.0053334245458245
G2	G16	0.0053333952091634
G59	G76	0.0053333528339862
G87	G39	0.0053333281539379995
G94	G20	0.0053333044052124
G57	G73	0.0053333006799221
G70	G24	0.0053332722745835
G88	G93	0.0053332415409386
G65	G92	0.0053332010284066
G44	G7	0.0053331828676164
G56	G17	0.0053331740200519
G56	G72	0.0053331558592617
G29	G87	0.0053331530652940004
G44	G49	0.0053331432864069
G86	G16	0.005333081819117001
G77	G45	0.0053330436348915
G52	G83	0.0053330156952142
G34	G70	0.0053330147638916
G28	G77	0.00533297797665
G56	G30	0.0053329281508922
G43	G81	0.0053328936919569
G93	G13	0.0053328676149249
G8	G26	0.0053328592330217
G53	G33	0.0053328559733927
G50	G48	0.0053328294306993
G43	G16	0.0053328252397477
G18	G1	0.0053328014910221
G64	G46	0.0053327963687479
G80	G47	0.005332794971764
G56	G26	0.0053327600471675
G88	G24	0.0053327418863773
G59	G42	0.0053327223286032
G73	G9	0.0053326971828937
G46	G35	0.0053326957859098
G89	G36	0.00533266691491
G94	G71	0.0053326557390391
G27	G23	0.0053325667977333
G68	G69	0.0053325635381042
G17	G86	0.0053325183689594
G71	G52	0.0053324964828789
G29	G57	0.0053324792534112
G57	G58	0.0053324587643146
G26	G43	0.0053324149921536
G23	G19	0.0053324135951697
G12	G48	0.0053323581814765
G19	G6	0.0053323269821703
G90	G97	0.0053323060274124
G25	G29	0.0053322878666222
G78	G74	0.0053322776220738
G62	G12	0.0053322403691709
G42	G99	0.0053322101011872
G79	G23	0.0053321868181228
G82	G54	0.0053321816958487
G37	G31	0.0053321598097682
G75	G99	0.0053321560844779
G34	G2	0.005332104396075
G100	G83	0.0053320899605751
G55	G88	0.0053320894949138
G14	G93	0.0053320466540753
G62	G63	0.0053320312872529
G90	G63	0.0053320233710110005
G25	G39	0.005332020111382
G14	G64	0.0053320103324949
G100	G79	0.0053319470025599
G38	G32	0.0053319395519793
G35	G34	0.0053319074213504
G24	G67	0.0053318948484957
G86	G64	0.0053318687714636
G45	G61	0.005331864580512
G97	G89	0.0053318445570766
G89	G28	0.0053318152204155
G33	G43	0.0053318059071898
G45	G47	0.0053317272104322
G43	G73	0.0053317015990614
G93	G97	0.0053316974081099
G17	G65	0.0053316918201744
G14	G16	0.0053316880948841
G6	G36	0.0053316778503358
G75	G61	0.0053316410630941
G24	G63	0.0053315954282879
G15	G81	0.0053315740078687
G62	G10	0.0053315642289817
G8	G96	0.0053315190598368
G2	G90	0.0053315116092562
G66	G79	0.0053314627148211
G10	G84	0.005331452935934
G32	G81	0.0053314189426600005
G69	G100	0.0053313365206122
G55	G91	0.0053313020616769
G1	G87	0.0053312727250158
G32	G12	0.0053312210366129
G12	G63	0.0053311986848711
G66	G38	0.0053311288356781
G89	G64	0.0053311251103878
G54	G25	0.0053310985676944
G70	G81	0.0053309695795178
G96	G59	0.005330947227776
G12	G61	0.0053309057839214
G6	G18	0.005330869462340999
G70	G90	0.005330866202712
G9	G71	0.0053308592177927
G94	G24	0.0053307288326323
G2	G28	0.0053307171911001
G83	G31	0.0053307018242776
G21	G43	0.0053306403569877
G7	G10	0.0053306259214878
G4	G15	0.0053306063637137
G14	G23	0.0053305830806493
G95	G2	0.005330582614988
G23	G78	0.0053305770270526
G79	G62	0.0053305518813431
G3	G11	0.0053305425681173
G49	G54	0.0053305183537304
G99	G43	0.005330501589923999
G1	G99	0.0053305001929402
G24	G43	0.0053304857574403
G97	G11	0.0053304592147469
G56	G35	0.0053304517641663
G85	G3	0.005330401007085999
G20	G2	0.0053303996101021
G22	G87	0.0053303628228604
G51	G52	0.0053303143940865
G44	G86	0.0053302971646189
G78	G20	0.0053302673622965
G70	G17	0.0053302524611353
G15	G98	0.0053302482701838
G35	G3	0.0053302315063774
G47	G76	0.0053302077576518
G31	G90	0.0053301714360713
G66	G36	0.0053301695734262
G1	G30	0.0053301476873457
G29	G23	0.0053300755098462
G87	G69	0.005330070387572
G85	G11	0.0053300210274755
G14	G65	0.0053299576975405
G46	G31	0.0053299386054277
G74	G30	0.0053299232386052
G90	G52	0.0053299060091376
G58	G63	0.0053298720158636
G56	G32	0.0053298701532185
G29	G21	0.0053298668935894
G64	G15	0.0053298142738640005
G48	G19	0.0053298003040254
G21	G75	0.0053297993727028
G83	G88	0.005329746287316
G25	G60	0.0053296838887035
G78	G51	0.0053296112455427
G23	G71	0.0053296028636395
G9	G54	0.0053296000696718
G75	G51	0.0053295991383492
G10	G56	0.0053295800462365
G77	G15	0.0053295772522687
G79	G14	0.0053295479156076
G62	G26	0.0053295250982046
G57	G7	0.005329514387995
G95	G30	0.005329480394721
G71	G76	0.0053294557146728
G66	G25	0.0053294552490115
G67	G34	0.005329439882189001
G28	G69	0.005329415667802
G31	G39	0.0053293737582862
G69	G92	0.0053293667733669
G95	G15	0.0053293537348508
G4	G56	0.0053293532691895
G19	G14	0.0053293365053832
G95	G3	0.0053293239325284
G70	G43	0.0053293178789317
G74	G45	0.0053293062373995
G66	G73	0.0053292568773031
G14	G48	0.0053291926160454
G77	G7	0.0053291665390133
G43	G25	0.0053291502408683
G3	G24	0.0053291162475943
G76	G80	0.0053290850482881
G35	G79	0.0053290398791432
G5	G30	0.0053290277719497
G68	G12	0.0053290016949176
G26	G23	0.005328977946192
G77	G1	0.0053289695642888
G87	G35	0.0053289663046598
G48	G54	0.0053289495408535
G98	G25	0.0053289295174181
G31	G2	0.0053289243951439
G98	G51	0.005328913219272999
G18	G74	0.0053288885392248
G49	G32	0.0053288578055799
G72	G32	0.0053287423215806
G84	G82	0.0053287222981452
G40	G30	0.0053287046030163
G85	G25	0.0053286897018551
G36	G20	0.0053286473266779995
G12	G58	0.0053286398760974
G4	G5	0.0053286352194845
G3	G51	0.005328498315066
G79	G7	0.0053284936584532
G13	G21	0.0053284666500985
G29	G94	0.0053284214809536
G3	G50	0.0053284033201634
G85	G37	0.005328394472599
G67	G73	0.0053283874876797
G89	G24	0.0053282994776964
G36	G30	0.0053282878361642
G44	G71	0.0053282468579709
G60	G34	0.0053282310254871
G51	G25	0.0053282300941646
G67	G25	0.0053282235749065
G5	G15	0.0053282128646969
G37	G26	0.0053282030858099
G82	G44	0.0053281760774552
G22	G4	0.0053281253203749
G40	G5	0.0053280992433428
G69	G81	0.0053280843421816
G3	G66	0.0053280396386981
G43	G84	0.0053280028514564
G54	G11	0.0053279986605048
G64	G48	0.0053279823623597
G59	G22	0.0053279418498277
G19	G61	0.0053279190324246
G56	G1	0.0053279162384569
G58	G41	0.0053279069252312
G72	G69	0.0053278882987797
G58	G68	0.0053278561681509
G50	G83	0.0053278249688446
G80	G66	0.0053277956321835
G52	G96	0.0053277788683772
G43	G62	0.0053277714177966
G62	G20	0.0053277392871677
G29	G44	0.0053276657126843
G82	G12	0.0053276484832167
G51	G30	0.0053276382386684
G36	G92	0.0053276326507329
G24	G41	0.0053276275284588
G53	G56	0.0053276075050234
G80	G90	0.0053275898098945
G46	G72	0.0053275758400559
G93	G51	0.0053275558166205
G100	G91	0.0053275469690561
G9	G35	0.005327527411282001
G70	G73	0.0053274845704436
G5	G77	0.0053274580277502
G21	G85	0.0053273974917829
G73	G98	0.0053273867815732
G42	G29	0.0053273839876055
G25	G50	0.0053273704834282
G35	G13	0.0053273527882993
G4	G43	0.0053273285739123
G80	G26	0.0053272829391062
G35	G92	0.0053272601217031
G49	G50	0.0053272428922355
G74	G52	0.0053272023797035
G61	G30	0.0053271558135747
G13	G6	0.005327153019607
G26	G21	0.0053270440548658
G5	G56	0.0053270426578819
G71	G24	0.0053270091302692
G39	G63	0.0053270049393177
G6	G62	0.0053270040079951
G99	G91	0.0053269928321242
G99	G67	0.0053269797936081
G8	G48	0.0053269686177372
G98	G49	0.0053269639611244
G65	G42	0.0053269537165760005
G74	G13	0.0053269448690116
G73	G95	0.0053269425407052
G100	G8	0.0053269229829311
G82	G75	0.0053269173949956
G32	G92	0.0053268703632056
G65	G99	0.0053268573246896
G7	G16	0.0053268070332705
G52	G66	0.0053267646580934
G20	G17	0.0053267483599483
G95	G54	0.0053267455659806
G80	G74	0.0053267227485775
G8	G25	0.0053266729228198
G47	G4	0.0053266668692231
G92	G25	0.0053266575559973
G36	G4	0.0053266468457877
G86	G91	0.0053266459144651
G4	G22	0.0053266314789652
G39	G73	0.0053266063332557
G100	G46	0.0053265863098204
G20	G10	0.0053265802562236
G53	G25	0.0053265648894011
G40	G42	0.0053265551105141
G47	G45	0.0053265471942722
G6	G43	0.0053265392780303
G67	G99	0.0053265374153852
G52	G75	0.0053265318274497
G23	G46	0.0053265248425304
G44	G23	0.0053264978341758
G36	G50	0.0053264750167727
G67	G87	0.0053264065645635
G41	G61	0.0053263893350958
G79	G53	0.0053263795562088
G18	G97	0.00532634742558
G35	G24	0.0053263306617736
G58	G28	0.0053263129666447
G85	G7	0.0053262850269675
G16	G45	0.0053262556903064
G71	G75	0.0053262528963387
G94	G44	0.0053262342698872
G73	G54	0.0053262263536453
G83	G25	0.005326219368726
G56	G65	0.0053262086585164
G5	G81	0.0053261956200003
G70	G20	0.0053261895664036
G11	G70	0.0053261690773069
G79	G64	0.0053261681459844
G16	G84	0.0053261648863554
G60	G22	0.0053261592984199
G17	G47	0.0053261527791619
G81	G84	0.0053261360153555
G4	G89	0.0053261262364685
G70	G19	0.0053261248394846
G61	G74	0.005326104350388
G57	G71	0.0053260880522429
G36	G95	0.0053260871209204
G96	G76	0.0053260428830981
G66	G8	0.0053260354325175
G47	G79	0.0053259031847119
G79	G65	0.0053258724510669
G42	G24	0.0053258636035025
G58	G34	0.0053258226253092
G40	G7	0.0053257923573255
G27	G77	0.0053257900290191
G93	G66	0.0053257741965353
G68	G90	0.0053257727995514
G70	G22	0.0053257630206644
G20	G59	0.0053257448598742
G28	G70	0.0053257062099874
G33	G53	0.0053257048130035
G94	G18	0.0053256847895681
G90	G59	0.005325635895133
G93	G36	0.0053255790844559
G65	G43	0.0053255651146173
G67	G71	0.0053255409002304
G83	G86	0.0053255194798111
G52	G81	0.0053254882805049
G20	G18	0.0053254710510373
G34	G27	0.0053254538215696
G41	G55	0.0053254445083439
G99	G100	0.0053254370577633
G30	G21	0.0053254072554409
G4	G87	0.0053253779187798
G17	G43	0.0053253737278282
G50	G99	0.0053253695368766
G66	G48	0.005325362086296
G58	G81	0.0053253551013767
G57	G8	0.0053253504447638
G86	G65	0.0053253415971994
G29	G74	0.0053253318183124
G6	G81	0.005325321573764
G59	G99	0.0053252535872161
G62	G14	0.0053252205252647
G84	G15	0.0053252093493938
G32	G70	0.0053251907229423
G27	G100	0.0053251809440553
G72	G63	0.005325156264007
G45	G93	0.0053251385688781
G41	G63	0.0053251292556524
G53	G75	0.0053251064382493
G17	G96	0.0053251055069267
G51	G97	0.0053250668570399
G75	G94	0.0053250552155077
G7	G95	0.0053250528872013
G64	G79	0.0053249886259436
G19	G53	0.0053249793127179
G95	G99	0.0053249397315084
G7	G29	0.0053248973563313
G27	G55	0.0053248843178153
G22	G24	0.0053248768672347
G13	G32	0.0053248726762831
G66	G62	0.005324866157025
G14	G62	0.0053248363547027
G76	G7	0.0053248219192028
G30	G70	0.0053247697651386
G59	G26	0.0053247585892677
G23	G56	0.0053247581236064
G47	G12	0.0053247427567839
G67	G57	0.0053247255273163
G19	G67	0.0053247064352035
G73	G44	0.0053246901370584
G20	G25	0.0053246757015585
G49	G73	0.0053246640600264
G1	G50	0.0053246351890265
G52	G88	0.0053246272727847
G34	G41	0.0053246230818331
G63	G12	0.0053246049210429
G71	G6	0.0053246030583977
G40	G29	0.0053246016614139
G96	G64	0.0053245862945914
G14	G29	0.0053245844319462
G10	G15	0.0053245616145431
G74	G75	0.0053245592862367
G68	G85	0.0053245443850755
G34	G75	0.0053245425224304
G14	G96	0.0053245252929627
G19	G44	0.0053245173767209
G60	G15	0.0053245034068822
G43	G39	0.0053244973532855
G60	G97	0.0053244228474795
G100	G51	0.0053243939764797
G81	G15	0.0053243767470121
G96	G60	0.0053243590518832
G57	G13	0.0053243245929479
G34	G19	0.0053243134170769995
G10	G62	0.0053243129514157
G54	G88	0.0053242756985127
G86	G89	0.0053242254070937
G79	G89	0.0053241942077875
G13	G81	0.0053241932764649
G31	G84	0.0053241644054651
G58	G46	0.0053241397254168
G1	G59	0.0053240992128849
G57	G74	0.0053240908309817
G94	G31	0.0053240829147398
G80	G64	0.0053240708075463
G45	G51	0.0053240661509335
G95	G36	0.0053240219131112
G1	G40	0.0053240139968693
G80	G95	0.0053240098059177
G33	G82	0.0053239739499986
G69	G33	0.0053239502012729
G72	G30	0.0053239362314343
G48	G2	0.0053238715045154
G43	G91	0.0053238696418702
G76	G13	0.0053238696418702
G79	G55	0.0053238659165799
G29	G76	0.0053238556720316
G99	G24	0.0053238053806126
G9	G36	0.005323760677129001
G32	G20	0.0053237462416291
G45	G55	0.0053237429820001
G59	G77	0.0053237378597259
G31	G94	0.0053237285465002
G76	G12	0.0053237215615808
G34	G98	0.0053237173706293
G50	G46	0.0053236917592585
G76	G54	0.0053236824460327
G94	G3	0.0053236591629683
G53	G95	0.0053236433304846
G81	G78	0.0053236247040331
G82	G46	0.0053236167877912
G47	G87	0.0053235464729368
G100	G94	0.0053235194645822
G8	G78	0.0053235185332596
G58	G56	0.0053234999068081
G86	G54	0.0053234966471791
G86	G1	0.0053234915249049
G67	G93	0.0053234831430017
G22	G96	0.0053234659135341
G79	G73	0.0053234458900988
G78	G73	0.0053234226070344
G98	G58	0.0053234109655022
G98	G92	0.0053234053775668
G47	G40	0.0053233979269862
G35	G93	0.0053233979269862
G95	G6	0.0053233951330184
G86	G87	0.0053233858197927
G85	G60	0.0053233318030834
G86	G8	0.0053233210928738
G67	G97	0.0053233057260513
G89	G71	0.005323295481503
G100	G85	0.0053232712671159995
G31	G40	0.0053232675418257
G88	G67	0.0053232642821967
G76	G44	0.0053232628852128
G55	G27	0.0053232419304549
G72	G41	0.0053232070058584
G99	G86	0.0053232060745358
G37	G4	0.0053231595084071
G40	G44	0.0053231371566653
G12	G53	0.0053230598568916
G47	G62	0.0053230561316013
G73	G23	0.0053230393677949
G87	G24	0.0053230356425046
G69	G68	0.0053230142220854
G4	G26	0.0053230030462145
G3	G15	0.0053230002522468
G99	G1	0.0053229965269565
G64	G1	0.0053229890763759
G94	G81	0.0053229862824082
G49	G33	0.0053229848854243
G30	G40	0.0053229532204568
G80	G96	0.0053229383192956
G62	G32	0.0053229313343763
G9	G24	0.0053229271434247
G42	G14	0.005322843324393
G84	G76	0.005322843324393
G91	G8	0.0053228163160383
G91	G72	0.0053227958269417
G96	G48	0.0053227776661515
G71	G68	0.0053227697499096
G22	G75	0.0053227543830871
G63	G21	0.005322734825312999
G69	G30	0.0053227245807647
G42	G98	0.0053227064199745
G100	G64	0.0053226999007165
G47	G18	0.0053226994350552
G58	G73	0.0053226849995553
G22	G37	0.0053226621821522
G41	G87	0.0053226291202008
G86	G58	0.0053226063027977
G59	G72	0.005322590470314
G86	G21	0.0053225844167172
G88	G76	0.0053225830197334
G15	G38	0.0053225723095238
G4	G48	0.005322549957782001
G11	G26	0.005322485230863
G76	G57	0.0053224554285407
G58	G47	0.0053224391303956
G56	G45	0.0053223893046379
G80	G61	0.005322387907654
G19	G35	0.0053223599679768
G52	G15	0.0053223576396703
G39	G51	0.0053223203867673
G72	G53	0.0053222780115902
G8	G24	0.005322263110429
G24	G42	0.0053222333081066
G47	G94	0.0053222309798002
G100	G82	0.0053222114220261
G60	G30	0.0053221699781715
G28	G63	0.0053221685811877
G55	G96	0.00532216578722
G69	G43	0.0053221588023006
G91	G71	0.0053221583366394
G91	G74	0.0053221536800265
G83	G96	0.0053220391273498
G81	G64	0.0053220279514789
G43	G61	0.0053220163099467
G85	G62	0.0053219939582049
G78	G58	0.0053219823166728
G27	G69	0.0053219748660922
G64	G22	0.0053219739347696
G79	G19	0.0053219450637698
G85	G22	0.0053219115361571
G17	G82	0.0053218770772218
G24	G47	0.0053218533284962
G77	G46	0.005321841686964001
G88	G49	0.0053218151442706
G53	G64	0.0053218067623674
G61	G68	0.0053217881359159
G44	G5	0.0053217802196741
G99	G37	0.0053217788226902
G28	G96	0.0053217471577227
G5	G83	0.0053216451779007
G38	G24	0.0053216451779007
G87	G66	0.0053215827792882
G59	G7	0.0053215757943689
G4	G12	0.0053215492516756
G47	G39	0.0053215157240629
G41	G19	0.0053215050138533
G83	G42	0.0053213443607091
G44	G25	0.0053213443607091
G80	G52	0.0053213438950479
G27	G11	0.0053213373757898
G14	G75	0.0053213178180158
G7	G77	0.0053212773054838
G76	G35	0.0053211990743875
G63	G18	0.0053211874328553
G74	G97	0.0053211729973554
G95	G57	0.0053211636841297
G50	G100	0.0053211455233395
G10	G40	0.0053211096674203
G36	G62	0.0053211022168397
G29	G96	0.0053210966289043
G14	G10	0.0053210128098726
G86	G69	0.005321002099663001
G13	G82	0.0053209755569696
G2	G41	0.0053209709003567
G81	G62	0.0053209522739052
G51	G5	0.0053208637982606
G80	G15	0.0053208325989544
G28	G26	0.0053208251483738
G98	G99	0.0053208209574222
G40	G63	0.0053208200260996
G8	G30	0.0053208097815513
G49	G57	0.0053207878954708
G16	G33	0.0053207762539386
G41	G90	0.0053207529708743
G20	G27	0.0053207520395517
G78	G72	0.0053207362070679
G33	G35	0.0053207171149551
G14	G44	0.0053206868469715
G4	G50	0.0053206370212137
G99	G65	0.0053206286393105
G40	G46	0.0053206286393105
G58	G25	0.0053205401636659995
G20	G99	0.0053205364383757
G17	G46	0.0053205015137791
G53	G84	0.0053204987198114
G60	G78	0.0053204614669084
G98	G27	0.005320394411683
G60	G82	0.0053203711286187
G89	G68	0.0053203050047159
G87	G78	0.0053203031420707
G6	G33	0.0053203026764094
G98	G94	0.0053202984854578
G16	G54	0.0053202621638774
G15	G33	0.005320246797055
G51	G55	0.0053202398121356
G79	G41	0.0053202318958938
G73	G61	0.0053202179260551
G86	G77	0.0053202016279101
G32	G75	0.0053201983682811
G1	G15	0.0053201634436845
G53	G62	0.0053201247937977
G54	G1	0.0053201229311525
G92	G74	0.0053201145492494
G77	G32	0.0053201019763946
G2	G30	0.0053200903348624
G77	G81	0.0053200749680399
G34	G92	0.0053200456313788
G23	G74	0.0053200279362499
G76	G91	0.0053200018592178
G45	G50	0.0053200009278953
G35	G55	0.0053199799731373
G76	G8	0.0053199706599116
G90	G68	0.0053199403919279
G28	G11	0.0053199394606053
G87	G30	0.0053198877722024
G2	G75	0.0053198621608316
G36	G61	0.0053198561072349
G35	G22	0.0053198295645415
G38	G17	0.0053198123350739
G46	G39	0.005319807678460999
G40	G43	0.0053197816014289
G80	G70	0.005319767165929
G19	G75	0.0053197522647678
G79	G33	0.0053197261877357
G17	G85	0.0053197112865746
G59	G24	0.0053197043016552
G52	G64	0.0053196572698652
G27	G47	0.0053196563385427
G53	G80	0.0053196433000266
G63	G7	0.0053196158260107
G33	G2	0.0053195878863334
G78	G94	0.0053195641376078
G67	G33	0.0053195287473499
G34	G29	0.0053194928914308
G88	G80	0.0053194584324955
G69	G85	0.0053194579668343
G31	G68	0.0053194537758827
G34	G76	0.0053194398060441
G11	G36	0.0053193997591733
G79	G32	0.0053193937055766
G95	G68	0.0053193871863186
G63	G40	0.0053193471394479
G66	G15	0.0053193247877061
G50	G91	0.0053193196654319
G22	G94	0.0053192866034805
G56	G34	0.0053192833438515
G83	G82	0.0053192810155451
G26	G91	0.0053192721679806
G77	G42	0.0053192321211099
G96	G41	0.0053192065097391
G50	G69	0.0053191999904811
G10	G32	0.0053191874176263
G48	G79	0.0053191753104329
G53	G92	0.0053191478364169
G31	G98	0.0053191422484815
G2	G33	0.0053191389888525
G77	G62	0.0053191306069493
G54	G91	0.0053191208280622
G93	G71	0.0053191068582236
G72	G45	0.0053190980106592
G92	G64	0.0053190896287559995
G71	G96	0.0053190859034657
G98	G90	0.0053190835751593
G100	G50	0.0053190789185464
G85	G1	0.0053190663456916
G90	G88	0.0053190449252724
G3	G65	0.0053190407343208
G94	G49	0.0053189834579825
G19	G36	0.0053189629688858
G95	G71	0.0053189606405794
G51	G37	0.0053189280442893
G11	G45	0.0053189280442893
G17	G23	0.0053188879974186
G59	G92	0.0053188316524028
G58	G93	0.0053187697194516
G83	G92	0.0053187604062259
G92	G82	0.0053187543526291
G74	G34	0.0053187343291938
G52	G44	0.0053186984732747
G7	G83	0.0053186938166618
G12	G75	0.0053186868317425
G86	G12	0.0053186137229204
G53	G40	0.005318593699484999
G47	G70	0.0053185736760497
G44	G6	0.0053185508586466
G79	G66	0.0053185462020337
G37	G16	0.0053185438737273
G75	G48	0.0053185429424047
G25	G71	0.0053185136057436
G71	G30	0.0053185075521469
G1	G68	0.0053185019642114
G8	G89	0.0053184814751148
G32	G65	0.0053184814751148
G18	G24	0.0053184544667601
G86	G68	0.0053184297867119
G7	G35	0.0053184181451797
G34	G52	0.0053183725103735
G26	G51	0.0053182831034064
G17	G93	0.0053182747215032
G68	G7	0.0053182616829872
G39	G11	0.005318256560713001
G70	G55	0.0053182505071163
G37	G89	0.0053181969560682
G89	G5	0.0053181620314717
G25	G70	0.005318144802004001
G51	G29	0.0053181257098913
G61	G60	0.0053180735558271
G98	G8	0.0053180404938757
G52	G97	0.0053180260583758
G96	G77	0.0053180241957306
G7	G50	0.0053180097602307
G31	G95	0.0053179911337792
G90	G24	0.005317990668118
G79	G36	0.0053179860115051
G88	G44	0.0053179017268121
G100	G58	0.0053178882226347
G57	G97	0.0053178779780864
G95	G50	0.0053178453817963
G89	G4	0.0053178030066192
G71	G89	0.0053177797235548
G72	G85	0.0053177271038293
G46	G29	0.0053176963701844
G61	G22	0.0053176842629909
G30	G68	0.0053176051005721
G74	G31	0.0053175920620559996
G85	G13	0.0053175287321209
G87	G81	0.0053175278007984
G20	G75	0.0053174942731857
G24	G92	0.0053174854256212
G81	G96	0.0053174523636698
G10	G28	0.005317450966686
G59	G37	0.0053174435161054
G18	G77	0.0053174407221376
G41	G71	0.0053174039348959
G53	G100	0.0053173727355897
G80	G87	0.0053173447959125
G28	G5	0.0053173224441707
G9	G58	0.0053173177875578
G52	G46	0.0053173066116869
G50	G98	0.0053172600455582
G50	G9	0.005317254923284
G95	G70	0.0053172195330262
G37	G84	0.0053172064945101
G30	G96	0.0053171822801232
G91	G33	0.0053171617910265
G8	G7	0.0053171305917203
G18	G12	0.0053171180188655
G75	G31	0.005317117087543
G12	G36	0.005317096132785
G72	G74	0.0053170751780271
G4	G10	0.0053170323371887
G98	G44	0.0053170262835919
G5	G92	0.0053170099854469
G58	G10	0.0053170016035437
G94	G41	0.0053169843740761
G77	G51	0.0053169559687376
G83	G66	0.0053169322200119
G92	G75	0.0053169322200119
G10	G89	0.0053169117309153
G91	G92	0.0053169014863669
G15	G95	0.0053168940357863
G30	G79	0.0053167999722063
G92	G39	0.0053167976438999
G28	G72	0.0053167887963354
G39	G69	0.0053167860023677
G94	G25	0.0053167608566582
G27	G72	0.0053167454898357
G8	G16	0.0053167105652391
G79	G8	0.005316702183336
G85	G61	0.0053166975267231
G53	G7	0.0053166546858847
G32	G41	0.0053166523575782
G94	G54	0.0053165950812399
G100	G11	0.0053165326826274
G74	G65	0.0053165229037404
G3	G73	0.0053165224380791
G98	G37	0.0053164977580308
G31	G81	0.0053164712153375
G68	G91	0.0053164553828537
G91	G48	0.0053164339624345
G100	G10	0.0053164330311119
G15	G22	0.0053164320997893
G37	G14	0.0053163794800639
G8	G47	0.0053163734264671
G80	G20	0.0053163729608058
G13	G53	0.0053163673728704
G75	G83	0.0053163594566285
G9	G69	0.0053163575939834
G39	G80	0.0053163161501288
G50	G95	0.0053163133561611
G97	G24	0.0053162719123065
G34	G42	0.0053162132389843
G81	G16	0.0053162113763391
G55	G78	0.0053161904215812
G59	G58	0.0053161634132266
G7	G74	0.0053161531686782
G88	G50	0.0053161466494202
G38	G19	0.0053161140531301
G84	G67	0.0053161010146141
G23	G63	0.0053160935640335
G46	G63	0.00531608145684
G42	G69	0.0053160623647272
G79	G74	0.0053160618990659
G27	G31	0.0053160213865339
G15	G43	0.0053160195238888
G68	G21	0.0053159864619374
G84	G45	0.0053159813396632
G95	G22	0.0053159701637923
G84	G86	0.0053159305825829
G60	G43	0.0053159114904701
G23	G29	0.0053158933296799
G51	G53	0.0053158928640186
G37	G19	0.0053158388473093
G24	G55	0.0053158258087933
G25	G76	0.0053158113732934
G45	G66	0.005315804388374001
G42	G41	0.0053157713264226
G98	G24	0.0053156954236328
G42	G70	0.0053156847134232
G87	G8	0.005315666552632999
G28	G52	0.0053156618960201
G57	G24	0.0053156581707298
G86	G5	0.0053156139329075
G99	G45	0.0053156120702624
G57	G68	0.0053155710920691
G17	G76	0.0053155669011175
G63	G14	0.0053155128844082
G12	G15	0.0053154816851019
G69	G56	0.0053154551424086
G65	G80	0.0053154155611991
G85	G65	0.0053154076449573
G78	G59	0.0053153149783611
G41	G43	0.0053152469918131
G45	G85	0.0053152274340391
G96	G22	0.0053152036853134
G89	G52	0.0053151911124587
G65	G91	0.0053151752799749
G12	G65	0.0053151645697653
G88	G15	0.0053151631727814
G56	G78	0.0053150965832173
G16	G18	0.0053150951862335
G77	G31	0.0053150812163949
G88	G48	0.005315029527992001
G63	G13	0.0053149480372667
G2	G59	0.0053149289451539
G48	G46	0.0053149284794926
G7	G44	0.0053149219602346
G88	G51	0.0053149135783314
G82	G31	0.0053148618899285
G62	G59	0.0053148069418966
G80	G56	0.0053147631697356
G14	G88	0.0053147338330745
G6	G15	0.0053147333674132
G67	G53	0.005314698908477999
G18	G14	0.0053146858699619
G99	G68	0.0053146835416555
G45	G90	0.0053146816790103
G58	G24	0.0053146728314459
G46	G49	0.0053146709688007
G32	G97	0.0053146695718169
G30	G54	0.0053146653808653
G78	G19	0.0053146369755268
G58	G64	0.0053146253339946
G16	G75	0.0053145424462854
G47	G60	0.0053145363926887
G47	G85	0.005314533598721
G81	G8	0.0053145149722695
G64	G99	0.0053144763223826
G83	G5	0.0053144404664635
G64	G77	0.005314425099641
G69	G31	0.0053143869154155
G97	G20	0.0053143771365284
G3	G59	0.005314371548592999
G41	G65	0.0053143687546253
G90	G34	0.0053143394179642
G51	G35	0.0053143315017223
G32	G43	0.0053142788819968
G79	G81	0.0053142672404646
G16	G6	0.0053142555989325
G52	G9	0.0053142486140131
G55	G66	0.0053142230026423
G11	G20	0.0053141927346587
G95	G8	0.0053141927346587
G41	G66	0.0053141918033361
G60	G44	0.0053141913376748
G60	G64	0.0053141871467232
G58	G31	0.0053141508251428
G42	G93	0.0053141503594815
G83	G21	0.0053141131065785
G11	G97	0.005314094480127
G15	G44	0.0053140791133046
G69	G42	0.0053140767849981
G92	G13	0.0053140651434659
G10	G34	0.0053140446543693
G76	G46	0.0053139901719987
G81	G87	0.0053139701485633
G70	G11	0.0053139594383537
G96	G2	0.0053139235824346
G46	G11	0.005313916131854
G2	G58	0.0053139119409024
G58	G18	0.0053139012306928
G99	G81	0.0053138700313866
G70	G32	0.0053138565272092
G76	G14	0.0053138313814997
G22	G25	0.0053138262592256
G54	G41	0.0053137941285967
G43	G94	0.005313791334629001
G60	G80	0.0053137908689677
G84	G8	0.005313778296113
G12	G23	0.0053137182258069
G51	G60	0.0053136530332267
G77	G19	0.0053136465139687
G58	G2	0.0053136446513235
G6	G66	0.0053135752677917
G57	G1	0.0053135454654693
G85	G69	0.0053135440684854
G36	G87	0.0053135221824049
G76	G65	0.0053135184571146
G94	G43	0.0053135091438889
G53	G29	0.0053134993650019
G49	G48	0.0053134975023567
G42	G46	0.0053134383633732
G11	G73	0.0053134374320507
G76	G73	0.0053134239278733
G21	G90	0.0053134025074541
G57	G84	0.0053134011104702
G3	G85	0.005313366651535
G62	G43	0.0053133582696318
G61	G48	0.005313339177519001
G72	G82	0.0053133005276322
G60	G91	0.0053132884204387
G3	G2	0.0053132795728743
G57	G54	0.0053132553584873
G52	G39	0.0053132381290197
G50	G56	0.0053132311441004
G49	G27	0.0053132264874875
G39	G38	0.0053132222965359
G70	G82	0.0053131747990846
G49	G85	0.0053131212480366
G73	G60	0.005313117057085
G4	G46	0.0053131151944398
G8	G15	0.0053130933083593
G57	G47	0.0053130672313272
G87	G26	0.0053130239248275
G89	G72	0.0053129834122955
G93	G16	0.0053129503503441
G55	G87	0.0053129112347959995
G45	G13	0.0053129023872315
G83	G98	0.0053128832951188
G12	G66	0.0053128437139093
G94	G52	0.0053128087893128
G13	G69	0.0053127994760870005
G15	G40	0.0053127687424421
G50	G84	0.0053127664141356
G30	G7	0.0053127640858292
G44	G26	0.0053127510473132
G3	G68	0.005312736146152001
G75	G29	0.0053127319552004
G21	G11	0.0053126737475395
G71	G80	0.0053126136772334
G28	G42	0.0053126020357012
G97	G63	0.0053125945851206
G24	G20	0.0053125820122659
G99	G42	0.0053125247359275
G19	G79	0.0053124967962503
G5	G36	0.0053124804981052
G96	G25	0.0053124753758311
G88	G78	0.0053124735131859
G10	G11	0.0053124614059925
G59	G94	0.0053124520927667
G68	G33	0.0053124320693314
G76	G31	0.0053123822435736
G86	G32	0.0053123487159609
G14	G17	0.0053123356774449
G53	G96	0.0053123319521546
G33	G37	0.0053123123943805
G88	G72	0.0053122825920581
G94	G38	0.005312253255397
G90	G9	0.0053122197277843
G44	G85	0.0053121671080589
G74	G2	0.005312162451446001
G84	G58	0.0053121238015592
G6	G11	0.0053120777010917
G94	G4	0.0053120548836886
G70	G21	0.0053120329976081
G10	G43	0.0053120199590921
G20	G84	0.0053120059892535
G62	G46	0.0053120050579309
G51	G96	0.0053120050579309
G25	G7	0.0053119990043342
G16	G30	0.0053119976073503
G25	G67	0.0053119827061891
G48	G74	0.0053119668737053
G57	G31	0.0053119496442377
G42	G65	0.00531194685027
G65	G94	0.0053119426593184
G88	G75	0.0053119380027055
G96	G65	0.0053119361400604
G82	G61	0.0053119249641895
G95	G5	0.0053119137883186
G5	G65	0.0053118872456252
G32	G46	0.0053118844516575
G23	G43	0.005311865825206
G6	G71	0.0053118569776415
G55	G76	0.0053118360228836
G56	G28	0.0053117871284484
G40	G53	0.005311747547239
G89	G26	0.0053117428906261
G64	G89	0.0053117428906261
G3	G31	0.0053116823546588
G62	G15	0.0053116739727556
G77	G11	0.0053116399794816
G93	G23	0.0053116064518690005
G79	G29	0.0053115971386432
G81	G79	0.0053115338087081
G3	G30	0.0053115226328372
G46	G50	0.0053115212358534
G41	G81	0.0053114956244826
G36	G68	0.0053114932961761
G74	G20	0.005311491433531001
G60	G17	0.0053114877082407
G69	G65	0.0053114029578864
G27	G97	0.0053113996982574
G61	G79	0.0053113964386284
G73	G6	0.0053113475441932
G100	G21	0.0053113447502255
G68	G55	0.0053113372996449
G89	G67	0.0053113307803869
G89	G56	0.0053112688474357
G91	G21	0.005311254877597001
G1	G37	0.0053112241439521
G2	G97	0.0053112176246941
G14	G55	0.0053111566230654
G48	G37	0.0053111417219042
G49	G98	0.0053111389279365
G74	G94	0.0053111286833882
G55	G42	0.0053110388107597
G20	G66	0.005310979206115
G71	G10	0.0053109759464859
G7	G64	0.0053109652362763
G33	G32	0.0053109489381313
G30	G93	0.0053109135478734
G78	G37	0.0053108986467123
G89	G14	0.0053108902648091
G54	G79	0.0053108897991478
G66	G2	0.0053108809515833
G27	G24	0.0053108758293092
G6	G75	0.0053108562715351
G94	G70	0.0053108446300029
G43	G47	0.0053108255378901
G69	G88	0.0053108041174709
G86	G92	0.0053107873536646
G37	G8	0.0053107468411326
G14	G53	0.0053107277490198
G41	G28	0.0053106877021491
G91	G96	0.0053106676787137
G46	G91	0.0053106578998267
G70	G50	0.0053105903789401
G59	G49	0.005310564301908
G22	G30	0.0053105633705854
G2	G76	0.005310527049005
G24	G70	0.0053105251863598
G52	G28	0.0053105112165212
G45	G10	0.0053104981780052
G2	G61	0.0053104967810213
G8	G82	0.0053104860708117
G42	G23	0.0053104753606021
G51	G43	0.0053104534745216
G21	G1	0.0053104092366993
G14	G20	0.0053103961981832
G10	G24	0.0053103487007319
G26	G25	0.0053102942183613
G23	G17	0.0053102779202163
G62	G37	0.0053102667443454
G18	G54	0.0053102546371519
G84	G73	0.0053102513775229
G42	G62	0.005310206208377999
G65	G45	0.0053102043457329
G71	G14	0.0053101992234587
G32	G54	0.0053101736120879
G14	G7	0.0053101545199751
G50	G24	0.0053101540543138
G53	G37	0.0053101391531527
G40	G16	0.0053100921213626
G62	G57	0.0053100883960723
G60	G77	0.0053100823424756
G60	G72	0.0053100096993148
G55	G32	0.0053100031800568
G2	G20	0.0053099878132343
G9	G40	0.005309959873557
G12	G54	0.0053099482320249
G49	G6	0.0053099235519766
G5	G54	0.0053099072538316
G79	G94	0.0053098630160093
G31	G72	0.0053098457865417
G16	G21	0.0053098145872354
G28	G35	0.0053097945638
G71	G7	0.0053097726777195
G89	G87	0.0053097656928002
G87	G84	0.0053096623159945
G12	G95	0.0053096367046236
G32	G78	0.0053096362389624
G99	G47	0.0053096166811883
G43	G51	0.0053096120245754
G87	G31	0.005309572443366
G51	G57	0.0053095524199306
G42	G60	0.0053095342591404
G95	G81	0.0053095119073987
G17	G39	0.0053095114417374
G31	G38	0.0053094858303666
G48	G43	0.0053094690665602
G45	G57	0.0053094648756086
G78	G5	0.0053094453178346
G21	G46	0.0053094406612217
G49	G96	0.0053094187751412
G83	G9	0.0053093866445124
G83	G20	0.0053093847818672
G23	G45	0.0053093801252543
G53	G60	0.0053093410097062
G89	G41	0.0053093354217708
G39	G61	0.0053093321621418
G54	G87	0.0053093191236257
G57	G26	0.0053092893213033
G92	G69	0.0053092762827873
G8	G36	0.0053092744201421
G80	G89	0.005309269297868
G74	G40	0.0053092604503035
G94	G74	0.0053092511370778
G31	G64	0.0053092371672391
G64	G11	0.0053092176094651
G76	G87	0.0053091999143362
G16	G62	0.0053091994486749
G60	G13	0.005309191532432999
G67	G7	0.0053091668523848
G79	G35	0.0053091472946107
G94	G15	0.0053091403096914
G42	G8	0.0053091123700141
G13	G78	0.0053091021254658
G6	G35	0.0053090802393853
G58	G30	0.0053090751171112
G8	G3	0.0053090462461113
G36	G85	0.0053090457804501
G73	G74	0.0053090332075953
G70	G51	0.0053090015426278
G20	G1	0.0053089666180312
G99	G80	0.0053089540451765
G23	G80	0.0053089270368218
G74	G43	0.0053089237771928
G5	G55	0.0053089093416929
G69	G51	0.0053088851273059
G64	G39	0.0053088683634996
G3	G75	0.0053087882697582
G71	G16	0.005308783147484
G72	G67	0.0053087677806615
G28	G91	0.0053087533451616
G17	G77	0.0053087342530488
G3	G74	0.0053087337873876
G20	G23	0.0053087091073393
G40	G17	0.0053086811676621
G44	G46	0.0053086383268237
G8	G69	0.0053086210973559995
G85	G44	0.0053085801191627
G51	G41	0.0053085470572113
G20	G57	0.0053084990940988
G26	G44	0.0053084595128893
G19	G32	0.0053084408864378
G99	G88	0.0053084134124219
G20	G15	0.0053083808161318
G75	G27	0.0053083803504705
G97	G72	0.0053083575330674
G28	G59	0.0053083496168255
G38	G62	0.0053083356469869
G91	G50	0.0053083305247128
G93	G42	0.0053083263337612
G23	G25	0.0053082890808582
G40	G20	0.0053082071244716
G62	G64	0.0053081735968589
G31	G35	0.005308152642100999
G62	G22	0.0053081237711012
G33	G93	0.0053081149235367
G31	G54	0.0053081070072948
G96	G72	0.0053081070072948
G91	G46	0.0053080958314239
G96	G7	0.0053080846555531
G6	G60	0.0053080730140209
G39	G40	0.0053080697543919
G23	G69	0.005308014806359999
G48	G86	0.0053079966455698
G81	G54	0.0053079547360539
G100	G37	0.005307937040925
G34	G88	0.0053079295903444
G3	G48	0.0053079230710864
G47	G88	0.0053079165518283
G88	G77	0.0053078648634254
G14	G15	0.0053078569471836
G98	G66	0.0053078024648129
G91	G64	0.0053077861666679
G12	G50	0.0053077572956681
G27	G52	0.0053077456541359
G57	G62	0.005307622719556
G86	G95	0.0053075621835887
G57	G11	0.005307522136718
G28	G98	0.0053074550814926
G34	G94	0.0053074243478477
G98	G6	0.0053073656745254
G25	G87	0.0053073554299771
G56	G14	0.0053073512390255
G18	G71	0.0053073465824127
G40	G58	0.0053073279559612
G8	G74	0.0053073018789291
G95	G62	0.0053072934970259
G1	G81	0.0053072669543325
G20	G97	0.0053072590380907
G65	G10	0.0053072557784616
G73	G85	0.0053072208538651
G42	G3	0.0053072199225425
G16	G63	0.0053072171285748
G82	G23	0.0053072110749781
G27	G74	0.0053072082810103
G2	G65	0.0053071896545588
G36	G77	0.0053071854636073
G18	G63	0.0053071677684783
G51	G26	0.0053071663714945
G73	G31	0.00530711049214
G62	G93	0.0053071090951561
G89	G47	0.0053070550784468
G89	G10	0.0053070336580276
G90	G39	0.0053070154972374
G47	G77	0.0053070154972374
G100	G23	0.0053070024587213
G22	G73	0.0053069908171892
G82	G91	0.0053069870918989
G56	G89	0.0053069847635924
G74	G87	0.0053069842979311
G80	G100	0.0053069745190441
G46	G27	0.0053069312125444
G89	G19	0.0053069205023348
G4	G40	0.0053068990819156
G19	G77	0.0053068925626575
G50	G81	0.0053068678826093
G87	G88	0.0053068655543029
G48	G90	0.0053068404085934
G72	G16	0.0053068380802869
G94	G11	0.0053068068809807
G69	G54	0.0053067728877067
G24	G46	0.0053067710250616
G75	G62	0.0053067589178681
G87	G76	0.0053067058324813
G49	G74	0.0053067058324813
G93	G33	0.0053067049011588
G22	G93	0.0053066881373524
G10	G47	0.0053066508844494
G10	G2	0.0053066392429172
G21	G96	0.0053066164255142
G60	G87	0.0053066127002239
G2	G29	0.0053065689280629
G80	G76	0.005306567531079
G58	G80	0.0053065381944179
G17	G70	0.0053065088577568
G50	G37	0.0053064874373376
G80	G32	0.0053064310923218
G10	G27	0.0053064017556607
G81	G38	0.0053063794039189
G39	G81	0.0053063677623867
G80	G39	0.0053062527440488
G96	G1	0.0053062331862747
G46	G10	0.0053061479702591
G27	G76	0.0053060976788401
G34	G66	0.0053060962818562
G27	G94	0.0053060725331306
G56	G46	0.0053060669451951
G40	G74	0.0053060436621308
G22	G58	0.0053060068748891
G51	G59	0.0053059966303408
G43	G65	0.005305943544954001
G78	G3	0.0053059021010994
G26	G15	0.0053058941848576
G31	G61	0.0053058885969221
G77	G67	0.0053058736957609
G63	G43	0.0053058438934385
G92	G33	0.0053058112971484
G1	G94	0.0053058033809065
G86	G79	0.0053057987242937
G69	G62	0.0053057866171002
G85	G19	0.0053057745099067
G20	G65	0.0053057726472616
G28	G22	0.0053057549521327
G57	G80	0.0053057270124554
G3	G8	0.0053057135082781
G21	G28	0.0053057102486491
G98	G30	0.0053056660108268
G58	G11	0.0053056655451655
G5	G49	0.0053056576289236
G90	G28	0.0053055565804243
G4	G8	0.0053055435419082
G23	G31	0.0053055402822792
G18	G44	0.0053055379539728
G82	G58	0.0053055230528116
G30	G28	0.0053055207245051
G78	G71	0.0053054923191666
G73	G80	0.0053054601885378
G35	G71	0.0053054387681186
G97	G30	0.0053053805604577
G6	G53	0.0053053754381835
G77	G91	0.0053053745068609
G99	G40	0.0053053419105708
G42	G56	0.005305303260684
G100	G16	0.0053052408620715
G93	G65	0.005305222235619999
G5	G40	0.0053052101284265
G4	G21	0.0053052017465233
G15	G27	0.0053051905706524
G26	G1	0.0053051719442009
G69	G99	0.0053051481954753
G88	G95	0.0053051044233143
G15	G52	0.0053050853312015
G59	G21	0.0053050816059112
G92	G14	0.005305013153702
G96	G13	0.0053049786947667
G82	G38	0.0053049633279442
G16	G22	0.0053049414418637
G32	G55	0.0053049372509121
G100	G36	0.0053049311973154
G41	G69	0.005304907914251
G51	G46	0.0053048827685415
G72	G34	0.0053048250265419
G8	G73	0.0053048152476549
G97	G59	0.005304776597768
G55	G30	0.0053047691471874
G10	G33	0.0053047435358166
G15	G64	0.0053047286346554
G88	G46	0.0053046960383653
G47	G49	0.0053046904504299
G31	G87	0.0053046876564621
G72	G49	0.0053046806715428
G1	G72	0.0053046569228172
G31	G11	0.0053046559914946
G17	G36	0.005304645281285
G57	G89	0.0053045866079628
G72	G50	0.0053045838139951
G12	G20	0.0053045684471726
G16	G49	0.0053045637905597
G78	G69	0.0053045633248984
G68	G19	0.0053045051172375
G70	G10	0.0053045032545924
G26	G34	0.0053044981323182
G77	G27	0.0053044781088829
G67	G69	0.0053044152446091
G15	G45	0.0053043914958834
G31	G83	0.0053043821826577
G27	G38	0.0053043700754642
G72	G91	0.005304355174302999
G45	G11	0.0053043505176901
G82	G8	0.0053043314255774
G16	G59	0.0053043132647871
G55	G40	0.0053042634390294
G37	G20	0.0053042625077068
G62	G77	0.0053042257204651
G29	G61	0.0053042205981909995
G89	G69	0.0053041861392557
G85	G96	0.0053041223436594
G51	G89	0.0053040999919176
G52	G80	0.0053040902130305
G14	G61	0.0053040743805468
G13	G86	0.0053040534257888
G14	G2	0.0053040306083858
G86	G33	0.0053040254861116
G44	G22	0.0053040129132568
G96	G74	0.0053039696067571
G3	G87	0.0053039314225316
G28	G67	0.0053038960322737
G37	G22	0.0053038941696286
G93	G1	0.00530386576429
G79	G42	0.0053038257174193
G67	G16	0.0053038061596453
G67	G36	0.0053037847392261
G25	G63	0.0053037563338875
G69	G72	0.0053037493489682
G25	G23	0.0053036459721624
G44	G61	0.0053036022000014
G29	G97	0.0053036008030176
G69	G97	0.0053035975433886
G28	G19	0.0053035751916468
G73	G12	0.0053035728633403
G84	G26	0.0053035686723887
G18	G51	0.0053035095334053
G38	G79	0.0053034774027764
G42	G72	0.0053034662269055
G93	G39	0.0053034657612442
G58	G7	0.0053034573793411
G48	G26	0.0053034294396638
G38	G3	0.0053034205920994
G2	G53	0.0053034033626317
G94	G97	0.0053033954463899
G26	G62	0.0053033931180834
G69	G29	0.0053033353760838
G69	G53	0.0053033218719065
G35	G95	0.0053033120930194
G70	G62	0.0053032981231808
G99	G83	0.0053032902069389
G27	G9	0.0053032487630844
G38	G7	0.0053032482974231
G90	G98	0.0053032166324555
G68	G35	0.0053031505085527
G21	G70	0.00530313141644
G70	G12	0.0053031225688755
G78	G36	0.0053031179122626
G46	G94	0.0053030983544886
G88	G79	0.0053030918352305
G1	G51	0.0053030839189887
G65	G51	0.0053030773997306
G32	G37	0.0053030559793114
G8	G60	0.0053030340932309
G57	G39	0.0053030299022793
G89	G95	0.0053029931150376
G58	G37	0.0053029684349894
G79	G24	0.0053029521368443
G53	G10	0.0053028892725706
G71	G97	0.0053028687834739
G14	G60	0.0053028534166514
G6	G69	0.0053027546964585
G63	G5	0.0053027309477329
G93	G83	0.005302716512233001
G11	G55	0.0053027104586362
G19	G3	0.0053027095273137
G11	G92	0.0053027062676846
G4	G20	0.0053026573732495
G34	G38	0.0053026089444756
G17	G3	0.0053025889210402
G88	G14	0.0053025758825242
G47	G61	0.0053025600500404
G80	G21	0.0053025484085083
G55	G73	0.0053025456145405
G96	G99	0.0053025451488792
G73	G21	0.0053025400266051
G67	G77	0.0053025400266051
G13	G2	0.0053025349043309
G18	G9	0.0053025083616375
G73	G26	0.005302504170686
G98	G20	0.0053025004453957
G10	G5	0.0053024906665086
G99	G76	0.0053024827502667
G83	G30	0.0053023579530417
G31	G76	0.0053023528307676
G97	G50	0.0053023151122033
G84	G23	0.005302230361848999
G17	G10	0.0053022159263491
G55	G4	0.005302214063704001
G53	G73	0.0053021977655589
G21	G47	0.005302193108946
G45	G1	0.0053021921776235
G37	G18	0.0053021600469946
G89	G25	0.0053021255880594
G40	G82	0.005302112083882001
G12	G76	0.005302105564624
G95	G97	0.005302092526108
G93	G69	0.0053020785562694
G64	G33	0.0053020357154309
G10	G38	0.0053020310588181
G70	G89	0.0053020031191408
G72	G27	0.0053019761107862
G86	G34	0.0053019453771412
G3	G27	0.005301930475979999
G53	G70	0.0053019262850284
G90	G3	0.0053018727339804
G39	G43	0.0053018704056739
G46	G43	0.0053018480539321
G15	G80	0.005301842931658
G71	G43	0.0053018070757389
G98	G28	0.0053017856553196
G4	G44	0.0053017735481262
G42	G9	0.0053017195314168
G73	G68	0.0053017097525298
G79	G82	0.0053017036989331
G99	G69	0.0053016962483525
G99	G30	0.0053016883321106
G70	G99	0.0053016366437077
G43	G8	0.0053016226738691
G91	G43	0.0053015286102890006
G2	G4	0.0053014978766441
G69	G55	0.0053014871664345
G33	G12	0.0053014252334833
G81	G25	0.005301421508193
G66	G53	0.0053014014847576
G65	G39	0.0053013833239674
G11	G100	0.0053013605065643
G96	G14	0.0053013525903224
G44	G82	0.0053013525903224
G98	G100	0.0053013265132904
G97	G21	0.0053012794815003
G60	G40	0.0053012105636298
G21	G66	0.0053012003190815
G51	G19	0.0053011500276625
G52	G63	0.0053011188283562
G7	G98	0.0053011188283562
G30	G65	0.0053011076524853
G96	G18	0.0053010657429695
G71	G86	0.0053010233677923
G89	G49	0.0053009772673249
G78	G22	0.005300938617438
G25	G95	0.0053009111434221
G98	G38	0.0053009055554866
G85	G45	0.0053008995018899
G33	G98	0.0053008538670837
G61	G24	0.0053008254617452
G49	G16	0.0053008166141808
G99	G6	0.0053008147515356
G68	G62	0.0053007970564067
G38	G68	0.0053007844835519
G1	G8	0.0053007504902779995
G29	G19	0.0053007332608103
G42	G84	0.0053007323294878
G95	G78	0.0053007313981652
G10	G59	0.0053007290698587
G33	G75	0.0053006899543106
G9	G11	0.0053006378002464
G16	G57	0.0053006275556981
G61	G21	0.0053006173111498
G11	G9	0.0053005637601017
G34	G21	0.0053005614317953
G53	G50	0.0053005316294729
G56	G22	0.0053005223162472
G7	G33	0.0053005092777311
G47	G56	0.0053005069494247
G24	G65	0.0053005046211183
G78	G8	0.0053004710935056
G55	G68	0.0053004673682153
G76	G94	0.0053004510700702
G55	G57	0.005300439428538
G43	G99	0.0053004221990704
G50	G2	0.0053004059009253
G47	G5	0.0053004017099738
G57	G90	0.0053003951907157
G13	G48	0.0053003933280706
G3	G77	0.0053003914654254
G83	G54	0.0053003770299255
G41	G77	0.0053003667853772
G1	G79	0.0053003514185547
G92	G70	0.0053003509528934
G68	G25	0.0053003332577645
G61	G78	0.0053003211505711
G19	G84	0.0053003090433776
G93	G73	0.0053003029897809
G43	G32	0.0053002880886197
G26	G66	0.0053002778440713
G24	G10	0.0053002536296844
G63	G16	0.0053002210333943
G57	G63	0.0053001977503299
G58	G1	0.0053001637570559
G61	G98	0.0053001292981207
G85	G4	0.0053001060150563
G75	G86	0.0053000473417341
G85	G23	0.0052999779582023
G91	G89	0.0052999779582023
G74	G69	0.0052999700419604
G63	G86	0.0052999565377831
G79	G75	0.0052999425679445
G18	G78	0.0052999001927673
G56	G63	0.005299896467477001
G21	G4	0.0052998950704932
G97	G80	0.0052998871542513
G74	G36	0.005299883428960999
G49	G20	0.0052998703904449
G5	G97	0.0052998512983322
G22	G91	0.0052998405881226
G76	G42	0.0052998289465904
G29	G59	0.0052998280152678
G82	G40	0.0052998224273324
G14	G27	0.0052998047322034
G9	G97	0.0052997702732682
G23	G93	0.0052997358143329
G57	G77	0.0052997344173491
G69	G40	0.0052996976301074
G44	G65	0.0052996911108493
G73	G67	0.00529968412593
G32	G28	0.0052996492013335
G26	G16	0.0052996426820755
G74	G10	0.005299637094140001
G19	G45	0.0052996315062046
G53	G59	0.0052996175363659
G10	G46	0.0052995877340435
G71	G58	0.0052995458245277
G65	G47	0.0052995202131569
G32	G72	0.0052994950674474
G16	G56	0.0052994368597865
G54	G6	0.0052993912249803
G52	G100	0.0052993870340287
G86	G63	0.0052993819117546
G41	G49	0.0052993767894804
G56	G62	0.0052993716672062
G71	G5	0.0052993707358837
G60	G5	0.0052993674762547
G12	G19	0.005299333948642001
G82	G60	0.0052993185818195
G36	G14	0.0052992943674325
G43	G30	0.0052992734126746
G12	G87	0.0052992668934166
G30	G64	0.0052992640994489
G12	G45	0.0052992040291428
G54	G50	0.0052991979755461
G40	G88	0.0052991416305303
G33	G17	0.0052991393022239
G88	G54	0.0052991118282079
G47	G32	0.0052991015836596
G87	G21	0.0052990517579019
G24	G85	0.0052990494295954
G27	G58	0.0052990429103374
G96	G86	0.0052990089170634
G67	G83	0.0052989907562732
G52	G48	0.0052989679388701
G80	G22	0.0052989004179835
G80	G92	0.005298891570419001
G18	G31	0.005298878531902999
G55	G13	0.0052988240495324
G38	G70	0.0052988026291131
G8	G98	0.005298766773194
G15	G18	0.0052987597882747
G38	G41	0.0052987458184361
G64	G5	0.0052987439557909
G55	G20	0.0052986876107752
G82	G65	0.0052986773662269
G56	G83	0.0052985660731792
G10	G52	0.00529849762097
G56	G44	0.00529849762097
G61	G13	0.0052984966896474
G39	G44	0.0052984599024057
G98	G16	0.0052984529174864
G69	G58	0.0052984342910349
G73	G7	0.0052984305657446
G40	G47	0.0052984124049544
G43	G40	0.005298392381519
G53	G34	0.0052983812056481
G39	G55	0.0052983476780354
G30	G98	0.0052983132191002
G46	G20	0.0052982978522777
G6	G10	0.0052982880733907
G85	G53	0.0052982838824391
G80	G72	0.0052982103079557
G65	G54	0.0052982019260525
G10	G50	0.0052981921471655
G21	G37	0.0052981618791818
G59	G40	0.0052981353364884
G71	G93	0.0052981218323111
G3	G79	0.0052981069311499
G87	G63	0.0052981050685048
G95	G41	0.0052980994805693
G10	G23	0.0052980799227952
G30	G44	0.0052979965694248
G83	G99	0.0052979895845055
G90	G74	0.0052979625761508
G62	G96	0.0052979444153606
G13	G50	0.0052979290485382
G28	G88	0.0052978913299739
G11	G96	0.0052978871390223
G6	G50	0.0052978470921516
G65	G50	0.0052978326566517
G81	G26	0.0052978270687162
G21	G30	0.0052978214807808
G13	G17	0.0052978200837969
G50	G8	0.0052977409213781
G83	G52	0.0052977269515395
G93	G40	0.0052977250888943
G65	G46	0.0052976920269429
G54	G95	0.0052976598963141
G15	G61	0.0052975649014115
G60	G49	0.0052975602447986
G37	G83	0.005297552794217999
G76	G18	0.0052975500002503
G78	G21	0.0052975327707827
G79	G80	0.0052975285798311
G3	G98	0.005297471769154001
G16	G41	0.0052974666468799
G43	G18	0.0052974368445575
G79	G98	0.0052974293939769
G44	G60	0.0052974075078964
G11	G18	0.0052973828278481
G79	G4	0.0052973804995417
G8	G37	0.0052973688580095
G95	G24	0.0052973586134612
G36	G18	0.0052973446436226
G26	G29	0.0052973320707678
G98	G91	0.005297330673784
G78	G32	0.0052973283454775
G97	G74	0.0052972962148487
G64	G32	0.0052972356788814
G42	G100	0.0052971718832850005
G39	G72	0.0052971574477851
G46	G100	0.0052971392869949
G19	G2	0.0052971374243497
G49	G91	0.0052971295081079
G57	G18	0.00529709411785
G96	G66	0.0052970829419791
G67	G39	0.005297019612044001
G74	G88	0.0052969860844314
G60	G68	0.0052969814278185
G96	G85	0.0052969669923186
G36	G12	0.0052969595417379995
G75	G11	0.00529695302248
G16	G80	0.0052969520911574
G63	G24	0.0052969069220125
G36	G48	0.0052968729287385
G96	G46	0.0052968622185289
G94	G8	0.0052968519739806
G49	G51	0.005296841263771
G18	G7	0.0052968282252549995
G13	G26	0.0052968128584325
G8	G1	0.0052968030795454
G28	G31	0.0052968021482229
G93	G54	0.0052967984229326
G62	G71	0.0052967756055295
G18	G86	0.0052967704832553
G22	G32	0.0052967509254813
G57	G36	0.0052967341616749
G9	G10	0.0052966927178204
G46	G73	0.0052966922521591
G69	G83	0.0052966899238526
G22	G38	0.0052966848015785
G80	G69	0.0052966848015785
G84	G3	0.0052966717630624
G16	G37	0.0052966498769819
G66	G12	0.0052966410294175
G15	G24	0.0052966396324336
G96	G35	0.005296598188579001
G28	G39	0.0052965679205954
G26	G70	0.0052965427748858
G53	G4	0.0052965371869504
G54	G99	0.005296534858644001
G87	G46	0.0052965246140956
G73	G82	0.0052965236827731
G80	G79	0.0052965027280151
G92	G60	0.0052964687347412
G92	G71	0.0052964659407734
G27	G46	0.0052964645437896
G75	G76	0.0052964305505156
G35	G49	0.0052964272908866
G52	G10	0.0052964147180318
G73	G39	0.0052964030764997
G89	G17	0.005296366289258
G21	G22	0.0052963243797421
G83	G72	0.0052963234484195
G64	G23	0.0052963225170969
G29	G85	0.0052963108755648
G6	G84	0.0052963034249842
G76	G85	0.0052962913177907
G58	G85	0.005296254530548999
G28	G4	0.0052961953915655
G45	G69	0.0052961627952754
G48	G58	0.0052961562760174
G2	G60	0.0052961283363401
G38	G6	0.0052961283363401
G30	G4	0.0052961162291467
G27	G64	0.0052961134351789
G78	G99	0.0052960556931793
G52	G55	0.0052960035391151
G24	G16	0.0052960002794861
G91	G61	0.0052959765307605
G2	G13	0.0052959718741476
G96	G93	0.005295964423567001
G16	G70	0.005295961163938
G46	G52	0.0052958708256483
G43	G89	0.0052958391606807
G54	G44	0.0052958242595195
G59	G64	0.0052958154119551
G72	G48	0.0052957679145038
G84	G28	0.0052957627922296
G85	G56	0.0052957460284233
G35	G2	0.0052957120351493
G77	G92	0.0052957059815526
G30	G100	0.0052957055158913
G75	G38	0.0052956785075366
G4	G94	0.0052956747822463
G72	G94	0.0052956431172788
G100	G96	0.0052956356666982
G95	G40	0.0052956333383917
G53	G35	0.0052956007421016
G49	G9	0.0052955844439566
G96	G98	0.0052955793216824
G22	G74	0.0052955746650695
G92	G43	0.0052955579012632
G85	G10	0.0052955509163439
G45	G65	0.0052955346181988
G59	G14	0.0052955029532313
G69	G78	0.0052955006249248
G4	G30	0.0052954996936023
G85	G64	0.0052954703569412
G45	G17	0.0052954484708607
G16	G78	0.0052953176200389
G99	G62	0.0052953143604099
G32	G48	0.0052953115664422
G39	G70	0.0052952752448618
G1	G73	0.0052952673286199
G8	G59	0.0052952417172491
G95	G100	0.0052951737307012
G31	G26	0.0052951681427657
G73	G40	0.0052951523102819
G25	G88	0.00529509736225
G83	G61	0.0052950959652662
G57	G6	0.0052950517274439
G86	G53	0.0052949264645576
G48	G77	0.0052949022501707
G25	G35	0.0052948934026062
G96	G3	0.0052948482334613
G63	G62	0.0052948258817195
G27	G43	0.0052947881631553
G63	G30	0.0052947797812521
G70	G27	0.0052947355434298
G8	G13	0.005294713191688
G42	G10	0.0052947103977203
G19	G99	0.0052947090007364
G91	G20	0.0052946819923818
G72	G51	0.0052946638315916
G46	G34	0.0052946214564144
G86	G49	0.0052946130745112
G5	G68	0.0052946121431887
G7	G53	0.0052945679053664
G88	G61	0.0052945646457374
G92	G91	0.0052945530042052
G85	G76	0.0052945283241570005
G44	G99	0.0052944659255445
G73	G38	0.0052944514900445
G73	G3	0.0052944412454962
G35	G98	0.0052944254130125
G85	G20	0.0052943779155611
G38	G84	0.0052943485789
G95	G12	0.0052943355403839995
G54	G30	0.005294304806739
G78	G81	0.0052942987531423
G89	G78	0.0052942875772714
G97	G29	0.0052942717447876
G44	G39	0.0052942582406103
G97	G8	0.0052941818721592
G54	G14	0.0052941744215786
G83	G4	0.005294173490256
G65	G53	0.0052941311150789
G8	G56	0.0052941106259822
G67	G6	0.0052940733730793
G54	G96	0.0052940445020794
G22	G17	0.0052940305322408
G88	G94	0.0052940258756279
G98	G3	0.0052940137684345
G20	G6	0.0052940053865313
G50	G40	0.0052939755842089
G13	G91	0.0052939541637897
G48	G85	0.0052939401939511
G76	G16	0.0052938787266612
G33	G63	0.0052938717417418
G42	G96	0.0052938689477741
G49	G78	0.0052938503213226
G3	G19	0.0052938130684196
G35	G45	0.0052938018925487
G26	G33	0.0052937734872102
G89	G32	0.0052937627770006
G81	G72	0.0052937529981136
G88	G8	0.0052937334403395
G37	G86	0.0052937176078557
G15	G50	0.0052936980500817
G39	G32	0.0052936938591301
G50	G10	0.0052936794236302
G71	G84	0.0052936528809368
G34	G17	0.0052936472930014
G37	G98	0.0052936444990336
G51	G92	0.005293617490679
G100	G52	0.0052936123684048
G1	G80	0.005293596535920999
G34	G53	0.0052935308776795
G93	G30	0.0052935071289539
G68	G42	0.0052934940904378
G6	G80	0.0052934912964701
G45	G97	0.0052934894338249995
G95	G31	0.0052934843115508
G51	G1	0.0052934493869543
G99	G49	0.0052933893166482
G64	G95	0.005293367896228999
G74	G60	0.0052933604456484
G95	G74	0.0052933506667613
G37	G67	0.0052933003753423
G10	G31	0.0052932985126972
G95	G58	0.0052932081744074
G86	G80	0.005293199326843
G61	G64	0.005293192807585
G63	G53	0.0052931909449398
G79	G60	0.0052931504324078
G7	G62	0.0052931262180209
G73	G69	0.0052931234240531
G44	G53	0.0052930847741663
G90	G47	0.0052930638194084
G76	G93	0.0052930605597794
G74	G8	0.0052930233068764
G46	G2	0.0052929860539734
G79	G59	0.0052929003722965
G26	G99	0.0052928850054739995
G79	G51	0.0052928496152162
G70	G88	0.0052928379736840005
G1	G28	0.0052928286604583
G55	G74	0.0052928221412003
G1	G60	0.0052928044460713
G14	G25	0.0052927946671843
G54	G93	0.0052927746437489
G4	G47	0.0052927187643945
G55	G12	0.0052927113138139
G30	G56	0.0052927061915397
G40	G56	0.0052926889620721
G99	G11	0.0052926819771528
G18	G50	0.0052926656790077
G90	G15	0.0052926265634596
G77	G60	0.0052926205098629
G5	G63	0.0052925632335245
G40	G49	0.0052925390191376
G36	G37	0.0052925026975572
G28	G58	0.0052925026975572
G11	G41	0.0052924840711057
G34	G62	0.0052924454212188
G90	G33	0.0052924347110092
G47	G90	0.0052924286574125
G62	G47	0.005292410030960999
G36	G72	0.0052923853509128
G76	G10	0.0052923746407032
G41	G13	0.0052923369221389
G19	G69	0.0052923313342034
G97	G5	0.0052923066541552
G28	G36	0.005292281974107
G9	G47	0.005292278714477999
G28	G89	0.0052922558970749
G78	G42	0.0052922312170267
G92	G41	0.0052922265604138
G5	G22	0.0052921590395271
G81	G93	0.0052921548485755
G71	G61	0.0052921520546078
G45	G24	0.0052921362221241
G14	G63	0.00529211666435
G61	G99	0.0052920966409146
G55	G79	0.0052920877933502
G1	G9	0.0052920822054147
G48	G62	0.0052920468151569
G46	G13	0.0052920170128345
G34	G68	0.0052919979207217
G88	G10	0.0052919746376574
G35	G41	0.0052918815053999
G94	G9	0.0052918633446097
G14	G12	0.0052918437868356
G69	G76	0.005291826557368
G24	G89	0.0052917920984327
G74	G67	0.0052917543798685
G43	G20	0.0052917134016752
G83	G78	0.0052916631102561
G87	G59	0.0052916584536433
G11	G13	0.0052916225977241
G32	G71	0.0052916137501597
G99	G9	0.005291590001434
G55	G22	0.0052915788255631
G81	G69	0.0052915131673216
G26	G71	0.0052915043197572
G86	G40	0.0052914987318217
G60	G65	0.0052914903499186
G47	G83	0.0052914600819349
G13	G56	0.0052914535626769
G94	G50	0.0052913851104676
G47	G64	0.0052913427352905
G60	G88	0.0052913208492100005
G40	G48	0.0052912789396941
G94	G29	0.0052912472747266
G19	G78	0.0052912379615008
G85	G38	0.0052911592647433
G95	G53	0.0052911518141627
G19	G51	0.0052911350503563
G22	G56	0.0052910740487277
G98	G87	0.0052910721860826
G90	G64	0.005291067995130999
G53	G88	0.0052910642698407
G15	G19	0.0052910428494215
G52	G22	0.0052909897640347
G83	G27	0.0052909599617123
G24	G82	0.0052909492515027
G45	G67	0.0052908984944224
G18	G49	0.0052908929064869
G65	G64	0.0052908658981323
G74	G51	0.0052908631041646
G82	G57	0.0052908593788743
G35	G54	0.0052908263169229
G30	G41	0.0052908230572938
G87	G95	0.0052907499484717
G76	G6	0.0052907359786331
G50	G80	0.0052907220087945
G25	G77	0.0052906535565853
G65	G82	0.0052906456403434
G34	G85	0.0052906321361659995
G13	G1	0.0052906302735209
G59	G38	0.0052906130440533
G69	G52	0.0052905725315213
G1	G24	0.0052905692718923
G44	G56	0.0052905031479895
G80	G3	0.0052905026823282
G43	G80	0.0052904803305864
G2	G74	0.0052904696203768
G28	G54	0.0052904547192156
G30	G71	0.0052904332987964
G18	G94	0.005290423054248
G28	G47	0.0052904118783771
G10	G71	0.005290406756102999
G92	G56	0.0052903858013451
G71	G25	0.0052903820760548
G62	G51	0.0052903573960065
G35	G40	0.005290335509925999
G51	G67	0.0052903336472809
G44	G80	0.0052902842871844
G15	G23	0.0052902558818459
G18	G85	0.005290234927088
G96	G82	0.005290234927088
G73	G87	0.0052902051247656
G62	G61	0.0052901622839272
G89	G57	0.0052901012822985
G7	G32	0.0052900603041052
G65	G28	0.0052900435402989
G96	G53	0.0052900346927344
G26	G77	0.0052900295704603
G70	G98	0.0052900244481861
G46	G60	0.0052900235168635
G64	G36	0.0052899965085089
G43	G79	0.0052899769507348
G7	G93	0.0052899760194122
G91	G67	0.0052899690344929
G52	G98	0.0052899490110576
G90	G72	0.0052899317815899
G98	G41	0.0052899303846061
G7	G65	0.0052899182774126
G50	G14	0.0052898596040904
G23	G9	0.0052898512221872
G64	G91	0.0052898484282195
G33	G55	0.0052898335270583
G9	G49	0.0052898232825100006
G79	G1	0.0052897538989782
G56	G58	0.0052897534333169
G15	G16	0.0052896831184625
G44	G18	0.0052896365523338
G21	G7	0.0052896197885274
G85	G26	0.0052896183915436
G13	G49	0.0052895587868988
G7	G60	0.0052895359694957
G72	G38	0.0052895322442054
G88	G57	0.0052894772961735
G95	G17	0.0052894633263349
G64	G97	0.0052894270047545
G3	G61	0.0052894060499966
G19	G100	0.0052893692627549
G58	G65	0.0052893632091581
G15	G89	0.0052893618121743
G38	G53	0.005289358086883999
G35	G75	0.0052893445827066
G12	G14	0.0052893306128679995
G49	G97	0.0052893278189003
G1	G55	0.0052892952226102
G11	G50	0.0052892905659973
G82	G13	0.0052892840467393
G49	G63	0.0052892742678523
G42	G26	0.0052892561070621
G63	G70	0.0052892556414008
G80	G93	0.0052892449311912
G75	G1	0.0052892379462718
G34	G40	0.0052891974337399
G36	G27	0.0052891820669174
G67	G81	0.0052891531959176
G71	G69	0.0052891494706273
G32	G27	0.0052891396917402
G28	G3	0.0052890814840793
G3	G95	0.0052890540100634
G52	G33	0.0052890521474182
G27	G4	0.0052890437655150006
G3	G18	0.0052889813669025
G12	G13	0.0052889767102897
G69	G89	0.0052889613434672
G41	G39	0.0052889171056449
G44	G15	0.005288899410516
G60	G27	0.0052888942882418
G15	G75	0.0052888891659677
G76	G39	0.0052888453938066
G16	G36	0.0052888109348714
G91	G100	0.0052888034842908
G55	G69	0.0052887685596942
G36	G2	0.0052887666970491
G100	G80	0.0052887261845171
G61	G17	0.0052886987105011
G10	G54	0.0052886842750012
G30	G88	0.0052886512130498
G58	G60	0.0052885981276631
G75	G22	0.0052885892800986
G52	G23	0.0052885175682604
G28	G87	0.0052884980104863
G3	G17	0.0052884849719703
G96	G26	0.0052884612232446
G38	G88	0.0052884425967931
G65	G8	0.0052884379401803
G26	G60	0.0052884286269545
G32	G49	0.0052883364260196
G7	G8	0.0052883266471326
G82	G56	0.0052882889285683
G73	G96	0.0052882777526974
G50	G35	0.005288275424391
G48	G34	0.0052882735617458
G73	G84	0.0052882167510688
G65	G44	0.0052882083691656
G41	G98	0.0052882032468914
G41	G64	0.0052881971932947
G54	G72	0.0052881967276334
G8	G46	0.0052881934680044
G72	G81	0.0052881855517625
G60	G19	0.0052881753072142
G34	G20	0.0052881217561662
G32	G9	0.0052880970761179
G38	G40	0.0052880882285535
G54	G5	0.0052880863659083
G82	G19	0.005288066342473
G37	G61	0.0052880556322634
G82	G99	0.0052880393341183
G11	G3	0.0052880379371345
G2	G78	0.0052880211733281
G63	G8	0.0052880188450217
G98	G63	0.0052880095317959
G5	G93	0.0052879629656672
G32	G74	0.0052879601716995
G34	G25	0.0052879047580063
G52	G1	0.0052878735587
G47	G65	0.0052878451533615
G30	G49	0.0052878027781844
G38	G51	0.0052877906709909
G80	G14	0.0052877617999911
G65	G66	0.0052877306006848
G58	G13	0.0052877245470881
G30	G76	0.0052877087146043
G87	G10	0.0052877059206366
G76	G81	0.0052876635454595
G93	G75	0.0052876202389597
G97	G91	0.0052875978872179
G36	G56	0.0052875736728309995
G82	G4	0.0052875136025249
G15	G76	0.0052874749526381
G19	G88	0.0052874474786221
G27	G90	0.005287439096719
G41	G27	0.0052873655222356
G40	G8	0.0052873487584292
G95	G75	0.0052872877568006
G96	G39	0.0052872500382363
G25	G59	0.005287236534059
G98	G83	0.0052872356027364
G53	G41	0.0052872244268655
G89	G79	0.0052872193045914
G79	G16	0.0052871801890432
G92	G46	0.0052871559746563
G55	G48	0.0052871513180434
G79	G21	0.005287118256092
G42	G82	0.0052871177904307
G29	G60	0.0052871131338179
G78	G46	0.0052871061488986
G11	G4	0.0052870661020278
G63	G11	0.0052870223298668
G83	G34	0.0052869799546897
G27	G59	0.0052869636565446
G14	G36	0.005286912433803
G28	G44	0.0052869045175611
G16	G27	0.0052868830971419
G74	G25	0.0052868817001581
G83	G45	0.0052868775092065
G8	G71	0.0052868351340293
G18	G25	0.0052868230268359
G58	G40	0.0052868165075778
G3	G42	0.005286811850965
G40	G22	0.0052868099883198
G73	G50	0.0052868034690618
G12	G39	0.0052867573685944
G20	G32	0.0052867070771753
G10	G39	0.0052866861224174
G49	G62	0.0052866698242723
G11	G80	0.0052866386249661
G87	G68	0.0052866265177726
G69	G41	0.0052866195328533
G55	G31	0.0052865468896925
G68	G82	0.0052865329198539
G16	G51	0.0052865054458379
G98	G29	0.0052864900790154
G32	G35	0.0052864523604512
G16	G79	0.0052864449098706
G87	G56	0.0052864011377096
G71	G55	0.0052863997407257
G24	G4	0.0052863820455968
G72	G57	0.0052863620221614
G16	G19	0.0052863457240164
G86	G62	0.0052863336168229
G31	G67	0.0052862740121781
G76	G38	0.0052862172015011
G19	G57	0.0052862162701785
G27	G2	0.0052861785516142
G94	G86	0.0052861780859529
G88	G62	0.0052861487492918
G75	G77	0.0052861003205179995
G1	G66	0.0052859964780509
G83	G46	0.005285948049277
G51	G49	0.0052859215065836
G98	G75	0.0052858963608741
G98	G15	0.0052857887931168
G92	G38	0.005285776220262
G59	G50	0.0052857706323266
G68	G66	0.0052857478149235
G72	G77	0.0052857310511171
G53	G93	0.0052857045084238
G39	G27	0.0052856826223433
G14	G56	0.005285617429763
G1	G46	0.0052854889072477
G16	G40	0.0052854777313768
G47	G57	0.0052854726091027
G75	G74	0.0052854465320706
G12	G88	0.0052853873930871
G50	G11	0.0052853231318295
G15	G5	0.0052853152155876
G69	G45	0.0052853138186037
G77	G79	0.0052852812223136
G11	G17	0.0052852728404104
G1	G75	0.0052852490916848
G86	G98	0.0052851918153464
G11	G67	0.0052851852960884
G49	G92	0.0052851680666208
G93	G84	0.0052851415239274
G21	G74	0.0052850339561700006
G22	G5	0.0052848691120743
G66	G47	0.0052848444320261
G66	G32	0.0052848174236714
G40	G36	0.0052848025225102
G51	G72	0.0052847997285425
G34	G96	0.0052847974002361
G76	G3	0.0052847848273813
G93	G47	0.0052847838960587
G9	G23	0.0052847550250589
G20	G94	0.0052847284823656
G75	G73	0.0052846972830593
G100	G68	0.0052846744656562
G28	G13	0.0052846344187855
G92	G98	0.0052845994941890006
G6	G82	0.0052845990285277
G82	G95	0.005284568760544001
G22	G61	0.005284565500915
G46	G90	0.0052845398895442
G72	G93	0.0052845343016088
G5	G20	0.0052845175378024
G72	G65	0.0052845161408185
G34	G26	0.0052844998426735
G29	G43	0.0052844560705125
G66	G51	0.0052844421006739
G71	G33	0.0052844216115772
G48	G42	0.0052844053134322
G73	G45	0.0052843890152871
G58	G76	0.0052843689918518
G30	G3	0.0052843666635453
G8	G11	0.0052842395380139
G15	G58	0.0052842269651591
G75	G13	0.0052841971628367
G95	G83	0.0052841957658529
G39	G83	0.0052841762080788
G93	G59	0.0052841482684016
G61	G89	0.0052841268479824
G34	G13	0.0052841193974018
G7	G20	0.0052841082215309
G96	G69	0.0052841021679341
G84	G33	0.0052840979769825
G20	G19	0.0052840742282569
G38	G67	0.0052840569987893
G84	G27	0.0052840551361441
G98	G5	0.005284053273499001
G79	G96	0.0052840509451925
G60	G95	0.0052840486168861
G20	G43	0.0052840397693216
G92	G55	0.0052840220741927
G80	G46	0.0052840136922895
G5	G95	0.0052840099669992
G47	G92	0.0052840081043541
G25	G97	0.0052839792333543
G72	G100	0.0052839694544672
G89	G16	0.0052839345298707
G26	G39	0.0052839242853224
G27	G7	0.0052839168347418
G33	G80	0.0052838893607258
G30	G97	0.0052838842384517
G91	G87	0.0052838809788227
G76	G63	0.0052838632836937
G42	G66	0.0052838232368230004
G33	G7	0.0052838050760328
G58	G66	0.0052837617695331
G44	G84	0.0052837589755654
G26	G78	0.0052837538532912
G18	G17	0.0052837287075817
G14	G22	0.0052837268449366
G60	G33	0.0052837100811302
G33	G44	0.0052836970426142
G19	G64	0.0052836919203400005
G15	G42	0.0052836365066468
G17	G24	0.0052836355753242
G85	G78	0.0052836127579212
G53	G98	0.0052836099639534
G74	G77	0.005283601116389
G34	G8	0.0052835941314697
G61	G97	0.0052835764363408
G20	G89	0.005283570382744
G1	G19	0.0052835666574537
G50	G28	0.0052835554815828
G51	G64	0.0052835242822766
G81	G28	0.0052835219539701
G3	G81	0.0052834744565188
G9	G70	0.005283473059535
G32	G19	0.0052834688685834
G20	G42	0.005283466540277001
G47	G50	0.0052834437228739
G47	G82	0.0052834367379546
G28	G7	0.0052834246307611
G75	G14	0.0052833897061645
G9	G13	0.0052833729423582
G44	G63	0.0052833440713584
G34	G10	0.0052833296358585
G15	G85	0.005283317528664999
G18	G13	0.0052833156660199
G85	G24	0.0052832900546491
G83	G3	0.0052832728251814
G92	G96	0.0052832220681011
G52	G29	0.0052832178771495
G7	G51	0.0052832080982625
G26	G59	0.0052831335924565
G35	G89	0.0052831065841019
G55	G14	0.0052830842323601
G37	G60	0.0052829938940703
G100	G89	0.005282977130264
G61	G49	0.0052829668857157
G21	G87	0.0052829394116997
G13	G94	0.0052829380147159
G62	G87	0.0052829277701675
G50	G44	0.0052828909829258
G42	G55	0.0052828192710876
G53	G52	0.00528280204162
G54	G58	0.0052827978506684
G41	G50	0.0052827531471848
G44	G88	0.0052827461622655
G31	G19	0.0052827070467174
G63	G42	0.0052826819010078
G27	G85	0.0052826153114438
G74	G78	0.0052826078608632
G82	G11	0.0052825906313955
G81	G56	0.0052825864404439
G48	G57	0.0052825678139925
G90	G36	0.0052825165912508
G89	G7	0.0052825137972831
G79	G43	0.0052824891172349
G37	G62	0.0052824816666543
G55	G19	0.0052824434824287
G28	G23	0.0052824127487838
G24	G52	0.0052823810838162
G16	G35	0.0052823415026068
G7	G1	0.0052822972647845
G66	G81	0.0052822437137365
G24	G86	0.0052822371944785
G77	G55	0.005282228346914001
G60	G8	0.0052821650169789
G60	G92	0.0052821151912212
G85	G75	0.0052821072749793
G56	G12	0.0052820774726569
G41	G59	0.0052820611745119
G23	G51	0.005282059777528
G86	G43	0.0052820313721895
G80	G41	0.0052820206619799
G42	G12	0.005282016005367001
G87	G71	0.0052819368429481
G91	G16	0.0052819116972386
G57	G19	0.0052818302065134
G75	G50	0.005281819961965
G25	G3	0.005281819961965
G57	G32	0.0052818153053522
G48	G64	0.0052817934192717
G33	G96	0.0052817733958363
G15	G82	0.0052817622199654
G46	G97	0.0052817594259977
G40	G33	0.0052817407995462
G50	G61	0.0052816905081272
G41	G48	0.0052816858515143
G83	G62	0.0052816518582403
G5	G91	0.0052815768867731
G36	G79	0.0052815624512732
G66	G99	0.0052815438248217
G80	G53	0.0052815410308539
G48	G12	0.0052815373055636
G71	G50	0.0052815359085798
G24	G29	0.0052815265953539995
G50	G86	0.0052814898081123
G12	G21	0.0052814781665802
G29	G14	0.0052814553491771
G63	G35	0.0052814241498708
G59	G95	0.0052814125083386
G76	G83	0.0052814078517258
G74	G39	0.005281395278870999
G60	G58	0.0052813873626291
G29	G66	0.0052813719958066
G9	G18	0.0052813189104199
G43	G6	0.005281270481646
G87	G58	0.0052812481299042
G90	G71	0.0052812467329204
G79	G56	0.005281233228742999
G43	G50	0.0052812211215496
G6	G22	0.0052812187932431
G47	G98	0.0052811712957918
G55	G24	0.0052811568602919
G23	G82	0.0052811410278081
G86	G78	0.0052811149507761
G36	G70	0.0052811075001955
G39	G90	0.0052810916677117
G4	G95	0.0052810851484537
G6	G96	0.0052810409106314
G66	G78	0.0052810334600508
G75	G32	0.0052810278721153
G41	G3	0.0052810274064540004
G30	G42	0.0052810204215347
G55	G72	0.0052809990011155
G47	G17	0.0052809398621320005
G85	G40	0.0052809361368417
G49	G11	0.0052809361368417
G81	G95	0.005280902609229
G4	G2	0.0052808723412454
G66	G95	0.0052808653563261
G84	G97	0.0052808374166488
G50	G12	0.0052808355540037
G89	G3	0.0052807857282459
G35	G10	0.0052807698957622
G1	G61	0.0052807587198913
G22	G51	0.0052807573229074
G88	G26	0.0052807489410042
G64	G20	0.0052807349711656
G37	G59	0.0052807126194238
G52	G47	0.0052806930616497
G17	G15	0.0052806790918111
G71	G47	0.0052806721068918
G47	G28	0.0052806069143116
G3	G20	0.0052806064486503
G84	G13	0.0052806022576987
G46	G22	0.0052805752493441
G51	G84	0.0052805729210376
G75	G9	0.0052805617451667
G20	G16	0.0052805286832153
G43	G5	0.0052805230952799
G63	G87	0.0052805133163928
G53	G8	0.0052805063314735
G39	G49	0.0052804970182478
G21	G76	0.0052804737351834
G51	G23	0.00528046162799
G91	G2	0.0052804141305387
G2	G73	0.0052803712897002
G79	G22	0.0052803484722971
G15	G41	0.005280343350023
G56	G48	0.0052803149446845
G28	G49	0.0052803144790232
G76	G96	0.0052803033031523
G77	G34	0.0052803033031523
G10	G65	0.0052801840938627
G97	G6	0.0052801794372498
G82	G69	0.0052800956182181
G85	G74	0.0052800215780735
G67	G65	0.0052800122648477
G16	G50	0.0052800108678638
G53	G63	0.0052800024859607
G80	G16	0.0052799033001065
G75	G92	0.0052798744291067
G44	G9	0.0052798027172684
G16	G13	0.0052797244861721
G19	G1	0.0052797012031078
G4	G45	0.005279678851366
G92	G59	0.0052796658128499
G10	G26	0.0052796592935919
G86	G15	0.0052796546369791
G48	G41	0.0052796523086726
G88	G31	0.00527965137735
G83	G8	0.0052796467207372
G25	G38	0.0052796443924307
G33	G28	0.0052796006202697
G31	G89	0.0052795754745602
G68	G74	0.0052795712836086
G24	G38	0.0052795195952057
G26	G49	0.0052795074880123
G60	G86	0.0052794902585446
G21	G49	0.005279482807964001
G5	G19	0.0052794725634157
G52	G68	0.0052794641815125
G65	G27	0.0052794581279158
G23	G44	0.0052794432267546
G25	G94	0.0052794399671256
G7	G41	0.0052794297225773
G27	G57	0.0052793561480939
G4	G64	0.005279335193336
G33	G38	0.0052793049253523
G1	G85	0.0052792839705944
G44	G64	0.005279276985675
G62	G33	0.0052792737260459995
G11	G57	0.0052792686037719
G4	G17	0.0052792360074818
G12	G93	0.0052791889756917
G76	G29	0.0052791740745306
G12	G42	0.0052791466005146
G41	G67	0.0052791042253375
G84	G31	0.0052790893241763
G90	G89	0.0052790762856602
G37	G40	0.0052790525369346
G2	G87	0.0052790436893701
G42	G34	0.0052790287882089
G9	G91	0.0052790190093219
G69	G28	0.0052790082991123
G35	G15	0.0052789985202252
G93	G18	0.0052789859473705
G50	G75	0.0052789743058383
G86	G9	0.0052789715118706
G62	G68	0.0052789552137255
G36	G39	0.0052789459004998
G77	G71	0.0052789095789194
G23	G87	0.0052788909524679
G38	G74	0.0052788760513067
G71	G81	0.0052788704633712
G31	G80	0.0052788411267101
G37	G35	0.0052787801250815
G79	G91	0.0052787065505981
G62	G11	0.0052786800079047
G49	G72	0.0052786795422434
G75	G97	0.0052786786109209
G66	G43	0.0052786665037274
G14	G91	0.0052786394953727
G63	G94	0.0052786255255341
G51	G44	0.0052786106243729
G38	G39	0.0052786022424697
G61	G58	0.0052786013111472
G85	G36	0.0052785468287765
G43	G24	0.0052785277366638
G76	G45	0.0052785160951316
G41	G1	0.0052784862928092
G12	G25	0.0052784723229706
G8	G4	0.0052784578874707
G66	G35	0.0052784159779548
G83	G71	0.0052783973515033
G58	G59	0.0052783233113586
G38	G98	0.0052783223800361
G19	G59	0.0052783065475523
G95	G98	0.0052783046849071
G19	G71	0.0052782474085688
G95	G23	0.0052782106213271
G64	G59	0.0052782031707465
G49	G8	0.0052781915292143
G56	G99	0.0052781719714403
G12	G91	0.0052781654521822
G48	G30	0.0052781323902308
G95	G93	0.0052781119011342
G46	G15	0.0052780271507799
G98	G12	0.005278019234538
G95	G32	0.0052779871039092
G37	G21	0.0052779722027479995
G75	G88	0.0052779023535549
G78	G70	0.0052778534591197
G58	G61	0.0052778045646846
G42	G52	0.0052777808159589
G35	G43	0.0052777649834752
G77	G72	0.0052777514792978
G63	G77	0.0052777333185076
G55	G75	0.0052777277305722
G68	G30	0.0052777128294109995
G28	G56	0.0052777030505239
G47	G8	0.0052776895463466
G44	G55	0.0052776867523789
G45	G21	0.0052776173688471
G38	G63	0.0052775726653635
G97	G37	0.0052775181829929
G46	G57	0.0052774674259126
G67	G40	0.00527746649459
G86	G67	0.0052774650976061
G25	G9	0.0052774650976061
G7	G19	0.0052774543873965
G41	G56	0.0052774427458643
G29	G51	0.0052774157375097
G93	G31	0.0052774082869291
G69	G66	0.0052774040959775
G78	G7	0.0052774008363485
G41	G15	0.0052773728966712
G15	G86	0.0052773575298488
G52	G5	0.0052772867493331
G20	G96	0.0052772723138332
G54	G31	0.0052772536873817
G68	G5	0.0052772271446883
G95	G82	0.0052772145718336
G40	G93	0.0052772047929465
G39	G25	0.0052771670743823
G46	G19	0.0052771205082535
G38	G55	0.005277119576931
G60	G79	0.0052771042101085
G54	G24	0.0052770981565117
G44	G96	0.0052770785987377
G66	G26	0.0052770627662539
G46	G88	0.0052770571783185
G31	G100	0.0052770255133509
G79	G86	0.0052770092152059
G21	G56	0.0052769901230931
G34	G86	0.0052769305184483
G33	G86	0.0052769277244806
G46	G4	0.0052768923342227
G96	G63	0.0052768518216907
G59	G70	0.0052768499590456
G5	G94	0.0052768369205296
G77	G37	0.0052767978049814
G27	G71	0.0052767847664654
G82	G2	0.0052767419256269
G15	G47	0.0052767391316592
G32	G3	0.0052767070010304
G20	G91	0.0052766860462725
G85	G42	0.0052766683511435
G9	G41	0.0052766664884984
G85	G21	0.0052766646258533
G67	G89	0.0052766473963856
G62	G97	0.0052766413427889
G24	G91	0.0052766255103051
G54	G42	0.0052766152657568
G91	G76	0.0052766134031116
G13	G47	0.0052766129374504
G31	G36	0.005276596173643999
G35	G1	0.0052765584550797
G89	G15	0.0052765551954507
G49	G26	0.0052765533328056
G50	G85	0.0052765286527574
G1	G49	0.0052764965221285
G17	G95	0.0052764913998544
G6	G94	0.0052764764986932
G34	G83	0.0052764718420803
G59	G17	0.005276471376419001
G96	G51	0.0052764639258384
G83	G48	0.0052764280699193
G4	G9	0.0052764173597097
G63	G46	0.0052764164283871
G76	G17	0.0052764127030968
G73	G53	0.0052763479761779
G81	G40	0.0052763279527425
G97	G31	0.0052763200365006
G89	G1	0.005276302807033
G57	G29	0.005276286508887999
G96	G88	0.0052762771956622
G10	G7	0.0052762748673558
G62	G69	0.0052762664854526
G49	G95	0.0052762404084205
G100	G5	0.0052762199193239
G64	G51	0.0052762045525014
G70	G79	0.0052762031555175
G70	G63	0.0052761752158403
G75	G37	0.0052761286497116
G17	G84	0.0052761095575988
G73	G70	0.0052761030383408
G20	G74	0.0052760853432118
G17	G12	0.0052760727703571
G34	G49	0.0052760574035346
G7	G42	0.0052760350517928
G78	G18	0.0052760206162929
G70	G68	0.005276006180793
G48	G63	0.0052760005928575
G17	G14	0.0052759987302124
G58	G99	0.0052759628742933
G1	G96	0.0052759568206965
G6	G74	0.0052759395912289
G67	G8	0.005275834351778
G7	G88	0.0052758287638425
G50	G76	0.0052757957018911
G49	G77	0.0052757081575691
G26	G85	0.0052757072262465
G34	G35	0.0052756858058273
G99	G92	0.0052756615914404
G82	G77	0.0052755265496671
G29	G42	0.0052755209617316
G41	G62	0.0052754976786673
G41	G83	0.0052754865027964
G17	G63	0.0052754557691514
G49	G31	0.0052753891795873
G27	G22	0.0052753705531358
G50	G22	0.0052753654308617
G63	G88	0.0052753621712327
G82	G50	0.0052753505297005
G44	G29	0.0052753365598618
G47	G43	0.0052753314375877
G79	G57	0.0052752974443137
G69	G57	0.0052752569317817
G81	G17	0.0052752303890883
G77	G52	0.0052752299234271
G54	G81	0.0052751977927982
G97	G56	0.0052751502953469
G15	G84	0.0052751475013792
G23	G26	0.0052751470357179
G64	G69	0.005275122821331
G97	G46	0.0052751083858311
G53	G86	0.0052751055918633
G26	G19	0.0052750916220247
G77	G49	0.0052750767208635
G39	G13	0.0052750683389604
G2	G89	0.0052750590257346
G21	G34	0.0052750376053154
G28	G71	0.0052750129252672
G58	G88	0.0052749887108802
G31	G55	0.0052749561145901
G89	G55	0.0052749561145901
G75	G30	0.0052749547176063
G100	G75	0.0052749505266547
G92	G22	0.005274933297187001
G46	G81	0.005274907220155
G71	G39	0.0052748974412679
G12	G43	0.0052748965099453
G30	G33	0.005274889525026001
G66	G67	0.0052748839370906
G97	G10	0.0052748350426554
G46	G7	0.0052748206071555
G10	G86	0.0052747968584299
G47	G26	0.0052747898735105
G42	G13	0.0052747894078493
G70	G3	0.0052747805602848
G92	G49	0.0052747763693332
G41	G45	0.0052747735753655
G86	G24	0.0052747405134141
G29	G15	0.0052747316658496
G93	G62	0.0052747218869626
G96	G91	0.0052747190929949
G29	G58	0.0052747004665434
G48	G10	0.0052746972069144
G68	G57	0.0052746860310435
G12	G7	0.0052746841683983
G7	G91	0.0052746799774467
G89	G6	0.0052746776491403
G95	G66	0.0052746757864952
G2	G5	0.0052746348083019
G48	G33	0.0052746110595762
G98	G47	0.0052745584398508
G15	G87	0.0052745412103831
G10	G42	0.0052745407447218
G63	G17	0.0052745346911251
G42	G89	0.0052745239809155
G21	G18	0.0052745239809155
G95	G42	0.005274515133351
G2	G55	0.0052744629792869
G89	G83	0.0052744578570127
G2	G19	0.0052744150161743
G57	G25	0.0052743460983037
G19	G28	0.0052743428386747
G99	G14	0.0052743279375135
G81	G92	0.0052742720581591
G59	G30	0.0052742506377398
G32	G11	0.0052742389962077
G31	G17	0.0052742189727723
G85	G95	0.0052742068655788
G92	G26	0.0052741882391273
G14	G5	0.0052741621620953
G19	G29	0.0052741328254342
G100	G53	0.0052741314284503
G10	G3	0.0052740657702088
G24	G44	0.0052740559913218
G91	G80	0.005273989867419001
G88	G81	0.0052739563398063
G74	G49	0.0052739535458385
G68	G1	0.0052739274688065
G61	G56	0.0052739097736775
G34	G18	0.0052739046514034
G58	G42	0.0052738697268068
G99	G20	0.0052738497033715
G99	G96	0.005273824557662
G40	G50	0.0052737914957106
G54	G22	0.0052737873047589996
G47	G27	0.0052737174555659
G85	G47	0.0052737165242433
G57	G43	0.0052736578509211
G68	G64	0.0052736015059053
G90	G67	0.0052735949866473
G57	G95	0.0052735647186636
G91	G10	0.0052735516801476
G19	G91	0.0052735330536961
G62	G8	0.0052734930068254
G56	G77	0.0052734510973095
G5	G17	0.005273450165987001
G91	G83	0.005273450165987001
G12	G2	0.0052734431810677
G74	G66	0.0052734296768903
G47	G13	0.0052734264172613
G34	G31	0.0052734212949872
G83	G38	0.0052733724005520006
G34	G57	0.0052733700722455
G45	G22	0.005273369140923
G55	G35	0.0052733686752617
G84	G25	0.0052733505144715
G16	G92	0.0052733034826815
G83	G58	0.0052732531912624
G86	G45	0.0052732275798916
G53	G22	0.0052732266485691
G57	G9	0.0052731982432305
G1	G16	0.0052731656469404
G52	G19	0.0052731488831341
G73	G46	0.0052731367759406
G73	G8	0.0052730892784893
G14	G41	0.0052730794996023
G51	G73	0.0052730734460055
G21	G73	0.0052730455063283
G87	G14	0.0052730254828929
G65	G84	0.0052730226889252
G36	G88	0.0052730101160705
G69	G49	0.0052730031311511
G2	G96	0.0052729770541191
G74	G53	0.0052729505114257
G62	G74	0.0052729505114257
G80	G59	0.0052729304879903
G34	G93	0.005272913724184
G62	G42	0.0052728806622326
G48	G21	0.0052728690207004
G67	G31	0.0052728564478456
G60	G55	0.0052728480659425
G86	G84	0.0052728322334587
G78	G48	0.0052728131413459
G86	G97	0.0052727898582816
G61	G59	0.0052727800793945
G100	G40	0.0052726636640727
G7	G26	0.0052726594731211
G82	G20	0.0052726506255567
G51	G85	0.005272633396089
G97	G65	0.0052725910209119
G40	G65	0.0052725886926054
G54	G77	0.0052725845016539
G97	G40	0.0052725630812346
G9	G94	0.0052725551649928
G6	G79	0.0052725081332027
G88	G23	0.0052725016139447
G19	G83	0.0052724755369126
G24	G100	0.0052724741399288
G9	G96	0.0052724666893482
G49	G67	0.005272445268929
G25	G13	0.0052724312990903
G71	G29	0.0052723893895745
G22	G99	0.0052723879925906
G59	G32	0.0052723763510584
G100	G72	0.0052723241969943
G16	G86	0.0052723153494298
G73	G14	0.0052722967229783
G81	G77	0.0052722967229783
G72	G29	0.0052722739055752
G63	G90	0.0052722720429301
G65	G55	0.005272255744784999
G8	G23	0.0052721612155437
G71	G100	0.0052721253596246
G93	G87	0.005272002890706
G94	G72	0.0052719260565936
G78	G57	0.0052719223313033
G3	G70	0.0052719144150614
G53	G76	0.0052719032391905
G40	G52	0.0052718915976583
G7	G13	0.0052718692459166
G38	G12	0.005271865054965001
G43	G36	0.0052718361839652
G55	G23	0.0052718296647071
G8	G21	0.0052718184888362
G35	G82	0.005271793808788
G93	G45	0.0052717891521751
G92	G23	0.0052717844955623
G16	G47	0.0052717104554176
G94	G80	0.0052716988138854
G12	G35	0.0052716177888214
G45	G56	0.0052715921774506
G74	G44	0.0052715791389346
G31	G52	0.0052715688943862
G59	G13	0.0052715581841766
G84	G5	0.0052715335041284
G46	G80	0.0052714985795319
G18	G100	0.0052714915946125
G73	G93	0.005271422676742
G75	G2	0.0052714184857904
G39	G41	0.0052714021876454
G37	G85	0.0052713765762746
G50	G67	0.0052713155746459
G10	G100	0.0052713137120008
G85	G6	0.0052713104523718
G43	G66	0.0052713090553879
G65	G22	0.0052712922915816
G12	G89	0.0052712718024849
G92	G52	0.0052712713368237
G38	G97	0.0052712704055011
G64	G100	0.0052712555043399
G89	G40	0.0052712522447109
G57	G42	0.0052712331525981
G26	G97	0.0052711912430822
G84	G89	0.0052711674943566
G90	G93	0.0052711348980665
G84	G42	0.00527113256976
G56	G52	0.0052711172029376
G11	G15	0.0052711106836795
G29	G12	0.0052710906602442
G30	G53	0.0052710245363414
G36	G93	0.0052710040472447
G45	G29	0.005270957481116001
G80	G65	0.0052709514275193
G39	G88	0.0052709057927131
G97	G64	0.0052708825096488
G91	G86	0.0052708387374877
G99	G13	0.0052708182483911
G11	G30	0.0052708177827298
G82	G42	0.0052708159200847
G98	G86	0.0052708103321492
G61	G26	0.0052708038128912
G41	G46	0.0052708010189235
G78	G75	0.0052707972936332
G67	G9	0.0052707944996654
G92	G9	0.0052707684226334
G97	G48	0.0052707437425851
G14	G57	0.0052707265131175
G98	G46	0.0052707227878272
G93	G60	0.0052706827409565
G47	G37	0.0052706426940858
G54	G49	0.0052706412971019
G26	G96	0.0052705919370055
G5	G43	0.0052705854177474
G49	G81	0.0052705709822475
G98	G72	0.0052705481648445
G55	G60	0.0052705337293446
G60	G67	0.0052705258131027
G94	G6	0.0052705188281834
G74	G79	0.0052705076523125
G48	G67	0.005270495545119
G37	G77	0.0052704699337482
G6	G100	0.005270464811474
G80	G29	0.0052704354748129
G5	G31	0.0052703390829265
G32	G5	0.0052703125402331
G62	G80	0.0052703078836202
G8	G22	0.0052702878601849
G27	G73	0.0052702776156365
G92	G83	0.0052702655084431
G3	G33	0.0052702631801366
G66	G60	0.0052702506072819
G15	G31	0.0052701565437018
G81	G68	0.005270108114927999
G11	G66	0.0052701076492667
G20	G56	0.0052700494416058
G20	G5	0.0052700475789606
G71	G82	0.0052700405940413
G88	G47	0.005270030349493
G22	G80	0.0052700252272188
G25	G33	0.0052700219675898
G83	G85	0.0052699986845254
G55	G52	0.0052699497900903
G30	G36	0.0052699400112032
G85	G88	0.0052699171938002
G88	G91	0.0052699111402034
G89	G62	0.0052699088118969995
G78	G14	0.0052698855288326
G26	G93	0.0052698734216392
G36	G54	0.0052698571234941
G74	G76	0.0052698561921715
G92	G66	0.0052698408253490005
G89	G98	0.0052698352374136
G80	G7	0.0052698240615427
G12	G46	0.0052698138169944
G21	G55	0.0052697649225592
G7	G39	0.0052697374485433
G88	G64	0.0052697118371725
G2	G95	0.0052696801722049
G18	G58	0.0052696117199957
G99	G70	0.0052695986814796
G13	G39	0.0052695949561893
G39	G53	0.0052695679478347
G6	G23	0.005269565153867
G99	G54	0.0052695423364639
G27	G60	0.0052695013582706
G94	G5	0.0052694645710289
G75	G71	0.0052694515325129
G43	G54	0.0052694506011903
G71	G62	0.0052694370970129
G72	G60	0.0052694156765937
G86	G25	0.0052694142796099
G55	G9	0.005269409622997
G50	G45	0.005269403103739
G40	G77	0.0052693984471261
G20	G7	0.0052693882025778
G51	G95	0.0052693877369165
G66	G46	0.0052693863399326
G20	G8	0.0052693011239171
G42	G11	0.0052692773751914
G37	G87	0.0052692722529172
G40	G28	0.0052692578174173
G74	G56	0.0052692419849336
G90	G56	0.0052692354656755
G32	G8	0.0052692149765789
G98	G64	0.0052692042663693
G59	G74	0.0052691977471113
G62	G82	0.0052691833116114
G66	G96	0.0052691833116114
G32	G69	0.0052691693417727
G98	G60	0.005269163288175999
G98	G53	0.0052691372111439
G89	G8	0.0052691330201923
G2	G9	0.0052691223099827
G29	G10	0.0052690985612571
G53	G83	0.0052690696902573
G60	G39	0.0052690533921122
G61	G94	0.0052690231241285
G77	G25	0.0052690003067255
G46	G45	0.0052689933218061
G85	G30	0.0052689719013869
G91	G3	0.0052689090371131
G7	G31	0.0052688978612422
G81	G99	0.0052688829600811
G57	G86	0.0052688363939523
G7	G72	0.0052687944844365
G67	G30	0.0052687767893075
G98	G7	0.0052687670104205
G64	G26	0.0052687628194689
G53	G3	0.005268732085824
G68	G10	0.0052687018178403
G90	G96	0.0052686985582113
G17	G16	0.0052686971612274
G35	G42	0.0052686966955661
G41	G51	0.0052686757408082
G27	G87	0.0052686515264213
G91	G35	0.0052686342969536
G26	G42	0.0052686198614537
G63	G3	0.0052686142735183
G78	G40	0.0052685989066958
G84	G7	0.0052685057744383
G40	G55	0.00526849552989
G92	G87	0.0052684894762933
G90	G44	0.005268451757729
G20	G40	0.0052684140391647
G1	G64	0.0052683749236166
G89	G99	0.0052683525718748
G44	G68	0.0052682845853269
G34	G80	0.0052682142704725
G27	G8	0.005268211942165999
G81	G2	0.0052682035602629
G71	G2	0.0052681779488921
G86	G81	0.0052681607194244
G29	G77	0.0052681472152471
G97	G67	0.0052681164816021
G88	G70	0.0052680959925055
G85	G31	0.0052680657245218
G13	G89	0.00526804337278
G86	G70	0.0052680252119898
G3	G25	0.0052680056542158
G30	G8	0.0052679688669741
G54	G46	0.0052679581567645
G64	G37	0.0052679511718451
G62	G19	0.005267942789942
G68	G65	0.0052679381333291
G39	G42	0.0052679227665066
G49	G7	0.0052679213695228
G16	G90	0.0052679199725389
G20	G60	0.0052679046057164
G21	G50	0.0052678943611681
G56	G96	0.0052678743377327
G97	G61	0.0052678622305393
G95	G76	0.0052678594365715
G78	G96	0.0052678333595395
G14	G24	0.0052678314968943
G64	G71	0.0052677998319268
G65	G26	0.0052677965722978
G6	G67	0.0052677681669592
G45	G41	0.0052677574567496
G99	G75	0.0052677276544272
G4	G49	0.0052677216008305
G66	G91	0.005267706234007999
G26	G9	0.0052676973864436
G94	G40	0.0052676857449114
G35	G72	0.0052676824852824
G65	G87	0.0052676615305244
G70	G48	0.0052675991319119
G11	G28	0.0052675935439765
G35	G28	0.0052675711922347
G1	G56	0.0052675642073154
G29	G98	0.0052675590850412
G66	G82	0.0052674994803965
G35	G59	0.0052674994803965
G87	G36	0.0052674952894449
G99	G8	0.0052674799226224
G14	G26	0.0052674547769129
G12	G79	0.0052674142643809
G52	G56	0.0052674072794616
G67	G68	0.0052673821337521
G33	G67	0.0052673695608973
G11	G69	0.0052673672325909
G17	G53	0.0052673569880425
G39	G37	0.0052672778256237
G41	G8	0.0052672633901238
G64	G14	0.0052672452293336
G73	G78	0.0052672321908175
G97	G83	0.0052672214806079
G49	G87	0.0052672154270112
G69	G80	0.0052671921439468
G64	G55	0.0052671763114631
G87	G1	0.005267163272947001
G73	G64	0.0052671418525278
G78	G54	0.0052671367302536
G24	G62	0.0052671232260763
G59	G61	0.0052670803852379
G55	G56	0.0052670538425445
G71	G88	0.0052670077420771
G74	G81	0.0052670016884803
G4	G36	0.0052669807337224
G83	G6	0.0052669737488031
G88	G56	0.0052669704891741
G63	G79	0.005266869906335999
G62	G24	0.0052668456919491
G22	G76	0.0052668447606265
G80	G50	0.005266829393804
G14	G100	0.0052668158896267
G86	G44	0.0052668075077235
G30	G75	0.0052667916752398
G45	G89	0.0052666845731437
G33	G39	0.0052666771225631
G69	G13	0.0052666743285954
G14	G86	0.0052666659466922
G26	G30	0.0052666300907731
G2	G84	0.0052665923722088
G5	G32	0.0052665611729025
G20	G33	0.0052665532566607
G36	G3	0.0052664950489997
G21	G99	0.0052664917893707
G31	G21	0.005266488995403
G2	G69	0.005266455002129001
G55	G8	0.0052663898095488
G43	G96	0.0052663832902908
G27	G32	0.0052663250826299
G55	G93	0.0052662654779851
G56	G38	0.0052662654779851
G49	G23	0.0052662380039691
G73	G77	0.005266185849905
G8	G33	0.0052661672234535
G83	G41	0.0052661574445664
G19	G7	0.0052660969085991
G68	G56	0.0052660601213574
G5	G44	0.0052660517394542
G92	G89	0.005266043357551
G90	G11	0.0052660242654383
G11	G12	0.005266017280519001
G2	G27	0.0052660163491964
G1	G93	0.0052660126239061
G61	G55	0.0052659842185676
G43	G63	0.0052659837529063
G66	G39	0.0052659809589385
G99	G18	0.0052659194916486
G71	G21	0.0052658771164715
G96	G17	0.005265861749649
G93	G26	0.0052658570930361
G30	G22	0.0052658519707620005
G72	G17	0.0052658426575362
G62	G28	0.0052658305503427
G58	G39	0.0052657816559076
G30	G51	0.0052657383494079
G18	G84	0.0052657211199402
G5	G96	0.0052656978368759
G20	G67	0.0052656903862953
G7	G73	0.005265649408102001
G50	G4	0.0052656419575214
G21	G81	0.0052656377665698
G24	G39	0.0052656275220215
G5	G24	0.0052656237967312
G35	G76	0.0052656149491667
G18	G72	0.0052656126208603
G25	G75	0.005265521351248
G74	G47	0.0052654966711997
G91	G29	0.0052654910832643
G91	G28	0.0052654654718935
G29	G5	0.0052654645405709
G20	G31	0.0052654528990387
G3	G1	0.0052654454484581
G26	G13	0.0052654389292001
G66	G80	0.0052654230967164
G57	G46	0.0052653993479907
G98	G82	0.0052653937600553
G74	G50	0.0052653718739748
G3	G5	0.0052653513848781
G20	G62	0.0052653420716524
G11	G82	0.0052653206512331
G57	G48	0.0052653183229267
G96	G95	0.0052653136663138
G44	G45	0.0052652601152658
G52	G13	0.0052651935257017
G82	G14	0.0052651753649115
G27	G14	0.0052651711739599
G97	G58	0.0052651711739599
G40	G4	0.0052651702426373
G10	G25	0.0052651353180408
G12	G18	0.0052651297301054
G6	G24	0.0052651152946054
G8	G72	0.0052650584839284
G35	G58	0.0052650324068963
G85	G82	0.005264991428702999
G88	G63	0.0052649225108325
G6	G39	0.0052649131976068
G4	G100	0.0052648764103651
G58	G12	0.0052648754790425
G25	G5	0.0052648684941232
G3	G76	0.0052648363634943
G83	G53	0.0052648149430751
G26	G88	0.0052648019045591
G59	G98	0.0052647562697529
G17	G6	0.0052647511474788
G62	G58	0.00526465754956
G6	G16	0.0052646556869149
G60	G10	0.0052646263502538
G84	G78	0.005264617037028
G78	G10	0.005264603998512
G8	G61	0.0052646002732217
G64	G57	0.0052645956166088
G23	G100	0.0052645611576735
G84	G74	0.005264556966722
G15	G78	0.0052645537070929995
G66	G6	0.0052645234391093
G38	G43	0.0052645211108028
G3	G63	0.0052644996903836
G11	G19	0.0052644973620772
G91	G25	0.0052644917741417
G36	G71	0.0052644885145127
G37	G2	0.0052644666284322
G68	G98	0.0052644070237874
G70	G23	0.0052644070237874
G70	G41	0.0052643935196101
G38	G78	0.0052643800154328
G59	G28	0.0052643790841102
G65	G88	0.0052643571980297
G19	G11	0.0052642817609012
G36	G11	0.0052642654627561
G28	G57	0.005264263600111
G70	G77	0.0052642622031271
G21	G19	0.00526420539245
G100	G65	0.0052641876973211
G2	G62	0.0052641741931438
G63	G91	0.005264145322144
G69	G11	0.0052641411311924
G74	G11	0.0052641201764345
G23	G67	0.0052640764042735
G29	G28	0.0052640680223703
G22	G65	0.0052640512585639
G38	G95	0.0052640084177255
G66	G18	0.0052639939822256
G72	G43	0.0052639921195805
G81	G3	0.0052639888599514
G40	G12	0.0052639716304838
G77	G83	0.0052639655768871
G63	G39	0.0052639553323388
G7	G54	0.0052639129571616
G16	G28	0.0052638575434684
G16	G14	0.0052638300694525
G8	G20	0.005263777449727
G54	G69	0.0052637397311627
G64	G49	0.005263730417937
G44	G27	0.0052637127228081
G61	G18	0.0052637024782598
G45	G73	0.0052637015469372
G33	G4	0.0052636335603892
G66	G65	0.0052636032924056
G68	G27	0.0052635627798736
G77	G3	0.0052635534666478
G92	G24	0.0052635357715189
G71	G22	0.0052635096944868
G6	G42	0.0052634947933256
G46	G21	0.0052634594030678
G13	G75	0.0052634542807936
G73	G27	0.0052634472958743
G96	G47	0.0052634426392614
G61	G73	0.0052634216845035
G20	G82	0.0052634198218584
G75	G66	0.0052633960731327
G56	G59	0.005263386759907
G13	G80	0.0052633713930845
G49	G46	0.0052633415907621
G13	G95	0.0052633411251008
G10	G87	0.0052633318118751
G10	G13	0.0052633318118751
G49	G14	0.0052633304148912
G9	G25	0.0052633234299719
G26	G75	0.0052633197046816
G44	G24	0.005263318773359
G12	G6	0.0052632940933108
G40	G89	0.0052632912993431
G44	G93	0.0052632628940045
G90	G31	0.0052632186561822
G82	G5	0.0052632065489888
G24	G60	0.0052631506696343
G32	G33	0.0052631101571023
G3	G21	0.0052630822174251
G78	G93	0.0052630794234573
G83	G14	0.0052630668506026
G79	G67	0.0052630645222961
G32	G17	0.0052630095742642
G70	G31	0.0052629970014095
G75	G72	0.005262944381684
G87	G49	0.0052629220299422
G19	G25	0.0052629201672971
G35	G46	0.0052628805860877
G64	G24	0.0052628759294748
G96	G61	0.0052628270350396
G55	G50	0.0052627911791205
G86	G56	0.0052627860568463
G8	G83	0.0052627460099756
G63	G66	0.005262738559395
G33	G95	0.0052627208642661
G32	G15	0.0052627129480242
G99	G55	0.0052626812830567
G74	G54	0.0052626500837504
G22	G33	0.0052626319229602
G74	G99	0.0052625685930252
G1	G71	0.0052625648677349
G95	G27	0.0052625555545091
G84	G65	0.0052625094540417
G95	G10	0.0052625043317675
G32	G80	0.0052624866366386
G76	G99	0.0052624689415097
G23	G95	0.0052624684758484
G6	G91	0.0052624191157519
G82	G98	0.0052623855881392
G94	G12	0.0052623697556555
G29	G18	0.0052623539231717
G56	G33	0.0052623203955590005
G49	G35	0.0052623148076236
G45	G14	0.0052623022347688
G28	G81	0.005262276623397999
G82	G7	0.0052622659131884
G21	G52	0.0052622323855757
G12	G32	0.0052621942013502
G44	G73	0.0052621769718825
G17	G80	0.0052621457725763
G7	G23	0.005262132268399
G88	G33	0.0052621015347540006
G11	G75	0.0052620759233832
G18	G82	0.0052620051428675
G15	G32	0.0052620028145611
G10	G78	0.0052619893103837
G53	G24	0.0052619711495935
G51	G58	0.0052619152702391
G53	G28	0.0052619059570133
G75	G39	0.0052618123590946
G68	G73	0.0052618067711591
G66	G23	0.0052617965266108
G92	G11	0.0052617653273046
G80	G40	0.0052617625333368
G47	G36	0.005261743441224
G92	G42	0.0052617387846112
G78	G6	0.005261689890176
G18	G4	0.0052616721950471
G54	G86	0.0052616568282246
G92	G80	0.0052616563625633
G44	G30	0.0052616382017731
G54	G47	0.0052615888416767
G14	G47	0.0052615622989833
G56	G64	0.005261527840048
G58	G71	0.0052615189924836
G82	G70	0.0052615157328546
G24	G66	0.0052615026943385
G100	G18	0.0052614989690482
G68	G58	0.0052614957094192
G80	G63	0.005261471029371
G96	G12	0.0052614589221775
G14	G66	0.0052614430896937
G13	G35	0.0052613886073231
G30	G26	0.0052613755688071
G49	G2	0.0052613653242588
G38	G11	0.005261356011033
G24	G94	0.0052612973377108
G78	G89	0.0052612950094044
G72	G42	0.0052612670697271
G6	G93	0.0052612083964049
G89	G82	0.0052611944265663
G87	G98	0.0052611897699534
G88	G66	0.0052611539140343
G78	G33	0.0052611296996474
G20	G52	0.0052611208520829
G91	G38	0.0052611120045185
G89	G44	0.0052611036226153
G100	G45	0.0052610654383897
G55	G82	0.005261062644422
G72	G62	0.0052610426209867
G34	G91	0.005261012353003001
G35	G20	0.0052609937265515
G3	G35	0.0052609825506806
G35	G52	0.005260968580842
G72	G54	0.0052609066478908
G63	G96	0.0052608745172619
G24	G15	0.0052608577534556
G78	G2	0.0052608237601816
G46	G17	0.005260806530714001
G3	G49	0.0052608055993914
G79	G27	0.0052607911638915
G13	G22	0.0052607855759561
G94	G39	0.0052607310935854
G92	G62	0.0052607059478759
G81	G6	0.0052606929093599
G29	G27	0.0052606659010052
G53	G45	0.0052606407552957
G86	G60	0.0052606291137635
G94	G83	0.0052606198005378
G91	G75	0.0052606151439249
G80	G24	0.005260603968054001
G62	G60	0.005260600708425
G58	G19	0.0052605923265218
G78	G38	0.0052605653181672
G97	G14	0.0052605289965868
G91	G94	0.0052605001255869
G3	G40	0.0052604894153773
G92	G100	0.005260472651571001
G9	G38	0.0052604619413614
G41	G36	0.0052604502998292
G30	G14	0.0052604479715228
G38	G87	0.0052604381926357
G3	G10	0.0052603911608457
G83	G49	0.005260385107249001
G5	G78	0.005260364152491001
G5	G61	0.0052603567019104
G21	G57	0.0052603548392653
G18	G48	0.0052603054791688
G42	G35	0.0052602472715079
G63	G59	0.0052602221257984
G90	G37	0.0052602002397179
G77	G78	0.0052601909264922
G76	G78	0.0052601490169763
G50	G93	0.0052600679919123
G64	G31	0.0052600591443479
G21	G38	0.0052600060589611
G49	G71	0.0052599771879613
G28	G20	0.0052599664777517
G61	G23	0.0052599357441067
G29	G89	0.0052599115297198
G45	G82	0.0052599031478166
G65	G57	0.0052598766051232
G31	G16	0.0052598747424781
G18	G6	0.0052598505280911
G34	G43	0.0052598300389945
G91	G27	0.0052597974427044
G61	G70	0.0052597345784306
G63	G72	0.0052596665918827
G20	G88	0.0052596228197216
G65	G13	0.005259599070995999
G39	G17	0.0052595888264477
G34	G46	0.0052595753222703
G23	G39	0.0052595697343349
G97	G27	0.0052595450542867
G59	G54	0.0052594952285289
G14	G98	0.0052594929002225
G58	G87	0.0052594509907066
G13	G74	0.0052594193257391
G80	G27	0.0052594151347875
G42	G71	0.0052594142034649
G76	G52	0.0052594100125133
G11	G64	0.005259399767965
G83	G12	0.0052593783475458
G10	G68	0.0052593261934816
G77	G69	0.0052593094296753
G23	G70	0.0052593080326914
G56	G31	0.0052593010477721
G56	G67	0.005259255412966
G15	G59	0.0052592097781598
G31	G45	0.0052591869607567
G100	G29	0.0052591748535633
G51	G3	0.0052591720595955
G43	G88	0.005259109660983
G84	G9	0.0052591068670153
G100	G57	0.0052590928971767
G37	G65	0.0052590910345315
G43	G93	0.0052590030245482
G41	G58	0.0052589811384677
G99	G39	0.0052589741535484
G19	G39	0.0052589084953069
G83	G10	0.0052589005790649995
G87	G53	0.005258897319436
G66	G3	0.0052588819526135
G91	G17	0.005258819554001
G69	G2	0.0052587762475013
G74	G85	0.0052587692625819995
G53	G19	0.0052587464451789
G77	G59	0.0052587464451789
G52	G32	0.0052587427198886
G24	G45	0.0052586938254535
G91	G54	0.0052586835809051
G36	G6	0.0052586775273084
G54	G43	0.0052586547099053
G66	G31	0.0052586528472602
G79	G76	0.0052586500532925
G33	G89	0.0052586272358894
G32	G76	0.0052585764788091
G26	G79	0.0052585648372769
G55	G70	0.0052585629746317
G4	G57	0.0052585285156965
G35	G21	0.0052585052326321
G34	G84	0.0052585043013095
G73	G100	0.0052584940567612
G21	G62	0.0052584931254386
G79	G48	0.0052584586665034
G99	G10	0.0052584381774067
G94	G92	0.0052583855576813
G17	G58	0.0052583403885364
G4	G41	0.0052583357319235
G97	G62	0.0052583315409719
G90	G41	0.0052583133801817
G63	G100	0.0052582933567464
G81	G100	0.0052582784555852
G93	G5	0.0052582756616175
G41	G82	0.0052582728676497
G75	G15	0.005258250515908
G49	G69	0.0052582267671823
G23	G57	0.0052582174539566
G13	G7	0.0052581364288926
G11	G94	0.0052581331692636
G40	G23	0.0052581294439733
G82	G3	0.0052581205964088
G80	G75	0.0052581042982637
G56	G49	0.0052580893971025
G93	G63	0.0052580875344574
G61	G57	0.005258064251392999
G32	G14	0.0052580619230866
G23	G30	0.0052580591291189
G79	G25	0.0052580581977963
G80	G5	0.0052580493502318
G3	G100	0.0052580460906028
G43	G4	0.0052580218762159
G4	G29	0.0052579976618289
G53	G23	0.0052579953335225
G97	G93	0.0052579720504581
G23	G2	0.0052579026669263
G37	G41	0.0052578966133296
G31	G46	0.0052578775212168
G32	G96	0.0052578770555555
G25	G8	0.0052578751929104
G3	G90	0.0052578528411686
G19	G46	0.0052578491158783
G44	G100	0.0052578402683138
G1	G83	0.0052578384056687
G64	G40	0.00525777740404
G18	G42	0.0052577629685401
G91	G56	0.0052577615715563
G78	G49	0.005257686600089001
G100	G56	0.0052576730959117
G92	G54	0.0052576623857021
G73	G55	0.0052576400339603
G64	G94	0.0052576335147023
G22	G81	0.0052576321177184
G59	G39	0.0052576027810573
G18	G2	0.0052575999870896
G35	G100	0.0052575976587831
G9	G26	0.0052575794979929
G71	G38	0.0052575482986867
G75	G20	0.0052575459703803
G41	G29	0.0052575170993804
G35	G70	0.0052574896253645
G47	G25	0.0052574859000742
G94	G7	0.0052574700675904
G28	G48	0.0052574411965906
G17	G71	0.0052574202418327
G19	G21	0.0052574193105101
G27	G67	0.0052572861313819
G50	G19	0.0052572609856724
G76	G30	0.0052572516724467
G6	G30	0.0052572167478501
G28	G6	0.0052572097629308
G74	G28	0.0052572023123502
G75	G16	0.0052571739070117
G33	G70	0.0052571333944797
G9	G4	0.0052571119740605
G36	G91	0.0052570821717381
G13	G36	0.0052570621483027
G28	G95	0.0052570523694157
G40	G73	0.0052570523694157
G27	G66	0.0052570328116416
G90	G60	0.0052570286206901
G92	G45	0.0052569876424968
G29	G33	0.0052569746039807
G98	G52	0.0052569736726582
G83	G43	0.0052569713443517
G56	G97	0.0052569550462067
G13	G97	0.0052569452673196
G42	G17	0.0052569224499166
G12	G70	0.0052569070830941
G9	G68	0.0052568931132555
G95	G55	0.0052568851970136
G51	G16	0.0052568679675459
G16	G71	0.0052567785605788
G71	G1	0.0052567743696272
G91	G81	0.0052567673847079
G58	G70	0.0052567552775144
G32	G61	0.0052567524835467
G50	G38	0.0052567101083695
G82	G68	0.0052567035891115
G58	G91	0.0052566970698535
G40	G75	0.0052566779777407
G44	G43	0.0052566598169505
G24	G9	0.0052566546946763
G89	G43	0.0052566458471119
G63	G55	0.0052566356025636
G40	G41	0.0052566137164831
G46	G55	0.0052565820515155
G30	G13	0.0052565690129995
G51	G28	0.0052565373480319
G26	G83	0.0052564935758709
G42	G95	0.0052564856596291
G80	G81	0.005256475880742001
G39	G21	0.0052564404904842
G39	G77	0.0052564218640327
G63	G80	0.0052563762292265
G54	G94	0.0052563338540494
G33	G52	0.0052563264034688
G80	G1	0.0052563059143722
G77	G40	0.0052562966011464
G91	G69	0.0052562928758561
G5	G72	0.0052562677301466
G97	G28	0.0052562444470822
G47	G72	0.00525623280555
G55	G11	0.0052562113851308
G23	G52	0.0052561704069375
G54	G65	0.0052560991607606
G55	G90	0.0052560791373252
G3	G52	0.0052560330368578
G66	G29	0.0052560297772288
G42	G92	0.0052560279145836
G42	G91	0.0052560213953256
G79	G77	0.0052559659816324
G34	G55	0.0052559464238584
G51	G4	0.0052559426985681
G30	G67	0.0052558928728103
G41	G23	0.0052558914758265
G28	G33	0.00525588914752
G42	G97	0.0052558733150362
G11	G85	0.0052558635361492
G95	G63	0.0052558011375367
G94	G73	0.0052557992748916
G67	G86	0.0052557946182787
G31	G18	0.0052557853050529
G51	G18	0.0052557489834725
G14	G8	0.0052557336166501
G77	G20	0.0052556958980858
G4	G59	0.0052556386217474
G49	G45	0.0052556223236024
G17	G40	0.0052556111477315
G30	G23	0.0052555929869413
G94	G23	0.0052555897273123
G33	G76	0.0052555096335709
G94	G78	0.0052554975263774
G28	G40	0.005255467724055001
G41	G60	0.0052554537542164
G76	G41	0.0052554123103618
G6	G49	0.0052554016001522
G38	G45	0.0052553848363459
G21	G97	0.0052553811110556
G70	G28	0.0052553610876202
G1	G88	0.0052553093992173
G21	G23	0.005255302414298
G77	G68	0.0052553014829754
G48	G99	0.0052552996203303
G34	G63	0.0052552889101207
G42	G6	0.0052552884444594
G4	G25	0.0052552265115082
G54	G36	0.0052552171982824
G94	G19	0.0052551878616213
G82	G85	0.0052551804110407
G97	G70	0.0052551757544279
G22	G50	0.0052551715634763
G79	G17	0.0052551547996699
G43	G52	0.0052551543340086
G70	G71	0.0052551380358636
G67	G15	0.0052550393156707
G100	G9	0.0052550318650901
G60	G57	0.0052550141699612
G84	G12	0.0052550132386386
G91	G31	0.0052549350075423
G86	G23	0.0052549303509294
G73	G16	0.0052549042738974
G81	G30	0.0052548847161233
G31	G62	0.0052548805251717
G61	G91	0.0052548740059137
G20	G61	0.0052548111416399
G98	G97	0.0052547939121723
G53	G46	0.0052547766827046
G67	G49	0.0052547673694789
G10	G41	0.0052547589875757
G93	G29	0.0052547096274793
G37	G47	0.0052546756342053
G86	G7	0.0052546211518347
G37	G28	0.0052545447833836
G77	G10	0.0052545433863997
G23	G36	0.0052544861100614
G44	G98	0.0052544809877872
G15	G12	0.0052544688805937
G28	G85	0.0052544414065778
G43	G46	0.0052544246427714
G91	G7	0.0052543915808199995
G75	G79	0.00525425048545
G24	G79	0.0052542481571435
G40	G39	0.0052542476914823
G2	G57	0.0052542309276759
G90	G22	0.0052541820332407
G62	G81	0.0052541135810315
G38	G94	0.0052541051991283
G72	G25	0.0052540944889187
G56	G41	0.0052539403550326
G20	G55	0.0052539152093231
G61	G42	0.0052539138123393
G43	G83	0.0052538774907588
G7	G15	0.005253835581243
G99	G52	0.0052538192830979
G73	G35	0.0052538076415658
G28	G97	0.0052537829615175
G13	G42	0.0052537750452756
G23	G27	0.0052537652663886
G3	G44	0.0052537475712597
G84	G71	0.0052537359297275
G77	G6	0.0052536721341311
G85	G87	0.0052536521106958
G94	G76	0.0052536502480506
G79	G26	0.0052536409348249
G73	G62	0.0052536376751959
G13	G62	0.0052536241710186
G57	G61	0.0052536083385348
G82	G28	0.0052536004222929
G19	G9	0.0052535897120833
G98	G45	0.0052534546703100005
G35	G78	0.0052534397691488
G45	G99	0.0052534220740199
G65	G23	0.0052534155547618
G24	G95	0.0052533987909555
G63	G61	0.0052533913403749
G54	G78	0.0052533829584717
G60	G3	0.0052533498965203
G35	G32	0.0052533205598592
G6	G85	0.0052533075213432
G28	G61	0.005253248848021
G52	G11	0.005253214854747
G60	G45	0.0052532074041664
G62	G79	0.0052531966939568
G79	G5	0.0052531696856021
G19	G23	0.0052531608380377
G93	G89	0.0052531096152961
G43	G95	0.0052530728280544
G10	G95	0.0052530583925545
G18	G93	0.0052530048415064
G86	G50	0.0052530048415064
G54	G64	0.0052529922686517
G25	G32	0.0052529582753777
G65	G4	0.0052529526874423
G3	G57	0.0052529457025229
G63	G67	0.0052529303357005
G12	G59	0.0052529065869748
G20	G63	0.0052528604865074
G53	G11	0.005252827424556
G83	G77	0.0052528046071529
G17	G66	0.0052527436055243
G89	G11	0.0052527245134115
G79	G58	0.00525270588696
G16	G72	0.0052526947110891
G42	G39	0.0052526770159602
G58	G55	0.0052526528015732
G67	G18	0.0052525112405419
G65	G56	0.0052524930797517
G61	G3	0.0052524851635098
G96	G27	0.0052524423226714
G18	G96	0.0052524027414619
G2	G63	0.0052524018101394
G43	G86	0.0052523966878652
G18	G40	0.0052523561753332
G41	G18	0.0052523100748658
G31	G44	0.0052522676996886
G68	G94	0.0052522523328661
G57	G49	0.0052522150799632
G9	G12	0.0052522104233503
G22	G72	0.0052522053010761
G72	G4	0.0052521997131407
G43	G22	0.0052521442994475
G34	G78	0.0052521363832056
G26	G61	0.0052520795725286
G50	G89	0.0052520488388836
G24	G36	0.0052520371973514
G91	G77	0.0052520022727549
G18	G32	0.005251966882497
G79	G15	0.0052519417367875
G50	G17	0.0052519016899168
G13	G73	0.0052519002929329
G61	G86	0.005251889117062
G53	G18	0.0052518574520945
G50	G6	0.0052518513984978
G49	G18	0.0052518304437398
G89	G46	0.0052517359144985
G17	G48	0.0052517084404826
G94	G69	0.0052516250871121
G59	G16	0.0052516162395477
G81	G53	0.005251589231192999
G47	G52	0.0052515673451125
G39	G75	0.0052515654824674
G61	G51	0.0052515380084514
G45	G6	0.005251508206129
G22	G7	0.0052514784038066
G68	G81	0.0052514770068228
G47	G78	0.0052514644339679995
G74	G57	0.0052514569833874
G45	G19	0.0052513820119202
G44	G38	0.0052513629198074
G22	G39	0.0052513536065816
G68	G43	0.0052513517439365
G66	G13	0.0052513335831463
G49	G42	0.0052513289265334
G19	G17	0.0052513061091303
G26	G6	0.0052512516267597
G23	G11	0.0052512302063405
G8	G42	0.0052511827088892
G75	G5	0.0052511203102767
G61	G38	0.0052510676905512
G44	G37	0.0052510523237288
G39	G87	0.0052510132081806
G80	G8	0.0052509829401969
G51	G39	0.0052509331144392
G29	G41	0.0052509228698909
G61	G29	0.0052508637309074
G40	G64	0.0052507487125694
G91	G36	0.0052507137879729
G35	G77	0.0052507058717309995
G42	G48	0.0052507012151181
G65	G70	0.0052506681531667
G33	G91	0.0052506430074572
G90	G16	0.0052505861967802
G95	G11	0.0052505643106997
G5	G53	0.0052505522035062
G74	G23	0.0052505396306514
G65	G2	0.0052505359053611
G96	G57	0.0052505303174257
G22	G70	0.0052505219355225
G47	G24	0.0052505140192806
G83	G67	0.0052504958584904
G80	G33	0.0052504898048937
G37	G11	0.0052504823543131
G84	G17	0.0052504716441035
G73	G43	0.0052504711784422
G39	G95	0.005250462796539001
G83	G81	0.0052504613995552
G89	G88	0.0052504329942166
G96	G19	0.005250341258942999
G66	G54	0.0052503366023302
G69	G61	0.0052502704784274
G82	G66	0.0052502327598631
G88	G74	0.0052501712925732
G92	G27	0.0052501377649605
G16	G2	0.0052501312457025
G84	G46	0.0052501312457025
G12	G98	0.005250125657767
G21	G10	0.0052500991150736
G14	G89	0.0052500707097351
G8	G75	0.0052500693127512
G97	G96	0.0052500455640256
G36	G67	0.0052500306628644
G10	G20	0.005250004120170999
G96	G75	0.0052499910816549995
G95	G44	0.0052499710582196
G90	G87	0.005249963607639
G87	G44	0.005249953828752
G15	G30	0.0052499524317681
G80	G97	0.0052499319426715
G75	G69	0.0052498998120427
G21	G64	0.0052498723380267
G82	G52	0.005249845329672
G57	G82	0.0052498383447527
G52	G27	0.0052498304285109
G84	G2	0.0052497931756079
G73	G13	0.0052497801370918
G30	G95	0.0052497391588985
G19	G63	0.0052497051656246
G19	G85	0.0052497046999633
G62	G95	0.0052497046999633
G62	G91	0.0052496683783829
G17	G18	0.005249666981399
G35	G85	0.0052496641874313
G12	G82	0.0052496590651571
G24	G78	0.0052496525458991
G57	G55	0.0052496334537863
G30	G80	0.0052496194839477
G77	G70	0.0052496185526251
G40	G9	0.0052496083080768
G100	G15	0.0052495882846415
G42	G45	0.0052495365962386
G5	G42	0.005249535664915999
G25	G61	0.0052495296113193
G40	G100	0.0052494872361421
G44	G42	0.0052494802512228
G36	G43	0.0052494509145617
G25	G16	0.0052494369447231
G49	G52	0.0052494327537715
G70	G97	0.0052493289113044
G70	G49	0.0052492767572402
G89	G75	0.0052491910755634
G53	G48	0.0052491487003862
G41	G30	0.0052490653470158
G6	G9	0.005248999223112999
G68	G54	0.0052489405497908
G32	G62	0.0052489349618554
G69	G98	0.0052488883957266
G14	G67	0.0052488869987428
G100	G12	0.0052488651126623
G39	G46	0.0052488525398075
G37	G53	0.0052487971261143
G82	G18	0.0052487612701952
G87	G55	0.005248739849776
G19	G24	0.0052487249486148
G96	G62	0.0052487161010503
G73	G83	0.0052486942149698
G29	G3	0.0052486904896795
G98	G36	0.0052486811764538
G67	G82	0.0052486294880509
G6	G25	0.0052486243657767
G5	G12	0.005248621571809
G30	G86	0.0052485642954707
G72	G11	0.0052485475316643
G22	G8	0.0052484460175037
G88	G69	0.0052484418265521
G24	G53	0.0052484292536973
G67	G100	0.0052484176121652
G75	G10	0.0052484017796814
G5	G67	0.0052483640611171
G30	G17	0.0052483472973108
G27	G6	0.0052483188919723
G86	G55	0.0052483086474239
G33	G41	0.0052482732571661
G90	G27	0.0052482541650533
G84	G77	0.0052482215687632
G64	G60	0.0052482201717793
G92	G61	0.0052482113242149
G85	G81	0.0052481931634247
G87	G27	0.0052481656894087
G27	G65	0.005248153116553999
G97	G71	0.0052481484599411
G41	G94	0.0052481177262961
G76	G40	0.0052481177262961
G52	G60	0.0052480646409094
G84	G39	0.0052479971200227
G73	G18	0.0052479421719908
G80	G43	0.0052479417063295
G50	G31	0.0052478807047009
G92	G17	0.005247876048088
G46	G54	0.0052478495053946
G88	G6	0.0052478397265076
G22	G67	0.0052478364668786
G15	G2	0.0052478215657174
G17	G25	0.0052478187717497
G38	G15	0.0052477926947176
G17	G7	0.0052477899007499
G62	G89	0.0052476995624601
G83	G84	0.0052476259879767
G89	G93	0.0052476059645414
G30	G38	0.0052475947886705
G52	G58	0.005247569642960999
G65	G32	0.0052475561387836
G13	G68	0.0052475314587354
G72	G88	0.0052475244738161
G59	G23	0.0052475235424935
G33	G69	0.0052475212141871
G79	G83	0.0052474872209131
G91	G22	0.0052474443800747
G32	G1	0.0052474346011877
G6	G58	0.0052473680116236
G13	G57	0.0052473624236881
G15	G3	0.0052473102696239
G19	G65	0.0052473084069788
G6	G76	0.0052472702227532
G15	G20	0.0052472283132374
G24	G25	0.0052472269162535
G53	G72	0.0052472180686891
G83	G59	0.0052472101524472
G82	G64	0.0052471761591732
G93	G98	0.0052471747621893
G49	G94	0.0052471566013991
G26	G68	0.0052471528761088
G99	G64	0.0052471267990767
G81	G67	0.0052470685914158
G94	G89	0.0052470569498836
G12	G4	0.0052470238879323
G57	G51	0.0052469917573034
G52	G2	0.0052469833754003
G65	G30	0.0052469791844487
G13	G98	0.0052469735965132
G98	G59	0.0052469652146101
G15	G11	0.0052469642832875
G25	G100	0.0052469582296907
G6	G78	0.0052469004876911
G97	G44	0.0052468795329332
G67	G59	0.0052468595094978
G37	G46	0.005246858112514001
G81	G60	0.0052468352951109
G25	G96	0.0052468022331595
G49	G82	0.0052467947825789
G53	G27	0.0052467766217887
G99	G46	0.005246709100902
G67	G61	0.0052467077039182
G41	G100	0.0052466965280473
G25	G52	0.0052466690540313
G60	G81	0.0052466643974184
G40	G83	0.0052466355264186
G51	G15	0.0052466085180639995
G30	G15	0.0052465954795479
G1	G70	0.0052465768530964
G46	G56	0.0052465489134192
G87	G43	0.0052465409971773
G48	G80	0.0052465256303548
G27	G86	0.0052465246990323
G22	G27	0.0052465023472905
G22	G95	0.0052464907057583
G93	G94	0.005246486980468
G45	G96	0.0052464487962424
G72	G78	0.0052464343607425
G91	G97	0.0052464301697909
G67	G95	0.005246409215033
G64	G18	0.0052463980391621
G81	G32	0.0052463877946138
G44	G3	0.0052463873289525
G23	G12	0.0052463449537754
G81	G75	0.005246321670711
G98	G18	0.0052463202737271
G57	G2	0.0052463035099208
G63	G25	0.005246253684163001
G77	G48	0.0052462411113083
G80	G49	0.0052462229505181
G46	G64	0.0052462220191955
G58	G17	0.0052461829036474
G29	G82	0.0052461759187281
G68	G41	0.0052461656741797
G17	G68	0.0052461484447121
G55	G98	0.0052461358718574
G78	G31	0.0052461111918091
G75	G3	0.0052460934966802
G96	G33	0.0052460804581642
G52	G91	0.0052460483275353
G26	G65	0.0052460269071161
G81	G20	0.0052459966391325
G21	G63	0.0052459342405200005
G51	G31	0.0052458904683589
G17	G91	0.0052458788268268
G74	G100	0.0052458778955042
G18	G70	0.0052458718419075
G60	G12	0.0052458709105849
G41	G4	0.0052457880228757
G83	G65	0.0052457517012953
G29	G75	0.0052457433193922
G32	G59	0.0052456674166023
G45	G46	0.0052456445991992
G80	G68	0.0052455822005867
G7	G97	0.005245579406619001
G86	G99	0.0052454723045229
G89	G94	0.0052454574033617
G72	G20	0.0052454266697168
G53	G15	0.0052454047836363
G83	G15	0.0052453912794590005
G80	G98	0.0052453731186687
G51	G63	0.0052453521639108
G9	G65	0.0052453493699431
G55	G47	0.0052453335374593
G100	G87	0.0052452594973146
G3	G86	0.0052452525123953
G59	G88	0.0052452399395406
G80	G13	0.0052452348172664
G58	G74	0.0052452306263148
G57	G4	0.0052452250383794
G88	G2	0.0052452078089118
G51	G78	0.0052452064119279
G3	G12	0.0052451812662184
G6	G95	0.0052451738156378
G56	G3	0.0052451379597187
G17	G19	0.0052451090887188
G45	G4	0.0052450997754931
G2	G25	0.0052450816147029
G91	G55	0.0052450699731707
G7	G85	0.0052450117655098
G23	G10	0.005244999192654999
G52	G50	0.005244986154139
G31	G74	0.00524498289451
G92	G37	0.0052449810318648
G22	G59	0.005244976375252001
G85	G28	0.0052449721843004
G56	G42	0.005244958680123
G8	G77	0.0052449475042521
G29	G39	0.0052449200302362
G18	G88	0.005244911648333001
G46	G66	0.0052448702044785
G56	G100	0.0052448203787207
G38	G61	0.0052447114139795
G86	G6	0.0052446988411247
G30	G66	0.005244683008641
G82	G55	0.0052446778863668
G47	G69	0.0052446676418185
G76	G79	0.0052446648478507
G48	G72	0.0052446513436734
G63	G85	0.0052445963956415
G55	G80	0.0052445796318352
G39	G66	0.0052445787005126
G29	G38	0.0052445782348513
G26	G54	0.0052445442415773
G3	G13	0.0052444851025938
G22	G9	0.0052444725297391
G51	G65	0.0052444692701101
G40	G70	0.0052444599568843
G54	G70	0.0052444571629166
G90	G46	0.0052444473840296
G11	G5	0.0052444408647716
G36	G22	0.0052444371394813
G1	G29	0.0052443835884332
G9	G7	0.0052443635649979
G35	G51	0.0052443575114011
G54	G3	0.0052443556487559995
G26	G3	0.005244352389127
G27	G80	0.0052443500608205
G72	G61	0.0052443440072238
G47	G58	0.0052443370223045
G71	G60	0.0052443258464336
G18	G68	0.0052442871965467
G50	G55	0.0052442825399339
G64	G73	0.0052442722953855
G24	G7	0.0052442704327404
G21	G20	0.0052442508749663
G88	G43	0.0052441754378378
G64	G67	0.0052441349253058
G87	G4	0.0052441176958382
G31	G25	0.0052441130392253
G82	G49	0.0052441000007092
G16	G96	0.0052440664730966
G78	G88	0.005244065541774001
G1	G47	0.0052440566942095
G8	G55	0.0052439644932746
G29	G80	0.0052439337596297
G81	G83	0.0052438797429203
G88	G7	0.005243853200227
G15	G97	0.0052437777630984
G37	G93	0.0052437740378081
G69	G20	0.0052437353879213
G37	G95	0.0052437270060181
G51	G2	0.0052436795085668
G97	G75	0.0052435775287449
G81	G76	0.0052435682155191
G22	G82	0.0052435626275837
G29	G50	0.0052435155957937
G66	G9	0.0052435118705034
G36	G28	0.0052435062825679
G97	G43	0.0052434643730521
G97	G15	0.0052434625104069
G41	G47	0.0052434457466006
G22	G48	0.0052434434182941
G71	G91	0.0052434415556490005
G33	G5	0.0052434126846492
G40	G27	0.005243401043117001
G23	G1	0.0052433991804718
G85	G41	0.0052433987148106
G25	G80	0.0052433940581977
G77	G86	0.0052433870732784
G58	G29	0.0052433861419558
G65	G48	0.0052433847449719
G2	G32	0.0052433791570365
G43	G68	0.005243363790214001
G74	G4	0.0052433139644563
G1	G62	0.0052433027885854
G80	G12	0.0052432985976338
G61	G93	0.005243282765149999
G9	G2	0.0052432618103921
G68	G2	0.0052432613447308
G76	G97	0.0052432268857955
G12	G30	0.0052431682124733
G72	G18	0.0052431179210543
G93	G38	0.005243114195764
G47	G6	0.0052431016229093
G40	G31	0.0052430406212806
G54	G67	0.0052430173382163
G68	G75	0.0052429940551519
G89	G13	0.0052429921925067
G70	G47	0.0052429852075874
G63	G68	0.005242955405265001
G91	G4	0.0052429535426199
G75	G85	0.0052429437637329
G2	G6	0.0052429400384426
G7	G5	0.0052428999915719
G66	G58	0.0052428315393626
G32	G40	0.005242827348410999
G11	G61	0.005242820829153
G64	G44	0.0052427761256694
G9	G46	0.0052427421323955
G48	G66	0.0052426769398152
G44	G91	0.0052426769398152
G93	G76	0.0052426396869122
G87	G61	0.0052426299080252
G34	G51	0.0052425945177674
G28	G78	0.0052425861358642
G86	G27	0.0052425512112677
G31	G32	0.0052425502799451
G9	G45	0.0052424492314457
G92	G30	0.0052424450404942
G57	G44	0.00524243991822
G56	G51	0.0052424110472202
G98	G19	0.0052424077875912
G85	G52	0.0052423910237848
G20	G46	0.0052423747256398
G33	G8	0.005242328159511
G67	G55	0.0052423062734305
G72	G3	0.0052422997541725
G99	G93	0.0052422704175114
G18	G67	0.0052422410808503
G61	G80	0.0052422326989471
G94	G58	0.0052421954460442
G50	G62	0.0052421744912862
G96	G67	0.0052421423606574
G43	G14	0.0052421353757381
G97	G49	0.0052420352585613
G72	G14	0.0052420278079807
G36	G13	0.0052420021966099
G20	G22	0.0052419826388359
G100	G49	0.0052419770509004
G71	G53	0.0052419384010136
G76	G71	0.0052419225685298
G38	G48	0.0052419020794332
G22	G55	0.0052418825216591
G24	G97	0.0052418634295463
G47	G41	0.0052418275736272
G23	G94	0.0052418168634176
G44	G57	0.0052417912520468
G46	G23	0.0052417893894016
G41	G93	0.0052417740225791
G37	G100	0.0052417567931115
G30	G55	0.0052417474798858
G4	G70	0.0052416967228055
G57	G60	0.0052416729740798
G24	G30	0.0052416566759347
G82	G25	0.00524159707129
G21	G8	0.0052415295504033
G23	G5	0.0052415090613067
G95	G21	0.0052414922975003
G75	G60	0.0052414764650166
G47	G7	0.0052414732053875
G17	G42	0.0052414680831134
G2	G42	0.0052414583042263
G9	G74	0.0052414364181458
G53	G38	0.0052414303645491
G98	G14	0.005241391249000999
G96	G54	0.005241282749920999
G72	G79	0.0052412613295018
G69	G63	0.0052411486394703
G13	G27	0.0052411234937608
G21	G58	0.0052410815842449
G57	G35	0.0052410480566322
G95	G67	0.0052409879863262
G75	G95	0.005240929313004
G36	G49	0.0052409195341169
G69	G94	0.0052409190684556
G57	G30	0.0052408808842301
G15	G14	0.0052408650517463
G64	G70	0.0052408506162464
G45	G8	0.0052408459596335
G94	G13	0.0052408413030207
G66	G75	0.0052408366464078
G14	G46	0.0052407882176339
G41	G26	0.0052407812327146
G91	G57	0.005240773782134
G39	G3	0.0052407542243599
G56	G61	0.0052407360635697
G42	G58	0.0052407276816666
G64	G19	0.0052406694740056
G47	G2	0.0052406582981348
G56	G70	0.0052406070753932
G34	G87	0.0052405931055545
G97	G13	0.0052405926398932
G7	G22	0.0052405735477805
G80	G23	0.0052405190654098
G45	G70	0.0052405125461518
G94	G68	0.0052405102178454
G89	G61	0.0052404594607651
G24	G51	0.0052403709851205
G48	G97	0.0052403560839593
G39	G30	0.0052403351292014
G47	G100	0.0052402820438146
G51	G62	0.0052402783185243
G19	G73	0.0052402750588953
G54	G45	0.0052402662113308
G1	G38	0.0052402559667825
G33	G65	0.0052402433939278
G35	G66	0.0052402322180569
G92	G40	0.0052402238361537
G53	G26	0.005240217782557
G15	G60	0.0052402019500732
G69	G74	0.0052401283755898
G68	G8	0.0052401218563318
G70	G67	0.0052401185967028
G9	G93	0.005240112543106
G15	G73	0.0052401120774447
G93	G15	0.0052401055581867
G8	G62	0.0052401050925254
G67	G43	0.0052400459535419
G32	G24	0.0052400398999452
G83	G2	0.005239964928478
G27	G81	0.0052399397827684
G96	G56	0.0052398778498172
G35	G86	0.0052398205734789
G11	G38	0.0052397972904145
G65	G100	0.0052397940307855
G5	G82	0.0052397898398339
G45	G15	0.0052397870458662
G12	G69	0.0052397837862372
G51	G9	0.0052397740073502
G37	G76	0.0052397698163986
G60	G66	0.0052397036924958
G48	G15	0.0052396710962057
G76	G84	0.0052396701648831
G76	G51	0.0052396417595446
G93	G68	0.0052396105602383
G21	G83	0.0052396100945769995
G77	G8	0.0052396091632544
G71	G51	0.0052395993843674
G45	G43	0.0052395928651094
G2	G72	0.0052395863458514
G97	G19	0.0052395509555935
G47	G80	0.0052395504899322
G58	G100	0.0052395276725292
G11	G76	0.0052394485101103
G78	G24	0.0052394475787878
G21	G9	0.0052394410595297
G61	G14	0.0052394391968846
G44	G20	0.0052394112572073
G96	G21	0.0052393884398043
G45	G84	0.0052393851801753
G31	G47	0.0052393432706594
G60	G29	0.0052393171936273
G59	G29	0.0052393032237887
G77	G75	0.0052392757497727
G16	G100	0.0052392627112567
G74	G59	0.0052392082288861
G30	G61	0.0052392007783055
G52	G30	0.0052391896024346
G69	G73	0.0052391844801604
G3	G58	0.0052391807548701
G6	G7	0.0052391793578863
G13	G38	0.0052391681820154
G7	G45	0.0052391625940799
G65	G49	0.0052391462959349
G56	G23	0.0052390820346772
G59	G67	0.0052390415221452
G57	G76	0.0052390047349035
G37	G17	0.0052389637567102
G29	G35	0.0052389586344361
G72	G5	0.0052389395423233
G30	G92	0.0052389376796782
G52	G65	0.0052388994954526
G76	G32	0.005238858051597999
G31	G41	0.0052388291805982
G94	G87	0.0052388133481144
G22	G54	0.005238801240921
G79	G93	0.0052387998439371
G84	G88	0.0052387709729373
G73	G81	0.0052387341856956
G16	G89	0.0052387304604053
G97	G95	0.0052386680617928
G78	G60	0.0052386214956641
G45	G76	0.0052386168390512
G38	G33	0.0052386042661964
G39	G52	0.0052385586313903
G45	G63	0.0052385474555194
G11	G65	0.0052384971641004
G86	G96	0.0052384925074875
G9	G80	0.0052384487353265
G90	G21	0.0052384263835847
G15	G10	0.0052384031005203
G79	G46	0.0052383602596819
G100	G71	0.0052383267320692
G72	G76	0.0052382568828761
G46	G25	0.0052382391877472
G91	G11	0.0052382345311343
G28	G10	0.0052381567656993
G12	G31	0.0052381525747478
G17	G20	0.005238130223006
G74	G9	0.0052381120622158
G22	G71	0.0052381097339093
G17	G74	0.0052380869165062
G29	G45	0.0052380058914422
G54	G100	0.0052379788830876
G54	G71	0.0052379365079104
G94	G63	0.0052379071712493
G41	G7	0.0052378987893462
G30	G27	0.0052378964610397
G3	G53	0.00523785315454
G12	G68	0.0052378047257661
G70	G15	0.0052378042601048
G85	G68	0.0052377274259924
G9	G39	0.0052377046085894
G82	G76	0.0052377013489604
G38	G75	0.0052376906387507
G94	G45	0.0052376571111381
G52	G61	0.0052376561798155
G26	G27	0.0052376459352672
G96	G40	0.0052376356907188
G7	G75	0.0052376179955899
G37	G15	0.0052376119419932
G68	G45	0.0052376072853803
G99	G98	0.0052375975064933
G58	G45	0.0052375700324773
G64	G17	0.005237529054284
G35	G99	0.0052374913357198
G43	G9	0.0052374470978975
G52	G31	0.0052373707294464
G59	G87	0.0052373497746884
G92	G16	0.005237319972366
G40	G38	0.0052372822538018
G79	G40	0.0052372757345438
G90	G99	0.005237266421318
G21	G36	0.0052372412756085
G13	G71	0.0052371746860444
G2	G86	0.0052371649071574
G60	G38	0.0052371602505445
G41	G10	0.0052371388301253
G91	G19	0.0052371141500771
G95	G56	0.0052371053025126
G78	G28	0.005237091332674
G76	G27	0.0052370741032063
G87	G82	0.0052370736375451
G43	G27	0.0052370689809322
G43	G70	0.0052370675839483
G72	G47	0.0052370429039001
G76	G43	0.0052370321936905
G78	G95	0.0052369916811585
G68	G53	0.0052369865588843
G42	G20	0.0052369711920619
G6	G12	0.0052369679324328
G24	G56	0.0052369474433362
G23	G89	0.005236942321062
G16	G46	0.0052368817850947
G51	G98	0.0052368645556271
G78	G29	0.0052368566393852
G99	G38	0.0052368533797562
G28	G73	0.0052368440665304
G48	G1	0.0052368300966918
G98	G57	0.0052367490716278
G90	G7	0.0052367397584021
G49	G86	0.0052366945892572
G95	G19	0.0052366782911121
G14	G28	0.0052366545423865
G68	G14	0.0052366200834512
G18	G22	0.0052365842275321
G98	G23	0.0052365674637258
G9	G67	0.0052364338189363
G24	G13	0.005236376542598
G98	G62	0.0052363704890012
G60	G25	0.0052363672293722
G92	G63	0.0052363565191626
G74	G33	0.0052363234572112
G19	G33	0.0052363188005983
G88	G13	0.0052362671121954
G66	G49	0.0052362489514052
G69	G25	0.0052362326532602
G33	G18	0.0052362298592925
G57	G56	0.005236187018454
G49	G40	0.0052361860871315
G14	G68	0.005236149765550999
G3	G56	0.0052361073903739
G46	G71	0.0052360990084707
G64	G42	0.0052360701374709
G25	G4	0.0052360524423419996
G69	G15	0.0052359625697135
G54	G2	0.0052359378896653
G54	G62	0.0052358736284077
G76	G48	0.0052358713001012
G43	G44	0.0052358619868755
G16	G11	0.0052358424291014
G11	G47	0.0052358163520693
G95	G43	0.0052357665263116
G64	G75	0.0052357390522956
G95	G79	0.0052356729283928
G52	G8	0.0052356463856995
G34	G81	0.005235549993813
G8	G68	0.0052355495281517
G48	G71	0.0052354983054101
G91	G32	0.0052354629151523
G27	G33	0.0052354498766362
G82	G43	0.0052354410290718
G78	G79	0.0052354237996041
G87	G5	0.0052353935316205
G31	G8	0.0052353865467011
G1	G20	0.005235353950410999
G56	G68	0.00523531017825
G93	G44	0.0052352789789438
G31	G93	0.0052351993508636
G81	G18	0.0052351895719766
G12	G77	0.0052351662889122
G44	G95	0.0052351518534123
G74	G6	0.0052351304329931
G62	G7	0.0052350955083966
G39	G93	0.0052350927144289
G64	G98	0.0052350894547998
G65	G79	0.0052350359037518
G100	G41	0.005235016811639
G10	G36	0.0052350023761391
G25	G19	0.0052349744364619
G2	G1	0.005234963260591
G9	G14	0.0052349301986396
G7	G40	0.0052347914315760006
G52	G20	0.0052347029559314
G53	G69	0.0052346922457218
G49	G93	0.0052346689626574
G52	G4	0.0052346549928188
G31	G4	0.0052346154116094
G43	G29	0.0052345762960612
G18	G73	0.0052345367148518
G46	G42	0.0052345315925776
G27	G95	0.0052345306612551
G92	G3	0.0052345111034810005
G98	G80	0.0052345055155456
G26	G40	0.0052344161085784
G79	G6	0.0052344030700623
G29	G70	0.0052343858405947
G39	G56	0.0052343653514981
G48	G14	0.0052343611605465
G4	G75	0.0052343579009175
G90	G19	0.0052343551069498
G81	G45	0.0052343374118208
G38	G85	0.0052342521958053
G46	G33	0.0052341972477734
G90	G62	0.0052341702394187
G71	G4	0.0052341376431286
G14	G42	0.0052341180853545
G68	G36	0.0052341148257255
G2	G85	0.0052340892143547
G49	G56	0.0052340505644679
G86	G94	0.0052340454421937
G41	G57	0.0052339942194521
G47	G81	0.0052339723333716
G97	G98	0.0052339541725814
G34	G89	0.0052339355461299
G14	G58	0.005233893636614
G65	G63	0.0052338852547109
G49	G89	0.0052338656969368
G98	G65	0.0052338293753564
G1	G77	0.00523381261155
G25	G43	0.0052338065579533
G22	G13	0.0052337339147925
G84	G24	0.005233702249825
G71	G20	0.0052336337976157
G61	G8	0.0052335946820676
G25	G68	0.0052335946820676
G15	G7	0.0052335928194224
G86	G26	0.0052335844375193
G46	G85	0.0052335476502776
G14	G94	0.0052335290238261
G18	G36	0.0052334843203425
G85	G43	0.0052334843203425
G27	G40	0.0052334833890199
G9	G27	0.0052334428764879
G74	G82	0.0052334410138428
G9	G21	0.0052334223873913
G45	G36	0.0052334009669721
G18	G81	0.0052333739586174
G87	G83	0.0052333469502627
G33	G24	0.0052333418279886
G27	G39	0.0052332715131342
G55	G58	0.0052332542836666
G84	G38	0.0052332282066345
G75	G93	0.0052332067862153
G60	G52	0.0052331108599901
G39	G54	0.005233101081103
G65	G62	0.0052330917678773
G65	G69	0.0052330489270389
G83	G19	0.0052330465987324
G80	G17	0.0052330293692648
G95	G13	0.0052330093458294
G2	G23	0.0052329837344586
G39	G59	0.00523296976462
G12	G29	0.0052329692989587
G99	G51	0.0052329595200717
G64	G2	0.0052329287864267
G59	G52	0.0052329082973301
G32	G87	0.0052328603342175
G63	G2	0.0052328146994113
G50	G78	0.0052328002639114
G52	G18	0.0052327942103147
G51	G20	0.0052327727898955
G60	G71	0.005232713650912
G60	G93	0.0052326791919767
G77	G4	0.0052326605655252
G42	G51	0.0052326512522995
G95	G39	0.0052326200529932
G78	G85	0.0052325390279293
G7	G100	0.0052325343713164
G53	G17	0.0052324999123811
G57	G79	0.0052324528805911
G26	G28	0.0052324291318655
G66	G10	0.0052324142307043
G24	G73	0.0052324002608656
G86	G11	0.0052323979325592
G48	G65	0.0052323681302368
G59	G9	0.0052323481068015
G2	G79	0.0052323192358016
G87	G3	0.0052323122508823
G74	G7	0.0052323024719953
G59	G97	0.0052322982810437
G86	G100	0.0052322838455438
G2	G100	0.0052322829142212
G5	G60	0.0052322759293019
G28	G15	0.0052322754636406
G11	G32	0.0052322684787213
G26	G10	0.0052322219125926
G91	G44	0.0052321767434477
G12	G57	0.0052321525290608
G41	G11	0.0052320999093353
G3	G32	0.0052320919930934
G33	G20	0.0052320389077067
G92	G8	0.0052320314571261
G97	G77	0.0052320156246423
G17	G51	0.0052320114336907
G66	G56	0.0052319834940135
G45	G2	0.0052319737151265
G85	G58	0.0052319611422717
G88	G100	0.0052318652160465
G46	G98	0.0052318647503852
G23	G49	0.0052318521775305
G82	G74	0.0052318512462079
G98	G77	0.0052318465895950005
G60	G9	0.0052317595109343
G34	G3	0.005231684539467
G31	G73	0.0052316347137093
G16	G87	0.0052316295914351
G56	G13	0.0052316021174192
G6	G28	0.005231587216258
G15	G49	0.0052315578795969
G32	G56	0.0052315169014036
G29	G69	0.0052315043285489
G81	G57	0.0052314968779683
G24	G19	0.0052314954809844
G60	G4	0.0052314917556941
G35	G96	0.0052314777858555
G2	G56	0.005231459159404
G57	G28	0.0052314582280814
G68	G70	0.0052314354106783
G78	G64	0.0052314237691462
G60	G70	0.0052314177155494
G13	G9	0.0052314139902591
G4	G76	0.0052314125932753
G78	G80	0.0052313511259853
G54	G28	0.0052313394844532
G87	G13	0.0052313371561467
G71	G41	0.0052313306368887
G75	G40	0.0052313199266791
G87	G57	0.0052313040941953
G30	G18	0.0052312882617115
G63	G15	0.0052311867475509
G1	G97	0.0052311299368739
G92	G90	0.0052311164326965
G59	G47	0.0052311010658741
G100	G60	0.0052310093306005
G51	G79	0.0052309860475361
G97	G22	0.0052309478633105
G67	G27	0.0052309138700366
G57	G94	0.0052308654412627
G92	G31	0.0052307876758277
G87	G23	0.0052307522855699
G77	G38	0.0052307299338281
G96	G32	0.0052307271398603
G26	G22	0.0052306987345218
G9	G29	0.0052306414581835
G34	G60	0.0052306372672319
G89	G63	0.0052306191064417
G98	G85	0.0052305967546999
G76	G69	0.0052305138669908
G15	G56	0.0052304919809103
G94	G67	0.0052304263226687
G17	G98	0.0052304253913462
G75	G91	0.0052303932607173
G95	G26	0.0052303811535239
G100	G74	0.0052303737029433
G77	G88	0.0052303662523627
G10	G77	0.0052303532138466
G95	G96	0.0052303383126854
G44	G77	0.0052303322590887
G93	G27	0.0052303215488791
G4	G66	0.0052302754484117
G67	G3	0.0052302679978311
G48	G17	0.0052302260883152
G30	G52	0.0052302228286862
G87	G16	0.0052302009426057
G3	G38	0.0052301110699772
G78	G30	0.0052300291135907
G51	G69	0.0052298991940915
G29	G86	0.0052298693917691
G99	G41	0.005229843314737001
G21	G32	0.005229840055108
G93	G95	0.0052298023365437
G21	G80	0.0052297594957053
G23	G54	0.0052297580987215
G71	G87	0.0052296784706413
G16	G7	0.005229611415416
G72	G89	0.0052296067588031
G93	G49	0.0052296044304966
G6	G32	0.0052295867353677
G80	G73	0.0052295802161097
G67	G88	0.0052295662462711
G30	G46	0.0052294726483523
G4	G19	0.0052294679917395
G74	G32	0.0052294544875621
G3	G36	0.0052294326014816
G80	G31	0.0052294172346591
G32	G95	0.0052293706685304
G54	G4	0.0052293702028691
G37	G58	0.0052293580956757
G16	G42	0.0052293529734015
G78	G41	0.0052293501794338
G41	G52	0.0052293254993855
G9	G42	0.0052292724139988
G24	G18	0.0052292547188699
G30	G12	0.0052292342297732
G22	G52	0.0052291993051767
G7	G55	0.0052291732281446
G45	G25	0.0052291620522737
G56	G60	0.0052291243337094
G77	G56	0.0052290800958871
G31	G30	0.0052290321327745
G58	G4	0.0052290153689682
G48	G51	0.0052289334125816
G61	G33	0.0052289143204689
G25	G85	0.0052288798615336
G66	G40	0.0052288682200014
G70	G60	0.0052288663573563
G74	G18	0.0052287951111793
G74	G5	0.0052287923172116
G5	G58	0.0052287550643086
G18	G76	0.0052287257276475
G1	G41	0.0052287196740508
G36	G26	0.0052286935970187
G4	G53	0.0052286754362285
G97	G57	0.0052286488935351
G2	G66	0.0052286265417933
G31	G23	0.0052285939455032
G83	G50	0.0052285846322774
G56	G87	0.0052285785786807
G52	G12	0.0052285743877291
G65	G21	0.0052285031415522
G15	G28	0.005228494759649
G63	G74	0.0052283802069723
G48	G87	0.0052283788099884
G90	G100	0.0052283350378274
G85	G70	0.0052283145487308
G55	G54	0.0052283094264566
G47	G75	0.0052282130345702
G77	G74	0.0052282125689089
G58	G53	0.0052281864918768
G47	G15	0.0052281864918768
G93	G52	0.005228164140135
G82	G32	0.005228092893958001
G47	G30	0.0052280202507972
G46	G30	0.0052280002273619
G58	G8	0.0052279853262007
G40	G87	0.0052279848605394
G10	G18	0.0052279531955718
G37	G38	0.0052279341034591
G77	G93	0.0052279196679592
G77	G97	0.0052278926596045
G26	G47	0.0052278758957982
G46	G28	0.0052278526127338
G75	G8	0.0052278358489274
G91	G79	0.0052277948707342
G50	G39	0.0052277860231697
G37	G50	0.0052277855575084
G62	G13	0.0052277846261858
G24	G80	0.005227708723396
G35	G53	0.0052276481874287
G74	G91	0.0052276053465902
G90	G85	0.0052275741472840006
G57	G52	0.0052275736816227
G10	G79	0.0052275047637522
G93	G24	0.0052274800837039
G16	G20	0.0052274689078330005
G52	G62	0.0052274684421718
G43	G2	0.0052274479530751
G40	G66	0.0052274405024945
G18	G61	0.0052274279296398
G38	G20	0.0052274237386882
G61	G25	0.0052274093031883
G82	G83	0.0052273632027208
G77	G23	0.0052273324690759
G25	G27	0.0052273236215114
G77	G47	0.0052273105829954
G66	G33	0.0052272207103669
G90	G14	0.0052272132597863
G14	G45	0.0052271992899477
G92	G36	0.0052271871827542
G76	G23	0.0052271522581577
G83	G16	0.0052271448075771
G84	G44	0.005227108951658
G65	G19	0.0052270987071096
G33	G27	0.0052270367741584
G67	G94	0.0052269222214818
G87	G65	0.0052269170992076
G23	G8	0.0052269110456109
G100	G69	0.0052268039435148
G15	G36	0.0052267899736762
G5	G4	0.0052267862483859
G73	G57	0.0052267792634665
G28	G14	0.0052267452701926
G28	G53	0.0052267303690314
G68	G77	0.0052267122082412
G84	G79	0.0052266991697251
G24	G5	0.0052266740240156
G3	G71	0.0052266507409513
G3	G4	0.0052266353741288
G42	G7	0.0052265962585806
G64	G30	0.0052265948615968
G5	G79	0.0052265543490648
G19	G40	0.0052265017293393
G71	G23	0.0052264854311943
G35	G67	0.0052264709956943
G24	G50	0.0052264668047428
G9	G57	0.0052264090627431
G24	G8	0.0052264067344367
G84	G91	0.0052264053374528
G68	G63	0.0052263811230659
G61	G7	0.0052263312973082
G70	G30	0.0052263089455664
G56	G82	0.0052263061515986
G68	G17	0.0052262959070503
G93	G56	0.0052262912504374
G82	G39	0.0052262679673731
G63	G56	0.0052262344397604
G13	G79	0.0052262251265347
G77	G94	0.0052262232638895
G71	G67	0.0052261911332607
G10	G74	0.0052261771634221
G93	G10	0.0052261748351156
G23	G73	0.0052261571399867
G23	G98	0.0052261478267609995
G1	G33	0.0052261315286159
G68	G13	0.0052260835655033
G52	G85	0.0052260546945035
G41	G17	0.0052260365337133
G4	G78	0.0052260202355682
G29	G25	0.0052260067313909
G33	G78	0.0052259713411331
G35	G39	0.0052259447984397
G22	G69	0.0052259410731494
G62	G17	0.0052258558571338
G71	G94	0.0052258307114243
G64	G53	0.005225789733231
G80	G85	0.0052257422357797
G58	G69	0.0052257417701184
G39	G28	0.0052257338538765
G39	G82	0.0052256798371672
G99	G73	0.0052256570197641
G77	G9	0.0052256183698773
G81	G14	0.0052255778573453
G65	G6	0.0052255671471357
G35	G60	0.0052255610935389
G48	G96	0.0052255573682487
G44	G78	0.0052255485206842
G35	G56	0.0052255415357649
G84	G14	0.0052255089394748
G10	G44	0.0052254647016525
G10	G81	0.005225365050137
G53	G97	0.0052253440953791
G67	G63	0.0052253399044275
G66	G24	0.005225318018347
G32	G6	0.0052253012545406
G66	G89	0.0052252528257668
G36	G60	0.0052252425812184
G80	G35	0.0052251820452511
G38	G10	0.0052251671440899
G50	G32	0.0052251452580094
G3	G54	0.0052251392044126
G8	G39	0.0052251168526709
G45	G20	0.0052250884473323
G77	G100	0.0052250572480261
G79	G9	0.0052250511944293
G53	G6	0.0052250437438488
G66	G11	0.0052250232547521
G5	G33	0.0052249780856072
G59	G8	0.0052249557338654
G96	G58	0.0052249454893171
G13	G51	0.0052249380387365
G66	G7	0.0052249343134462
G48	G45	0.0052249212749302
G32	G18	0.0052248835563659
G61	G15	0.0052246479317545
G97	G3	0.0052246414124965
G50	G70	0.0052246330305933
G31	G71	0.0052245995029807
G48	G28	0.0052245887927711
G17	G49	0.0052245291881263
G72	G86	0.0052245147526264
G90	G12	0.0052245054394006
G89	G84	0.0052245040424168
G30	G63	0.00522449798882
G49	G44	0.0052244667895138
G23	G18	0.005224444437772
G55	G97	0.0052244439721107
G10	G88	0.0052243797108531
G88	G52	0.0052243750542402
G49	G88	0.0052243312820792
G75	G53	0.005224309861659999
G25	G6	0.0052242767997086
G35	G14	0.0052242628298699
G84	G48	0.0052242507226765
G81	G65	0.0052242428064346
G73	G97	0.0052242195233702
G20	G36	0.0052241976372897
G70	G69	0.0052241897210478
G37	G80	0.0052241743542253
G63	G20	0.0052241585217416
G24	G12	0.0052241468802094
G46	G96	0.0052240607328712
G42	G78	0.0052240230143069995
G94	G95	0.0052239377982914
G79	G88	0.005223907995969
G63	G23	0.0052238693460822
G91	G98	0.0052238665521144
G58	G82	0.0052238632924854
G22	G14	0.0052238553762435
G14	G76	0.0052238288335502
G38	G54	0.0052238199859857
G88	G41	0.0052237999625504
G72	G13	0.0052237235940992
G44	G59	0.0052236863411962
G62	G65	0.0052236714400351
G71	G54	0.0052236337214708
G5	G27	0.0052236071787774
G7	G6	0.0052235964685678
G79	G11	0.0052235848270356
G8	G91	0.0052235727198421
G14	G3	0.0052235662005841
G3	G9	0.0052235447801649
G53	G20	0.0052235415205359
G29	G79	0.0052235350012779
G31	G3	0.0052235331386327
G87	G45	0.0052235159091651
G43	G76	0.0052233641035854
G99	G63	0.0052232961170375
G39	G12	0.0052232732996344
G77	G58	0.0052232560701668
G74	G22	0.0052232495509088
G29	G93	0.0052232067100703
G17	G69	0.0052232057787477
G43	G13	0.0052231824956834
G76	G98	0.0052231769077479
G78	G45	0.0052231694571673
G21	G51	0.0052231471054255
G91	G73	0.0052230954170227
G16	G15	0.0052230851724743
G66	G57	0.0052230786532163
G69	G59	0.005223074927925999
G96	G83	0.0052230590954422
G99	G12	0.005223037675023
G37	G25	0.0052230251021683
G62	G52	0.0052229850552976
G59	G85	0.0052228597924113
G32	G64	0.0052228462882339
G49	G38	0.005222815554589
G40	G97	0.0052228099666535
G53	G21	0.0052227727137506
G87	G52	0.0052227354608476
G16	G3	0.0052227135747671
G58	G52	0.0052227121777832
G91	G52	0.0052227112464606
G34	G59	0.0052226600237189995
G36	G63	0.0052225473336875
G100	G73	0.0052225305698812
G9	G56	0.0052224048413336
G87	G70	0.0052223522216081
G64	G88	0.0052223168313503
G61	G37	0.0052223051898181
G45	G33	0.0052222674712538
G10	G29	0.0052222041413187
G82	G100	0.0052221929654479
G48	G49	0.0052221585065126
G48	G6	0.0052221328951418
G57	G91	0.0052221301011741
G68	G4	0.0052221016958355
G64	G38	0.0052220989018678
G26	G89	0.0052220593206584
G30	G73	0.0052220523357391
G86	G38	0.0052220439538359
G84	G49	0.005221979226917
G77	G5	0.0052219326607882
G30	G82	0.0052219242788851
G47	G63	0.0052219075150787
G44	G76	0.0052218912169337
G12	G85	0.0052218195050954
G54	G52	0.0052217785269021
G75	G54	0.0052217757329344
G66	G94	0.005221770144999
G64	G9	0.0052217338234186
G11	G24	0.0052217300981283
G84	G35	0.0052217287011444
G5	G73	0.0052216844633221
G49	G66	0.0052216714248061
G40	G10	0.0052216215990483
G24	G27	0.0052214176394045
G41	G97	0.0052213976159691
G23	G42	0.0052213626913726
G63	G28	0.0052213426679372
G33	G57	0.005221327766776
G14	G40	0.0052212057635188
G15	G70	0.0052211326546967
G61	G62	0.0052210870198905
G31	G96	0.0052210474386811
G69	G38	0.005221031140536
G76	G9	0.0052209859713912
G85	G100	0.0052209696732461
G12	G56	0.0052209515124559
G16	G23	0.0052209510467946
G82	G22	0.0052209319546818
G65	G33	0.0052209105342626
G77	G73	0.0052208718843758
G92	G73	0.005220822058618
G13	G93	0.005220771767199
G77	G63	0.0052207261323928
G94	G57	0.0052206716500222
G75	G63	0.0052206674590706
G40	G78	0.0052206325344741
G97	G76	0.005220616236329001
G19	G60	0.0052205827087163
G36	G9	0.005220572464168
G97	G100	0.0052205589599907
G73	G49	0.0052205272950232
G40	G85	0.0052205072715878
G4	G31	0.0052204881794750005
G60	G75	0.0052204485982656
G71	G12	0.005220428109169
G10	G53	0.0052204197272658
G8	G27	0.0052204094827175
G93	G8	0.0052203745581209
G39	G33	0.0052203526720404
G2	G12	0.0052203307859599
G2	G70	0.0052202981896698
G51	G17	0.005220266059040999
G58	G54	0.0052202055230736
G80	G82	0.0052201752550899
G96	G78	0.0052201566286385
G99	G56	0.0052201538346707
G77	G30	0.0052201375365257
G59	G12	0.0052201100625097
G69	G27	0.0052200728096067
G9	G17	0.0052199391648173
G26	G50	0.0052199261263012
G97	G52	0.0052199093624949
G72	G56	0.0052198790945112
G16	G52	0.0052198655903339
G26	G52	0.0052198329940438
G10	G1	0.0052198194898664
G59	G66	0.0052198069170117
G100	G42	0.0052197468467056
G52	G3	0.0052197417244315
G54	G60	0.0052197254262864
G51	G45	0.0052196942269802
G31	G49	0.0052196797914803
G69	G12	0.0052196709439158
G51	G7	0.0052196546457707
G21	G42	0.0052196332253515
G96	G100	0.0052195703610777
G73	G47	0.0052195587195456
G75	G78	0.0052194590680301
G75	G100	0.0052194418385624
G90	G79	0.0052194292657077
G88	G97	0.0052193757146596
G59	G100	0.0052193701267242
G81	G94	0.0052193626761436
G20	G38	0.0052193533629179
G87	G67	0.0052193398587405
G40	G69	0.0052193105220794
G42	G83	0.0052192690782248
G47	G14	0.005219193175435
G62	G73	0.0052191773429512
G99	G57	0.0052191549912095
G96	G36	0.005219112150370999
G44	G54	0.0052190413698554
G24	G74	0.0052190334536135
G37	G54	0.0052190097048878
G32	G52	0.0052190050482749
G71	G13	0.0052189757116138
G25	G36	0.0052189426496624
G72	G6	0.0052189426496624
G58	G14	0.0052189039997756
G63	G33	0.0052188769914209
G7	G43	0.0052188681438565
G23	G4	0.0052188034169375
G41	G70	0.0052187871187925
G37	G55	0.0052187726832926
G54	G23	0.0052187023684382
G32	G13	0.0052186981774866
G61	G11	0.0052186707034707
G75	G36	0.0052186693064868
G16	G98	0.0052186669781804
G98	G68	0.0052186469547450005
G89	G20	0.0052185961976647
G48	G22	0.00521856918931
G67	G20	0.0052185207605361
G36	G42	0.0052184285596013
G64	G47	0.0052184094674885
G19	G58	0.0052183857187628
G23	G88	0.00521838106215
G68	G29	0.0052183489315211
G74	G58	0.005218313075602001
G21	G5	0.0052183079533278
G9	G73	0.0052182911895215
G49	G47	0.0052182613871991
G50	G5	0.0052182148210704
G65	G78	0.0052182027138769
G27	G91	0.0052181449718773
G57	G45	0.0052181230857968
G86	G31	0.0052181207574903
G56	G25	0.005218110512942
G76	G82	0.0052181086502969
G47	G33	0.0052180890925228
G14	G31	0.005218063481152
G46	G58	0.0052180592902004
G29	G67	0.0052180346101522
G51	G24	0.0052180108614265
G62	G39	0.005218009930104001
G44	G17	0.0052179475314915
G90	G48	0.0052178385667502
G25	G12	0.0052178278565406
G43	G69	0.0052177985198795
G93	G20	0.0052177808247506
G34	G95	0.0052177384495735
G31	G88	0.005217698868364
G67	G54	0.0052176946774125
G65	G60	0.0052176206372678
G35	G29	0.005217436235398
G25	G62	0.0052173906005918
G87	G60	0.0052173770964145
G28	G8	0.0052173556759953
G50	G29	0.0052172578871250005
G91	G13	0.005217227153479999
G87	G80	0.0052171875722706
G31	G65	0.0052171456627547
G41	G2	0.0052171219140291
G10	G90	0.0052171116694808
G11	G10	0.0052171046845614
G1	G11	0.005217095836996999
G37	G99	0.0052170841954648
G2	G14	0.0052170744165778
G45	G9	0.0052170744165778
G20	G100	0.005216984078288
G78	G82	0.0052169309929013
G70	G85	0.0052169235423207
G77	G57	0.0052168252877891
G36	G7	0.0052167638204991
G35	G83	0.0052167545072734
G18	G60	0.0052167489193379
G7	G56	0.0052166674286127
G98	G56	0.0052166646346449
G13	G60	0.0052165179513394
G94	G2	0.0052164760418236
G42	G59	0.0052164737135171
G22	G77	0.0052164075896143
G1	G13	0.0052163791842758
G86	G30	0.0052163740620017
G69	G4	0.0052163624204695
G33	G62	0.0052163540385663
G58	G78	0.0052163475193083
G75	G68	0.0052163423970341
G10	G76	0.0052163172513246
G45	G79	0.0052163172513246
G36	G75	0.0052161985076963
G29	G7	0.0052161924540996
G52	G94	0.0052161552011966
G80	G54	0.005216151010245
G45	G81	0.0052161370404064
G40	G6	0.0052161226049065
G50	G82	0.0052161030471324
G84	G21	0.0052160769701004
G96	G20	0.005216056946665
G50	G27	0.0052160564810037
G72	G28	0.0052160094492137
G72	G2	0.0052160080522298
G34	G71	0.0052159936167299
G19	G18	0.005215982440859
G40	G3	0.0052159400656819
G77	G85	0.0052159251645207
G33	G36	0.0052158664911985
G69	G7	0.0052158557809889
G4	G63	0.0052158064208924
G29	G8	0.0052158045582473
G23	G97	0.0052157947793602
G80	G58	0.0052157845348119
G55	G62	0.0052157831378281
G33	G31	0.0052157607860863
G70	G95	0.0052157565951347
G40	G62	0.0052157440222799
G98	G54	0.0052157351747155
G37	G68	0.0052156834863126
G40	G96	0.0052156755700707
G61	G69	0.005215608049184
G9	G88	0.0052155940793454
G32	G51	0.0052155829034745
G84	G80	0.0052155605517327
G17	G62	0.0052155158482491
G74	G24	0.0052154976874589
G11	G87	0.0052154869772493
G19	G27	0.0052153370343148
G25	G69	0.0052153165452182
G28	G100	0.00521529186517
G45	G26	0.0052152685821056
G91	G65	0.0052152196876704
G52	G7	0.0052152159623801
G62	G55	0.0052151926793158
G91	G78	0.0052151717245578
G13	G33	0.0052150143310427
G33	G58	0.0052150068804621
G78	G27	0.0052150050178170005
G4	G67	0.0052150012925267
G11	G71	0.0052149868570268
G47	G93	0.0052149691618978
G33	G47	0.0052149631083011
G29	G91	0.0052149421535432
G32	G2	0.0052148969843983
G64	G4	0.0052147558890283
G63	G36	0.0052146837115287
G48	G20	0.0052146697416901
G68	G76	0.0052146525122225
G67	G2	0.0052146078087389
G11	G23	0.0052145668305456
G7	G61	0.0052145346999168
G94	G75	0.0052145342342555
G9	G5	0.0052144867368042
G87	G89	0.0052144574001431
G81	G9	0.0052144485525786
G77	G12	0.0052144131623208
G16	G97	0.005214347038418001
G71	G45	0.0052143046632409
G7	G58	0.0052142702043056
G24	G23	0.0052142138592898
G79	G70	0.0052142082713544
G58	G22	0.0052141556516289
G9	G33	0.0052141482010483
G88	G3	0.005214141216129
G27	G51	0.0052140676416456
G51	G27	0.005214013159274999
G21	G94	0.0052140010520815
G83	G73	0.0052139912731945
G87	G91	0.0052139535546302
G94	G14	0.0052139260806143
G84	G57	0.0052138692699372
G82	G1	0.0052138241007924
G7	G49	0.0052138180471956
G50	G41	0.0052138036116957
G19	G94	0.0052137831225991
G34	G50	0.0052137398160994
G44	G81	0.0052137072198092
G47	G22	0.0052136755548417
G59	G3	0.0052136746235191
G70	G9	0.0052136732265353
G56	G40	0.0052136508747935
G83	G1	0.0052136303856968
G28	G43	0.0052136164158582
G45	G23	0.0052135647274553
G32	G88	0.0052135493606328
G92	G51	0.0052135484293103
G14	G80	0.0052135158330202
G59	G11	0.0052134850993752
G7	G81	0.0052134618163108
G68	G9	0.0052134543657302
G13	G8	0.0052134473808109
G62	G76	0.0052133942954242
G61	G82	0.005213382653892
G68	G95	0.0052133030258119
G54	G33	0.005213254597038
G27	G5	0.0052132518030703
G100	G54	0.0052131926640868
G39	G2	0.0052131903357803
G31	G97	0.0052130371332168
G86	G28	0.0052130152471363
G100	G30	0.0052129835821688
G33	G54	0.0052129542455077
G27	G28	0.0052128657698631
G80	G19	0.0052128401584923
G91	G95	0.0052127595990896
G15	G91	0.0052127069793641
G94	G88	0.0052126930095255
G35	G33	0.0052126441150903
G91	G47	0.0052126357331871
G97	G36	0.0052125980146229
G93	G61	0.0052125658839941
G7	G71	0.0052125556394457
G41	G88	0.0052124611102044
G84	G19	0.0052124368958175
G89	G73	0.0052124336361885
G51	G13	0.0052124303765594
G98	G31	0.0052124080248177
G5	G14	0.0052123772911727
G34	G15	0.0052123456262052
G93	G81	0.0052122701890766
G36	G38	0.005212265998125
G39	G85	0.0052122543565928
G35	G61	0.0052122371271252
G16	G1	0.0052122320048511
G67	G19	0.0052122217603027
G25	G98	0.0052122171036899
G20	G58	0.0052122045308351
G76	G74	0.0052121840417385
G49	G25	0.0052119544707238
G15	G74	0.0052118981257081
G11	G63	0.0052118864841759
G93	G70	0.0052118506282567
G24	G31	0.0052117900922894
G89	G54	0.0052117817103862
G92	G79	0.0052117146551609
G37	G75	0.0052117011509835
G44	G12	0.0052116909064352
G21	G15	0.0052115763537585
G71	G32	0.0052115716971457
G73	G65	0.0052115549333393
G45	G58	0.005211551208049
G20	G80	0.0052115404978394
G93	G91	0.0052115255966782
G80	G36	0.0052115097641944
G52	G41	0.0052115097641944
G86	G52	0.0052114413119852
G61	G71	0.0052114403806626
G56	G43	0.0052114049904048
G30	G19	0.0052113872952759
G98	G10	0.0052113807760179
G4	G69	0.0052112895064055
G76	G15	0.0052112122066318
G100	G27	0.005211173556745
G55	G85	0.0052111502736806
G59	G25	0.0052110464312136
G75	G19	0.0052110282704234
G81	G31	0.0052110091783106
G38	G30	0.0052109621465206
G20	G70	0.0052109551616013
G24	G28	0.0052109374664723
G86	G2	0.0052108992822468
G26	G56	0.0052108950912952
G58	G97	0.0052108657546341
G97	G68	0.0052108210511505
G67	G28	0.00521079916507
G50	G65	0.0052107283845543
G72	G31	0.0052107227966189
G4	G13	0.0052106995135545
G48	G31	0.0052106785587966
G66	G55	0.0052106669172644
G66	G76	0.0052106655202806
G79	G38	0.0052106557413935
G75	G80	0.0052106478251516
G64	G13	0.0052106417715549
G100	G55	0.0052106324583292
G41	G54	0.0052106115035712
G34	G7	0.0052106077782809
G21	G48	0.0052105602808296
G32	G45	0.0052105281502008
G81	G97	0.0052105104550719
G42	G87	0.0052104946225881
G56	G24	0.0052104573696851
G80	G57	0.0052104410715401
G96	G68	0.0052104382775723
G48	G38	0.0052104359492659
G52	G45	0.0052104298956692
G19	G30	0.0052104257047176
G53	G58	0.0052103800699114
G26	G32	0.0052103362977504
G95	G33	0.0052103190682828
G91	G85	0.0052103186026215
G71	G28	0.0052103181369602
G97	G1	0.0052103148773312
G14	G18	0.0052102929912507
G39	G98	0.0052102608606219
G98	G17	0.0052101914770901
G59	G81	0.0052101365290582
G55	G29	0.005210118368268
G32	G36	0.005210016388446
G45	G74	0.0052099898457527
G29	G54	0.0052099437452852
G16	G55	0.0052099209278821
G69	G6	0.0052098897285759
G40	G2	0.0052097998559474
G31	G70	0.0052097700536251
G11	G91	0.0052097630687057
G9	G63	0.0052097123116254
G63	G81	0.0052096475847065
G10	G85	0.0052096312865614
G86	G17	0.0052095423452556
G30	G20	0.0052094808779656
G16	G76	0.0052093849517405
G31	G69	0.0052092378027737
G5	G70	0.005209223832935
G70	G76	0.0052091344259679
G66	G52	0.0052091125398874
G67	G60	0.0052090301178395
G35	G63	0.0052089751698076
G61	G95	0.0052089542150497
G33	G100	0.0052089095115661
G17	G13	0.0052088988013565
G67	G45	0.0052088806405663
G49	G70	0.0052088755182921
G47	G51	0.0052088103257119
G48	G56	0.0052087558433413
G67	G46	0.0052087311632931
G69	G19	0.0052087274380028
G19	G22	0.0052086594514548
G64	G68	0.0052086031064391
G18	G83	0.0052086021751165
G90	G61	0.0052085262723267
G33	G73	0.0052085244096815
G64	G54	0.0052085206843912
G39	G96	0.0052085048519074
G48	G61	0.0052084876224398
G80	G62	0.005208448972553
G28	G29	0.0052084461785852
G38	G69	0.0052084391936659
G96	G73	0.0052084149792790005
G33	G60	0.0052084121853113
G70	G94	0.0052084103226661
G39	G29	0.0052083730697631
G24	G2	0.0052083362825214
G81	G89	0.0052083088085055
G24	G58	0.00520830322057
G100	G17	0.0052082929760217
G58	G3	0.0052082585170865
G50	G96	0.0052081784233450005
G71	G40	0.0052080396562814
G78	G67	0.0052079972811043
G80	G30	0.005207962822169001
G11	G52	0.0052079516462981
G81	G29	0.0052079414017498
G75	G67	0.0052079102024436
G92	G18	0.005207909271120999
G61	G45	0.0052078887820243
G78	G11	0.005207821726799
G39	G84	0.0052078152075409
G56	G73	0.0052077416330575
G52	G67	0.0052077355794608
G67	G62	0.0052077337168157
G20	G79	0.0052077332511544
G26	G98	0.0052077225409448
G66	G30	0.0052077127620577
G84	G18	0.0052076927386224
G87	G62	0.0052076787687838
G92	G19	0.0052076708525419
G64	G28	0.0052076680585742
G8	G67	0.0052076615393161
G29	G62	0.0052076447755098
G60	G7	0.0052076415158808
G63	G73	0.0052075018174946
G52	G82	0.0052074994891881
G100	G24	0.005207463633269
G71	G9	0.0052074017003178
G46	G67	0.0052073737606406
G1	G91	0.0052073295228183
G57	G22	0.0052072540856897
G98	G74	0.0052072000689804
G14	G54	0.0052071656100451
G68	G96	0.0052070845849812
G48	G47	0.0052070505917072
G63	G6	0.0052070445381104
G23	G7	0.0052070301026105
G67	G79	0.0052070124074816
G29	G4	0.0052069486118853
G35	G6	0.0052068848162889
G44	G62	0.0052068657241761
G53	G43	0.0052067940123379
G37	G13	0.0052067823708057
G95	G60	0.0052067711949348
G24	G22	0.0052067590877413
G46	G87	0.0052067069336771
G4	G60	0.0052067032083868
G53	G57	0.005206695292145001
G93	G41	0.0052066296339035
G13	G65	0.0052066170610487
G41	G24	0.0052065872587263
G18	G79	0.0052065323106944
G23	G38	0.0052064848132431
G36	G31	0.0052064745686948
G97	G78	0.0052064675837755
G66	G71	0.00520646199584
G95	G18	0.0052064219489693
G57	G81	0.005206414964050001
G23	G41	0.005206414964050001
G9	G52	0.0052063898183405
G12	G67	0.005206371191889
G50	G58	0.0052063190378248
G2	G43	0.0052062943577766
G45	G32	0.0052062720060348
G45	G38	0.0052062720060348
G38	G14	0.0052062501199543
G61	G46	0.0052062277682125
G47	G11	0.0052061933092772
G35	G81	0.0052061830647289
G65	G20	0.0052061509341001
G30	G69	0.0052061257883906
G93	G7	0.0052060396410524
G8	G70	0.005206003319472
G15	G88	0.0052059818990528
G71	G49	0.0052059576846659
G54	G27	0.0052057541906833
G44	G83	0.0052057239226996
G52	G69	0.0052056917920708
G14	G43	0.0052056913264095
G24	G83	0.0052056666463613
G79	G31	0.0052056610584259
G97	G69	0.0052055739797651
G77	G13	0.0052055004052817
G46	G41	0.005205484572798001
G78	G1	0.0052054487168788
G20	G81	0.0052054454572498
G60	G18	0.0052054333500564
G79	G71	0.0052054300904273
G81	G5	0.0052054082043468
G76	G89	0.0052053756080567
G35	G25	0.0052053686231374
G40	G71	0.0052053551189601
G23	G28	0.0052053551189601
G99	G82	0.0052052759565413
G88	G12	0.0052052685059607
G85	G54	0.0052052200771868
G86	G88	0.0052052102982997
G44	G10	0.0052051446400582
G46	G32	0.0052050803788006
G75	G12	0.0052050333470106
G65	G52	0.0052049914374947
G65	G12	0.005204954650253
G83	G60	0.0052049350924789
G25	G81	0.0052048959769308
G44	G94	0.0052048722282052
G31	G27	0.0052048470824956
G23	G91	0.0052048456855118
G19	G87	0.0052048377692699
G76	G88	0.005204782821238
G3	G6	0.005204735789448
G33	G66	0.0052046449854969
G13	G100	0.0052046203054487
G56	G15	0.0052046128548681
G90	G73	0.0052046123892068
G100	G66	0.0052045863121747
G13	G70	0.0052045304328203
G22	G21	0.0052045038901269
G68	G23	0.0052045010961592
G78	G25	0.0052044922485947
G14	G95	0.0052044889889657
G34	G58	0.0052044256590306
G89	G60	0.0052043059840798
G36	G97	0.0052042910829186
G21	G33	0.0052042831666767
G11	G77	0.0052042501047253
G34	G74	0.0052042445167899
G69	G24	0.0052042184397578
G90	G25	0.0052041988819837
G19	G43	0.0052041807211935
G58	G67	0.0052041755989193
G87	G20	0.0052041434682905
G59	G56	0.0052041113376617
G99	G4	0.0052040461450815
G27	G62	0.0052040023729205
G12	G73	0.0052039842121303
G84	G41	0.005203959532082
G20	G13	0.0052038682624697
G59	G43	0.0052037825807929
G63	G4	0.0052037350833415
G48	G36	0.0052036670967936
G74	G27	0.0052036005072295
G34	G100	0.0052035925909876
G9	G95	0.0052035767585039
G83	G17	0.0052035739645361
G42	G47	0.0052035492844879
G10	G67	0.0052034533582627
G91	G24	0.005203450564295
G37	G7	0.0052034449763596
G44	G8	0.0052034389227628
G87	G100	0.0052034277468919
G76	G25	0.0052034151740372
G85	G71	0.0052033453248441
G14	G73	0.0052033066749572
G90	G94	0.0052032223902642
G98	G73	0.0052031800150871
G51	G36	0.005203157197684
G7	G9	0.0052031469531357
G12	G97	0.0052031460218131
G45	G52	0.0052031297236680004
G7	G96	0.0052030780352652
G24	G61	0.0052030766382813
G71	G73	0.0052030766382813
G21	G95	0.0052030477672815
G34	G30	0.0052030347287654
G2	G52	0.0052030212245881
G14	G82	0.0052029844373464
G97	G25	0.0052029718644917
G13	G5	0.0052029676735401
G73	G91	0.0052029518410563
G1	G21	0.0052029285579919
G44	G14	0.0052029024809598
G17	G28	0.0052028479985892
G89	G100	0.0052027655765414
G72	G71	0.0052027176134288
G37	G82	0.0052026826888322
G36	G58	0.0052026002667844
G11	G27	0.0052025639452040005
G64	G25	0.0052025555633008
G83	G51	0.0052023688331246
G13	G24	0.0052023362368345
G88	G59	0.0052023045718669
G44	G67	0.005202270578592999
G13	G3	0.0052022445015609
G73	G30	0.0052022254094481
G93	G9	0.0052020796574652
G44	G28	0.0052020652219653
G88	G36	0.0052020493894815
G79	G30	0.0052020414732396
G34	G36	0.0052020344883203
G13	G12	0.0052019990980625
G59	G4	0.0052019474096596
G63	G49	0.0052018212154507
G93	G22	0.0052017648704349
G53	G54	0.0052016773261129
G69	G60	0.0052016489207744
G81	G43	0.0052016386762261
G29	G83	0.0052015916444361
G48	G4	0.0052015734836459
G31	G42	0.0052015171386301
G24	G69	0.0052014468237757
G27	G70	0.0052013997919857
G19	G74	0.0052013937383890005
G45	G49	0.0052013900130987
G67	G23	0.005201325751841
G13	G23	0.0052013052627444
G29	G17	0.0052012535743415
G90	G23	0.0052011725492775
G75	G58	0.005201166961342
G49	G5	0.005201106891035999
G28	G27	0.0052011045627295
G50	G47	0.0052010891959071
G72	G73	0.0052010677754879
G94	G33	0.0052010542713105
G100	G62	0.0052010072395205
G66	G20	0.0052009411156177
G34	G47	0.0052009238861501
G74	G38	0.0052008763886988
G33	G68	0.0052008177153766
G30	G24	0.0052007855847477
G50	G94	0.0052007711492478
G10	G30	0.0052007455378769996
G69	G95	0.0052006440237164
G36	G19	0.0052006016485393
G82	G73	0.005200567189604001
G15	G26	0.0052005494944751
G53	G82	0.0052005345933139
G43	G38	0.0052004978060722
G11	G8	0.0052004097960889
G28	G12	0.0052003837190568
G20	G76	0.0052003571763634
G41	G9	0.0052003404125571
G26	G14	0.0052003087475895
G54	G40	0.0052002766169607
G98	G70	0.0052002584561705
G82	G30	0.0052001220174133
G15	G57	0.0052001131698489
G67	G12	0.0052001024596393
G73	G76	0.0052000996656715
G44	G75	0.0052000992000103
G65	G36	0.0052000903524458
G70	G100	0.0051999930292367
G43	G60	0.0051999581046402
G38	G27	0.0051999548450112
G49	G41	0.0051998673006892
G41	G76	0.005199831444770001
G59	G18	0.0051997867412865
G43	G56	0.0051997420378029
G34	G99	0.0051997052505612
G73	G33	0.0051996461115777
G83	G13	0.0051996205002069
G90	G82	0.0051995553076267
G64	G27	0.0051995315589009996
G17	G5	0.005199478007853
G77	G66	0.0051994011737406
G70	G33	0.0051994002424180005
G76	G100	0.0051993867382407
G94	G62	0.0051993797533214
G38	G81	0.0051993522793054
G95	G49	0.0051993280649185
G34	G1	0.0051993215456604
G42	G5	0.0051992861554026
G37	G94	0.0051992633379995
G22	G2	0.0051992135122418
G80	G38	0.0051991562359035
G17	G59	0.0051991129294037
G92	G67	0.0051991050131618
G45	G28	0.0051990789361298
G9	G19	0.0051990775391459
G83	G26	0.0051990114152431
G30	G78	0.0051989802159368
G18	G19	0.0051989709027111
G100	G63	0.0051989378407597
G87	G40	0.0051989173516631
G25	G49	0.0051988679915666
G65	G5	0.0051988600753247
G37	G6	0.0051988125778734
G50	G20	0.0051987674087285
G18	G33	0.0051987236365675
G48	G78	0.0051987185142934
G34	G33	0.0051986216567456
G50	G51	0.0051986007019877
G39	G16	0.0051985587924718
G68	G49	0.0051985448226332
G75	G82	0.005198510363698
G45	G30	0.0051985071040689
G9	G28	0.0051985010504722
G8	G45	0.0051984023302793
G63	G44	0.0051983911544084
G72	G8	0.005198367871344
G68	G78	0.0051983520388603
G33	G19	0.0051983152516186
G94	G1	0.0051982980221509
G63	G41	0.0051982793956995
G69	G70	0.0051982402801513
G15	G51	0.005198183003813
G40	G60	0.0051981611177325
G73	G15	0.0051978477276861
G2	G40	0.0051978402771055
G13	G14	0.0051977387629449
G29	G52	0.0051977308467030005
G2	G38	0.0051977033726871
G26	G94	0.0051976693794131
G19	G10	0.0051976619288325
G49	G58	0.0051975594833493
G46	G82	0.0051974817179143
G42	G40	0.0051974705420434
G10	G60	0.0051973001100122
G35	G9	0.0051972516812384
G95	G80	0.0051972102373838
G29	G71	0.0051972032524645
G32	G82	0.0051971413195133
G66	G42	0.0051970547065138
G76	G77	0.0051970416679978
G28	G9	0.005196965765208
G98	G13	0.0051969601772725
G55	G7	0.0051968428306281
G72	G58	0.0051968377083539
G85	G18	0.0051968358457088
G56	G88	0.0051968204788863
G44	G66	0.0051966607570648
G83	G23	0.0051966174505651
G11	G68	0.0051965829916298
G39	G6	0.0051965750753879
G37	G29	0.0051965434104204
G32	G67	0.0051965024322271
G41	G38	0.005196486134082
G90	G83	0.0051964842714369
G57	G27	0.0051964721642434
G10	G58	0.0051964707672595
G93	G100	0.0051964521408081
G28	G25	0.005196442361920999
G56	G71	0.0051964363083243
G94	G100	0.0051964307203888
G79	G20	0.0051964251324534
G71	G78	0.0051964055746793
G67	G75	0.0051963827572762
G88	G4	0.0051963678561151
G68	G51	0.0051963673904538
G67	G78	0.0051963413134217
G87	G94	0.005196338519454001
G43	G58	0.0051963366568088
G42	G81	0.0051963287405669
G31	G91	0.0051962975412607
G89	G91	0.0051962840370833
G79	G47	0.0051961792632937
G14	G71	0.0051961471326649
G95	G28	0.0051960949786007
G37	G71	0.0051960675045847
G51	G71	0.0051960535347461
G16	G12	0.0051960041746497
G66	G14	0.0051959659904241
G28	G93	0.005195905920118
G47	G67	0.005195865407586
G26	G45	0.0051957583054900005
G30	G62	0.0051957578398287
G96	G52	0.0051956479437649
G46	G36	0.0051956181414425
G79	G49	0.0051955622620880005
G63	G76	0.005195559002459001
G61	G65	0.0051955333910882
G55	G53	0.0051954914815723
G94	G65	0.0051954360678792
G45	G62	0.0051954248920083
G73	G17	0.0051953904330730005
G40	G57	0.0051953489892184
G81	G39	0.0051953429356217
G32	G73	0.0051953420042991
G81	G52	0.0051953052170574
G51	G8	0.0051952889189124
G53	G74	0.0051952614448964
G18	G56	0.0051952600479125
G3	G80	0.0051952572539448
G98	G69	0.0051952279172837
G58	G49	0.0051952255889773
G75	G18	0.0051951147615909
G35	G4	0.0051950644701719
G26	G53	0.0051950351335108
G89	G85	0.005194978788495
G18	G38	0.005194938275963
G8	G58	0.0051948996260762
G12	G81	0.0051948828622698
G45	G78	0.0051948395557701
G19	G5	0.0051948181353509
G46	G61	0.005194772966205999
G2	G71	0.005194753408432001
G46	G38	0.0051947361789643
G29	G55	0.0051946910098195
G71	G27	0.0051946798339486
G56	G11	0.0051946467719972
G16	G93	0.0051946095190942
G84	G43	0.0051945745944976
G84	G11	0.0051945592276751
G29	G20	0.0051945545710623
G15	G69	0.005194526631385
G38	G76	0.0051944735459983
G11	G14	0.0051943780854344
G81	G7	0.0051943506114184
G98	G93	0.0051942747086286
G2	G88	0.0051941173151135
G74	G95	0.0051940977573394
G54	G15	0.0051940772682428
G30	G87	0.005194048397243
G86	G14	0.0051940260455012
G57	G15	0.0051939939148724
G39	G26	0.0051939436234533
G25	G10	0.005193920340389
G49	G59	0.0051938267424702
G26	G82	0.0051938267424702
G59	G65	0.0051938248798251
G24	G68	0.0051938132382929
G83	G18	0.0051938132382929
G58	G33	0.005193805322051
G46	G99	0.0051937913522124
G37	G44	0.0051937852986156
G66	G19	0.0051937769167125
G87	G48	0.0051937764510512
G22	G60	0.0051937513053417
G13	G18	0.005193653050810001
G2	G67	0.0051936279051005
G83	G95	0.0051935361698269
G52	G36	0.0051934770308434
G19	G54	0.0051934625953435
G30	G6	0.0051934611983597
G25	G28	0.0051934449002146
G18	G95	0.0051934323273599
G48	G95	0.0051933629438281
G87	G74	0.0051933270879089
G49	G30	0.0051933201029896
G75	G46	0.0051932125352323
G5	G7	0.0051931897178292
G64	G61	0.0051931794732809
G75	G45	0.0051931217312812
G47	G55	0.0051930705085396
G44	G70	0.0051930551417171
G37	G57	0.0051930290646851
G62	G9	0.0051929759792983
G3	G69	0.0051929214969277
G17	G11	0.0051927724853158
G43	G78	0.0051927468739449
G85	G17	0.0051927198655903
G57	G33	0.0051926546730101
G24	G49	0.0051926397718489
G49	G39	0.0051926225423812
G96	G28	0.005192507058382
G58	G94	0.0051924223080277
G13	G44	0.0051923603750765
G22	G45	0.0051923594437539
G64	G62	0.0051923529244959
G73	G2	0.0051922635175287
G89	G80	0.0051922616548836
G53	G71	0.0051921401172876
G81	G13	0.005192126147449
G29	G48	0.0051921219564974
G70	G4	0.0051920949481427
G86	G13	0.0051920721307396
G1	G36	0.0051920181140303
G84	G40	0.0051919408142566
G73	G20	0.0051919165998697
G4	G88	0.0051918979734182
G91	G60	0.0051918909884989
G58	G9	0.0051918453536927
G89	G58	0.0051918318495154
G68	G28	0.0051917433738708
G27	G78	0.0051917326636612
G65	G75	0.0051916446536779
G76	G62	0.0051915883086621
G97	G82	0.0051914732903242
G1	G65	0.0051913987845182
G85	G15	0.0051913154311478
G29	G49	0.0051912348717451
G34	G67	0.0051912241615355
G81	G80	0.0051911869086325
G79	G13	0.0051911622285842
G11	G78	0.0051910774782299
G38	G25	0.0051910462789237
G49	G68	0.0051910285837948
G17	G9	0.005190952681005
G38	G8	0.0051909144967794
G83	G94	0.0051908674649894
G43	G7	0.0051908604800701
G37	G91	0.0051908143796026
G32	G63	0.0051906812004745
G66	G88	0.0051906234584748
G92	G85	0.0051905447617173
G95	G73	0.0051905210129916
G59	G33	0.0051904935389757
G83	G80	0.0051904907450079
G16	G4	0.005190223455429
G28	G62	0.005190213676542
G1	G63	0.0051901838742196
G66	G17	0.0051901075057685
G50	G36	0.0051900851540267
G28	G60	0.0051899952813982
G74	G29	0.0051899943500757
G50	G26	0.0051899817772209
G2	G51	0.0051899440586566
G71	G8	0.0051899314858019
G75	G43	0.0051898988895118
G20	G54	0.0051898816600441
G2	G54	0.0051898653618991
G30	G91	0.0051898569799959
G37	G70	0.0051897652447223
G26	G8	0.0051895221695303
G72	G9	0.0051895105279982
G5	G100	0.0051894946955144
G60	G54	0.0051894099451601
G12	G100	0.005189349874854
G35	G19	0.0051892651244997
G29	G9	0.0051891971379518
G72	G52	0.0051891519688069
G12	G5	0.0051890816539525
G52	G71	0.0051890346221625
G2	G47	0.0051889913156628
G72	G39	0.0051889619790017
G73	G88	0.0051889275200665
G75	G65	0.0051888898015022
G100	G70	0.0051888590678572
G25	G20	0.0051888055168092
G70	G13	0.0051887286826968
G63	G97	0.0051886993460357
G15	G39	0.0051885442808269995
G41	G33	0.0051884772256016
G40	G19	0.0051884143613278
G26	G86	0.00518837897107
G78	G4	0.005188322160393
G2	G36	0.0051882872357964
G65	G29	0.0051882714033126
G10	G75	0.0051882122643291
G44	G31	0.0051881792023777
G19	G56	0.0051880637183785
G57	G69	0.0051880599930882
G54	G73	0.005187967326492001
G98	G9	0.0051879393868148
G27	G19	0.0051878700032829995
G59	G36	0.0051877764053642
G77	G76	0.0051877405494451
G47	G97	0.0051876301877200005
G98	G79	0.0051876092329621
G98	G40	0.0051875743083655
G15	G71	0.0051875715143978
G15	G79	0.0051875626668334
G34	G77	0.0051874918863177
G92	G81	0.0051874010823667
G16	G9	0.005187380593270001
G87	G33	0.0051872264593839
G16	G29	0.0051871673204004
G29	G63	0.0051871631294488
G29	G65	0.0051871379837393
G72	G40	0.0051871156319975
G98	G42	0.0051870089955627
G61	G75	0.0051869829185307
G29	G36	0.0051869051530957
G97	G18	0.0051868055015802
G68	G67	0.0051867733709514
G51	G38	0.0051867603324353
G73	G71	0.0051867123693227
G59	G46	0.0051865722052752
G63	G78	0.0051865489222109
G70	G38	0.0051865256391465
G83	G24	0.0051865144632756
G1	G78	0.0051864837296307
G43	G3	0.0051863989792764
G76	G36	0.0051863561384379
G40	G13	0.0051863552071154
G92	G72	0.0051862942054867
G59	G60	0.0051862443797289996
G59	G79	0.0051861689426004
G37	G88	0.0051861652173101
G46	G89	0.0051860054954886
G51	G56	0.0051860054954886
G26	G58	0.0051860050298273
G50	G63	0.0051860036328434
G37	G36	0.0051859859377145
G85	G91	0.0051859635859727
G87	G85	0.0051859519444406
G61	G28	0.005185863468796
G16	G67	0.0051858630031347
G96	G38	0.0051858592778444
G36	G45	0.005185819696635
G100	G19	0.0051857796497642
G39	G97	0.0051857409998774
G20	G95	0.0051855971105396
G63	G52	0.0051855859346687
G44	G48	0.0051855850033462
G68	G60	0.0051854415796697
G21	G93	0.0051854304037988
G42	G94	0.0051853880286216
G98	G78	0.0051853135228157
G65	G73	0.0051853097975254
G34	G4	0.0051852576434612
G38	G28	0.0051852464675903
G51	G68	0.0051850480958819
G27	G49	0.0051849307492375
G89	G33	0.0051848739385604
G77	G22	0.0051848720759153
G46	G62	0.0051848045550286
G21	G60	0.0051847887225449
G77	G98	0.005184784065932
G60	G24	0.0051847170107066
G23	G58	0.0051846993155777
G48	G9	0.0051846029236912
G15	G13	0.0051845829002559
G42	G18	0.0051845563575625
G47	G48	0.0051844394765794
G43	G45	0.0051843747496604
G84	G20	0.0051843444816768
G56	G20	0.0051843277178704
G98	G88	0.0051843100227415
G100	G61	0.0051842490211129
G65	G67	0.0051841889508068
G64	G82	0.0051841861568391
G1	G52	0.0051841856911778
G97	G73	0.0051841554231941
G67	G58	0.0051840604282915
G37	G69	0.0051840106025338
G52	G73	0.0051839346997439
G37	G43	0.0051838736981153
G50	G88	0.0051838723011314
G26	G95	0.0051838522776961
G89	G97	0.0051838392391800004
G13	G20	0.0051837847568094
G37	G23	0.0051837801001966
G10	G49	0.0051837717182934
G89	G66	0.0051837400533258
G45	G80	0.0051837377250194
G10	G98	0.0051837316714227
G16	G60	0.0051836878992617
G83	G100	0.005183660890907001
G12	G49	0.0051835482008755
G60	G20	0.0051834792830049
G79	G100	0.0051834508776664
G63	G22	0.0051834336481988
G4	G58	0.0051833698526024
G68	G71	0.0051832594908773
G26	G67	0.0051831798627972
G47	G54	0.0051831374876201
G47	G99	0.0051831360906362
G88	G73	0.0051831291057169
G22	G26	0.005182986613363
G52	G17	0.0051829763688147
G3	G67	0.0051828450523316
G1	G14	0.0051828385330736
G94	G36	0.0051828157156705
G50	G66	0.005182814784348
G40	G54	0.0051827416755259
G64	G56	0.0051826238632202
G29	G31	0.0051826103590428
G44	G69	0.0051824687980115
G12	G78	0.0051824147813022
G84	G81	0.0051824087277054
G53	G14	0.0051823686808347
G38	G96	0.0051823551766574
G65	G40	0.0051820734515786
G3	G88	0.0051820003427565
G31	G58	0.0051819155924022
G68	G11	0.0051818927749991
G87	G25	0.0051818811334669
G54	G66	0.0051818522624671
G91	G14	0.0051817810162901
G48	G52	0.0051817609928548
G77	G28	0.0051815621554851
G84	G70	0.0051815584301948
G53	G77	0.0051815346814692
G29	G81	0.0051814969629049
G29	G88	0.0051814699545502
G67	G13	0.0051814569160342
G91	G70	0.0051814117468893
G25	G40	0.0051814038306474
G13	G88	0.0051813931204378
G36	G76	0.0051813842728734
G61	G12	0.0051813498139381
G52	G43	0.0051812031306326
G91	G88	0.0051811356097459
G31	G28	0.0051811090670526
G45	G31	0.0051811058074235
G83	G91	0.0051811011508107
G96	G11	0.0051810373552143
G94	G91	0.0051810261793434
G35	G73	0.0051810056902468
G39	G31	0.0051809973083436
G29	G78	0.0051809069700539
G16	G25	0.0051808608695864
G76	G60	0.0051807523705065
G50	G97	0.0051807248964905
G74	G63	0.0051806825213134
G6	G45	0.0051806764677166
G100	G43	0.005180652718991
G3	G26	0.0051803989335894
G72	G19	0.0051803551614284
G65	G97	0.0051803286187349995
G4	G62	0.0051803262904286
G44	G33	0.0051803239621222
G7	G30	0.0051802736707031
G1	G2	0.0051802671514451
G47	G46	0.0051802522502839
G56	G79	0.0051802382804453
G8	G14	0.0051802243106067
G67	G51	0.0051801381632685
G57	G85	0.0051801046356558
G73	G66	0.0051800692453979995
G88	G58	0.0051799905486404
G35	G11	0.0051799770444631
G1	G4	0.0051798531785607
G4	G33	0.005179769359529
G79	G54	0.0051796701736748
G56	G69	0.005179667379707
G78	G62	0.0051796603947877
G26	G76	0.0051795039325952
G2	G91	0.0051794731989502
G5	G80	0.0051793628372251
G84	G69	0.0051793195307254
G78	G76	0.00517931394279
G16	G65	0.0051793120801448
G67	G38	0.0051792878657579
G96	G71	0.0051792813464999
G39	G57	0.0051792580634355
G63	G95	0.0051790890283882
G18	G62	0.0051790089346468
G36	G33	0.0051788887940347
G52	G14	0.0051788873970508
G63	G71	0.0051786927506327
G41	G22	0.0051786382682621
G95	G91	0.0051785404793918
G45	G54	0.0051784589886665
G36	G80	0.0051784184761345
G96	G87	0.0051783751696348
G14	G30	0.0051783611997962
G57	G23	0.0051783230155706
G100	G4	0.0051783090457320005
G26	G81	0.0051782722584903
G19	G15	0.0051782075315713
G51	G42	0.0051781288348138
G50	G71	0.0051779905334115
G10	G51	0.0051776897162199
G78	G100	0.0051776021718978
G17	G33	0.0051775877363979
G11	G33	0.0051775863394141
G77	G54	0.0051775043830275
G55	G38	0.0051774973981082
G74	G55	0.0051773604936897
G37	G52	0.0051773400045931
G74	G73	0.0051773390732705
G62	G54	0.0051773353479802
G48	G94	0.0051771351136267
G8	G66	0.0051771202124655
G65	G38	0.0051770536229014
G71	G74	0.0051769572310149
G66	G27	0.0051769101992249
G47	G96	0.005176865030079999
G88	G40	0.005176821257919
G88	G45	0.005176689941436
G84	G54	0.0051766019314527
G43	G33	0.0051765134558081
G19	G4	0.005176390055567
G18	G28	0.005176299251616
G87	G42	0.005176241043955
G98	G95	0.0051762196235358
G31	G82	0.0051762065850198
G38	G59	0.0051760789938271
G95	G52	0.0051760636270046
G25	G66	0.0051760501228272
G7	G69	0.0051759909838438
G13	G87	0.0051759597845375
G38	G5	0.0051759239286184
G94	G55	0.0051758796907961
G16	G64	0.0051756179891526
G91	G93	0.0051754983142018
G15	G96	0.0051754405722022
G9	G30	0.0051754396408796
G36	G82	0.0051754121668636
G9	G8	0.0051753567531704
G83	G7	0.0051753460429608
G69	G9	0.0051753004081547
G47	G95	0.0051752785220742
G25	G78	0.0051752435974776
G85	G14	0.0051752137951552
G42	G76	0.0051751714199781
G62	G36	0.0051748743280768
G49	G100	0.0051748463883996
G94	G66	0.0051747788675129
G43	G71	0.0051747495308518
G88	G25	0.0051747011020779
G16	G39	0.0051746629178524
G38	G60	0.0051745898090302
G81	G63	0.0051745739765465
G93	G4	0.005174446851015
G40	G76	0.005174359306693
G66	G45	0.0051742205396294
G95	G14	0.0051741064526140005
G55	G49	0.0051740319468081
G45	G100	0.005174012389034
G59	G71	0.0051738945767283
G77	G18	0.0051737604662775
G54	G20	0.0051737437024712
G73	G19	0.0051735676825046
G93	G14	0.0051735518500208
G90	G6	0.0051733511500059995
G99	G19	0.0051731541752815
G66	G100	0.0051731034182012
G66	G69	0.0051730768755078
G50	G57	0.005172960460186
G40	G67	0.0051729562692344
G68	G52	0.0051729483529925
G58	G62	0.0051727406680583
G39	G24	0.0051727374084293
G38	G56	0.0051726647652685
G22	G49	0.0051726480014622
G84	G96	0.005172545555979
G73	G28	0.0051724421791732
G56	G7	0.0051724198274314
G70	G14	0.0051723099313676
G49	G24	0.0051721977069973
G3	G78	0.0051720645278692
G8	G100	0.0051718857139348
G17	G81	0.0051717390306293
G100	G76	0.0051717343740165
G11	G56	0.0051716426387429
G89	G59	0.0051714568398892
G5	G9	0.00517143541947
G55	G28	0.0051713357679545
G86	G42	0.0051713082939386
G67	G52	0.0051712682470679
G38	G52	0.0051712677814066
G95	G69	0.005171213299035999
G75	G7	0.0051710088737308
G12	G38	0.0051709678955376
G1	G27	0.0051708724349737
G47	G74	0.0051707462407648
G10	G66	0.0051706307567656
G73	G52	0.0051706004887819
G98	G21	0.0051705576479434
G70	G8	0.0051704649813473
G81	G12	0.0051702321507036
G9	G6	0.0051701599732041
G37	G78	0.005170083604753001
G19	G82	0.0051700663752853
G39	G58	0.0051699625328183
G42	G19	0.0051699085161089
G65	G24	0.0051698191091418
G50	G43	0.0051698163151741
G63	G29	0.0051697082817554
G97	G39	0.0051697045564651
G23	G60	0.0051696198061108
G46	G40	0.005169590935111
G31	G24	0.0051695224829018
G69	G14	0.005169412586838001
G18	G57	0.0051694000139832
G98	G26	0.0051692347042262
G67	G70	0.0051692049019038
G20	G78	0.0051691425032913
G97	G92	0.0051690549589693
G74	G62	0.0051690181717276
G77	G87	0.0051689459942281
G100	G33	0.0051688407547771
G12	G94	0.0051687904633581
G20	G28	0.0051687764935195
G23	G33	0.0051686475053429
G62	G100	0.0051686437800526
G12	G28	0.0051684314385056
G38	G4	0.0051681054756045
G15	G63	0.0051678167656064
G10	G73	0.0051678046584129
G45	G12	0.0051677422598004
G54	G61	0.0051675145514309
G39	G94	0.0051673999987542
G45	G91	0.0051673604175448
G63	G58	0.0051672831177711
G26	G20	0.0051671727560459995
G15	G17	0.0051671066321432
G53	G13	0.0051669967360794
G44	G36	0.0051669045351445
G25	G54	0.005166835617274
G25	G82	0.0051666456274688
G28	G45	0.0051666214130818
G61	G43	0.0051664132624864
G31	G20	0.0051663601770997
G53	G91	0.0051663038320839
G62	G30	0.0051660421304404
G66	G4	0.0051658046431839
G36	G8	0.0051656933501362
G56	G9	0.0051656924188137
G3	G14	0.0051655932329595
G14	G69	0.0051655615679919
G71	G65	0.0051652491092681
G7	G38	0.0051652435213327
G9	G76	0.0051652011461555
G47	G9	0.0051651955582201
G89	G77	0.0051651815883815
G92	G97	0.0051650758832693
G21	G78	0.0051649953238666
G78	G9	0.0051649832166731
G4	G54	0.0051648705266416
G44	G4	0.0051648425869643
G44	G58	0.0051647727377712
G43	G42	0.0051646889187395
G75	G52	0.0051646162755787
G100	G6	0.0051643317565321
G98	G4	0.0051642069593071
G43	G19	0.0051641725003719
G96	G4	0.0051640658639371
G76	G70	0.0051640276797115
G21	G12	0.0051639624871313
G91	G40	0.0051639005541801
G94	G28	0.005163824185729
G95	G9	0.0051638046279549
G65	G25	0.0051637818105518
G60	G69	0.0051637412980198
G25	G65	0.0051637380383908
G92	G4	0.0051637357100844
G47	G91	0.0051634651608765
G1	G45	0.0051634390838444
G7	G66	0.0051633864641189
G48	G98	0.0051633119583129
G5	G28	0.0051632639952003
G93	G77	0.0051631829701364
G52	G54	0.0051630651578307
G23	G13	0.0051630469970405
G44	G51	0.0051630176603794
G84	G47	0.0051629273220896
G37	G5	0.0051628961227834
G82	G62	0.0051626013591885
G61	G52	0.0051625641062855
G68	G24	0.0051624318584799
G89	G30	0.0051623964682221
G31	G9	0.0051622195169329
G49	G60	0.0051621524617075
G36	G17	0.0051621138118207
G42	G36	0.0051619685254991
G92	G28	0.005161867942660999
G21	G45	0.0051616681739687
G39	G74	0.0051616546697914
G18	G30	0.0051615992560982
G20	G49	0.0051615769043564
G15	G8	0.0051614893600344
G76	G19	0.0051614725962281
G39	G91	0.0051614418625831
G86	G71	0.0051611419767141
G29	G2	0.0051610162481665
G5	G23	0.0051609724760055
G47	G38	0.0051608853973448
G22	G6	0.0051608732901513
G17	G100	0.0051607796922326
G39	G9	0.005160691216588
G22	G63	0.0051605906337499
G59	G27	0.0051605543121695
G81	G42	0.0051603326573967
G63	G54	0.0051602609455585
G87	G51	0.0051600518636405
G39	G4	0.0051599196158349
G13	G15	0.005159851629287
G10	G12	0.0051598004065454
G92	G99	0.0051597235724329
G5	G71	0.0051597151905298
G86	G76	0.0051595950499176
G67	G24	0.0051595699042081
G88	G71	0.0051594930700957
G25	G45	0.0051594022661447
G46	G75	0.0051593719981609994
G96	G45	0.0051592281088232
G82	G33	0.0051590125076472
G13	G28	0.0051590115763247
G40	G45	0.0051588867790997
G63	G19	0.0051587810739874
G53	G12	0.0051587293855845
G35	G12	0.0051586269401013
G96	G79	0.0051585780456662
G88	G18	0.0051584644243121
G62	G38	0.0051583591848611
G78	G63	0.005158313550055
G26	G100	0.0051582898013293
G46	G9	0.0051581095904111
G13	G58	0.005157995969057
G13	G45	0.0051579759456217
G32	G4	0.0051579256542027
G60	G73	0.0051578870043158
G73	G25	0.0051578213460743
G22	G19	0.0051577691920101
G63	G38	0.0051576658152043
G42	G43	0.005157371982932
G59	G15	0.0051573198288679
G40	G14	0.0051573021337389
G26	G36	0.005157234147191
G95	G38	0.0051572280935943
G13	G30	0.0051571312360465
G10	G22	0.0051569161005318
G37	G49	0.0051566576585173
G1	G82	0.0051566450856626
G91	G58	0.0051566287875175
G38	G9	0.0051566082984209
G46	G14	0.0051565766334533
G6	G4	0.0051563838496804
G75	G28	0.0051563712768256
G40	G91	0.0051561691798269
G38	G100	0.0051561612635849996
G50	G73	0.0051559708081185
G46	G78	0.0051558972336351
G87	G97	0.0051557342521846
G11	G49	0.0051557100377976
G61	G67	0.0051556141115725
G61	G4	0.0051555754616856
G54	G9	0.0051555032841861
G17	G38	0.0051551857031881
G61	G100	0.0051551642827689
G68	G40	0.0051551340147852
G69	G36	0.0051550911739468
G4	G28	0.0051549021154642
G44	G97	0.0051547931507229
G26	G73	0.0051547256298363
G96	G44	0.0051546520553529
G25	G30	0.0051546208560466
G7	G52	0.0051545370370149
G77	G82	0.0051545081660151
G31	G78	0.0051544955931603
G14	G78	0.0051544737070798
G60	G100	0.0051539195701479
G28	G30	0.0051537919789552
G26	G7	0.0051535991951823
G71	G66	0.0051533565856516
G59	G69	0.0051533044315874
G52	G79	0.0051530841737985
G57	G40	0.0051529249176383
G12	G62	0.0051527703180909
G12	G27	0.0051525174640119
G91	G30	0.0051523838192224
G37	G74	0.0051523284055292
G3	G96	0.0051522995345294
G17	G4	0.0051522692665457
G50	G52	0.0051521258428692
G3	G28	0.0051518916152417
G74	G19	0.005151773802936
G7	G70	0.0051516792736947
G74	G71	0.0051516285166144
G2	G15	0.0051515698432922
G98	G71	0.0051515507511794
G61	G54	0.0051513165235519
G71	G36	0.0051512410864233
G9	G82	0.0051511721685528
G76	G49	0.0051508485339581
G20	G73	0.0051507861353456
G83	G89	0.0051505882292985
G91	G62	0.0051503209397196
G31	G12	0.0051502236165106
G91	G9	0.0051502208225429
G76	G28	0.0051499605178833
G23	G62	0.0051496159285306
G76	G95	0.0051495637744665
G13	G43	0.0051494319923222
G88	G9	0.0051493686623871
G74	G17	0.0051492564380168
G6	G14	0.0051492135971784
G97	G47	0.0051491539925336
G46	G8	0.0051490608602762
G10	G69	0.0051488108001649
G92	G84	0.0051487865857779
G78	G91	0.0051487684249877
G87	G19	0.0051487227901816
G7	G14	0.0051485607400536
G45	G40	0.0051483637653291
G45	G94	0.0051482613198459
G23	G14	0.0051481034606695
G98	G48	0.0051480163820087
G73	G42	0.0051479917019605
G60	G14	0.0051477565430104
G9	G78	0.0051477253437042
G81	G49	0.0051472042687237
G69	G67	0.0051469984464347
G87	G12	0.0051469658501446
G73	G4	0.0051468177698552
G50	G59	0.0051467041485011
G3	G62	0.0051466501317918
G52	G49	0.0051465835422277
G25	G24	0.0051465160213409996
G31	G14	0.0051465146243572
G82	G36	0.0051461607217788
G63	G9	0.0051456480287015
G98	G76	0.0051456219516694
G17	G30	0.0051454361528158
G92	G29	0.0051449807360768
G16	G38	0.005144472233951001
G68	G100	0.005144465714692999
G20	G24	0.0051443898119032
G2	G24	0.0051443544216454
G13	G67	0.0051441839896142
G25	G56	0.0051434859633445
G5	G38	0.005143339280039
G76	G58	0.0051430654712021
G22	G28	0.0051430128514766
G100	G67	0.0051424568518996
G7	G67	0.0051423101685941
G44	G40	0.0051421322859823
G15	G100	0.0051421076059341
G100	G14	0.0051418920047581
G87	G73	0.0051412847824394
G29	G100	0.0051411008462309
G20	G9	0.0051406971178948
G81	G71	0.005140277557074999
G74	G14	0.0051402696408331
G45	G7	0.0051400735974311
G14	G49	0.0051399646326899
G8	G9	0.0051398733630776
G49	G19	0.0051391352899372
G52	G76	0.0051390002481639
G32	G100	0.0051384009420871
G45	G88	0.0051381550729274
G88	G19	0.0051380898803472
G54	G38	0.0051365308463573
G62	G56	0.0051363380625844
G87	G54	0.0051358104683458
G81	G4	0.0051357983611524
G62	G78	0.0051357569172978
G65	G14	0.0051355073228478
G4	G91	0.0051351888105273
G4	G14	0.005135138053447
G91	G49	0.0051343338564038
G5	G52	0.0051338518969714
G97	G55	0.0051338262856006
G62	G4	0.0051338202320039
G98	G33	0.0051336865872144
G67	G91	0.0051336861215531
G65	G9	0.0051336041651666
G44	G52	0.0051334085874259
G62	G67	0.0051333699375391
G37	G73	0.0051330514252185
G19	G52	0.0051326546818017
G36	G100	0.0051325494423508
G10	G4	0.0051324870437383
G42	G38	0.0051319366320967
G19	G38	0.0051319305784999995
G80	G45	0.0051314225420355
G55	G100	0.0051312944851815
G4	G6	0.0051312120631337
G39	G100	0.0051311305724084
G7	G28	0.0051305405795574
G68	G38	0.0051303547807037
G2	G22	0.0051300060003995
G77	G43	0.0051299268379807
G10	G19	0.0051293871365487
G56	G4	0.0051290187984704
G88	G38	0.0051285200752317
G44	G13	0.0051283431239426
G3	G43	0.0051272800192236
G37	G9	0.0051272790879011
G100	G78	0.0051270369440317
G67	G14	0.005126753821968999
G8	G28	0.0051262793131172
G7	G4	0.0051260064356029
G25	G14	0.0051257922314107
G26	G69	0.0051257880404591
G73	G58	0.0051257493905723
G14	G38	0.005125518888234999
G13	G40	0.0051254448480904
G84	G92	0.0051254159770905
G26	G4	0.0051253037527203
G4	G52	0.0051251696422696
G97	G4	0.0051249335519969
G19	G62	0.0051247207447886
G88	G28	0.0051246820949018
G87	G28	0.0051244259811937
G17	G52	0.0051238099113106
G6	G38	0.0051236879080533
G97	G38	0.0051230993121862
G57	G100	0.0051229181699454
G2	G98	0.0051227691583335
G65	G71	0.0051218466833233
G57	G38	0.0051218313165009
G82	G67	0.0051216445863246
G15	G4	0.0051211263053119
G69	G5	0.005121081136167
G65	G77	0.0051209880039095
G49	G4	0.0051208152435719
G12	G9	0.0051206503994762
G4	G71	0.0051203430630266
G25	G73	0.0051198662258684
G59	G78	0.0051183858886361
G76	G4	0.0051183090545237
G28	G38	0.005118063185364
G57	G78	0.0051180329173803
G14	G4	0.0051171826198697
G97	G45	0.0051164817996323
G42	G73	0.0051162783056497
G20	G4	0.0051156124100089
G4	G38	0.0051152952946722
G43	G100	0.005113813560455999
G97	G9	0.0051137534901499
G76	G66	0.0051134559325873
G87	G9	0.0051125464960932
G7	G36	0.0051125334575772
G1	G100	0.0051124477759003
G7	G12	0.0051124398596584
G19	G49	0.0051121907308697
G38	G49	0.0051120235584676
G93	G78	0.005112012848257999
G8	G38	0.0051114847883582
G13	G52	0.005111354868859001
G13	G4	0.0051098433323204
G93	G28	0.0051076551899313
G60	G28	0.0051054037176072
G87	G38	0.0051045506261289
G82	G78	0.0051039815880358
G75	G4	0.0051030735485255
G14	G9	0.0051030097529292
G98	G2	0.0051012719050049
G9	G60	0.0051008486188948
G52	G38	0.0050999042578041
G15	G54	0.0050990786403417
G23	G59	0.0050973398610949
G67	G4	0.0050973217003047
G95	G4	0.0050968592986464
G43	G28	0.0050965477712452
G72	G7	0.0050955642946064
G92	G32	0.005094600841403
G92	G78	0.0050893542356789
G30	G9	0.0050888946279883
G70	G7	0.005088010802865
G79	G52	0.0050877765752375
G92	G94	0.0050874850712716
G49	G28	0.0050863707438111
G12	G8	0.0050856205634772
G77	G65	0.0050823767669498
G9	G100	0.0050771264359354
G5	G69	0.0050766156055033
G82	G9	0.0050728223286569
G14	G52	0.0050715655088424
G100	G28	0.0050675673410296
G100	G38	0.0050647053867578
G8	G12	0.0050475364550948
