Gene1	Gene2	EdgeWeight
G28	G80	0.9918749928474426
G47	G44	0.9917198419570924
G8	G12	0.9906103014945984
G80	G28	0.984666645526886
G32	G85	0.9824503660202026
G73	G65	0.9785714149475098
G73	G61	0.9775132536888124
G73	G12	0.9772486686706544
G34	G76	0.9762162566184998
G73	G76	0.976190447807312
G73	G93	0.9756613373756408
G24	G82	0.97554349899292
G34	G48	0.9754053950309752
G73	G56	0.9753968715667723
G24	G37	0.9749999642372132
G73	G14	0.9748677015304564
G59	G5	0.9748446941375732
G25	G6	0.9747312068939208
G73	G100	0.974603235721588
G32	G28	0.9745032787322998
G34	G12	0.9740540981292723
G80	G37	0.9739999175071716
G73	G88	0.973809540271759
G4	G18	0.9736559391021729
G73	G58	0.9735449552536012
G73	G41	0.973280429840088
G32	G51	0.9731788039207458
G73	G82	0.9730159044265748
G80	G59	0.9729999899864196
G80	G55	0.9729999899864196
G34	G5	0.9729729890823364
G17	G78	0.9728758335113524
G34	G43	0.97270268201828
G24	G39	0.972554326057434
G17	G84	0.9725490212440492
G32	G84	0.9725165963172911
G73	G68	0.9724867939949036
G80	G17	0.9723333716392516
G4	G50	0.9723118543624878
G17	G81	0.9722222089767456
G73	G43	0.9722222089767456
G73	G4	0.9722222089767456
G73	G70	0.9719576835632324
G32	G60	0.971854329109192
G24	G83	0.9717390537261964
G25	G58	0.971505343914032
G30	G84	0.9714743494987488
G24	G12	0.97146737575531
G65	G33	0.9712902307510376
G25	G96	0.971236526966095
G24	G45	0.971195638179779
G32	G76	0.9711921215057372
G32	G38	0.9711920022964478
G73	G51	0.971164047718048
G80	G15	0.9709999561309814
G25	G86	0.9709677696228028
G25	G48	0.9709677696228028
G17	G79	0.9709150791168212
G17	G11	0.9709150791168212
G73	G35	0.97089946269989
G73	G24	0.97089946269989
G73	G62	0.97089946269989
G32	G8	0.9708609580993652
G32	G94	0.9708609580993652
G32	G78	0.9708609580993652
G32	G30	0.9708608388900756
G73	G42	0.9706348776817322
G73	G84	0.9706348776817322
G17	G89	0.9705882072448729
G4	G33	0.9704301357269288
G25	G82	0.9704301357269288
G4	G87	0.9704301357269288
G73	G47	0.9703703522682191
G34	G68	0.9702702760696412
G40	G31	0.970198690891266
G4	G99	0.9701613783836364
G25	G38	0.9701612591743468
G4	G54	0.9701612591743468
G24	G31	0.970108687877655
G73	G38	0.9701058268547058
G73	G33	0.9701058268547058
G73	G95	0.9701058268547058
G80	G7	0.9700000286102296
G4	G74	0.9698925018310548
G32	G90	0.9698675274848938
G40	G4	0.9698675274848938
G73	G10	0.9698413014411926
G73	G9	0.9698413014411926
G73	G17	0.9698413014411926
G80	G44	0.9696666598320008
G25	G93	0.9696236848831176
G25	G21	0.9696236252784728
G73	G13	0.9695767164230348
G24	G46	0.9695652723312378
G32	G7	0.9695364832878112
G32	G97	0.9695363640785216
G80	G18	0.9693334102630616
G73	G18	0.9693121314048768
G24	G51	0.9692934155464172
G24	G58	0.9692934155464172
G32	G89	0.9692053198814392
G34	G13	0.96918922662735
G25	G92	0.9690860509872437
G4	G40	0.9690860509872437
G73	G74	0.9690476655960084
G73	G44	0.9690476655960084
G24	G60	0.9690217375755309
G24	G20	0.9690216779708862
G80	G24	0.9689999222755432
G32	G24	0.968874216079712
G60	G50	0.968874216079712
G25	G53	0.968817174434662
G73	G1	0.9687830209732056
G73	G2	0.9687830209732056
G73	G86	0.9687830209732056
G24	G54	0.96875
G24	G66	0.96875
G80	G13	0.9686666131019592
G34	G66	0.9686486124992372
G34	G36	0.9686486124992372
G25	G19	0.9685484170913696
G4	G43	0.9685484170913696
G4	G70	0.9685483574867249
G25	G2	0.9685483574867249
G32	G49	0.9685430526733398
G32	G5	0.9685430526733398
G32	G27	0.9685430526733398
G73	G46	0.9685185551643372
G73	G63	0.9685185551643372
G34	G46	0.9683784246444702
G34	G65	0.9683783650398254
G34	G86	0.9683783650398254
G34	G53	0.9683783650398254
G80	G40	0.9683333039283752
G40	G1	0.9682118892669678
G24	G69	0.9682065844535828
G24	G43	0.9682064652442932
G47	G13	0.96815288066864
G25	G70	0.9680107831954956
G80	G19	0.9679999947547911
G80	G77	0.9679999947547911
G80	G67	0.9679999947547911
G73	G72	0.9679893851280212
G73	G71	0.9679893851280212
G73	G67	0.9679893851280212
G73	G25	0.9679893851280212
G24	G100	0.967934787273407
G24	G5	0.9679347276687622
G24	G47	0.9679347276687622
G32	G70	0.9678807258605956
G34	G80	0.9678378701210022
G34	G74	0.9678378701210022
G25	G51	0.9677419066429138
G4	G24	0.9677419066429138
G25	G73	0.9677419066429138
G4	G73	0.9677419066429138
G73	G91	0.9677249193191528
G73	G28	0.9677249193191528
G73	G81	0.967724859714508
G24	G40	0.967663049697876
G34	G44	0.9675675630569458
G32	G74	0.9675496816635132
G32	G19	0.9675496816635132
G32	G68	0.9675496816635132
G32	G96	0.9675496220588684
G42	G88	0.9675393104553224
G25	G79	0.9674730896949768
G25	G37	0.9674730896949768
G25	G17	0.9674730896949768
G73	G37	0.9674603343009948
G73	G48	0.9674603343009948
G73	G77	0.9674603343009948
G73	G89	0.96746027469635
G73	G97	0.96746027469635
G73	G16	0.96746027469635
G80	G87	0.9673333764076232
G17	G75	0.9673202633857728
G34	G42	0.9672972559928894
G40	G53	0.967218577861786
G40	G75	0.967218577861786
G4	G85	0.9672043323516846
G4	G98	0.9672043323516846
G4	G68	0.9672042727470398
G4	G6	0.9672042727470398
G25	G52	0.9672042727470398
G25	G59	0.9672042727470398
G73	G66	0.9671958088874816
G73	G69	0.9671958088874816
G73	G55	0.9671958088874816
G73	G99	0.967195689678192
G24	G94	0.9671195745468141
G63	G82	0.9670984745025636
G34	G17	0.9670270085334778
G25	G90	0.9669354557991028
G73	G29	0.9669312238693236
G73	G78	0.9669312238693236
G40	G34	0.9668874144554138
G40	G88	0.9668874144554138
G32	G42	0.9668874144554138
G40	G8	0.9668874144554138
G24	G8	0.9668477773666382
G24	G15	0.9668477773666382
G24	G88	0.9668477773666382
G75	G55	0.9667742252349854
G34	G81	0.9667567610740662
G80	G74	0.9666666388511658
G73	G3	0.9666666388511658
G73	G45	0.9666666388511658
G73	G31	0.9666666388511658
G25	G88	0.966666579246521
G24	G77	0.9665760993957521
G24	G29	0.9665760993957521
G32	G20	0.9665562510490416
G32	G92	0.9665562510490416
G32	G41	0.9665562510490416
G40	G51	0.9665562510490416
G40	G17	0.9665562510490416
G34	G88	0.9664865136146544
G34	G16	0.9664865136146544
G34	G95	0.966486394405365
G54	G53	0.9664473533630372
G73	G75	0.9664021730422974
G73	G53	0.9664021730422974
G73	G94	0.9664021134376526
G73	G50	0.9664021134376526
G4	G100	0.9663979411125184
G25	G57	0.9663978219032288
G25	G40	0.9663978219032288
G25	G10	0.9663978219032288
G25	G75	0.9663978219032288
G80	G25	0.9663333296775818
G80	G70	0.9663333296775818
G80	G1	0.9663333296775818
G80	G22	0.9663333296775818
G24	G11	0.966304361820221
G24	G64	0.966304361820221
G24	G63	0.966304361820221
G24	G42	0.9663043022155762
G53	G85	0.9662252068519592
G32	G87	0.9662252068519592
G34	G77	0.966216206550598
G34	G89	0.966216206550598
G34	G98	0.966216206550598
G25	G26	0.9661290049552916
G4	G51	0.9661290049552916
G80	G12	0.9660000801086426
G80	G98	0.965999960899353
G80	G69	0.965999960899353
G80	G45	0.965999960899353
G34	G27	0.9659460186958312
G32	G57	0.965894103050232
G40	G71	0.9658939838409424
G73	G36	0.9658730030059814
G73	G96	0.9658730030059814
G73	G5	0.9658729434013368
G25	G61	0.9658602476119996
G25	G55	0.9658602476119996
G4	G83	0.9658601880073548
G4	G32	0.9658601880073548
G54	G21	0.9657894968986512
G42	G78	0.9657067656517028
G17	G19	0.9656862616539
G34	G25	0.9656757116317748
G34	G19	0.9656757116317748
G80	G91	0.9656667113304138
G80	G65	0.9656667113304138
G73	G11	0.9656084775924684
G4	G22	0.9655914306640624
G25	G8	0.9655914306640624
G4	G42	0.9655914306640624
G4	G21	0.9655914306640624
G40	G97	0.96556293964386
G24	G18	0.9654892086982728
G42	G21	0.9654451012611388
G42	G89	0.9654449820518494
G34	G20	0.9654054641723632
G34	G96	0.9654054641723632
G34	G2	0.9654053449630736
G17	G9	0.9653594493865968
G73	G8	0.9653439521789552
G73	G6	0.9653439521789552
G73	G22	0.9653438925743104
G73	G21	0.9653438925743104
G73	G90	0.9653438925743104
G80	G6	0.9653333425521852
G80	G73	0.9653333425521852
G4	G26	0.9653226137161256
G25	G24	0.9653226137161256
G32	G53	0.9652317762374878
G53	G32	0.9652317762374878
G32	G79	0.9652317762374878
G40	G86	0.9652317762374878
G40	G36	0.9652317762374878
G32	G22	0.9652317762374878
G32	G81	0.9652317762374878
G32	G40	0.9652317762374878
G24	G33	0.9652174115180968
G24	G74	0.9652174115180968
G24	G98	0.9652174115180968
G24	G53	0.9652174115180968
G34	G15	0.9651351571083068
G34	G6	0.9651351571083068
G73	G98	0.9650793075561525
G4	G92	0.9650537371635436
G25	G89	0.9650537371635436
G80	G62	0.9649999737739564
G80	G60	0.9649999737739564
G80	G42	0.9649999737739564
G80	G100	0.9649999737739564
G24	G35	0.964945673942566
G24	G76	0.964945673942566
G24	G84	0.964945673942566
G24	G85	0.964945673942566
G24	G41	0.964945673942566
G24	G62	0.964945673942566
G24	G79	0.964945673942566
G24	G26	0.9649456143379213
G32	G18	0.9649007320404052
G40	G76	0.9649007320404052
G34	G32	0.9648648500442504
G34	G64	0.9648648500442504
G34	G56	0.9648648500442504
G73	G19	0.964814841747284
G73	G40	0.964814841747284
G4	G63	0.9647849202156068
G25	G63	0.9647849202156068
G25	G97	0.9647849202156068
G17	G21	0.9647058248519896
G24	G48	0.9646739363670348
G24	G30	0.9646739363670348
G80	G39	0.9646666646003724
G80	G92	0.9646666646003724
G80	G83	0.9646666646003724
G80	G23	0.9646666646003724
G80	G54	0.9646665453910828
G34	G71	0.9645946621894836
G34	G58	0.9645946025848388
G32	G77	0.9645695686340332
G32	G75	0.9645695090293884
G32	G31	0.9645695090293884
G32	G61	0.9645695090293884
G32	G14	0.9645695090293884
G73	G27	0.964550256729126
G25	G5	0.9645161628723145
G4	G76	0.9645161032676696
G25	G18	0.9645161032676696
G25	G87	0.9645161032676696
G25	G3	0.9645161032676696
G24	G70	0.9644021391868592
G42	G70	0.96439790725708
G17	G31	0.9643791317939758
G17	G33	0.9643791317939758
G80	G51	0.9643334150314332
G47	G85	0.9643312692642212
G34	G70	0.9643243551254272
G34	G84	0.9643242955207824
G34	G41	0.9643242955207824
G73	G15	0.9642857313156128
G4	G65	0.9642473459243774
G4	G78	0.9642472863197328
G4	G86	0.9642472863197328
G40	G23	0.964238464832306
G40	G29	0.964238464832306
G42	G33	0.9641361832618712
G42	G35	0.9641360640525818
G24	G71	0.964130401611328
G34	G73	0.9640541076660156
G34	G94	0.9640541076660156
G34	G78	0.9640541076660156
G34	G38	0.964053988456726
G73	G39	0.9640211462974548
G80	G58	0.9640000462532043
G25	G47	0.9639785289764404
G4	G46	0.9639785289764404
G40	G43	0.9639073014259338
G32	G36	0.9639073014259338
G40	G22	0.9639073014259338
G40	G58	0.9639073014259338
G42	G62	0.9638743996620178
G42	G57	0.9638743996620178
G42	G72	0.9638742804527284
G24	G87	0.963858723640442
G24	G1	0.963858723640442
G54	G32	0.9638158082962036
G34	G14	0.9637837409973145
G73	G60	0.9637566804885864
G17	G41	0.9637255668640136
G17	G27	0.963725447654724
G4	G13	0.9637096524238586
G4	G56	0.9637096524238586
G25	G78	0.9637096524238586
G4	G11	0.9637096524238586
G47	G96	0.9636942744255066
G80	G33	0.9636666774749756
G80	G78	0.9636666774749756
G80	G95	0.9636666774749756
G80	G82	0.9636666774749756
G80	G5	0.9636665582656859
G24	G10	0.9635869860649108
G40	G99	0.9635761380195618
G40	G69	0.9635761380195618
G40	G33	0.9635761380195618
G34	G9	0.9635134935379028
G34	G21	0.9635134935379028
G34	G97	0.9635134935379028
G73	G87	0.9634920954704284
G50	G85	0.9634868502616882
G25	G30	0.9634409546852112
G4	G39	0.9634409546852112
G4	G47	0.9634408354759216
G42	G50	0.9633507728576659
G80	G34	0.9633333086967468
G80	G46	0.9633333086967468
G80	G99	0.9633333086967468
G24	G50	0.9633151888847352
G24	G17	0.9633151888847352
G24	G55	0.9633151888847352
G32	G33	0.9632450938224792
G40	G100	0.9632450938224792
G32	G34	0.9632450342178344
G32	G52	0.9632450342178344
G34	G22	0.963243305683136
G34	G26	0.9632432460784912
G34	G1	0.9632432460784912
G34	G29	0.9632432460784912
G34	G52	0.9632432460784912
G34	G99	0.9632431268692015
G73	G54	0.9632275104522704
G25	G56	0.9631720781326294
G25	G60	0.9631720185279846
G4	G64	0.9631720185279846
G25	G81	0.9631720185279846
G50	G31	0.9631579518318176
G54	G7	0.9631579518318176
G42	G10	0.9630889892578124
G17	G8	0.9630719423294068
G17	G51	0.9630719423294068
G17	G63	0.9630718231201172
G24	G34	0.963043451309204
G24	G95	0.963043451309204
G24	G93	0.963043451309204
G80	G93	0.9629999995231628
G80	G63	0.9629999995231628
G80	G94	0.9629999995231628
G80	G66	0.9629999995231628
G80	G53	0.9629999995231628
G73	G23	0.962963044643402
G73	G83	0.9629629850387572
G73	G49	0.9629629850387572
G73	G57	0.9629629850387572
G32	G82	0.9629139900207521
G32	G39	0.9629139900207521
G53	G93	0.9629139900207521
G40	G62	0.9629139900207521
G32	G59	0.9629138708114624
G53	G14	0.9629138708114624
G4	G31	0.9629032611846924
G25	G22	0.9629032611846924
G25	G49	0.9629032015800476
G4	G2	0.9629032015800476
G25	G62	0.9629032015800476
G42	G16	0.9628272056579591
G24	G92	0.962771773338318
G34	G63	0.962702751159668
G34	G60	0.9627026319503784
G34	G10	0.9627026319503784
G34	G51	0.9627026319503784
G73	G80	0.9626984000205994
G73	G64	0.9626984000205994
G8	G35	0.9626760482788086
G4	G45	0.9626343250274658
G32	G62	0.96258282661438
G40	G2	0.96258282661438
G40	G5	0.96258282661438
G53	G50	0.96258282661438
G42	G1	0.9625654816627502
G42	G3	0.9625654816627502
G42	G73	0.9625654816627502
G24	G4	0.9625000357627868
G24	G25	0.9625000357627868
G24	G90	0.962499976158142
G73	G32	0.962433934211731
G73	G85	0.9624338150024414
G34	G93	0.9624324440956116
G17	G38	0.9624183177947998
G17	G80	0.9624183177947998
G25	G100	0.9623655676841736
G4	G96	0.9623655676841736
G4	G3	0.9623655676841736
G25	G15	0.9623655676841736
G80	G84	0.9623333811759948
G80	G41	0.9623332619667052
G32	G44	0.9622516632080078
G32	G99	0.9622516632080078
G40	G48	0.9622516036033629
G24	G36	0.962228298187256
G73	G20	0.962169349193573
G34	G100	0.9621621370315552
G25	G99	0.9620968103408812
G4	G10	0.9620967507362366
G25	G13	0.9620967507362366
G4	G97	0.9620967507362366
G4	G93	0.9620967507362366
G25	G45	0.9620967507362366
G17	G97	0.9620915055274964
G17	G62	0.9620915055274964
G42	G100	0.9620419144630432
G24	G89	0.96195650100708
G32	G23	0.9619205594062804
G40	G46	0.9619205594062804
G40	G39	0.9619205594062804
G53	G82	0.9619205594062804
G32	G64	0.9619205594062804
G40	G24	0.9619205594062804
G73	G79	0.961904764175415
G34	G28	0.9618918895721436
G34	G31	0.9618918895721436
G54	G50	0.9618420600891112
G54	G94	0.9618420600891112
G4	G29	0.9618279933929444
G47	G84	0.9617834687232972
G42	G85	0.9617801904678344
G42	G76	0.9617800712585448
G17	G4	0.9617647528648376
G17	G14	0.9617646932601928
G24	G2	0.9616848230361938
G24	G21	0.9616848230361938
G24	G19	0.9616847634315492
G80	G26	0.9616666436195374
G80	G85	0.9616666436195374
G80	G72	0.9616665840148926
G34	G50	0.961621642112732
G34	G8	0.961621642112732
G40	G65	0.9615894556045532
G40	G70	0.9615893959999084
G32	G15	0.9615893959999084
G32	G43	0.9615893959999084
G32	G12	0.9615893959999084
G25	G69	0.9615591764450072
G4	G53	0.9615591764450072
G4	G16	0.9615591168403624
G42	G87	0.9615183472633362
G54	G87	0.9615132212638856
G54	G3	0.961513102054596
G54	G5	0.961513102054596
G17	G40	0.9614379405975342
G17	G20	0.9614378213882446
G24	G65	0.961413025856018
G24	G99	0.961413025856018
G34	G3	0.9613513946533204
G34	G82	0.9613513946533204
G34	G55	0.9613512754440308
G34	G33	0.9613512754440308
G80	G3	0.961333394050598
G4	G30	0.9612903594970704
G60	G85	0.961258351802826
G32	G46	0.961258351802826
G40	G91	0.961258351802826
G40	G73	0.961258351802826
G32	G9	0.9612582325935364
G40	G13	0.9612582325935364
G42	G65	0.9612565636634828
G42	G39	0.9612565636634828
G42	G12	0.9612565636634828
G42	G58	0.9612565636634828
G50	G84	0.96118426322937
G59	G69	0.9611801505088806
G24	G22	0.9611412286758424
G73	G52	0.9611111879348756
G34	G4	0.9610810279846193
G34	G40	0.9610810279846193
G4	G89	0.9610214829444884
G4	G19	0.9610214829444884
G4	G49	0.9610214829444884
G25	G50	0.9610214829444884
G25	G83	0.9610214829444884
G4	G59	0.9610214829444884
G32	G98	0.960927188396454
G32	G72	0.960927188396454
G24	G73	0.9608696103096008
G34	G62	0.9608108401298524
G34	G59	0.9608108401298524
G17	G92	0.9607843160629272
G17	G7	0.9607843160629272
G4	G17	0.9607526659965516
G65	G77	0.9606451392173768
G24	G56	0.960597813129425
G24	G68	0.960597813129425
G24	G80	0.960597813129425
G24	G6	0.960597813129425
G32	G35	0.9605960249900818
G32	G91	0.9605960249900818
G32	G50	0.9605960249900818
G34	G23	0.960540533065796
G54	G73	0.9605262875556946
G25	G7	0.9604838490486144
G17	G48	0.9604575037956238
G17	G35	0.9604575037956238
G80	G52	0.9603333473205566
G80	G27	0.9603333473205566
G24	G81	0.9603261351585388
G24	G52	0.9603261351585388
G24	G13	0.960326075553894
G24	G23	0.960326075553894
G24	G97	0.960326075553894
G34	G90	0.9602702260017396
G32	G58	0.9602649211883544
G40	G25	0.9602649211883544
G32	G16	0.9602649211883544
G60	G94	0.9602649211883544
G25	G4	0.9602150917053224
G25	G95	0.9602150321006776
G54	G95	0.9601973295211792
G17	G39	0.9601307511329652
G17	G77	0.9601306915283204
G17	G30	0.9601306915283204
G24	G96	0.9600543975830078
G24	G78	0.9600543379783629
G24	G61	0.9600543379783629
G34	G83	0.9600000381469728
G4	G88	0.9599462747573853
G25	G65	0.9599462747573853
G53	G3	0.9599337577819824
G40	G16	0.9599337577819824
G40	G9	0.9599337577819824
G32	G67	0.9599337577819824
G54	G96	0.9598683714866638
G24	G57	0.9597826600074768
G34	G67	0.9597297310829164
G42	G49	0.9596858620643616
G4	G36	0.9596773982048036
G25	G98	0.9596773982048036
G25	G14	0.9596773982048036
G4	G95	0.9596773982048036
G4	G7	0.9596773982048036
G25	G77	0.9596773982048036
G25	G85	0.9596773982048036
G4	G71	0.9596773982048036
G80	G64	0.959666669368744
G80	G96	0.959666669368744
G80	G8	0.959666669368744
G53	G76	0.9596027135849
G32	G29	0.9596027135849
G32	G48	0.9596027135849
G53	G88	0.9596025943756104
G53	G54	0.9596025943756104
G40	G81	0.9596025943756104
G32	G26	0.9596025943756104
G32	G100	0.9596025943756104
G63	G88	0.9595854878425598
G17	G69	0.9594771265983582
G17	G53	0.9594771265983582
G34	G79	0.9594594836235046
G42	G38	0.959424078464508
G42	G43	0.959424078464508
G4	G27	0.9594085812568665
G4	G81	0.9594085812568665
G25	G35	0.9594085812568665
G80	G97	0.9593333005905152
G40	G57	0.9592715501785278
G53	G78	0.9592715501785278
G32	G66	0.9592715501785278
G40	G10	0.9592714905738832
G73	G34	0.959259271621704
G73	G26	0.9592592120170592
G24	G59	0.95923912525177
G24	G44	0.95923912525177
G24	G9	0.95923912525177
G34	G7	0.9591891765594482
G34	G49	0.9591891765594482
G42	G47	0.9591623544692992
G42	G24	0.9591622948646544
G42	G2	0.9591622948646544
G17	G46	0.9591503143310548
G17	G91	0.9591503143310548
G25	G91	0.9591398239135742
G25	G31	0.9591397643089294
G80	G32	0.9589999318122864
G73	G7	0.958994686603546
G24	G16	0.958967387676239
G60	G43	0.9589404463768004
G32	G71	0.9589404463768004
G32	G95	0.9589404463768004
G40	G77	0.9589404463768004
G32	G10	0.958940327167511
G47	G70	0.958917200565338
G42	G45	0.9589005112648009
G42	G34	0.9589005112648009
G42	G25	0.9589005112648009
G54	G31	0.9588815569877625
G54	G93	0.9588815569877625
G4	G44	0.9588710069656372
G25	G46	0.9588710069656372
G25	G94	0.9588710069656372
G4	G5	0.9588710069656372
G4	G14	0.9588710069656372
G4	G9	0.9588709473609924
G17	G93	0.9588235020637512
G17	G85	0.9588235020637512
G17	G18	0.9588235020637512
G59	G57	0.9586957097053528
G34	G30	0.958648681640625
G34	G72	0.958648681640625
G34	G37	0.958648681640625
G34	G92	0.9586486220359802
G42	G32	0.9586387872695924
G53	G71	0.9586092829704284
G40	G60	0.9586092829704284
G53	G25	0.9586092829704284
G53	G99	0.9586092829704284
G40	G30	0.9586092829704284
G60	G83	0.9586092829704284
G25	G71	0.9586021900177002
G4	G28	0.9586021900177002
G25	G72	0.9586021900177002
G25	G11	0.9586021900177002
G25	G1	0.9586021900177002
G54	G70	0.9585527181625366
G54	G76	0.9585525989532472
G50	G46	0.9585525989532472
G50	G42	0.9585525989532472
G17	G1	0.9584968090057372
G17	G26	0.9584966897964478
G17	G24	0.9584966897964478
G24	G14	0.9584239721298218
G24	G38	0.9584239721298218
G34	G87	0.9583783745765686
G80	G76	0.9583333134651184
G4	G41	0.9583333134651184
G80	G16	0.9583333134651184
G80	G9	0.9583333134651184
G25	G20	0.9583333134651184
G25	G23	0.9583332538604736
G47	G53	0.9582802057266236
G40	G11	0.958278238773346
G32	G93	0.9582781195640564
G32	G65	0.9582781195640564
G40	G84	0.9582781195640564
G40	G19	0.9582781195640564
G40	G56	0.9582781195640564
G54	G85	0.9582237601280212
G54	G8	0.9582237601280212
G54	G99	0.9582236409187316
G54	G92	0.9582236409187316
G17	G37	0.9581699967384338
G17	G13	0.9581698775291444
G17	G43	0.9581698775291444
G24	G75	0.958152174949646
G42	G52	0.9581151604652404
G42	G69	0.9581151604652404
G42	G4	0.9581151604652404
G42	G75	0.9581151604652404
G4	G60	0.9580644965171814
G25	G66	0.9580644965171814
G25	G76	0.9580644965171814
G25	G41	0.9580644965171814
G40	G95	0.957947075366974
G53	G60	0.957947075366974
G40	G93	0.957947075366974
G53	G45	0.9579469561576844
G53	G62	0.9579469561576844
G53	G51	0.9579469561576844
G42	G20	0.9578534960746764
G17	G10	0.9578431844711304
G17	G32	0.9578431844711304
G17	G76	0.9578431844711304
G17	G44	0.9578431844711304
G34	G69	0.9578378200531006
G4	G25	0.9577957391738892
G25	G28	0.9577956795692444
G4	G90	0.9577956795692444
G4	G94	0.9577956795692444
G80	G43	0.9576666355133056
G47	G89	0.9576432704925536
G32	G13	0.9576159119606018
G32	G55	0.9576159119606018
G40	G15	0.957615852355957
G60	G46	0.957615852355957
G40	G27	0.957615852355957
G40	G47	0.957615852355957
G42	G5	0.9575915932655334
G42	G90	0.9575915932655334
G79	G3	0.9575756788253784
G4	G12	0.957526922225952
G4	G79	0.957526922225952
G4	G1	0.957526922225952
G25	G67	0.9575268030166626
G17	G100	0.957516312599182
G17	G60	0.957516312599182
G17	G57	0.957516312599182
G17	G22	0.957516312599182
G17	G88	0.957516312599182
G73	G30	0.9574074745178224
G73	G92	0.9574074149131776
G24	G86	0.9573370218276978
G24	G72	0.9573370218276978
G80	G68	0.9573333859443665
G80	G79	0.9573332667350768
G80	G35	0.9573332667350768
G80	G89	0.9573332667350768
G80	G20	0.9573332667350768
G42	G94	0.9573298692703248
G66	G31	0.95732980966568
G47	G87	0.9573248624801636
G34	G54	0.9572972655296326
G40	G26	0.9572848081588744
G60	G99	0.9572848081588744
G53	G43	0.9572848081588744
G40	G67	0.9572848081588744
G32	G56	0.957284688949585
G25	G29	0.9572581052780152
G25	G44	0.9572581052780152
G4	G15	0.9572581052780152
G25	G12	0.9572579860687256
G50	G90	0.9572368264198304
G50	G99	0.9572368264198304
G54	G88	0.9572368264198304
G17	G67	0.9571896195411682
G17	G16	0.9571895003318788
G17	G55	0.9571895003318788
G42	G91	0.9570680856704712
G42	G95	0.9570680856704712
G47	G19	0.9570063948631288
G80	G4	0.9570000171661376
G25	G16	0.9569892287254332
G4	G67	0.9569892287254332
G4	G66	0.9569892287254332
G4	G91	0.9569892287254332
G53	G81	0.9569536447525024
G40	G87	0.9569536447525024
G60	G67	0.9569536447525024
G60	G80	0.9569536447525024
G53	G1	0.9569536447525024
G32	G2	0.9569536447525024
G40	G45	0.9569536447525024
G32	G6	0.9569535255432128
G54	G86	0.9569078683853148
G54	G33	0.9569078683853148
G73	G59	0.9568782448768616
G17	G49	0.9568628072738647
G17	G94	0.9568628072738647
G17	G83	0.9568626880645752
G42	G56	0.9568063020706176
G34	G24	0.9567567706108092
G25	G54	0.9567204117774964
G25	G36	0.9567204117774964
G4	G37	0.9567204117774964
G4	G35	0.9567204117774964
G80	G57	0.9566666483879088
G80	G31	0.9566666483879088
G32	G54	0.95662260055542
G53	G69	0.9566224813461304
G60	G70	0.9566224813461304
G40	G78	0.9566224813461304
G32	G4	0.9566224813461304
G53	G9	0.9566224813461304
G17	G72	0.9565359950065612
G17	G5	0.9565359950065612
G17	G47	0.9565359950065612
G17	G99	0.9565358757972716
G25	G33	0.956451654434204
G4	G48	0.9564515948295592
G4	G38	0.9564515948295592
G4	G57	0.9564515948295592
G40	G14	0.956291437149048
G40	G28	0.9562913775444032
G53	G65	0.9562913775444032
G40	G63	0.9562913775444032
G53	G38	0.9562913775444032
G53	G41	0.9562913775444032
G40	G50	0.9562913775444032
G40	G49	0.9562913775444032
G54	G66	0.9562500119209291
G54	G58	0.9562500119209291
G54	G26	0.9562500119209291
G17	G73	0.9562091827392578
G25	G43	0.9561827182769777
G75	G48	0.9561290144920348
G47	G29	0.9560508728027344
G42	G14	0.9560209512710572
G42	G99	0.9560209512710572
G80	G11	0.9559999704360962
G24	G67	0.9559782147407532
G24	G32	0.9559782147407532
G40	G68	0.9559603333473206
G60	G86	0.9559603333473206
G53	G5	0.9559603333473206
G60	G89	0.9559603333473206
G40	G90	0.9559602141380309
G32	G21	0.9559602141380309
G54	G61	0.9559210538864136
G54	G39	0.9559210538864136
G50	G49	0.9559210538864136
G54	G42	0.9559209942817688
G4	G61	0.95591402053833
G4	G82	0.95591402053833
G25	G64	0.9559139013290404
G17	G64	0.9558823704719543
G17	G87	0.9558823704719543
G66	G85	0.9557591676712036
G66	G65	0.9557591676712036
G24	G49	0.9557065367698668
G34	G18	0.9556756019592284
G80	G50	0.955666720867157
G80	G71	0.9556666016578674
G25	G84	0.9556451439857484
G32	G83	0.9556291699409484
G53	G40	0.9556291699409484
G40	G79	0.9556291699409484
G53	G46	0.9556291699409484
G53	G8	0.9556291699409484
G40	G85	0.9556290507316588
G54	G43	0.9555920958518982
G54	G49	0.9555920958518982
G42	G98	0.95549738407135
G42	G18	0.95549738407135
G42	G81	0.95549738407135
G24	G28	0.955434799194336
G4	G77	0.9553763270378112
G25	G34	0.9553763270378112
G4	G8	0.9553763270378112
G25	G39	0.9553763270378112
G4	G23	0.9553763270378112
G80	G29	0.9553333520889282
G80	G86	0.9553333520889282
G53	G7	0.9552980065345764
G60	G34	0.9552980065345764
G53	G61	0.9552980065345764
G53	G74	0.9552980065345764
G60	G63	0.9552980065345764
G40	G92	0.9552980065345764
G32	G73	0.9552980065345764
G53	G11	0.9552980065345764
G40	G12	0.9552980065345764
G40	G38	0.9552980065345764
G40	G82	0.9552980065345764
G42	G22	0.9552356004714966
G42	G46	0.9552356004714966
G17	G52	0.9552288055419922
G65	G15	0.9551612138748168
G47	G49	0.9550955295562744
G80	G49	0.9549999833106996
G42	G6	0.9549738168716432
G42	G9	0.9549738168716432
G32	G25	0.954966962337494
G60	G26	0.9549668431282043
G32	G63	0.9549668431282043
G60	G8	0.9549668431282043
G40	G96	0.9549668431282043
G40	G54	0.9549668431282043
G40	G98	0.9549668431282043
G53	G94	0.9549668431282043
G53	G75	0.9549668431282043
G40	G42	0.9549668431282043
G54	G91	0.954934298992157
G54	G57	0.9549341797828674
G54	G69	0.9549341797828674
G94	G84	0.9548969268798828
G34	G61	0.9548648595809937
G25	G9	0.954838752746582
G25	G80	0.9548386335372924
G42	G41	0.9547120928764344
G42	G40	0.9547119736671448
G42	G53	0.9547119736671448
G80	G75	0.9546666741371156
G60	G11	0.954635739326477
G40	G41	0.954635739326477
G60	G32	0.954635739326477
G53	G24	0.954635739326477
G53	G18	0.954635739326477
G53	G12	0.954635739326477
G24	G3	0.9546195864677428
G54	G4	0.9546052813529968
G54	G65	0.9546052813529968
G50	G53	0.954605221748352
G34	G35	0.9545945525169371
G17	G58	0.9545750617980956
G17	G71	0.9545750617980956
G42	G97	0.9544502496719359
G42	G51	0.9544502496719359
G42	G77	0.9544502496719359
G53	G84	0.9543046951293944
G40	G3	0.9543046951293944
G40	G94	0.9543046951293944
G40	G32	0.954304575920105
G53	G73	0.954304575920105
G32	G47	0.954304575920105
G40	G61	0.954304575920105
G60	G66	0.954304575920105
G4	G80	0.9543010592460632
G17	G2	0.9542483687400818
G17	G74	0.9542483687400818
G34	G85	0.954054057598114
G4	G72	0.9540322422981262
G4	G34	0.9540322422981262
G80	G30	0.9540000557899476
G80	G90	0.9540000557899476
G32	G45	0.9539735317230223
G40	G74	0.9539735317230223
G40	G52	0.9539735317230223
G53	G77	0.9539734125137328
G54	G38	0.953947365283966
G54	G29	0.953947365283966
G42	G68	0.953926682472229
G42	G92	0.953926682472229
G42	G26	0.953926682472229
G66	G49	0.953926682472229
G17	G96	0.9539215564727784
G17	G56	0.9539215564727784
G47	G77	0.9538216590881348
G47	G60	0.9538216590881348
G24	G91	0.95380437374115
G80	G56	0.9536666870117188
G80	G38	0.9536666870117188
G80	G36	0.9536665678024292
G42	G61	0.9536648988723756
G42	G82	0.9536648988723756
G60	G30	0.9536423683166504
G40	G59	0.9536423683166504
G53	G47	0.9536423683166504
G53	G27	0.9536423683166504
G40	G64	0.9536423683166504
G53	G92	0.9536423683166504
G60	G72	0.9536423683166504
G54	G89	0.9536185264587402
G54	G27	0.9536184072494508
G50	G43	0.9536184072494508
G17	G12	0.9535947442054749
G17	G36	0.9535947442054749
G65	G94	0.9535483121871948
G24	G7	0.953532576560974
G4	G55	0.953494668006897
G53	G26	0.953311324119568
G40	G80	0.9533112645149232
G32	G80	0.9533112645149232
G53	G35	0.9533112645149232
G40	G83	0.9533112645149232
G54	G45	0.9532894492149352
G54	G44	0.9532894492149352
G17	G42	0.9532679319381714
G17	G86	0.9532679319381714
G47	G41	0.9531847834587096
G47	G58	0.9531846642494202
G6	G55	0.9531645774841307
G42	G23	0.9531413912773132
G80	G88	0.9530000090599059
G53	G2	0.9529801011085509
G60	G76	0.9529801011085509
G54	G84	0.9529605507850648
G4	G62	0.9529569745063782
G4	G84	0.9529569745063782
G25	G32	0.9529569745063782
G17	G95	0.9529411792755128
G65	G42	0.9529033303260804
G42	G86	0.9528796076774596
G42	G11	0.9528796076774596
G42	G7	0.9528796076774596
G42	G60	0.9528796076774596
G66	G11	0.9528796076774596
G42	G17	0.9528796076774596
G47	G100	0.95286625623703
G4	G58	0.952688217163086
G4	G75	0.9526881575584412
G80	G2	0.9526666402816772
G53	G33	0.9526490569114684
G32	G37	0.9526489377021791
G60	G62	0.9526489377021791
G32	G88	0.9526489377021791
G54	G28	0.9526315927505492
G54	G63	0.9526315927505492
G54	G83	0.9526315927505492
G54	G34	0.9526315927505492
G42	G27	0.9526177644729614
G42	G93	0.9526177644729614
G17	G34	0.9526143670082092
G17	G70	0.9526143670082092
G67	G50	0.9525641202926636
G47	G97	0.9525477886199952
G47	G31	0.9525477886199952
G47	G76	0.9525476694107056
G34	G47	0.95243239402771
G25	G42	0.9524194002151488
G25	G68	0.9524193406105042
G66	G70	0.9523560404777528
G42	G80	0.9523560404777528
G42	G74	0.952355980873108
G53	G22	0.9523178935050964
G32	G17	0.9523178935050964
G60	G15	0.9523178935050964
G40	G21	0.9523178935050964
G40	G89	0.9523178935050964
G60	G61	0.9523178935050964
G53	G87	0.9523178935050964
G60	G58	0.9523178935050964
G53	G4	0.9523178935050964
G53	G56	0.9523177742958068
G54	G46	0.952302634716034
G54	G10	0.952302634716034
G50	G2	0.952302634716034
G75	G95	0.9522581100463868
G95	G86	0.9522436261177064
G30	G97	0.9522436261177064
G28	G19	0.9521874189376832
G34	G45	0.9521622061729432
G25	G27	0.952150583267212
G42	G83	0.9520942568778992
G66	G43	0.9520941972732544
G42	G48	0.9520941972732544
G42	G15	0.9520941972732544
G42	G13	0.9520941972732544
G63	G91	0.9520726203918456
G80	G21	0.9520000219345092
G40	G66	0.9519867300987244
G40	G6	0.9519867300987244
G53	G30	0.9519867300987244
G32	G3	0.9519867300987244
G60	G52	0.9519867300987244
G60	G31	0.9519867300987244
G54	G64	0.9519737362861632
G17	G29	0.9519608616828918
G47	G82	0.9519107937812804
G47	G39	0.9519107937812804
G34	G91	0.9518918991088868
G4	G69	0.9518817663192748
G60	G37	0.9516556859016418
G53	G70	0.9516556262969972
G32	G69	0.9516556262969972
G53	G79	0.9516556262969972
G54	G2	0.9516447186470032
G54	G79	0.9516447186470032
G17	G90	0.9516340494155884
G17	G28	0.9516339302062988
G34	G75	0.9516215324401855
G4	G52	0.9516128897666932
G30	G58	0.9516026377677916
G47	G65	0.9515923261642456
G47	G4	0.9515923261642456
G42	G36	0.951570689678192
G60	G53	0.9513245820999146
G53	G21	0.9513245820999146
G60	G69	0.9513245820999146
G53	G17	0.951324462890625
G54	G62	0.9513158202171326
G54	G90	0.9513158202171326
G54	G22	0.951315701007843
G50	G72	0.951315701007843
G42	G19	0.9513089060783386
G75	G96	0.9512903094291688
G75	G62	0.9512903094291688
G65	G50	0.9512903094291688
G95	G64	0.9512820243835448
G24	G27	0.9510869383811952
G66	G53	0.95104718208313
G42	G31	0.9510470628738404
G42	G96	0.9510470628738404
G53	G86	0.9509934186935424
G60	G13	0.9509934186935424
G53	G23	0.9509932994842528
G60	G74	0.9509932994842528
G60	G84	0.9509932994842528
G54	G77	0.9509868621826172
G54	G47	0.9509868621826172
G54	G41	0.9509868621826172
G54	G100	0.9509868621826172
G17	G65	0.9509803652763368
G67	G63	0.9509615898132324
G30	G29	0.9509615898132324
G30	G85	0.9509615898132324
G95	G6	0.9509614706039428
G47	G2	0.9509554505348206
G47	G38	0.9509554505348206
G42	G67	0.9507853984832764
G42	G29	0.9507852792739868
G80	G48	0.9506667256355286
G60	G54	0.9506622552871704
G60	G12	0.9506622552871704
G53	G20	0.9506622552871704
G60	G5	0.9506621956825256
G50	G23	0.9506579041481018
G54	G14	0.9506579041481018
G54	G25	0.9506579041481018
G50	G69	0.9506579041481018
G17	G98	0.9506536722183228
G17	G50	0.9506535530090332
G65	G47	0.9506450891494752
G47	G74	0.9506369233131408
G66	G98	0.9505236744880676
G66	G87	0.950523555278778
G66	G58	0.950523555278778
G42	G54	0.950523555278778
G53	G100	0.9503311514854432
G53	G44	0.9503311514854432
G40	G44	0.9503311514854432
G60	G98	0.9503310322761536
G50	G63	0.9503289461135864
G54	G51	0.9503289461135864
G50	G1	0.9503289461135864
G17	G25	0.9503268599510192
G75	G76	0.9503226280212402
G95	G79	0.9503205418586732
G47	G50	0.9503185749053956
G42	G64	0.9502617716789246
G42	G59	0.9502617716789246
G66	G94	0.9502617716789246
G66	G54	0.9502617716789246
G53	G98	0.9500001072883606
G53	G91	0.9500001072883606
G66	G36	0.9500000476837158
G47	G93	0.9500000476837158
G54	G78	0.9500000476837158
G53	G13	0.9499999880790709
G66	G56	0.9499999880790709
G60	G64	0.9499999880790709
G53	G67	0.9499999880790709
G80	G14	0.9499999880790709
G42	G30	0.9499999880790709
G50	G25	0.9499999880790709
G54	G82	0.9499999880790709
G42	G71	0.9499999880790709
G80	G47	0.9499999880790709
G60	G87	0.9499999880790709
G60	G9	0.9499999880790709
G66	G18	0.9499999880790709
G30	G32	0.9499999880790709
G17	G45	0.9499999284744264
G47	G43	0.9496815800666808
G47	G67	0.9496815800666808
G47	G5	0.9496815800666808
G47	G78	0.9496815800666808
G47	G98	0.9496814608573914
G17	G59	0.9496732354164124
G17	G3	0.9496732354164124
G50	G18	0.9496710896492004
G50	G37	0.9496710896492004
G54	G15	0.9496709704399108
G54	G56	0.9496709704399108
G54	G72	0.9496709704399108
G54	G17	0.9496709704399108
G54	G19	0.9496709704399108
G53	G37	0.9496689438819884
G40	G35	0.9496689438819884
G60	G47	0.9496689438819884
G53	G48	0.9496689438819884
G40	G72	0.9496688246726991
G60	G24	0.9496688246726991
G60	G48	0.9496688246726991
G47	G9	0.9493630528450012
G54	G13	0.9493421316146852
G54	G20	0.9493420124053956
G54	G18	0.9493420124053956
G54	G16	0.9493420124053956
G60	G45	0.9493377804756165
G60	G93	0.9493376612663268
G53	G31	0.9493376612663268
G80	G10	0.9493333101272584
G94	G85	0.9492267966270448
G10	G27	0.9490683674812316
G47	G18	0.9490445852279664
G47	G26	0.9490445852279664
G30	G35	0.9490385055541992
G67	G64	0.9490385055541992
G30	G98	0.9490383863449096
G17	G54	0.9490196108818054
G54	G97	0.9490131735801696
G60	G22	0.9490066170692444
G53	G59	0.9490066170692444
G53	G63	0.9490066170692444
G32	G1	0.9490065574645996
G60	G68	0.9490065574645996
G80	G61	0.9490000605583192
G63	G89	0.948963701725006
G49	G37	0.948963701725006
G66	G48	0.948952853679657
G34	G11	0.9489189386367798
G87	G98	0.9487373232841492
G47	G92	0.9487261176109314
G47	G73	0.9487261176109314
G30	G88	0.9487179517745972
G75	G23	0.9487096071243286
G52	G37	0.9487096071243286
G36	G22	0.9487013220787048
G66	G28	0.9486910700798036
G54	G55	0.9486842155456544
G50	G56	0.9486842155456544
G50	G58	0.9486842155456544
G53	G52	0.9486755132675172
G60	G59	0.9486755132675172
G40	G20	0.9486755132675172
G53	G64	0.9486755132675172
G53	G97	0.9486755132675172
G60	G33	0.9486755132675172
G60	G38	0.9486755132675172
G87	G1	0.9484848380088806
G42	G8	0.9484293460845948
G47	G57	0.9484075903892516
G67	G47	0.9483973979949952
G4	G20	0.9483870863914491
G50	G73	0.9483553171157836
G54	G75	0.948355197906494
G60	G90	0.948344349861145
G53	G34	0.948344349861145
G66	G71	0.9481675624847412
G66	G21	0.9481675624847412
G34	G39	0.9481080770492554
G52	G35	0.9480645656585692
G75	G18	0.9480645060539246
G36	G98	0.9480519294738771
G17	G61	0.9480392336845398
G54	G23	0.9480263590812684
G54	G35	0.9480263590812684
G50	G28	0.9480262398719788
G50	G61	0.9480262398719788
G60	G6	0.948013186454773
G63	G53	0.947927474975586
G63	G66	0.947927474975586
G47	G99	0.9477707147598268
G75	G1	0.9477419257164
G65	G80	0.9477419257164
G17	G23	0.9477124214172364
G17	G82	0.9477124214172364
G54	G52	0.9476974010467528
G50	G36	0.9476974010467528
G60	G75	0.9476821422576904
G60	G20	0.9476820826530457
G60	G21	0.9476820826530457
G60	G57	0.9476820826530457
G63	G87	0.947668433189392
G42	G79	0.9476439952850342
G42	G44	0.9476439952850342
G66	G37	0.9476439952850342
G47	G8	0.9474522471427916
G47	G91	0.9474522471427916
G65	G83	0.9474194049835204
G65	G45	0.947419285774231
G63	G31	0.9474093317985536
G42	G84	0.9473822116851808
G66	G10	0.9473822116851808
G50	G89	0.9473684430122375
G60	G42	0.9473510384559632
G53	G57	0.9473510384559632
G53	G49	0.9473510384559632
G63	G12	0.9471502900123596
G67	G37	0.9471153616905212
G65	G58	0.9470967650413512
G17	G6	0.9470587968826294
G50	G3	0.9470395445823668
G54	G74	0.9470394253730774
G50	G19	0.9470394253730774
G50	G60	0.9470394253730774
G54	G48	0.9470394253730774
G50	G4	0.9470394253730774
G53	G28	0.9470198750495912
G63	G17	0.946891188621521
G63	G21	0.946891188621521
G63	G75	0.9468911290168762
G42	G63	0.9468586444854736
G42	G55	0.9468586444854736
G66	G23	0.9468585848808287
G47	G27	0.9468152523040771
G75	G47	0.9467741847038268
G75	G14	0.9467741847038268
G50	G51	0.9467105865478516
G50	G78	0.946710467338562
G60	G56	0.9466887116432191
G53	G42	0.9466887116432191
G60	G73	0.9466887116432191
G66	G8	0.94659686088562
G42	G66	0.94659686088562
G66	G67	0.94659686088562
G66	G60	0.9465968012809752
G47	G7	0.946496844291687
G95	G74	0.946474313735962
G67	G27	0.946474313735962
G50	G30	0.9463816285133362
G54	G71	0.9463816285133362
G50	G17	0.9463816285133362
G54	G67	0.9463816285133362
G54	G12	0.9463815093040466
G50	G32	0.9463815093040466
G54	G1	0.9463815093040466
G50	G68	0.9463815093040466
G53	G58	0.9463576674461364
G60	G78	0.9463576674461364
G53	G89	0.9463576674461364
G60	G49	0.9463576674461364
G60	G82	0.9463575482368468
G66	G4	0.9463350772857666
G47	G72	0.946178376674652
G47	G28	0.946178376674652
G67	G85	0.9461538791656494
G67	G54	0.94615375995636
G75	G43	0.9461289644241332
G63	G69	0.9461140036582948
G66	G29	0.9460732936859132
G42	G28	0.9460732936859132
G66	G81	0.9460732936859132
G54	G24	0.9460526704788208
G54	G60	0.9460526704788208
G54	G81	0.9460525512695312
G50	G54	0.9460525512695312
G60	G65	0.9460265040397644
G60	G7	0.9460265040397644
G80	G81	0.9459999799728394
G47	G24	0.9458598494529724
G67	G49	0.9458333253860474
G66	G86	0.9458115696907043
G66	G96	0.9458115696907043
G66	G20	0.9458115100860596
G50	G94	0.9457237124443054
G54	G98	0.9457237124443054
G53	G90	0.9456954002380372
G60	G1	0.9456954002380372
G53	G6	0.9456952810287476
G49	G98	0.9455958604812622
G63	G85	0.9455958604812622
G49	G1	0.9455958604812622
G66	G84	0.9455497860908508
G66	G46	0.9455497860908508
G66	G6	0.9455497860908508
G52	G34	0.9454838633537292
G65	G76	0.9454838633537292
G65	G84	0.9454838633537292
G50	G40	0.9453948140144348
G60	G96	0.945364236831665
G60	G29	0.945364236831665
G53	G10	0.945364236831665
G49	G87	0.9453368782997132
G49	G85	0.9453367590904236
G64	G77	0.9453125
G66	G40	0.9452880024909972
G66	G51	0.9452880024909972
G66	G57	0.9452880024909972
G66	G26	0.9452878832817078
G66	G12	0.9452878832817078
G95	G88	0.9451922774314879
G65	G1	0.9451612830162048
G65	G11	0.9451612830162048
G65	G98	0.9451612830162048
G65	G54	0.9451612830162048
G34	G57	0.9451350569725036
G17	G68	0.9450979828834534
G63	G70	0.9450777173042296
G50	G81	0.94506573677063
G50	G8	0.94506573677063
G50	G62	0.94506573677063
G40	G55	0.945033073425293
G6	G51	0.944936752319336
G47	G94	0.9449045062065125
G47	G71	0.9449043869972228
G30	G11	0.9448718428611756
G30	G99	0.9448717832565308
G75	G29	0.9448387026786804
G75	G91	0.9448387026786804
G64	G26	0.944791615009308
G64	G62	0.944791615009308
G17	G15	0.94477117061615
G66	G47	0.9447643756866456
G66	G97	0.9447643756866456
G54	G37	0.944736897945404
G50	G9	0.944736897945404
G54	G68	0.9447367787361144
G50	G64	0.9447367787361144
G59	G26	0.9447204470634459
G53	G15	0.9447020292282104
G60	G17	0.9447019696235656
G53	G39	0.9447019696235656
G53	G55	0.9447019696235656
G40	G7	0.9447019696235656
G60	G55	0.9447019696235656
G47	G34	0.9445859789848328
G47	G37	0.9445859789848328
G47	G17	0.9445859789848328
G47	G14	0.944585919380188
G49	G51	0.9445596933364868
G30	G78	0.9445513486862184
G67	G73	0.9445513486862184
G67	G17	0.9445512294769288
G65	G32	0.9445160627365112
G66	G78	0.9445026516914368
G66	G41	0.944502592086792
G66	G35	0.944502592086792
G17	G66	0.9444444179534912
G50	G14	0.9444079399108888
G54	G36	0.9444079399108888
G50	G10	0.9444078207015992
G32	G11	0.9443708062171936
G6	G5	0.9443037509918212
G63	G62	0.9443005919456482
G63	G4	0.9443005323410034
G64	G98	0.9442708492279052
G47	G55	0.944267511367798
G47	G80	0.944267511367798
G66	G59	0.9442408680915833
G66	G74	0.9442408084869384
G67	G32	0.9442307949066162
G67	G100	0.9442307949066162
G87	G77	0.9441919326782228
G25	G74	0.944085955619812
G50	G66	0.9440789222717284
G54	G30	0.9440789222717284
G63	G86	0.9440414309501648
G63	G38	0.9440414309501648
G60	G51	0.9440397620201112
G53	G96	0.9440397620201112
G66	G15	0.9439790844917296
G66	G99	0.9439790844917296
G47	G61	0.9439491033554076
G47	G1	0.9439490437507628
G47	G3	0.9439490437507628
G67	G87	0.9439102411270142
G30	G70	0.9439102411270142
G67	G75	0.9439102411270142
G65	G67	0.9438709616661072
G75	G25	0.9438709616661072
G75	G28	0.9438709616661072
G65	G89	0.9438709616661072
G65	G3	0.9438709020614624
G50	G76	0.9437499642372132
G50	G65	0.9437499642372132
G50	G59	0.9437499642372132
G50	G21	0.9437499642372132
G64	G74	0.9437499642372132
G66	G30	0.9437173008918762
G53	G68	0.943708598613739
G53	G72	0.943708598613739
G60	G97	0.943708598613739
G60	G91	0.943708598613739
G60	G35	0.943708598613739
G53	G80	0.943708598613739
G60	G79	0.943708598613739
G40	G18	0.9437084794044496
G47	G6	0.9436306357383728
G47	G68	0.9436306357383728
G47	G66	0.9436305165290833
G67	G57	0.9435897469520568
G67	G95	0.9435897469520568
G67	G84	0.9435897469520568
G65	G99	0.9435483813285828
G65	G60	0.9435483813285828
G75	G17	0.9435483813285828
G65	G24	0.9435483813285828
G65	G23	0.9435483813285828
G65	G8	0.9435483813285828
G63	G97	0.9435233473777772
G10	G57	0.943478226661682
G66	G93	0.943455457687378
G66	G62	0.943455457687378
G66	G1	0.943455457687378
G50	G93	0.9434211254119872
G54	G40	0.9434211254119872
G50	G83	0.9434210062026978
G53	G16	0.9433774352073668
G40	G37	0.9433774352073668
G32	G86	0.9433774352073668
G60	G23	0.9433774352073668
G53	G83	0.9433774352073668
G53	G19	0.9433774352073668
G47	G16	0.943312168121338
G47	G20	0.943312168121338
G47	G62	0.9433120489120485
G94	G68	0.943298876285553
G67	G8	0.9432691931724548
G95	G8	0.9432691931724548
G63	G48	0.9432642459869384
G49	G45	0.9432642459869384
G49	G58	0.9432642459869384
G64	G28	0.9432291984558104
G65	G82	0.9432258009910583
G66	G82	0.9431937932968141
G66	G69	0.9431936740875244
G66	G89	0.9431936740875244
G87	G93	0.9431818723678588
G50	G5	0.943092167377472
G54	G6	0.9430920481681824
G50	G11	0.9430920481681824
G60	G19	0.9430463910102844
G60	G92	0.9430463910102844
G53	G36	0.9430463910102844
G60	G40	0.9430463314056396
G63	G54	0.9430050849914552
G49	G50	0.9430050849914552
G47	G86	0.9429936408996582
G67	G93	0.9429487586021424
G30	G19	0.9429486393928528
G67	G71	0.9429486393928528
G31	G58	0.9429319500923156
G65	G28	0.9429032802581788
G75	G42	0.9429032802581788
G75	G33	0.9429031610488892
G94	G32	0.9427834749221802
G50	G16	0.9427631497383118
G50	G24	0.942763090133667
G63	G26	0.9427461028099059
G53	G95	0.9427152872085572
G64	G30	0.9427083134651184
G64	G91	0.9427083134651184
G47	G12	0.9426751732826232
G47	G21	0.9426751732826232
G66	G83	0.9426701664924622
G42	G37	0.9426701664924622
G66	G73	0.9426701664924622
G66	G14	0.9426701068878174
G65	G75	0.9425806999206544
G65	G14	0.9425806999206544
G75	G84	0.9425805807113647
G59	G23	0.9425466656684875
G36	G30	0.9425324201583862
G63	G68	0.9424870014190674
G64	G92	0.9424479007720948
G54	G9	0.9424341917037964
G50	G35	0.9424341917037964
G66	G24	0.9424083828926086
G60	G100	0.9423841238021852
G60	G41	0.9423841238021852
G47	G75	0.9423566460609436
G67	G39	0.942307710647583
G67	G7	0.942307710647583
G63	G9	0.9422280192375184
G63	G41	0.9422280192375184
G49	G38	0.9422280192375184
G63	G39	0.9422280192375184
G28	G77	0.9421874880790709
G66	G55	0.9421465992927552
G50	G98	0.9421053528785706
G50	G67	0.9421052336692809
G50	G45	0.9421052336692809
G60	G4	0.942052960395813
G60	G77	0.942052960395813
G60	G39	0.942052960395813
G47	G88	0.9420382976531982
G47	G23	0.9420382976531982
G47	G40	0.9420382976531982
G47	G46	0.9420381784439088
G30	G16	0.941987156867981
G67	G69	0.941987156867981
G65	G22	0.9419354796409608
G65	G13	0.9419354796409608
G65	G85	0.9419354796409608
G65	G26	0.9419354796409608
G66	G52	0.9418848752975464
G66	G80	0.9418848752975464
G66	G32	0.9418848752975464
G66	G22	0.9418847560882568
G36	G55	0.9418830275535583
G50	G52	0.9417763948440552
G50	G41	0.9417762756347656
G50	G86	0.9417762756347656
G60	G14	0.9417218565940856
G60	G71	0.9417218565940856
G60	G27	0.9417218565940856
G47	G48	0.9417197704315186
G47	G69	0.9417197704315186
G47	G90	0.9417197704315186
G63	G59	0.9417098164558412
G63	G43	0.9417098164558412
G63	G13	0.9417098164558412
G63	G33	0.9417098164558412
G63	G34	0.9417098164558412
G64	G27	0.9416666626930236
G87	G81	0.9416666626930236
G64	G51	0.9416666626930236
G67	G43	0.9416666030883788
G66	G68	0.9416230916976928
G75	G90	0.9416128993034364
G75	G51	0.9416128993034364
G75	G63	0.9416128993034364
G50	G12	0.9414474368095398
G50	G79	0.9414474368095398
G50	G39	0.9414473176002502
G66	G45	0.9413612484931946
G66	G50	0.9413611888885498
G95	G59	0.9413461089134216
G65	G57	0.9412903785705566
G65	G87	0.9412903785705566
G94	G50	0.9412371516227722
G63	G15	0.9411917328834534
G49	G41	0.9411917328834534
G63	G90	0.9411917328834534
G49	G56	0.9411917328834534
G64	G52	0.9411458373069764
G66	G79	0.9410994648933412
G47	G54	0.9410827755928041
G47	G52	0.9410827755928041
G67	G70	0.9410256743431092
G67	G51	0.9410256743431092
G67	G99	0.9410255551338196
G67	G3	0.9410255551338196
G65	G44	0.9409677982330322
G65	G5	0.9409677982330322
G65	G21	0.9409676790237428
G65	G4	0.9409676790237428
G87	G53	0.9409090280532836
G66	G61	0.9408377408981324
G66	G9	0.9408376812934875
G66	G13	0.9408376812934875
G50	G95	0.9407894611358644
G50	G20	0.9407894611358644
G47	G83	0.940764307975769
G47	G59	0.940764307975769
G60	G81	0.940728485584259
G60	G25	0.940728485584259
G30	G18	0.9407051205635072
G30	G62	0.9407051205635072
G67	G77	0.9407051205635072
G67	G1	0.9407051205635072
G63	G10	0.9406735897064208
G87	G47	0.9406565427780152
G87	G85	0.9406565427780152
G52	G6	0.9406451582908629
G75	G7	0.9406451582908629
G65	G49	0.9406451582908629
G65	G69	0.9406451582908629
G64	G32	0.9406249523162842
G36	G1	0.940584361553192
G66	G44	0.9405759572982788
G94	G45	0.9404639601707458
G54	G11	0.9404606223106384
G50	G15	0.9404605031013488
G47	G10	0.9404458999633788
G47	G11	0.9404458999633788
G47	G56	0.940445840358734
G63	G56	0.9404144883155824
G63	G74	0.9404144287109376
G95	G25	0.940384566783905
G67	G30	0.940384566783905
G65	G53	0.9403225779533386
G65	G73	0.9403225779533386
G65	G31	0.9403225779533386
G75	G26	0.9403225779533386
G65	G88	0.9403225779533386
G65	G51	0.9403225779533386
G75	G92	0.9403225779533386
G65	G97	0.9403225779533386
G52	G86	0.9403225779533386
G75	G79	0.9403224587440492
G66	G76	0.9403141736984252
G66	G34	0.9403141736984252
G66	G33	0.9403141140937804
G36	G7	0.9402597546577454
G36	G2	0.9402596354484558
G49	G2	0.9401554465293884
G63	G71	0.9401554465293884
G63	G45	0.9401554465293884
G50	G26	0.9401316642761229
G50	G97	0.9401315450668336
G50	G55	0.9401315450668336
G50	G29	0.9401315450668336
G47	G42	0.9401273131370544
G64	G93	0.9401041865348816
G53	G66	0.9400662183761596
G67	G41	0.9400641322135924
G95	G76	0.9400641322135924
G67	G34	0.9400641322135924
G67	G52	0.9400641322135924
G67	G55	0.9400641322135924
G30	G51	0.9400641322135924
G30	G33	0.9400641322135924
G30	G44	0.9400640726089478
G66	G19	0.9400523900985718
G66	G25	0.9400523900985718
G66	G91	0.9400523900985718
G65	G35	0.9400000572204591
G75	G19	0.9400000572204591
G75	G87	0.9400000572204591
G65	G96	0.9399999976158142
G28	G91	0.9399999380111694
G49	G76	0.9398964047431946
G49	G78	0.9398964047431946
G63	G28	0.9398963451385498
G6	G40	0.9398733973503112
G64	G67	0.9398438334465028
G47	G15	0.9398089647293092
G54	G59	0.9398026466369628
G50	G75	0.9398026466369628
G67	G31	0.9397436380386353
G67	G15	0.9397436380386353
G30	G94	0.9397436380386353
G67	G14	0.9397435188293456
G60	G88	0.9397351741790771
G60	G2	0.9397351741790771
G52	G33	0.9396774768829346
G65	G7	0.9396774768829346
G65	G59	0.939677357673645
G65	G86	0.939677357673645
G75	G21	0.939677357673645
G75	G13	0.939677357673645
G49	G24	0.9396372437477112
G36	G60	0.939610481262207
G64	G8	0.9395833611488342
G64	G41	0.9395833611488342
G66	G90	0.93952876329422
G47	G95	0.9394904375076294
G47	G63	0.9394904375076294
G47	G33	0.9394904375076294
G50	G71	0.9394736886024476
G94	G53	0.939432978630066
G95	G87	0.9394230842590332
G67	G10	0.9394230842590332
G67	G6	0.9394230246543884
G30	G4	0.9394230246543884
G67	G78	0.9394230246543884
G60	G18	0.9394040107727052
G49	G7	0.939378261566162
G63	G44	0.939378261566162
G49	G48	0.9393782019615172
G63	G96	0.9393782019615172
G75	G59	0.9393548965454102
G52	G71	0.9393548965454102
G75	G72	0.9393548965454102
G75	G73	0.9393548965454102
G65	G48	0.9393547773361206
G75	G9	0.9393547773361206
G36	G56	0.9392857551574708
G66	G17	0.9392670392990112
G66	G95	0.9392669796943665
G47	G64	0.9391720294952391
G47	G32	0.9391719698905944
G50	G74	0.939144730567932
G49	G16	0.9391192793846129
G49	G74	0.9391191601753236
G49	G9	0.9391191601753236
G49	G75	0.9391191601753236
G63	G99	0.9391191005706788
G30	G36	0.939102590084076
G67	G72	0.939102590084076
G60	G95	0.939072847366333
G64	G50	0.9390625357627868
G28	G33	0.939062476158142
G75	G5	0.939032256603241
G65	G64	0.939032256603241
G65	G16	0.9390321969985962
G66	G88	0.9390052556991576
G66	G63	0.9390052556991576
G66	G42	0.9390052556991576
G36	G40	0.9389610886573792
G36	G5	0.9389609694480896
G87	G13	0.9388889074325562
G63	G2	0.9388601779937744
G49	G60	0.9388600587844848
G63	G78	0.9388600587844848
G63	G50	0.9388600587844848
G50	G57	0.9388157725334167
G50	G88	0.9388157725334167
G64	G16	0.9388020634651184
G64	G35	0.9388020634651184
G67	G53	0.9387821555137634
G67	G58	0.9387821555137634
G95	G78	0.938782036304474
G30	G43	0.938782036304474
G30	G38	0.938782036304474
G67	G42	0.938782036304474
G67	G83	0.938782036304474
G31	G100	0.9387434124946594
G60	G28	0.9387417435646056
G75	G83	0.9387096762657166
G65	G79	0.9387096762657166
G52	G26	0.9387096762657166
G65	G6	0.9387096762657166
G65	G56	0.9387096762657166
G52	G15	0.9387096762657166
G36	G93	0.9386363029479979
G6	G74	0.9386075139045716
G63	G30	0.9386010766029358
G63	G24	0.9386010169982909
G64	G9	0.9385416507720948
G47	G35	0.9385350942611694
G50	G77	0.938486874103546
G50	G87	0.9384868144989014
G50	G6	0.9384868144989014
G50	G33	0.9384868144989014
G50	G80	0.9384868144989014
G67	G80	0.9384616017341614
G60	G10	0.9384105801582336
G60	G44	0.9384105801582336
G65	G70	0.9383871555328368
G52	G72	0.9383871555328368
G65	G17	0.938387095928192
G75	G67	0.938387095928192
G87	G73	0.9383838772773744
G63	G84	0.9383420944213868
G63	G95	0.9383419752120972
G6	G54	0.9382911324501038
G64	G29	0.9382812976837158
G64	G58	0.9382812380790709
G66	G2	0.9382199048995972
G47	G81	0.9382165670394896
G95	G7	0.9381410479545592
G30	G89	0.9381409883499146
G30	G59	0.9381409883499146
G30	G21	0.9381409883499146
G87	G75	0.9381313323974608
G75	G4	0.9380645751953124
G52	G64	0.938064455986023
G64	G31	0.938020884990692
G36	G89	0.9379869699478148
G47	G79	0.9378980994224548
G50	G27	0.9378289580345154
G49	G100	0.9378238916397096
G63	G37	0.9378238916397096
G49	G72	0.9378238916397096
G63	G57	0.9378238916397096
G49	G44	0.9378238320350648
G63	G76	0.9378238320350648
G49	G17	0.9378238320350648
G49	G53	0.9378238320350648
G63	G19	0.9378238320350648
G63	G23	0.9378238320350648
G49	G31	0.9378238320350648
G63	G49	0.9378238320350648
G49	G8	0.9378238320350648
G49	G13	0.9378238320350648
G63	G40	0.9378238320350648
G67	G68	0.937820553779602
G30	G49	0.937820553779602
G65	G91	0.937741994857788
G75	G27	0.9377418756484984
G75	G58	0.9377418756484984
G66	G64	0.93769633769989
G66	G39	0.93769633769989
G36	G39	0.9376623034477234
G36	G23	0.9376623034477234
G6	G10	0.9376583099365234
G47	G25	0.9375796914100648
G59	G70	0.9375777244567872
G49	G70	0.9375648498535156
G63	G93	0.937564730644226
G49	G77	0.937564730644226
G63	G46	0.937564730644226
G50	G70	0.9375
G95	G89	0.9375
G64	G22	0.9375
G67	G98	0.9375
G30	G83	0.9375
G67	G33	0.9375
G67	G16	0.9374998807907104
G66	G38	0.9374345541000366
G66	G92	0.9374345541000366
G52	G88	0.9374193549156188
G52	G80	0.9374193549156188
G65	G20	0.9374193549156188
G52	G1	0.9374193549156188
G75	G54	0.9374193549156188
G75	G30	0.9374193549156188
G65	G10	0.937419295310974
G65	G93	0.937419295310974
G75	G45	0.937419295310974
G94	G70	0.9373711943626404
G94	G54	0.9373711943626404
G63	G11	0.937305748462677
G49	G32	0.937305748462677
G63	G52	0.9373056888580322
G64	G61	0.9372395873069764
G30	G91	0.937179446220398
G67	G88	0.937179446220398
G30	G90	0.937179446220398
G30	G37	0.937179446220398
G31	G84	0.9371727705001832
G50	G38	0.9371710419654846
G52	G40	0.9370967745780944
G75	G49	0.9370967745780944
G75	G20	0.9370967745780944
G75	G22	0.9370967745780944
G65	G27	0.9370967745780944
G65	G74	0.9370967745780944
G75	G37	0.9370967745780944
G65	G34	0.9370967745780944
G75	G32	0.9370967745780944
G63	G5	0.9370466470718384
G49	G11	0.9370466470718384
G49	G66	0.9370466470718384
G63	G8	0.9370466470718384
G49	G81	0.9370465874671936
G63	G16	0.9370465874671936
G36	G90	0.9370130300521852
G36	G76	0.9370129108428956
G67	G96	0.9368590116500854
G67	G13	0.9368590116500854
G30	G13	0.9368589520454408
G67	G29	0.9368589520454408
G67	G5	0.9368589520454408
G95	G83	0.9368589520454408
G94	G5	0.936855673789978
G63	G77	0.9367876648902892
G63	G73	0.9367876052856444
G49	G57	0.9367876052856444
G52	G63	0.9367742538452148
G52	G18	0.9367742538452148
G65	G41	0.93677419424057
G60	G3	0.9367549419403076
G64	G49	0.9367187619209291
G64	G80	0.9367187023162842
G66	G7	0.9366492629051208
G59	G1	0.9366459846496582
G30	G42	0.9365385174751282
G95	G22	0.9365385174751282
G67	G61	0.9365385174751282
G95	G63	0.9365383982658386
G30	G47	0.9365383982658386
G67	G11	0.9365383982658386
G30	G24	0.9365383982658386
G49	G94	0.936528503894806
G63	G58	0.936528503894806
G50	G34	0.9365131855010986
G50	G44	0.9365131855010986
G64	G53	0.9364583492279052
G75	G41	0.9364516735076904
G65	G18	0.9364515542984008
G75	G86	0.9364515542984008
G65	G66	0.9364515542984008
G65	G52	0.9364515542984008
G94	G56	0.9363401532173156
G59	G19	0.9363353848457336
G49	G23	0.9362695217132568
G63	G98	0.9362694025039672
G49	G83	0.9362694025039672
G30	G1	0.936217963695526
G30	G76	0.936217963695526
G30	G3	0.936217963695526
G30	G54	0.936217963695526
G95	G73	0.936217963695526
G95	G3	0.936217963695526
G67	G20	0.936217963695526
G30	G93	0.9362178444862366
G67	G82	0.9362178444862366
G64	G63	0.9361979365348816
G64	G68	0.9361979365348816
G65	G38	0.9361290931701659
G75	G66	0.9361290931701659
G52	G81	0.9361289739608764
G66	G72	0.9361256957054138
G36	G63	0.9360390305519104
G36	G97	0.9360389113426208
G49	G71	0.9360104203224182
G49	G80	0.9360104203224182
G49	G19	0.9360104203224182
G47	G36	0.9359872341156006
G47	G51	0.9359872341156006
G64	G4	0.9359374642372132
G64	G78	0.9359374642372132
G30	G39	0.935897409915924
G30	G26	0.935897409915924
G31	G4	0.9358638525009156
G50	G91	0.935855269432068
G65	G29	0.9358064532279968
G52	G82	0.9358064532279968
G52	G78	0.9358064532279968
G52	G16	0.9358064532279968
G65	G43	0.935806393623352
G6	G87	0.935759425163269
G63	G55	0.9357513189315796
G49	G25	0.9357512593269348
G36	G96	0.935714304447174
G36	G53	0.9357142448425292
G64	G37	0.9356770515441896
G64	G59	0.9356770515441896
G64	G57	0.9356770515441896
G66	G5	0.9356021285057068
G30	G8	0.9355769157409668
G67	G26	0.9355769157409668
G67	G90	0.9355769157409668
G30	G82	0.9355769157409668
G49	G65	0.935492217540741
G63	G14	0.935492217540741
G63	G67	0.9354921579360962
G52	G22	0.9354838728904724
G65	G92	0.9354838728904724
G52	G98	0.9354838728904724
G75	G68	0.9354838728904724
G75	G2	0.9354838728904724
G65	G78	0.9354838728904724
G64	G48	0.9354166388511658
G36	G10	0.9353896379470824
G47	G45	0.9353503584861756
G31	G85	0.9353403449058532
G31	G88	0.9353402853012084
G31	G61	0.9353402853012084
G31	G16	0.9353402853012084
G94	G57	0.9353092908859252
G95	G19	0.9352564811706544
G95	G99	0.9352564811706544
G95	G55	0.9352564811706544
G30	G14	0.9352564811706544
G30	G71	0.9352564811706544
G30	G52	0.9352563619613647
G63	G27	0.9352331757545472
G63	G65	0.9352331757545472
G49	G40	0.9352331757545472
G63	G80	0.9352331757545472
G75	G85	0.935161292552948
G52	G93	0.935161292552948
G75	G74	0.935161292552948
G64	G69	0.9351562857627868
G87	G7	0.93510103225708
G87	G90	0.9351009726524352
G31	G67	0.9350785613059998
G36	G9	0.9350649118423462
G36	G58	0.9350649118423462
G94	G66	0.9350516200065612
G94	G30	0.9350515007972716
G94	G14	0.9350515007972716
G28	G69	0.9349999427795409
G63	G32	0.9349740743637084
G63	G61	0.9349740743637084
G49	G18	0.9349740743637084
G63	G94	0.9349740743637084
G30	G12	0.9349358677864076
G30	G2	0.9349358677864076
G64	G87	0.9348958134651184
G64	G97	0.9348958134651184
G64	G2	0.9348958134651184
G64	G100	0.9348958134651184
G75	G12	0.9348387718200684
G52	G30	0.9348386526107788
G65	G100	0.9348386526107788
G65	G19	0.9348386526107788
G52	G24	0.9348386526107788
G31	G25	0.9348167777061462
G53	G29	0.9347682595252992
G36	G12	0.9347402453422546
G36	G26	0.9347402453422546
G49	G88	0.9347150921821594
G49	G4	0.93471497297287
G63	G1	0.93471497297287
G28	G5	0.9346874952316284
G64	G90	0.9346354007720948
G67	G38	0.934615433216095
G30	G77	0.934615433216095
G67	G89	0.934615433216095
G67	G66	0.9346153140068054
G67	G46	0.9346153140068054
G30	G67	0.9346153140068054
G95	G71	0.9346153140068054
G87	G17	0.934596061706543
G31	G34	0.9345549941062928
G66	G16	0.9345549941062928
G66	G75	0.9345549941062928
G50	G22	0.9345394968986512
G50	G47	0.9345394968986512
G94	G88	0.9345360994338988
G94	G35	0.9345360994338988
G65	G72	0.9345161914825441
G75	G11	0.9345161914825441
G65	G40	0.9345161914825441
G52	G45	0.9345161914825441
G52	G90	0.9345161914825441
G52	G14	0.9345161914825441
G63	G42	0.9344559907913208
G49	G99	0.9344559907913208
G63	G79	0.9344559311866759
G36	G64	0.934415638446808
G30	G5	0.9342948794364928
G95	G72	0.9342948794364928
G67	G86	0.9342948794364928
G31	G50	0.9342932701110841
G31	G54	0.9342932701110841
G31	G83	0.9342931509017944
G94	G47	0.93427836894989
G72	G70	0.9342591762542723
G63	G92	0.9341968894004822
G75	G64	0.9341935515403748
G75	G36	0.9341935515403748
G52	G38	0.9341935515403748
G52	G36	0.9341935515403748
G75	G65	0.9341935515403748
G65	G62	0.9341935515403748
G75	G56	0.9341935515403748
G75	G93	0.93419349193573
G64	G60	0.934114634990692
G64	G33	0.934114634990692
G64	G19	0.9341145157814026
G46	G38	0.9341025352478028
G87	G8	0.9340909123420716
G36	G34	0.9340908527374268
G66	G100	0.9340313673019408
G31	G59	0.9340313673019408
G30	G28	0.9339744448661804
G67	G35	0.9339743256568908
G95	G62	0.9339743256568908
G95	G61	0.9339743256568908
G63	G72	0.9339378476142884
G63	G83	0.9339378476142884
G49	G68	0.9339378476142884
G50	G13	0.9338815808296204
G50	G48	0.9338815808296204
G65	G63	0.9338709712028505
G75	G99	0.9338709712028505
G6	G17	0.9338607788085938
G64	G24	0.9338541626930236
G64	G71	0.9338541626930236
G46	G87	0.9338461756706238
G87	G38	0.933838427066803
G31	G47	0.9337696433067322
G31	G24	0.9337696433067322
G31	G53	0.9337695837020874
G36	G21	0.93376624584198
G36	G44	0.93376624584198
G36	G74	0.93376624584198
G94	G17	0.9337628483772278
G94	G51	0.9337628483772278
G94	G10	0.9337628483772278
G47	G30	0.9337579011917114
G49	G73	0.9336787462234496
G67	G44	0.9336538910865784
G30	G46	0.9336538910865784
G67	G74	0.9336538910865784
G30	G92	0.9336538314819336
G30	G25	0.9336538314819336
G12	G8	0.933606505393982
G64	G85	0.93359375
G64	G45	0.93359375
G65	G30	0.933548390865326
G66	G27	0.9335078597068788
G31	G94	0.9335078597068788
G31	G29	0.9335078597068788
G31	G49	0.933507800102234
G49	G33	0.9334197640419006
G30	G75	0.9333333969116212
G67	G28	0.9333333969116212
G64	G21	0.9333333969116212
G95	G84	0.9333333969116212
G64	G42	0.9333333373069764
G64	G75	0.9333333373069764
G64	G3	0.9333333373069764
G31	G13	0.9332460761070251
G31	G93	0.9332460761070251
G31	G57	0.9332460761070251
G31	G21	0.9332460761070251
G10	G21	0.9332297444343568
G6	G59	0.933227837085724
G52	G41	0.9332258701324464
G65	G55	0.9332257509231568
G52	G9	0.9332257509231568
G52	G7	0.9332257509231568
G50	G7	0.9332237243652344
G63	G3	0.933160662651062
G49	G30	0.9331606030464172
G36	G85	0.933116853237152
G46	G99	0.9330769181251526
G64	G72	0.933072865009308
G95	G56	0.933012843132019
G95	G77	0.933012843132019
G30	G66	0.933012843132019
G30	G50	0.9330127239227296
G95	G12	0.9330127239227296
G94	G72	0.932989776134491
G94	G78	0.9329897165298462
G66	G77	0.9329843521118164
G31	G20	0.9329842925071716
G31	G75	0.9329842925071716
G31	G70	0.9329842925071716
G31	G30	0.9329842925071716
G31	G6	0.9329842925071716
G6	G76	0.932911455631256
G6	G48	0.9329113364219666
G6	G85	0.9329113364219666
G75	G100	0.932903289794922
G52	G20	0.932903289794922
G52	G61	0.9329031705856324
G49	G52	0.9329015612602234
G49	G93	0.9329015016555786
G64	G47	0.9328125119209291
G36	G4	0.9327921867370604
G94	G24	0.9327319264411926
G31	G2	0.932722508907318
G31	G8	0.932722508907318
G67	G48	0.932692289352417
G49	G15	0.9326425790786744
G63	G6	0.9326424598693848
G49	G43	0.9326424598693848
G49	G5	0.9326424598693848
G63	G81	0.93264240026474
G75	G53	0.9325806498527528
G65	G68	0.9325806498527528
G75	G78	0.9325806498527528
G75	G71	0.9325806498527528
G75	G8	0.9325806498527528
G52	G77	0.932580590248108
G52	G62	0.932580590248108
G87	G19	0.9325757026672364
G64	G34	0.9325520396232604
G94	G26	0.9324742555618286
G36	G3	0.9324675798416138
G36	G73	0.9324675798416138
G36	G61	0.9324675798416138
G66	G3	0.9324607849121094
G31	G39	0.9324606657028198
G49	G35	0.9323834776878356
G63	G36	0.9323834776878356
G63	G60	0.9323834776878356
G49	G46	0.9323834180831908
G63	G100	0.9323834180831908
G49	G89	0.9323834180831908
G49	G36	0.9323834180831908
G63	G35	0.9323834180831908
G49	G54	0.9323834180831908
G49	G69	0.9323834180831908
G95	G48	0.9323718547821044
G95	G94	0.9323718547821044
G30	G73	0.9323717951774596
G95	G11	0.9323717951774596
G95	G85	0.9323717951774596
G30	G56	0.9323717951774596
G46	G50	0.9323077201843262
G64	G10	0.9322916865348816
G64	G20	0.9322916865348816
G64	G25	0.9322916865348816
G64	G89	0.9322916865348816
G65	G9	0.9322580695152284
G52	G89	0.9322580695152284
G75	G40	0.9322580695152284
G52	G95	0.9322580695152284
G65	G36	0.9322579503059388
G54	G80	0.9322368502616882
G94	G39	0.9322165250778198
G94	G38	0.9322165250778198
G31	G48	0.9321989417076112
G36	G17	0.9321428537368774
G63	G22	0.9321243762969972
G49	G61	0.9321243166923524
G95	G24	0.9320513606071472
G30	G31	0.9320513606071472
G46	G85	0.9320513010025024
G95	G58	0.9320512413978576
G95	G10	0.9320512413978576
G95	G45	0.9320512413978576
G95	G29	0.9320512413978576
G30	G15	0.9320512413978576
G64	G83	0.9320312142372132
G6	G96	0.9319620132446288
G6	G82	0.9319620132446288
G6	G57	0.9319620132446288
G31	G32	0.9319371581077576
G65	G12	0.931935489177704
G52	G2	0.931935489177704
G65	G90	0.931935489177704
G75	G38	0.931935489177704
G50	G96	0.9319079518318176
G50	G82	0.931907832622528
G49	G21	0.9318653345108032
G49	G86	0.9318653345108032
G96	G74	0.9317734241485596
G64	G17	0.9317708611488342
G64	G14	0.9317708015441896
G30	G79	0.9317308068275452
G67	G81	0.9317308068275452
G95	G26	0.9317306876182556
G26	G38	0.9317259192466736
G94	G19	0.931701123714447
G94	G3	0.931701123714447
G94	G92	0.9317010045051576
G6	G41	0.9316456317901612
G52	G53	0.9316129684448242
G65	G61	0.9316129684448242
G75	G44	0.9316129684448242
G52	G73	0.9316128492355348
G52	G51	0.9316128492355348
G52	G44	0.9316128492355348
G49	G47	0.9316062331199646
G49	G64	0.9316061735153198
G87	G63	0.9315657019615172
G87	G23	0.9315656423568726
G87	G5	0.9315655827522278
G64	G7	0.9315103888511658
G60	G16	0.9314570426940918
G94	G9	0.9314432740211488
G94	G2	0.9314432740211488
G94	G18	0.9314432740211488
G31	G92	0.9314135909080504
G31	G90	0.9314135909080504
G31	G5	0.9314135909080504
G95	G38	0.9314102530479432
G95	G15	0.9314102530479432
G95	G66	0.9314102530479432
G95	G5	0.9314102530479432
G95	G16	0.9314101934432985
G67	G18	0.9314101934432985
G49	G26	0.931347131729126
G49	G97	0.931347131729126
G49	G42	0.931347131729126
G6	G56	0.9313291907310486
G56	G50	0.9313291907310486
G6	G34	0.931329071521759
G87	G22	0.931313157081604
G87	G50	0.9313130974769592
G75	G6	0.9312903881072998
G52	G29	0.9312903881072998
G75	G16	0.9312903881072998
G75	G24	0.9312903881072998
G65	G81	0.9312902688980104
G46	G24	0.9312819838523864
G46	G91	0.9312819838523864
G50	G100	0.9312500357627868
G64	G13	0.9312500357627868
G64	G23	0.9312500357627868
G50	G92	0.9312500357627868
G28	G39	0.931249976158142
G94	G42	0.9311856031417848
G36	G57	0.9311689138412476
G36	G70	0.931168794631958
G36	G68	0.931168794631958
G36	G25	0.931168794631958
G31	G1	0.9311518669128418
G31	G72	0.9311518669128418
G31	G19	0.9311518669128418
G31	G79	0.9311518669128418
G67	G92	0.9310897588729858
G67	G94	0.9310897588729858
G95	G68	0.9310897588729858
G95	G35	0.9310897588729858
G30	G60	0.9310897588729858
G87	G16	0.9310606122016908
G46	G33	0.9310256838798524
G6	G44	0.9310126900672911
G56	G2	0.9310126900672911
G6	G14	0.9310125708580016
G64	G81	0.9309895634651184
G64	G44	0.9309895634651184
G64	G99	0.9309895634651184
G64	G88	0.9309895634651184
G52	G58	0.9309677481651306
G75	G89	0.9309677481651306
G75	G81	0.9309677481651306
G52	G66	0.9309676885604858
G36	G15	0.9308441877365112
G36	G52	0.9308441877365112
G36	G50	0.9308440685272216
G87	G59	0.9308080673217772
G60	G36	0.930794596672058
G30	G69	0.9307693243026732
G67	G12	0.9307692050933838
G67	G21	0.9307692050933838
G95	G36	0.9307692050933838
G95	G60	0.9307692050933838
G95	G20	0.9307692050933838
G67	G2	0.9307692050933838
G67	G91	0.9307692050933838
G6	G88	0.9306962490081788
G52	G23	0.9306451678276062
G52	G12	0.9306451678276062
G75	G60	0.9306451678276062
G52	G74	0.9306451678276062
G31	G81	0.9306282997131348
G31	G78	0.9306282997131348
G31	G37	0.9306282997131348
G31	G44	0.9306282997131348
G63	G25	0.9305700063705444
G36	G20	0.9305195212364196
G36	G27	0.9305195212364196
G64	G94	0.9304687976837158
G30	G80	0.9304487705230712
G67	G60	0.9304487705230712
G30	G34	0.9304486513137816
G94	G16	0.9304123520851136
G94	G33	0.9304123520851136
G94	G23	0.9304123520851136
G94	G74	0.9304123520851136
G6	G60	0.9303797483444214
G6	G1	0.9303797483444214
G31	G41	0.9303664565086364
G31	G46	0.9303664565086364
G31	G99	0.9303664565086364
G52	G96	0.9303226470947266
G52	G32	0.9303226470947266
G75	G35	0.9303225874900818
G52	G76	0.9303225874900818
G52	G46	0.9303225874900818
G28	G9	0.9303125143051147
G28	G37	0.93031245470047
G49	G63	0.9303109645843506
G49	G6	0.9303109049797058
G46	G69	0.9302563667297364
G46	G80	0.9302563667297364
G64	G55	0.930208384990692
G36	G86	0.9301947951316832
G94	G63	0.9301546216011048
G95	G34	0.9301282167434692
G67	G62	0.9301282167434692
G95	G28	0.9301282167434692
G30	G87	0.9301282167434692
G95	G98	0.9301282167434692
G67	G19	0.9301281571388244
G30	G41	0.9301281571388244
G30	G48	0.9301281571388244
G95	G32	0.9301281571388244
G10	G58	0.9301242232322692
G31	G60	0.9301047325134276
G63	G18	0.9300518035888672
G63	G64	0.9300518035888672
G87	G21	0.930050492286682
G87	G45	0.930050492286682
G52	G47	0.930000066757202
G75	G80	0.9299999475479126
G52	G99	0.9299999475479126
G75	G98	0.9299999475479126
G75	G10	0.9299999475479126
G64	G56	0.9299479126930236
G64	G6	0.9299479126930236
G72	G85	0.92993825674057
G94	G4	0.929896891117096
G36	G35	0.9298701286315918
G31	G87	0.9298429489135742
G95	G41	0.9298077225685121
G95	G47	0.9298077225685121
G30	G95	0.9298077225685121
G95	G49	0.9298077225685121
G30	G53	0.9298077225685121
G30	G61	0.9298076033592224
G87	G49	0.9297980070114136
G87	G91	0.9297980070114136
G63	G51	0.9297927021980286
G49	G79	0.9297927021980286
G14	G85	0.9297435879707336
G46	G94	0.9297435283660888
G64	G70	0.9296875
G64	G11	0.9296875
G65	G71	0.9296774864196776
G75	G77	0.9296773672103882
G94	G11	0.929639220237732
G94	G65	0.9296391010284424
G36	G13	0.929545521736145
G87	G41	0.9295454621315002
G49	G82	0.9295336604118348
G49	G55	0.9295336604118348
G46	G93	0.92948716878891
G95	G82	0.92948716878891
G30	G63	0.92948716878891
G30	G45	0.92948716878891
G46	G44	0.9294871091842652
G6	G93	0.9294303059577942
G6	G11	0.9294303059577942
G64	G73	0.9294270873069764
G52	G69	0.9293548464775084
G87	G56	0.9292929172515868
G49	G12	0.9292746186256408
G36	G84	0.9292207956314088
G36	G45	0.9292207956314088
G59	G41	0.92919260263443
G95	G100	0.9291667342185974
G67	G4	0.9291667342185974
G95	G44	0.9291667342185974
G95	G23	0.9291666746139526
G30	G68	0.9291666746139526
G64	G96	0.929166615009308
G64	G46	0.929166615009308
G94	G93	0.9291236996650696
G94	G61	0.9291236996650696
G6	G100	0.9291139245033264
G6	G61	0.9291139245033264
G31	G12	0.9290575981140136
G52	G28	0.929032266139984
G52	G60	0.929032266139984
G49	G34	0.929015576839447
G49	G84	0.929015576839447
G49	G20	0.9290154576301576
G84	G92	0.9290094375610352
G9	G79	0.928980827331543
G36	G94	0.9288961291313172
G10	G45	0.9288820028305054
G94	G75	0.9288660287857056
G94	G86	0.9288659691810608
G94	G81	0.9288659691810608
G94	G15	0.9288659691810608
G67	G40	0.92884624004364
G95	G53	0.92884624004364
G95	G46	0.92884624004364
G6	G84	0.928797483444214
G31	G68	0.9287957549095154
G31	G3	0.9287957549095154
G31	G43	0.9287957549095154
G31	G65	0.9287957549095154
G87	G72	0.9287879467010498
G49	G96	0.9287564754486084
G46	G21	0.9287179708480836
G46	G90	0.9287179112434388
G46	G16	0.9287179112434388
G65	G46	0.9287097454071044
G52	G94	0.9287096858024596
G52	G8	0.9287096858024596
G64	G76	0.9286458492279052
G64	G79	0.9286458492279052
G94	G82	0.9286082983016968
G59	G93	0.9285714030265808
G36	G51	0.9285714030265808
G30	G65	0.928525686264038
G67	G65	0.928525686264038
G67	G24	0.928525686264038
G95	G31	0.9285255670547484
G30	G86	0.9285255670547484
G6	G63	0.928481101989746
G75	G94	0.92838716506958
G52	G79	0.9283870458602904
G94	G76	0.928350567817688
G10	G5	0.9282608628273009
G10	G6	0.9282608628273009
G10	G26	0.9282608628273009
G36	G24	0.9282467365264891
G49	G67	0.928238332271576
G95	G70	0.9282051324844359
G95	G33	0.9282051324844359
G30	G100	0.9282051324844359
G46	G74	0.9282051324844359
G95	G90	0.9282051324844359
G46	G15	0.9282051324844359
G30	G7	0.9282051324844359
G95	G21	0.9282051324844359
G6	G26	0.9281646013259888
G56	G85	0.9281645417213441
G64	G15	0.9281250834465028
G28	G16	0.928125023841858
G64	G36	0.9281249642372132
G64	G82	0.9281249642372132
G94	G21	0.9280927777290344
G94	G58	0.9280927777290344
G75	G69	0.9280645847320556
G65	G25	0.928064465522766
G87	G95	0.9280303120613098
G87	G94	0.9280303120613098
G31	G62	0.9280104637145996
G31	G40	0.9280104637145996
G31	G77	0.9280104637145996
G46	G32	0.9279487729072572
G46	G53	0.9279487133026124
G36	G67	0.9279220104217528
G36	G99	0.9279220104217528
G36	G18	0.9279220104217528
G95	G2	0.9278846383094788
G67	G45	0.9278846383094788
G95	G43	0.9278846383094788
G67	G97	0.9278846383094788
G37	G93	0.927878737449646
G64	G5	0.9278646111488342
G6	G89	0.9278480410575868
G94	G52	0.9278350472450256
G94	G60	0.9278350472450256
G31	G74	0.9277487397193908
G52	G75	0.9277419447898864
G52	G67	0.9277419447898864
G52	G57	0.9277419447898864
G75	G15	0.9277418851852416
G46	G31	0.9276923537254332
G46	G42	0.9276922941207886
G46	G79	0.9276922941207886
G36	G59	0.9275974631309508
G94	G44	0.9275773763656616
G95	G92	0.9275640845298768
G95	G81	0.9275640845298768
G95	G1	0.9275640845298768
G6	G4	0.9275316596031188
G87	G74	0.9275252223014832
G28	G75	0.9274999499320984
G28	G79	0.9274999499320984
G31	G89	0.9274869561195374
G46	G98	0.9274358749389648
G52	G21	0.927419364452362
G52	G84	0.927419364452362
G26	G64	0.9274112582206726
G94	G25	0.9273196458816528
G94	G20	0.9273195266723632
G36	G65	0.9272727370262146
G36	G19	0.9272727370262146
G36	G78	0.9272726774215698
G67	G56	0.9272436499595642
G95	G75	0.9272436499595642
G67	G59	0.9272435307502748
G31	G22	0.9272251725196838
G31	G73	0.9272251725196838
G31	G14	0.9272251725196838
G31	G17	0.9272250533103944
G56	G94	0.9272152185440063
G6	G45	0.9272152185440063
G6	G90	0.9272152185440063
G49	G91	0.9272021651268004
G49	G95	0.927202045917511
G75	G46	0.9270968437194824
G52	G59	0.9270967841148376
G52	G56	0.9270967841148376
G75	G61	0.9270967841148376
G64	G38	0.9270833134651184
G64	G18	0.9270833134651184
G94	G64	0.927061915397644
G94	G31	0.927061915397644
G94	G96	0.9270617961883544
G94	G67	0.9270617961883544
G10	G79	0.9270186424255372
G31	G23	0.9269633889198304
G31	G66	0.9269633889198304
G36	G83	0.9269480705261229
G49	G59	0.9269429445266724
G49	G3	0.9269429445266724
G14	G53	0.9269230961799622
G30	G10	0.9269230961799622
G14	G84	0.9269230961799622
G95	G18	0.9269230365753174
G95	G13	0.9269230365753174
G14	G31	0.9269229769706726
G26	G70	0.9269036054611206
G56	G54	0.926898717880249
G56	G30	0.926898717880249
G56	G19	0.926898717880249
G64	G1	0.9268229007720948
G64	G43	0.9268229007720948
G94	G49	0.9268041253089904
G94	G95	0.9268041253089904
G52	G10	0.9267741441726683
G87	G42	0.926767647266388
G76	G74	0.9267647266387941
G63	G29	0.9266839623451232
G46	G58	0.9266666769981384
G46	G56	0.9266666769981384
G36	G11	0.9266233444213868
G95	G14	0.9266026020050048
G95	G67	0.9266026020050048
G30	G23	0.9266026020050048
G30	G6	0.9266026020050048
G30	G9	0.9266024827957152
G67	G76	0.9266024827957152
G95	G39	0.9266024827957152
G56	G84	0.9265823364257812
G6	G25	0.9265822172164916
G94	G97	0.9265464544296264
G94	G91	0.9265463948249816
G87	G31	0.9265151619911194
G75	G31	0.9264516234397888
G52	G42	0.9264516234397888
G52	G50	0.926451563835144
G65	G39	0.926451563835144
G31	G38	0.926439881324768
G31	G15	0.9264397621154784
G31	G9	0.9264397621154784
G31	G80	0.9264397621154784
G47	G22	0.9264330863952636
G49	G27	0.9264248609542848
G46	G64	0.92641019821167
G46	G20	0.92641019821167
G10	G74	0.9263975024223328
G26	G92	0.9263959527015686
G64	G40	0.926302134990692
G64	G95	0.926302134990692
G36	G69	0.92629873752594
G36	G32	0.9262986779212952
G94	G46	0.9262887239456176
G94	G34	0.9262886643409728
G95	G65	0.9262820482254028
G95	G40	0.9262820482254028
G95	G91	0.9262820482254028
G30	G72	0.9262820482254028
G6	G7	0.926265835762024
G6	G94	0.9262657761573792
G87	G43	0.9262626767158508
G87	G99	0.9262626767158508
G87	G12	0.9262626767158508
G87	G60	0.9262626171112059
G87	G26	0.9262626171112059
G28	G10	0.9262499809265136
G31	G91	0.9261780381202698
G31	G71	0.926177978515625
G49	G90	0.9261658191680908
G49	G14	0.9261658191680908
G46	G84	0.9261538982391356
G52	G65	0.9261290431022644
G52	G91	0.9261290431022644
G10	G90	0.9260870218276978
G64	G84	0.9260416626930236
G94	G41	0.9260308742523192
G87	G92	0.9260100722312928
G36	G92	0.9259740710258484
G36	G91	0.9259740710258484
G30	G55	0.9259614944458008
G30	G20	0.9259614944458008
G30	G64	0.9259614944458008
G95	G80	0.9259614944458008
G6	G3	0.9259493947029114
G56	G99	0.9259493947029114
G6	G30	0.9259493947029114
G6	G65	0.9259493947029114
G28	G89	0.9259374737739564
G46	G23	0.9258973598480223
G75	G3	0.92580646276474
G64	G12	0.92578125
G59	G95	0.9257764220237732
G59	G22	0.9257763028144836
G87	G58	0.9257575869560242
G87	G44	0.9257575869560242
G87	G82	0.9257575273513794
G31	G28	0.9256544709205629
G36	G46	0.925649344921112
G36	G72	0.9256492853164672
G95	G93	0.9256410598754884
G14	G50	0.9256410002708436
G14	G91	0.9256410002708436
G46	G76	0.9256410002708436
G30	G96	0.9256410002708436
G46	G66	0.9256410002708436
G46	G96	0.9256410002708436
G14	G47	0.9256410002708436
G46	G28	0.9256410002708436
G30	G40	0.9256410002708436
G95	G51	0.9256410002708436
G26	G10	0.9256345629692078
G26	G74	0.9256344437599182
G6	G19	0.925632894039154
G6	G83	0.925632894039154
G56	G42	0.925632894039154
G6	G52	0.925632894039154
G28	G8	0.9256249666213988
G94	G99	0.9255154728889464
G94	G48	0.9255154728889464
G87	G61	0.9255051016807556
G87	G30	0.9255050420761108
G87	G70	0.9255050420761108
G52	G68	0.9254838228225708
G65	G37	0.9254838228225708
G84	G32	0.9254716634750366
G31	G95	0.9253926873207092
G49	G92	0.9253886342048644
G46	G9	0.9253845810890198
G46	G11	0.9253845810890198
G46	G25	0.9253845810890198
G26	G62	0.9253807067871094
G36	G62	0.9253246784210204
G36	G31	0.9253246784210204
G36	G37	0.9253246784210204
G67	G36	0.9253204464912416
G6	G71	0.9253164529800416
G28	G11	0.9253125190734864
G28	G58	0.9253125190734864
G87	G20	0.9252524971961976
G52	G83	0.925161361694336
G52	G49	0.9251612424850464
G52	G17	0.9251612424850464
G37	G38	0.9251515865325928
G31	G10	0.9251309633255004
G31	G63	0.9251309633255004
G31	G69	0.9251309037208556
G14	G87	0.9251282811164856
G14	G15	0.9251281619071959
G46	G54	0.9251281619071959
G14	G73	0.9251281619071959
G6	G27	0.9250000715255736
G94	G29	0.9250000119209291
G30	G22	0.9250000119209291
G6	G9	0.9249999523162842
G36	G95	0.9249999523162842
G36	G42	0.9249999523162842
G87	G66	0.9249999523162842
G6	G36	0.9249999523162842
G14	G37	0.9248718023300172
G14	G61	0.9248718023300172
G10	G43	0.9248446822166444
G59	G90	0.9248446822166444
G75	G39	0.9248387217521667
G87	G84	0.9247475266456604
G87	G24	0.9247474074363708
G87	G10	0.9247474074363708
G94	G80	0.9247422218322754
G28	G84	0.9246875643730164
G28	G23	0.9246875047683716
G56	G69	0.9246835708618164
G6	G62	0.9246835708618164
G6	G75	0.9246835112571716
G56	G47	0.9246835112571716
G30	G81	0.9246794581413268
G36	G16	0.9246754050254822
G36	G49	0.9246752858161926
G36	G77	0.9246752858161926
G46	G4	0.9246153235435486
G63	G7	0.9246113896369934
G31	G64	0.9246073365211488
G31	G51	0.9246073365211488
G10	G39	0.9245340824127196
G52	G55	0.9245161414146424
G65	G2	0.9245161414146424
G52	G70	0.9245161414146424
G87	G80	0.9244950413703918
G87	G57	0.9244948625564576
G94	G73	0.9244845509529114
G94	G7	0.9244845509529114
G94	G62	0.9244844913482666
G64	G65	0.9244791865348816
G8	G58	0.9244131445884703
G28	G100	0.9243750572204591
G28	G71	0.9243749380111694
G56	G70	0.924367129802704
G14	G74	0.9243589639663696
G67	G22	0.9243589639663696
G46	G75	0.9243589639663696
G46	G45	0.9243589639663696
G14	G88	0.9243589639663696
G49	G22	0.9243524074554444
G31	G76	0.9243455529212952
G31	G42	0.9243454933166504
G79	G39	0.9242424368858336
G87	G33	0.9242424368858336
G87	G67	0.9242424368858336
G87	G34	0.9242423176765442
G94	G100	0.9242268204689026
G68	G53	0.9242138266563416
G46	G51	0.924102544784546
G46	G57	0.924102544784546
G49	G39	0.9240932464599608
G1	G42	0.9240853786468506
G31	G35	0.9240837693214417
G31	G98	0.9240837693214417
G28	G1	0.9240625500679016
G56	G33	0.9240506291389464
G95	G37	0.9240384101867676
G94	G28	0.9239691495895386
G94	G40	0.9239690899848938
G94	G55	0.9239690899848938
G10	G63	0.9239131212234496
G10	G70	0.9239130616188048
G59	G47	0.9239130616188048
G75	G34	0.9238710403442384
G75	G70	0.9238709211349488
G52	G4	0.9238709211349488
G26	G48	0.9238578677177428
G46	G43	0.9238461256027222
G14	G58	0.9238461256027222
G14	G75	0.9238461256027222
G1	G90	0.9237805604934692
G72	G54	0.9237654805183412
G72	G41	0.9237654209136964
G28	G51	0.9237500429153442
G87	G55	0.9237373471260072
G6	G24	0.9237342476844788
G6	G18	0.9237341284751892
G6	G39	0.9237341284751892
G6	G22	0.9237341284751892
G95	G57	0.9237179756164552
G67	G23	0.9237179756164552
G30	G74	0.9237179160118104
G95	G69	0.9237179160118104
G95	G52	0.9237179160118104
G94	G79	0.9237114191055298
G94	G6	0.9237114191055298
G94	G43	0.9237114191055298
G36	G80	0.923701286315918
G36	G41	0.923701286315918
G59	G72	0.92360258102417
G59	G65	0.92360258102417
G14	G66	0.9235897064208984
G46	G78	0.9235897064208984
G46	G89	0.9235897064208984
G14	G99	0.9235896468162536
G49	G10	0.923575222492218
G31	G82	0.9235602617263794
G31	G27	0.9235602021217346
G52	G43	0.9235483407974244
G52	G54	0.9235483407974244
G94	G12	0.9234535694122314
G64	G66	0.9234375357627868
G6	G29	0.9234178066253662
G6	G16	0.9234176874160768
G6	G66	0.9234176874160768
G95	G9	0.9233974814414978
G67	G79	0.9233973622322084
G30	G17	0.9233973622322084
G36	G47	0.9233766198158264
G36	G48	0.9233766198158264
G36	G79	0.9233766198158264
G26	G29	0.9233502149581908
G26	G13	0.9233502149581908
G46	G6	0.9233333468437196
G46	G49	0.9233333468437196
G46	G40	0.9233333468437196
G46	G5	0.9233332872390748
G46	G52	0.9233332872390748
G31	G26	0.9232983589172364
G59	G9	0.9232918620109558
G9	G3	0.9232484698295592
G87	G51	0.9232323169708252
G87	G83	0.9232323169708252
G87	G2	0.9232323169708252
G52	G27	0.9232257604599
G65	G95	0.9232257604599
G75	G52	0.9232257604599
G94	G69	0.9231958985328674
G94	G98	0.9231958389282228
G64	G86	0.9231770634651184
G1	G67	0.9231706857681274
G28	G26	0.9231249690055848
G6	G99	0.9231013059616088
G6	G78	0.9231013059616088
G56	G32	0.9231011867523192
G6	G42	0.9231011867523192
G95	G4	0.9230769276618958
G14	G23	0.9230769276618958
G95	G27	0.9230769276618958
G95	G97	0.9230769276618958
G14	G49	0.923076868057251
G63	G47	0.9230570197105408
G36	G6	0.9230520129203796
G36	G71	0.9230520129203796
G31	G7	0.9230366945266724
G31	G36	0.9230365753173828
G10	G19	0.9229813814163208
G59	G58	0.9229813814163208
G10	G22	0.9229813814163208
G59	G18	0.9229813218116759
G59	G24	0.9229813218116759
G87	G86	0.9229798913002014
G87	G6	0.922979772090912
G94	G87	0.9229381680488586
G94	G77	0.9229381680488586
G94	G37	0.922938108444214
G9	G24	0.9229298830032348
G64	G54	0.9229166507720948
G52	G13	0.9229032397270204
G52	G25	0.9229032397270204
G49	G29	0.9227978587150574
G6	G72	0.9227848052978516
G6	G31	0.9227847456932068
G6	G43	0.9227847456932068
G59	G76	0.9226708412170409
G10	G81	0.9226707220077516
G59	G49	0.9226707220077516
G9	G36	0.9226114153862
G26	G46	0.92258882522583
G52	G97	0.9225806593894958
G52	G92	0.9225806593894958
G52	G19	0.9225806593894958
G14	G22	0.9225641489028932
G14	G93	0.9225640892982484
G72	G50	0.9225308299064636
G72	G38	0.9225308299064636
G31	G55	0.9225130677223206
G31	G18	0.9225130677223206
G87	G89	0.92247474193573
G87	G78	0.92247474193573
G56	G58	0.922468364238739
G36	G8	0.9224025011062622
G10	G82	0.9223602414131165
G59	G53	0.9223602414131165
G46	G73	0.9223077297210692
G46	G100	0.9223076701164246
G52	G48	0.9222581386566162
G52	G87	0.9222580194473268
G52	G31	0.9222580194473268
G72	G10	0.9222222566604614
G87	G76	0.9222221970558168
G28	G38	0.9221875071525574
G6	G70	0.9221519827842712
G6	G37	0.9221518635749816
G56	G31	0.9221518635749816
G6	G67	0.9221518635749816
G6	G79	0.9221518635749816
G30	G27	0.922115445137024
G5	G59	0.9221115708351136
G14	G86	0.9220513105392456
G14	G3	0.9220513105392456
G14	G57	0.9220513105392456
G14	G64	0.9220513105392456
G14	G7	0.9220513105392456
G14	G56	0.9220511913299559
G10	G9	0.922049641609192
G49	G28	0.9220207333564758
G9	G80	0.9219745397567748
G87	G32	0.921969711780548
G87	G28	0.921969711780548
G75	G57	0.9219354391098022
G94	G27	0.9219072461128236
G6	G97	0.921835482120514
G6	G8	0.921835482120514
G6	G80	0.9218354225158693
G46	G1	0.921794891357422
G67	G9	0.9217947721481324
G95	G30	0.9217947721481324
G46	G55	0.9217947721481324
G59	G28	0.921739101409912
G87	G14	0.9217171669006348
G9	G40	0.9216560125350952
G9	G54	0.9216560125350952
G1	G22	0.9216462969779968
G1	G56	0.9216462969779968
G26	G1	0.921573519706726
G14	G52	0.921538472175598
G46	G29	0.921538472175598
G6	G86	0.9215190410614014
G56	G45	0.9215190410614014
G6	G53	0.9215190410614014
G6	G2	0.9215190410614014
G56	G24	0.9215190410614014
G87	G52	0.9214646220207214
G59	G67	0.9214286208152772
G36	G81	0.9214285612106324
G10	G34	0.9214285016059875
G94	G36	0.9213917255401612
G1	G21	0.9213414788246156
G9	G85	0.92133766412735
G9	G8	0.9213375449180604
G26	G17	0.9213197827339172
G72	G32	0.9212962985038756
G52	G100	0.9212903380393982
G75	G88	0.9212902188301086
G14	G4	0.9212819933891296
G14	G82	0.9212819933891296
G46	G26	0.9212819933891296
G28	G40	0.9212499856948853
G87	G69	0.921212077140808
G95	G96	0.9211538434028624
G94	G89	0.9211339950561525
G94	G8	0.9211339950561525
G8	G91	0.921126663684845
G59	G63	0.9211180210113524
G59	G50	0.9211180210113524
G59	G10	0.9211180210113524
G59	G43	0.9211179614067078
G10	G86	0.9211179614067078
G36	G28	0.921103835105896
G26	G5	0.9210659861564636
G46	G88	0.9210256934165956
G46	G14	0.9210256934165956
G46	G8	0.921025574207306
G46	G92	0.921025574207306
G46	G83	0.921025574207306
G14	G63	0.921025574207306
G72	G60	0.9209876060485841
G75	G82	0.9209677577018738
G31	G11	0.9209423661231996
G8	G70	0.9208920001983644
G6	G81	0.9208860993385316
G30	G57	0.92083340883255
G67	G25	0.92083340883255
G95	G17	0.9208332896232604
G26	G18	0.9208121299743652
G26	G93	0.9208121299743652
G59	G73	0.9208074808120728
G36	G87	0.9207792282104492
G36	G75	0.9207792282104492
G46	G60	0.9207692742347716
G14	G69	0.9207691550254822
G84	G85	0.9207547307014464
G87	G27	0.920707106590271
G87	G18	0.9207069873809814
G9	G72	0.9207006692886353
G72	G66	0.920678973197937
G72	G98	0.920678973197937
G28	G43	0.9206250309944152
G94	G83	0.9206185936927797
G56	G83	0.9205697178840636
G56	G89	0.9205695986747742
G56	G49	0.9205695986747742
G6	G20	0.9205695986747742
G6	G58	0.9205695986747742
G95	G50	0.920512855052948
G14	G71	0.9205127954483032
G46	G41	0.9205127954483032
G14	G96	0.9205127358436584
G10	G85	0.9204968810081482
G59	G56	0.9204968810081482
G59	G81	0.9204968810081482
G36	G33	0.9204545617103576
G31	G86	0.9204188585281372
G31	G56	0.9204188585281372
G9	G44	0.9203821420669556
G28	G27	0.920312523841858
G28	G55	0.920312523841858
G64	G39	0.9203124642372132
G26	G59	0.9203045964241028
G46	G61	0.9202563762664796
G14	G54	0.9202563762664796
G46	G17	0.9202563762664796
G6	G23	0.9202532172203064
G56	G12	0.9202532172203064
G56	G76	0.9202530980110168
G6	G77	0.9202530980110168
G87	G46	0.9202020168304444
G10	G55	0.9201862812042236
G36	G54	0.9201299548149108
G36	G14	0.9201298356056212
G36	G100	0.9201298356056212
G1	G85	0.9201219081878662
G9	G52	0.9200636744499208
G9	G1	0.9200636744499208
G72	G59	0.9200616478919984
G52	G11	0.9200000166893004
G28	G95	0.9199999570846558
G46	G18	0.9199999570846558
G14	G10	0.9199999570846558
G46	G68	0.9199999570846558
G46	G12	0.9199999570846558
G87	G79	0.9199494719505309
G87	G4	0.9199494719505309
G10	G88	0.9198758006095886
G59	G7	0.9198757410049438
G94	G71	0.9198453426361084
G36	G88	0.9198052287101746
G26	G50	0.9197969436645508
G26	G98	0.9197968840599059
G48	G5	0.9197499752044678
G46	G36	0.919743537902832
G28	G56	0.9196874499320984
G52	G3	0.919677436351776
G31	G52	0.9196335673332214
G6	G13	0.9196202754974364
G56	G18	0.9196202754974364
G56	G57	0.9196202754974364
G94	G90	0.9195876717567444
G1	G18	0.9195122122764589
G14	G62	0.9194871783256532
G14	G24	0.9194871783256532
G46	G63	0.9194871783256532
G36	G38	0.919480562210083
G36	G29	0.9194804430007936
G87	G9	0.9194444417953492
G9	G10	0.9194267988204956
G28	G64	0.9193749427795409
G52	G39	0.9193548560142516
G56	G35	0.9193037748336792
G59	G100	0.9192546606063844
G10	G37	0.9192546606063844
G10	G62	0.9192546606063844
G59	G37	0.9192545413970948
G14	G21	0.9192306995391846
G49	G62	0.9191709756851196
G9	G62	0.919108271598816
G9	G90	0.919108271598816
G9	G92	0.919108271598816
G94	G1	0.919072151184082
G28	G24	0.9190624952316284
G52	G85	0.919032335281372
G56	G16	0.9189873933792114
G56	G65	0.9189873933792114
G6	G69	0.9189873337745668
G14	G28	0.9189743399620056
G46	G39	0.9189743399620056
G87	G35	0.9189393520355223
G63	G20	0.9189119338989258
G72	G89	0.9188271760940552
G28	G12	0.9187499880790709
G14	G17	0.918717920780182
G46	G19	0.918717920780182
G46	G95	0.918717920780182
G52	G5	0.918709635734558
G87	G96	0.918686866760254
G56	G52	0.9186709523200988
G10	G42	0.91863352060318
G1	G58	0.9185975193977356
G94	G13	0.9185566902160645
G68	G42	0.9185534119606018
G26	G3	0.9185279607772828
G26	G49	0.918527901172638
G9	G19	0.9184713959693908
G9	G45	0.918471336364746
G9	G15	0.918471336364746
G14	G32	0.9184615612030028
G14	G35	0.9184615015983582
G14	G26	0.9184615015983582
G14	G2	0.9184615015983582
G46	G67	0.9184615015983582
G14	G83	0.9184615015983582
G28	G53	0.9184376001358032
G28	G85	0.9184374809265136
G59	G94	0.9183230400085448
G59	G15	0.9183230400085448
G1	G3	0.9182926416397096
G72	G68	0.9182097911834716
G46	G72	0.9182051420211792
G87	G48	0.9181817770004272
G28	G67	0.9181250333786012
G28	G52	0.9181249737739564
G28	G48	0.9181249737739564
G94	G59	0.918041169643402
G56	G26	0.918038010597229
G56	G73	0.918038010597229
G56	G5	0.918038010597229
G56	G67	0.9180378913879396
G10	G51	0.9180124402046204
G59	G86	0.9180124402046204
G59	G36	0.9180124402046204
G59	G99	0.9180123209953308
G1	G16	0.917987823486328
G1	G87	0.917987823486328
G46	G65	0.9179487228393556
G14	G79	0.9179487228393556
G87	G62	0.9179292917251588
G87	G36	0.9179292917251588
G9	G58	0.9178343415260316
G9	G33	0.9178343415260316
G31	G33	0.9178010821342468
G31	G45	0.9178010821342468
G26	G60	0.9177665114402772
G26	G89	0.9177665114402772
G26	G96	0.9177665114402772
G56	G44	0.9177215099334716
G6	G47	0.9177215099334716
G6	G46	0.9177215099334716
G59	G8	0.9177019596099854
G59	G27	0.9177019596099854
G10	G38	0.9177018404006958
G10	G60	0.9177018404006958
G46	G34	0.9176923036575316
G14	G89	0.9176923036575316
G14	G8	0.9176923036575316
G46	G47	0.9176923036575316
G87	G71	0.9176767468452454
G68	G74	0.9176101088523864
G9	G41	0.9175159335136414
G9	G34	0.9175159335136414
G9	G12	0.9175159335136414
G9	G74	0.9175159335136414
G26	G37	0.9175127148628236
G28	G92	0.9175000190734864
G14	G94	0.9174359440803528
G14	G33	0.917435884475708
G87	G37	0.9174242615699768
G87	G11	0.917424201965332
G6	G50	0.917405128479004
G56	G53	0.917405128479004
G6	G91	0.9174050688743592
G56	G11	0.9174050688743592
G59	G64	0.9173913598060608
G59	G25	0.9173913598060608
G10	G61	0.9173913002014159
G59	G16	0.9173913002014159
G10	G8	0.9173913002014159
G59	G14	0.9173913002014159
G68	G76	0.9172955155372621
G72	G2	0.9172840118408204
G72	G63	0.9172840118408204
G79	G88	0.9172727465629578
G9	G26	0.9171974658966064
G28	G63	0.9171875119209291
G14	G70	0.917179524898529
G14	G98	0.917179524898529
G14	G19	0.9171794652938844
G14	G55	0.9171794652938844
G14	G78	0.9171794652938844
G87	G54	0.9171716570854188
G56	G71	0.9170886874198914
G6	G12	0.9170886874198914
G59	G60	0.9170808196067809
G59	G34	0.9170808196067809
G10	G15	0.9170808196067809
G1	G91	0.9170732498168944
G31	G96	0.9170156717300416
G72	G88	0.9169753193855286
G14	G12	0.9169231057167052
G14	G18	0.9169231057167052
G46	G35	0.9169231057167052
G46	G77	0.9169229865074158
G46	G81	0.9169229865074158
G46	G7	0.9169229865074158
G9	G2	0.9168789386749268
G56	G87	0.916772186756134
G56	G17	0.916772186756134
G56	G10	0.916772186756134
G10	G52	0.9167702198028564
G10	G23	0.9167702198028564
G59	G29	0.9167701005935668
G1	G88	0.9167683124542236
G26	G84	0.9167512059211732
G26	G85	0.9167512059211732
G14	G92	0.9166667461395264
G46	G10	0.9166667461395264
G14	G13	0.9166666865348816
G72	G30	0.9166666865348816
G14	G42	0.9166666865348816
G46	G22	0.916666567325592
G72	G13	0.916666567325592
G87	G15	0.916666567325592
G28	G7	0.9165624380111694
G9	G100	0.9165604710578918
G48	G85	0.9165000319480896
G10	G35	0.9164597392082214
G59	G68	0.916459619998932
G59	G79	0.916459619998932
G10	G18	0.916459619998932
G10	G72	0.916459619998932
G59	G78	0.916459619998932
G59	G39	0.916459619998932
G59	G85	0.9164595603942872
G56	G27	0.9164556860923768
G6	G21	0.9164556860923768
G6	G28	0.916455626487732
G8	G11	0.9164318442344666
G87	G65	0.9164142012596129
G14	G67	0.916410267353058
G14	G76	0.916410267353058
G28	G59	0.9162500500679016
G28	G98	0.9162500500679016
G26	G78	0.9162436723709106
G26	G87	0.9162436723709106
G9	G5	0.9162420630455016
G76	G86	0.9161764979362488
G14	G45	0.9161539077758788
G14	G25	0.9161537885665894
G46	G27	0.9161537885665894
G14	G11	0.9161537885665894
G10	G49	0.916149079799652
G10	G87	0.916149079799652
G59	G77	0.9161489605903624
G56	G34	0.9161392450332642
G95	G42	0.916025698184967
G9	G83	0.9159235954284668
G36	G43	0.9159091114997864
G14	G34	0.9158974885940552
G46	G86	0.9158974885940552
G14	G97	0.9158974885940552
G14	G48	0.9158973693847656
G10	G31	0.9158385992050172
G59	G4	0.9158384799957277
G59	G48	0.9158384799957277
G6	G33	0.9158228635787964
G56	G4	0.9158227443695068
G37	G83	0.9157575368881226
G72	G71	0.9157407879829408
G72	G58	0.9157406687736512
G8	G17	0.9157277345657348
G68	G85	0.9157233238220216
G68	G32	0.915723204612732
G68	G60	0.915723204612732
G68	G26	0.915723204612732
G87	G25	0.9156565666198729
G46	G82	0.915640950202942
G28	G36	0.915624976158142
G9	G48	0.9156050682067872
G9	G32	0.9156050682067872
G1	G44	0.9155487418174744
G10	G84	0.9155279994010924
G10	G25	0.9155279994010924
G6	G95	0.9155063629150392
G6	G64	0.9155063033103944
G26	G71	0.9154821634292604
G37	G82	0.9154545664787292
G31	G97	0.9154449701309204
G72	G65	0.9154322147369384
G68	G49	0.9154088497161864
G68	G88	0.9154088497161864
G68	G37	0.915408730506897
G87	G68	0.9154040217399596
G14	G81	0.9153845906257628
G28	G50	0.9153125882148744
G9	G23	0.9152867197990416
G26	G40	0.9152284264564514
G26	G63	0.9152283668518066
G59	G75	0.9152173399925232
G14	G20	0.9151282906532288
G14	G29	0.9151281714439392
G72	G81	0.9151234626770021
G72	G31	0.9151234626770021
G72	G36	0.9151234626770021
G72	G8	0.9151234626770021
G26	G44	0.9149746298789978
G9	G28	0.914968192577362
G9	G71	0.9149681329727172
G9	G99	0.9149681329727172
G1	G20	0.9149389266967772
G59	G51	0.9149068593978882
G87	G97	0.9148989319801332
G6	G38	0.9148733615875244
G46	G70	0.9148717522621156
G68	G34	0.9147798418998718
G68	G66	0.9147798418998718
G68	G83	0.9147798418998718
G28	G76	0.9146875143051147
G28	G21	0.91468745470047
G87	G39	0.9146465063095092
G14	G16	0.9146153330802916
G10	G56	0.9145962595939636
G6	G32	0.9145569801330566
G56	G77	0.9145569801330566
G56	G40	0.9145569801330566
G72	G87	0.9145061373710632
G26	G58	0.9144669771194458
G68	G70	0.9144654870033264
G68	G8	0.9144654870033264
G68	G16	0.9144653677940368
G68	G78	0.9144653677940368
G95	G54	0.9144230484962464
G28	G57	0.9143750071525574
G28	G6	0.9143750071525574
G14	G60	0.9143590927124025
G46	G62	0.9143589735031128
G46	G71	0.914358913898468
G10	G29	0.9142857789993286
G10	G13	0.9142857789993286
G36	G82	0.9142857193946838
G59	G88	0.9142856001853944
G56	G78	0.9142404794692992
G56	G36	0.9142404794692992
G26	G88	0.9142131805419922
G72	G73	0.9141975641250609
G72	G27	0.9141975641250609
G72	G12	0.9141974449157716
G84	G94	0.9141509532928468
G68	G5	0.9141509532928468
G87	G88	0.9141414165496826
G46	G13	0.9141024947166444
G28	G68	0.9140625
G28	G17	0.9140625
G1	G59	0.9140244722366332
G48	G82	0.9140000343322754
G10	G99	0.9139752388000488
G10	G30	0.9139752388000488
G26	G79	0.9139593839645386
G37	G20	0.9139394164085388
G56	G46	0.9139240980148317
G6	G92	0.9139240384101868
G56	G6	0.9139240384101868
G84	G30	0.9139150977134703
G72	G47	0.913888931274414
G72	G78	0.913888931274414
G72	G95	0.913888931274414
G72	G40	0.913888931274414
G87	G29	0.9138888716697692
G75	G97	0.913870930671692
G14	G38	0.9138461351394652
G14	G72	0.9138461351394652
G14	G6	0.9138461351394652
G1	G99	0.9137195348739624
G1	G49	0.9137195348739624
G26	G27	0.913705587387085
G9	G29	0.9136943221092224
G9	G53	0.9136942625045776
G9	G57	0.9136942625045776
G59	G89	0.9136646389961244
G59	G31	0.9136645197868348
G79	G98	0.9136363863945008
G8	G95	0.9136150479316713
G6	G35	0.9136076569557191
G56	G90	0.9136076569557191
G6	G49	0.9136076569557191
G14	G44	0.9135897755622864
G46	G59	0.9135897159576416
G14	G1	0.9135897159576416
G14	G68	0.9135897159576416
G68	G21	0.9135220050811768
G68	G24	0.9135220050811768
G26	G73	0.9134517908096312
G28	G72	0.91343754529953
G28	G96	0.9134374856948853
G1	G38	0.9134147167205809
G1	G43	0.9134146571159364
G1	G94	0.9134146571159364
G10	G80	0.9133540391921996
G59	G62	0.9133540391921996
G59	G71	0.9133539795875548
G59	G13	0.9133539795875548
G46	G2	0.9133333563804626
G46	G37	0.913333296775818
G96	G67	0.9133004546165466
G6	G98	0.9132911562919616
G56	G22	0.9132911562919616
G56	G79	0.9132911562919616
G56	G93	0.913291037082672
G72	G21	0.9132716059684752
G72	G39	0.9132716059684752
G72	G24	0.9132716059684752
G94	G22	0.9131442904472352
G14	G65	0.9130769371986388
G10	G59	0.91304349899292
G10	G36	0.91304349899292
G59	G83	0.91304349899292
G56	G98	0.9129746556282043
G72	G29	0.9129630327224731
G26	G30	0.912944197654724
G68	G40	0.9128930568695068
G68	G30	0.9128930568695068
G68	G92	0.9128930568695068
G14	G5	0.9128205180168152
G10	G46	0.9127330183982848
G59	G91	0.9127330183982848
G10	G83	0.9127328991889954
G59	G74	0.9127328991889954
G8	G52	0.9126760363578796
G56	G86	0.9126583337783812
G56	G7	0.9126582145690918
G72	G55	0.9126543402671814
G68	G58	0.9125786423683168
G68	G13	0.9125786423683168
G68	G14	0.9125786423683168
G28	G15	0.912500023841858
G28	G49	0.912500023841858
G28	G3	0.912500023841858
G26	G15	0.912436544895172
G26	G55	0.912436544895172
G26	G19	0.912436544895172
G26	G31	0.912436544895172
G10	G76	0.9124224185943604
G10	G65	0.9124224185943604
G10	G92	0.9124224185943604
G59	G87	0.9124224185943604
G59	G6	0.9124224185943604
G9	G81	0.912420392036438
G9	G65	0.912420392036438
G9	G35	0.912420392036438
G9	G64	0.912420392036438
G72	G34	0.9123457074165344
G14	G30	0.9123077392578124
G39	G44	0.9122753739356996
G68	G99	0.9122641682624816
G1	G8	0.9121951460838318
G1	G76	0.9121951460838318
G1	G26	0.912195086479187
G28	G81	0.9121874570846558
G28	G47	0.9121874570846558
G26	G65	0.9121827483177184
G26	G24	0.9121827483177184
G10	G20	0.9121118187904358
G59	G17	0.9121117591857909
G9	G69	0.9121018648147584
G9	G60	0.9121018648147584
G14	G100	0.9120513200759888
G72	G14	0.912036955356598
G56	G14	0.9120253324508668
G56	G88	0.9120253324508668
G56	G25	0.9120253324508668
G56	G66	0.912025272846222
G8	G73	0.9119718074798584
G68	G55	0.9119496941566468
G68	G73	0.9119496941566468
G75	G50	0.9119355082511902
G26	G35	0.9119289517402648
G26	G11	0.9119289517402648
G26	G2	0.91192889213562
G1	G74	0.9118902683258056
G28	G66	0.9118749499320984
G87	G3	0.911868691444397
G59	G21	0.9118012785911559
G46	G48	0.9117947816848756
G9	G20	0.9117833971977234
G72	G22	0.9117283821105956
G72	G99	0.9117283821105956
G56	G38	0.9117088913917542
G26	G86	0.9116751551628112
G92	G84	0.9116600155830384
G68	G79	0.9116352796554564
G68	G65	0.9116352200508118
G1	G37	0.9115853905677797
G28	G82	0.9115624427795409
G59	G92	0.9114906787872314
G10	G3	0.9114906787872314
G10	G93	0.9114906787872314
G59	G42	0.9114906787872314
G10	G16	0.9114906787872314
G10	G66	0.9114906787872314
G9	G13	0.9114649891853333
G9	G16	0.9114649295806884
G9	G55	0.9114649295806884
G26	G100	0.9114213585853576
G26	G21	0.9114213585853576
G26	G72	0.9114213585853576
G26	G99	0.911421239376068
G72	G82	0.9114198088645936
G72	G61	0.9114196896553041
G56	G92	0.9113923907279968
G87	G40	0.91136372089386
G68	G50	0.9113207459449768
G14	G9	0.9112820625305176
G14	G77	0.9112820625305176
G14	G40	0.9112820625305176
G1	G50	0.9112804532051086
G28	G2	0.9112499952316284
G10	G7	0.9111801981925964
G10	G24	0.9111800789833068
G59	G80	0.9111800789833068
G59	G35	0.9111800789833068
G10	G68	0.9111800789833068
G26	G47	0.9111675024032592
G26	G82	0.9111675024032592
G26	G61	0.9111675024032592
G6	G73	0.9110759496688844
G36	G66	0.9110389947891236
G14	G46	0.9110257029533386
G1	G17	0.9109755754470824
G28	G78	0.9109374880790709
G28	G65	0.9109374880790709
G28	G74	0.9109374880790709
G26	G45	0.9109137654304504
G26	G34	0.9109137058258056
G37	G24	0.910909116268158
G37	G87	0.910909116268158
G37	G13	0.9109089970588684
G59	G20	0.910869598388672
G10	G1	0.9108695387840272
G96	G38	0.9108374118804932
G9	G67	0.9108280539512634
G9	G84	0.9108280539512634
G9	G25	0.9108280539512634
G72	G43	0.9108024835586548
G72	G44	0.9108023643493652
G56	G3	0.9107595682144164
G56	G23	0.9107594490051271
G6	G68	0.9107594490051271
G68	G56	0.9106918573379515
G68	G93	0.910691738128662
G1	G89	0.9106707572937012
G26	G91	0.9106599688529968
G28	G22	0.9106249809265136
G37	G21	0.91060608625412
G8	G16	0.910563349723816
G10	G97	0.910559058189392
G10	G91	0.910559058189392
G10	G67	0.910559058189392
G59	G66	0.9105589389801024
G14	G90	0.9105128645896912
G46	G3	0.9105127453804016
G9	G91	0.9105095267295836
G9	G94	0.9105095267295836
G72	G4	0.9104939103126526
G72	G90	0.9104938507080078
G72	G64	0.9104938507080078
G72	G69	0.9104938507080078
G56	G61	0.9104430675506592
G56	G55	0.9104430675506592
G56	G59	0.9104430675506592
G56	G39	0.9104430675506592
G68	G23	0.9103773832321168
G1	G48	0.910365879535675
G96	G73	0.9103448390960692
G28	G73	0.9103125333786012
G28	G87	0.9103124737739564
G28	G61	0.9103124737739564
G48	G100	0.9102500677108764
G59	G2	0.9102485775947572
G10	G50	0.9102484583854676
G10	G44	0.9102484583854676
G10	G40	0.9102484583854676
G26	G69	0.9101523160934448
G56	G29	0.9101266264915466
G1	G70	0.9100610017776488
G28	G70	0.9100000262260436
G10	G32	0.9099379777908324
G10	G98	0.909937858581543
G10	G77	0.909937858581543
G72	G18	0.9098765254020692
G56	G13	0.9098101258277892
G1	G83	0.9097561836242676
G1	G66	0.909756064414978
G1	G82	0.909756064414978
G1	G25	0.909756064414978
G1	G35	0.909756064414978
G68	G4	0.9097484946250916
G68	G44	0.9097484946250916
G68	G18	0.9097484946250916
G14	G27	0.90974360704422
G28	G93	0.9096875190734864
G26	G23	0.9096446633338928
G26	G52	0.9096446633338928
G26	G25	0.9096446633338928
G72	G75	0.9095679521560668
G9	G77	0.9095541834831238
G9	G66	0.9095541834831238
G56	G74	0.9094937443733216
G56	G48	0.909493625164032
G14	G95	0.9094871878623962
G14	G36	0.9094871878623962
G1	G27	0.9094512462615968
G68	G87	0.909433901309967
G76	G24	0.9094117879867554
G37	G96	0.9093939661979676
G26	G68	0.9093909263610841
G26	G83	0.9093909263610841
G8	G99	0.9093897342681884
G59	G54	0.9093168377876282
G10	G53	0.9093167185783386
G59	G46	0.9093167185783386
G10	G28	0.9093167185783386
G72	G53	0.9092592000961304
G9	G7	0.909235656261444
G9	G11	0.909235656261444
G9	G49	0.909235656261444
G56	G96	0.9091771841049194
G1	G24	0.9091463685035706
G1	G45	0.9091463685035706
G26	G41	0.9091370701789856
G68	G10	0.9091194868087769
G68	G2	0.9091194868087769
G28	G99	0.9090625047683716
G59	G55	0.9090062379837036
G46	G97	0.9089743494987488
G14	G59	0.9089743494987488
G14	G43	0.9089743494987488
G84	G99	0.9089622497558594
G72	G16	0.908950686454773
G72	G84	0.9089506268501282
G72	G49	0.9089505076408386
G9	G86	0.9089172482490541
G9	G37	0.9089171886444092
G56	G100	0.9088608026504515
G37	G39	0.908787965774536
G37	G91	0.9087878465652466
G28	G42	0.9087500572204591
G48	G91	0.9087499976158142
G59	G33	0.9086956977844238
G10	G69	0.9086956977844238
G10	G73	0.9086956977844238
G59	G84	0.9086956977844238
G10	G17	0.9086956977844238
G59	G96	0.9086955785751344
G72	G11	0.9086419343948364
G72	G80	0.9086419343948364
G26	G42	0.9086294174194336
G26	G22	0.9086294174194336
G26	G12	0.9086294174194336
G56	G64	0.9085443019866944
G1	G30	0.9085366129875184
G1	G10	0.9085366129875184
G1	G79	0.9085366129875184
G48	G16	0.9084999561309814
G68	G57	0.9084905385971068
G28	G29	0.9084375500679016
G10	G11	0.9083849787712096
G26	G56	0.9083756804466248
G96	G53	0.9083744287490844
G72	G3	0.9083333611488342
G72	G26	0.9083333015441896
G72	G25	0.9083333015441896
G9	G70	0.908280313014984
G9	G30	0.9082801938056946
G68	G64	0.9081761837005616
G68	G77	0.908176064491272
G96	G88	0.9081280827522278
G28	G14	0.9081250429153442
G59	G3	0.9080746173858644
G72	G67	0.9080246090888976
G48	G7	0.9079999327659608
G9	G50	0.9079617857933044
G9	G47	0.9079617857933044
G9	G38	0.9079617261886596
G14	G41	0.9079487323760986
G1	G53	0.907926857471466
G1	G14	0.9079267978668212
G56	G37	0.9079113602638244
G37	G42	0.9078788161277772
G26	G90	0.9078680276870728
G26	G36	0.9078680276870728
G26	G77	0.907867968082428
G26	G33	0.907867968082428
G68	G54	0.9078616499900818
G68	G69	0.9078616499900818
G68	G11	0.907861590385437
G68	G45	0.907861590385437
G28	G62	0.907812476158142
G10	G48	0.9077640175819396
G10	G94	0.9077640175819396
G10	G75	0.9077640175819396
G59	G12	0.9077639579772948
G48	G77	0.9077500104904176
G72	G42	0.9077160954475404
G72	G45	0.9077160954475404
G72	G100	0.9077159762382508
G9	G31	0.9076433181762696
G1	G9	0.90762197971344
G56	G1	0.9075949788093568
G56	G80	0.9075949788093568
G56	G75	0.907594919204712
G68	G17	0.9075471758842468
G68	G94	0.9075471758842468
G68	G80	0.9075471758842468
G68	G61	0.907547116279602
G28	G25	0.9075000882148744
G28	G86	0.9074999690055848
G10	G4	0.9074533581733704
G72	G91	0.9074074029922484
G72	G93	0.9074074029922484
G26	G8	0.9073604941368104
G9	G88	0.9073248505592346
G1	G28	0.9073171019554138
G1	G12	0.9073171019554138
G56	G62	0.907278537750244
G68	G72	0.907232701778412
G28	G45	0.9071875810623168
G28	G97	0.9071875810623168
G28	G34	0.9071874618530272
G14	G39	0.9071795344352722
G59	G61	0.9071428775787354
G59	G45	0.9071428775787354
G26	G76	0.9071065783500672
G26	G28	0.9071065783500672
G72	G19	0.9070988297462464
G72	G37	0.9070987701416016
G72	G33	0.9070987701416016
G76	G95	0.907058835029602
G1	G73	0.9070122241973876
G9	G46	0.9070063233375548
G56	G91	0.9069620370864868
G56	G81	0.906961977481842
G68	G43	0.9069182276725768
G68	G39	0.9069182276725768
G26	G20	0.9068528413772584
G10	G96	0.9068322777748108
G87	G64	0.9068182110786438
G72	G94	0.9067900776863098
G72	G15	0.9067900776863098
G1	G69	0.9067072868347168
G1	G19	0.9067072868347168
G9	G51	0.9066879153251648
G9	G96	0.9066879153251648
G9	G89	0.9066879153251648
G9	G78	0.90668785572052
G96	G18	0.9066502451896667
G56	G72	0.9066455960273744
G68	G82	0.9066038131713868
G68	G12	0.9066038131713868
G68	G84	0.906603753566742
G28	G54	0.9065625071525574
G28	G32	0.9065624475479126
G59	G32	0.9065216183662416
G71	G19	0.9064814448356628
G96	G93	0.9064039587974548
G1	G31	0.9064024090766908
G1	G2	0.9064024090766908
G37	G10	0.9063635468482972
G56	G51	0.9063290953636168
G68	G38	0.906289279460907
G38	G15	0.9062857627868652
G48	G17	0.90625
G72	G83	0.9061728715896606
G72	G76	0.9061728715896606
G96	G8	0.9061575531959534
G14	G80	0.906153917312622
G14	G51	0.9061538577079772
G1	G84	0.9060975909233092
G26	G6	0.9060913920402528
G79	G44	0.9060605764389038
G37	G76	0.9060605764389038
G9	G39	0.906050980091095
G9	G6	0.906050980091095
G56	G68	0.9060127139091492
G46	G30	0.9058973789215088
G72	G5	0.9058642983436584
G26	G67	0.9058375358581544
G26	G51	0.9058375358581544
G87	G100	0.9058080315589904
G1	G97	0.9057927131652832
G37	G12	0.9057575464248656
G68	G41	0.9056603908538818
G8	G7	0.9056337475776672
G28	G83	0.90562504529953
G28	G18	0.9056249856948853
G59	G98	0.9055900573730468
G10	G100	0.9055900573730468
G10	G12	0.9055900573730468
G72	G96	0.9055556058883668
G1	G98	0.9054877758026124
G1	G92	0.9054877758026124
G1	G77	0.9054877758026124
G1	G64	0.9054877758026124
G37	G75	0.9054545164108276
G37	G74	0.9054545164108276
G96	G14	0.9054187536239624
G96	G85	0.9054186344146729
G96	G78	0.9054186344146729
G9	G27	0.9054139852523804
G56	G43	0.9053797721862792
G56	G8	0.9053796529769896
G68	G6	0.9053459167480468
G68	G19	0.9053459167480468
G28	G60	0.9053125381469728
G59	G44	0.9052795171737672
G72	G86	0.9052469730377196
G72	G17	0.9052468538284302
G1	G29	0.9051828980445862
G37	G63	0.9051515460014344
G9	G14	0.9050955772399902
G68	G81	0.9050313830375672
G96	G44	0.9049261212348938
G1	G78	0.90487802028656
G79	G77	0.9048485159873962
G26	G39	0.9048222303390504
G9	G97	0.9047771096229552
G9	G76	0.9047769904136658
G48	G28	0.9047500491142272
G48	G88	0.9047499895095824
G56	G28	0.9047468304634094
G68	G47	0.9047170281410216
G68	G29	0.9047170281410216
G8	G94	0.9046947956085204
G59	G38	0.904658317565918
G77	G33	0.9046558141708374
G72	G56	0.9046296477317809
G26	G14	0.9045684933662416
G37	G3	0.9045454263687134
G79	G94	0.9045454263687134
G48	G81	0.9045000672340392
G48	G23	0.9044999480247498
G51	G93	0.9044910073280334
G9	G75	0.9044585824012756
G9	G98	0.9044585824012756
G96	G27	0.9044334292411804
G68	G90	0.9044024348258972
G59	G52	0.904347836971283
G10	G78	0.904347836971283
G61	G53	0.9043477773666382
G72	G51	0.904321014881134
G72	G6	0.904321014881134
G1	G54	0.9042683243751526
G48	G24	0.9042500257492064
G48	G50	0.9042499661445618
G48	G99	0.9042499661445618
G96	G56	0.9041872024536132
G96	G40	0.9041871428489684
G9	G21	0.9041401147842408
G26	G80	0.904060959815979
G26	G97	0.904060959815979
G72	G62	0.9040124416351318
G1	G100	0.9039633870124816
G1	G40	0.9039633870124816
G1	G23	0.9039633870124816
G37	G71	0.903939425945282
G37	G44	0.9039393663406372
G37	G41	0.9039393663406372
G9	G4	0.9038217067718506
G9	G73	0.9038215875625609
G26	G16	0.9038071036338806
G26	G66	0.9038071036338806
G56	G97	0.9037975072860718
G28	G30	0.9037500619888306
G28	G20	0.9037500619888306
G28	G88	0.9037499427795409
G59	G40	0.9037266969680786
G96	G58	0.9036945700645448
G96	G76	0.9036945700645448
G1	G32	0.9036585092544556
G1	G47	0.9036585092544556
G37	G30	0.903636395931244
G37	G49	0.903636395931244
G3	G79	0.903611183166504
G26	G53	0.903553307056427
G76	G57	0.9035293459892272
G9	G87	0.9035032391548156
G48	G51	0.9034999012947084
G56	G60	0.9034810066223145
G68	G71	0.9034591913223268
G68	G97	0.9034591913223268
G96	G92	0.903448224067688
G28	G41	0.9034374952316284
G28	G31	0.9034374356269836
G61	G38	0.9034161567687988
G1	G57	0.9033536314964294
G48	G64	0.9032500386238098
G48	G63	0.903249979019165
G9	G56	0.903184711933136
G9	G43	0.903184711933136
G9	G17	0.903184711933136
G68	G59	0.9031447172164916
G68	G91	0.9031447172164916
G68	G89	0.903144598007202
G28	G94	0.9031249880790709
G28	G35	0.9031249880790709
G61	G74	0.9031055569648744
G10	G71	0.9031055569648744
G72	G20	0.9030864238739014
G1	G4	0.9030487537384032
G1	G63	0.9030487537384032
G37	G85	0.9030303955078124
G37	G60	0.903030276298523
G48	G71	0.9029999375343324
G96	G22	0.9029556512832642
G8	G28	0.902816891670227
G28	G44	0.9028124809265136
G26	G43	0.9027918577194214
G72	G74	0.9027777910232544
G48	G65	0.9027499556541444
G1	G5	0.9027438163757324
G96	G57	0.9027093648910522
G96	G21	0.9027093648910522
G96	G2	0.9027093648910522
G26	G94	0.9025380611419678
G26	G81	0.9025380611419678
G48	G92	0.9024999737739564
G28	G13	0.9024999737739564
G59	G97	0.90248441696167
G72	G57	0.9024692177772522
G96	G94	0.9024630188941956
G79	G59	0.9024242162704468
G76	G78	0.9023529887199402
G8	G51	0.9023473858833312
G48	G20	0.9022500514984132
G48	G15	0.9022500514984132
G48	G9	0.9022499918937684
G48	G68	0.9022499918937684
G48	G66	0.9022499918937684
G56	G20	0.9022151827812196
G10	G2	0.9021739363670348
G1	G55	0.9021342396736144
G1	G46	0.9021342396736144
G1	G51	0.902134120464325
G79	G91	0.9021211862564088
G8	G85	0.9021126627922058
G26	G9	0.9020304679870604
G26	G32	0.9020304679870604
G48	G56	0.9019999504089355
G56	G82	0.9018987417221068
G68	G28	0.9018867611885072
G68	G20	0.9018867611885072
G68	G62	0.9018867611885072
G10	G54	0.9018634557724
G79	G10	0.9018182158470154
G37	G7	0.9018180966377258
G48	G34	0.9017499685287476
G96	G48	0.9017241597175598
G96	G84	0.9017241597175598
G8	G31	0.9016432166099548
G56	G41	0.9015822410583496
G72	G52	0.9015432000160216
G72	G92	0.9015432000160216
G79	G16	0.9015151262283324
G48	G25	0.9014999866485596
G96	G24	0.9014778137207032
G76	G84	0.9014706015586852
G9	G63	0.9012739062309264
G26	G54	0.9012690782546996
G68	G1	0.901257872581482
G68	G7	0.901257872581482
G68	G52	0.901257872581482
G68	G31	0.901257872581482
G68	G33	0.9012578129768372
G48	G38	0.9012500047683716
G48	G89	0.9012500047683716
G72	G23	0.9012346863746644
G96	G35	0.9012315273284912
G1	G62	0.9012195467948914
G1	G93	0.9012195467948914
G37	G5	0.9012122154235841
G26	G4	0.9010152220726012
G48	G58	0.9010000824928284
G68	G3	0.900943398475647
G68	G75	0.900943398475647
G68	G95	0.900943398475647
G8	G10	0.900938868522644
G61	G40	0.9009315967559814
G72	G46	0.9009259343147278
G72	G79	0.9009259343147278
G79	G95	0.9009091258049012
G37	G45	0.9009090662002563
G48	G13	0.9007500410079956
G96	G90	0.9007389545440674
G96	G39	0.9007389545440674
G9	G93	0.9006369113922119
G9	G61	0.9006369113922119
G56	G9	0.9006329178810121
G68	G98	0.900628924369812
G68	G15	0.900628924369812
G1	G33	0.9006097316741943
G37	G62	0.9006059765815735
G76	G53	0.9005882740020752
G48	G95	0.9005000591278076
G48	G45	0.9005000591278076
G48	G55	0.9004999399185181
G8	G79	0.9004694819450378
G8	G96	0.9004694819450378
G56	G15	0.9003163576126099
G68	G100	0.900314450263977
G59	G82	0.9003106355667114
G10	G14	0.9003106355667114
G10	G89	0.9003105163574219
G61	G56	0.9003105163574219
G1	G11	0.9003048539161682
G37	G16	0.900303065776825
G79	G63	0.900303065776825
G79	G38	0.9003029465675354
G76	G14	0.9002940654754639
G48	G78	0.9002500176429749
G48	G31	0.9002500176429749
G48	G39	0.9002499580383301
G96	G61	0.9002463817596436
G6	G15	0.9000000953674316
G79	G65	0.9000000953674316
G56	G21	0.8999999761581421
G79	G78	0.8999999761581421
G96	G81	0.8999999761581421
G37	G52	0.8999999761581421
G96	G98	0.8999999761581421
G96	G16	0.8999999761581421
G96	G79	0.8999999761581421
G96	G20	0.8999999761581421
G1	G75	0.8999999165534973
G96	G3	0.8997536897659302
G96	G47	0.8997536897659302
G48	G10	0.8997499942779541
G1	G61	0.8996951580047607
G1	G60	0.8996951580047607
G1	G86	0.8996951580047607
G61	G60	0.8996894955635071
G61	G31	0.8996893763542175
G56	G95	0.8996835350990295
G96	G29	0.8995074033737183
G96	G62	0.8995073437690735
G48	G12	0.8995000720024109
G48	G42	0.8995000720024109
G48	G96	0.8994999527931213
G37	G79	0.8993939757347107
G1	G52	0.8993902206420898
G71	G96	0.8993827104568481
G72	G7	0.8993827104568481
G61	G26	0.8993788957595825
G61	G50	0.8993788957595825
G59	G11	0.899378776550293
G28	G46	0.8993750810623169
G68	G51	0.8993710875511169
G96	G50	0.8992611169815063
G96	G17	0.8992611169815063
G48	G47	0.8992500305175781
G37	G9	0.8990909457206726
G37	G84	0.8990909457206726
G1	G36	0.8990853428840637
G28	G90	0.8990625143051147
G9	G95	0.8990445733070374
G48	G6	0.8989999294281006
G76	G42	0.8988235592842102
G79	G12	0.8987879157066345
G79	G32	0.8987879157066345
G37	G64	0.8987879157066345
G79	G76	0.898787796497345
G79	G37	0.898787796497345
G96	G80	0.8987684845924377
G72	G97	0.8987653851509094
G72	G77	0.8987653851509094
G10	G41	0.8987577557563782
G28	G4	0.8987499475479126
G76	G98	0.8985294103622437
G48	G98	0.8984999656677246
G37	G32	0.8984849452972412
G37	G67	0.8984848260879517
G79	G17	0.8984848260879517
G37	G8	0.8984847664833069
G1	G95	0.8984756469726562
G10	G95	0.8984471559524536
G68	G96	0.8984276056289673
G83	G37	0.8983172774314879
G96	G36	0.8982759118080139
G48	G73	0.8982500433921814
G48	G83	0.8982499837875366
G76	G87	0.8982352614402771
G51	G86	0.8982036113739014
G79	G5	0.8981817960739136
G79	G13	0.8981817960739136
G79	G81	0.8981817960739136
G1	G81	0.8981706500053406
G72	G35	0.8981481194496155
G71	G25	0.8981481194496155
G8	G23	0.8981220722198486
G68	G35	0.8981132507324219
G68	G48	0.8981131315231323
G96	G5	0.898029625415802
G96	G66	0.8980295658111572
G48	G76	0.8980000019073486
G48	G14	0.8980000019073486
G26	G95	0.8979694843292236
G51	G6	0.8979042768478394
G37	G2	0.8978787660598755
G79	G42	0.8978787660598755
G1	G34	0.8978658318519592
G1	G39	0.8978658318519592
G1	G41	0.8978657722473145
G61	G91	0.8978261351585388
G68	G86	0.8977987170219421
G56	G63	0.8977847695350647
G96	G31	0.8977833390235901
G96	G34	0.8977832794189453
G48	G90	0.8977500200271606
G76	G56	0.8976470828056335
G79	G84	0.8975757956504822
G37	G40	0.8975756764411926
G1	G80	0.8975609540939331
G1	G68	0.8975609540939331
G61	G86	0.8975155353546143
G61	G21	0.8975155353546143
G48	G21	0.8974999785423279
G48	G57	0.8974999189376831
G96	G99	0.8972907066345215
G37	G43	0.8972726464271545
G37	G48	0.8972726464271545
G37	G58	0.8972726464271545
G1	G7	0.8972561359405518
G61	G98	0.8972049355506897
G8	G88	0.8971831202507019
G9	G18	0.8971337080001831
G96	G60	0.8970443606376648
G96	G41	0.8970443606376648
G96	G13	0.89704430103302
G48	G37	0.8969999551773071
G79	G48	0.8969697952270508
G79	G74	0.8969696760177612
G71	G85	0.8969135284423828
G61	G95	0.8968943953514099
G10	G47	0.8968943953514099
G68	G36	0.8968554139137268
G96	G77	0.8967980742454529
G48	G19	0.8967500329017639
G48	G52	0.8967499732971191
G55	G75	0.8967442512512207
G8	G90	0.8967136740684509
G79	G71	0.8966666460037231
G37	G59	0.8966666460037231
G79	G7	0.8966666460037231
G79	G1	0.8966666460037231
G79	G40	0.8966665267944336
G1	G72	0.89664626121521
G9	G82	0.8964968323707581
G37	G69	0.8963636755943298
G37	G11	0.8963636755943298
G79	G28	0.8963636755943298
G96	G9	0.896305501461029
G96	G95	0.8963053822517395
G10	G64	0.8962733149528503
G61	G24	0.8962733149528503
G48	G32	0.8962500095367432
G48	G36	0.8962500095367432
G48	G70	0.8962499499320984
G68	G67	0.8962264060974121
G26	G7	0.8961928486824036
G76	G17	0.8961765170097351
G37	G50	0.8960606455802917
G96	G63	0.8960591554641724
G96	G7	0.8960590958595276
G96	G15	0.8960590958595276
G8	G55	0.8960094451904297
G8	G81	0.8960093259811401
G48	G40	0.8959999680519104
G61	G30	0.8959627151489258
G61	G29	0.8959627151489258
G61	G84	0.8959627151489258
G61	G4	0.8959627151489258
G96	G89	0.8958128094673157
G37	G33	0.8957576155662537
G79	G86	0.8957574963569641
G48	G26	0.8957500457763672
G1	G6	0.8957316875457764
G61	G100	0.8956522345542908
G10	G33	0.895652174949646
G61	G42	0.895652174949646
G61	G2	0.895652174949646
G76	G32	0.895588219165802
G76	G38	0.895588219165802
G76	G69	0.895588219165802
G96	G51	0.8955665230751038
G96	G59	0.8955665230751038
G51	G100	0.8955090045928955
G51	G45	0.895508885383606
G48	G18	0.8954999446868896
G79	G100	0.8954545259475708
G72	G48	0.8953703045845032
G61	G45	0.895341694355011
G96	G19	0.8953202962875366
G96	G10	0.8953201770782471
G76	G21	0.895294189453125
G76	G65	0.8952940702438354
G76	G11	0.8952940702438354
G48	G80	0.8952500224113464
G79	G73	0.8951514959335327
G71	G69	0.895061731338501
G61	G57	0.8950310945510864
G48	G86	0.8949999809265137
G48	G33	0.8949999809265137
G48	G8	0.8949999809265137
G51	G24	0.8949101567268372
G51	G98	0.8949101567268372
G79	G54	0.8948484659194946
G48	G67	0.8947500586509705
G48	G27	0.8947499990463257
G48	G60	0.8947499990463257
G48	G59	0.8947499990463257
G96	G46	0.8945813179016113
G96	G37	0.8945813179016113
G79	G6	0.8945454955101013
G37	G81	0.8945453763008118
G79	G27	0.8945453763008118
G37	G51	0.8945453763008118
G37	G19	0.8945453763008118
G48	G1	0.8945000171661377
G48	G46	0.8944999575614929
G71	G76	0.8944445252418518
G72	G1	0.8944444060325623
G76	G46	0.8944118022918701
G61	G34	0.8944099545478821
G68	G25	0.8943396210670471
G96	G52	0.8943349719047546
G51	G61	0.8943114280700684
G79	G2	0.8942424654960632
G79	G8	0.8942424654960632
G37	G88	0.8942424654960632
G79	G85	0.8942424654960632
G79	G87	0.8942424654960632
G37	G6	0.8942424654960632
G37	G25	0.8942424654960632
G1	G13	0.8942072987556458
G72	G9	0.8941358327865601
G71	G70	0.8941357731819153
G8	G82	0.8941313624382019
G61	G85	0.8940993547439575
G48	G94	0.8939999938011169
G79	G57	0.8939393758773804
G79	G41	0.8939393758773804
G96	G86	0.8938423991203308
G71	G11	0.8938271999359131
G72	G28	0.8938271999359131
G61	G79	0.893788754940033
G39	G34	0.89371258020401
G79	G60	0.8936363458633423
G9	G22	0.8936305046081543
G96	G42	0.8935960531234741
G96	G54	0.8935960531234741
G76	G93	0.89352947473526
G48	G11	0.8934999704360962
G61	G99	0.893478274345398
G61	G75	0.893478274345398
G61	G1	0.893478274345398
G61	G16	0.893478274345398
G8	G2	0.8934272527694702
G51	G23	0.8934131264686584
G68	G46	0.893396258354187
G68	G63	0.893396258354187
G37	G92	0.8933333754539491
G37	G65	0.8933333158493042
G37	G94	0.8933333158493042
G9	G59	0.8933120965957642
G48	G79	0.8932499885559082
G76	G100	0.8932353258132935
G76	G58	0.8932352662086487
G61	G97	0.8931677341461182
G61	G94	0.8931677341461182
G26	G57	0.8931471705436707
G96	G69	0.8931034803390503
G96	G49	0.8931034803390503
G96	G70	0.8931034803390503
G37	G1	0.8930303454399109
G79	G67	0.8930303454399109
G37	G78	0.8930303454399109
G79	G43	0.8930303454399109
G79	G21	0.8930302262306213
G79	G24	0.8930302262306213
G8	G98	0.8929577469825745
G71	G94	0.8929013013839722
G96	G97	0.8928571343421936
G61	G81	0.8928571343421936
G61	G18	0.8928571343421936
G96	G100	0.8928571343421936
G59	G30	0.8928570747375488
G83	G20	0.8927884697914124
G79	G64	0.8927273750305176
G8	G40	0.8927229642868042
G1	G96	0.8926829695701599
G9	G42	0.8926751017570496
G76	G41	0.8926470875740051
G71	G95	0.8925926089286804
G71	G75	0.8925925493240356
G61	G15	0.8925466537475586
G61	G78	0.8925466537475586
G61	G47	0.8925465941429138
G51	G69	0.8925150036811829
G68	G9	0.8924527764320374
G37	G35	0.8924242258071899
G79	G80	0.8924242258071899
G79	G30	0.8924242258071899
G79	G31	0.8924242258071899
G96	G30	0.8923645615577698
G96	G72	0.8923645615577698
G96	G65	0.892364501953125
G76	G67	0.8923529982566833
G71	G60	0.8922839760780334
G8	G27	0.8922535181045532
G48	G87	0.8922500610351562
G48	G84	0.8922500014305115
G48	G41	0.8922500014305115
G61	G80	0.892236053943634
G37	G89	0.8921213150024414
G37	G54	0.8921211957931519
G8	G53	0.8920187950134277
G48	G93	0.8920000195503235
G48	G2	0.8919999599456787
G48	G69	0.8919999599456787
G61	G48	0.8919255137443542
G26	G75	0.8918781280517578
G96	G4	0.8918719291687012
G96	G1	0.8918719291687012
G37	G36	0.8918182253837585
G76	G96	0.891764760017395
G48	G62	0.8917500376701355
G96	G55	0.891625702381134
G96	G25	0.891625702381134
G61	G44	0.8916148543357849
G8	G24	0.8915493488311768
G8	G20	0.8915493488311768
G79	G15	0.8915151953697205
G37	G73	0.8915151953697205
G79	G93	0.8915151953697205
G37	G15	0.8915150761604309
G79	G82	0.8915150761604309
G48	G30	0.8914999961853027
G48	G75	0.8914999961853027
G96	G64	0.8913793563842773
G71	G17	0.8913580775260925
G71	G64	0.891357958316803
G51	G76	0.8913173079490662
G48	G3	0.8912500143051147
G37	G97	0.8912121653556824
G37	G55	0.8912121653556824
G79	G72	0.8912121653556824
G37	G26	0.8912120461463928
G96	G91	0.8911330699920654
G8	G74	0.8910798430442809
G71	G56	0.8910493254661559
G71	G100	0.8910493254661559
G61	G73	0.8909938931465149
G61	G22	0.8909937739372253
G79	G49	0.8909090757369995
G37	G23	0.8909090757369995
G96	G11	0.8908866643905641
G76	G85	0.8908823132514954
G48	G43	0.8907499909400941
G71	G58	0.8907407522201538
G71	G87	0.8907407522201538
G51	G43	0.8907185792922974
G61	G17	0.8906832933425903
G61	G39	0.8906832933425903
G61	G32	0.8906832933425903
G61	G10	0.8906831741333008
G96	G45	0.8906404376029968
G79	G68	0.8906060457229614
G79	G90	0.8906060457229614
G79	G92	0.8906060457229614
G76	G20	0.8905882835388184
G71	G91	0.8904321193695068
G71	G99	0.8904321193695068
G8	G87	0.890375554561615
G8	G18	0.890375554561615
G61	G66	0.890372633934021
G37	G86	0.8903030157089233
G79	G9	0.8903030157089233
G79	G99	0.8903030157089233
G1	G65	0.8902438879013062
G8	G66	0.8901408910751343
G8	G41	0.8901408910751343
G8	G61	0.8901408314704895
G8	G43	0.8901408314704895
G76	G12	0.89000004529953
G79	G52	0.89000004529953
G37	G100	0.89000004529953
G79	G33	0.89000004529953
G76	G61	0.89000004529953
G37	G29	0.89000004529953
G79	G97	0.89000004529953
G48	G4	0.8899999856948853
G48	G44	0.8899999856948853
G48	G74	0.8899999856948853
G37	G4	0.8899999260902405
G76	G72	0.8899999260902405
G79	G66	0.8899999260902405
G79	G20	0.8899998664855957
G1	G71	0.8899390697479248
G83	G15	0.8899039030075073
G96	G87	0.8899014592170715
G84	G18	0.8898585438728333
G71	G4	0.8898148536682129
G71	G81	0.8898148536682129
G71	G18	0.8898147940635681
G61	G11	0.889751672744751
G48	G53	0.8897498846054077
G76	G4	0.8897059559822083
G76	G73	0.8897058963775635
G37	G56	0.8896970152854919
G37	G95	0.8896968960762024
G8	G93	0.8896712660789491
G96	G68	0.8896551728248596
G96	G75	0.8896551728248596
G71	G20	0.8895062208175659
G61	G62	0.8894410729408264
G61	G43	0.8894409537315369
G8	G30	0.8894366025924683
G96	G23	0.8894088864326477
G79	G46	0.8893940448760986
G79	G62	0.8893939256668091
G79	G55	0.8893938660621643
G48	G72	0.8892500400543213
G51	G16	0.8892216682434082
G71	G52	0.8891975283622742
G96	G71	0.8891625404357909
G61	G87	0.8891304731369019
G76	G99	0.8891175985336304
G37	G22	0.889090895652771
G79	G58	0.889090895652771
G79	G61	0.889090895652771
G68	G27	0.8889937400817871
G8	G32	0.8889670968055725
G76	G75	0.8888234496116638
G61	G58	0.8888199329376221
G37	G34	0.8887879252433777
G37	G57	0.8887878656387329
G48	G22	0.8887500762939453
G51	G49	0.8886228203773499
G71	G40	0.8885802030563354
G71	G59	0.8885802030563354
G61	G55	0.8885093331336975
G61	G49	0.8885093331336975
G61	G90	0.888509213924408
G48	G49	0.8885000348091125
G48	G54	0.8885000348091125
G79	G45	0.88848477602005
G96	G83	0.8884236216545105
G51	G34	0.8883233666419983
G51	G97	0.8883233070373535
G71	G14	0.888271689414978
G71	G13	0.888271689414978
G71	G12	0.888271689414978
G76	G36	0.8882352709770203
G76	G18	0.8882352709770203
G61	G93	0.888198733329773
G61	G68	0.888198733329773
G37	G14	0.8881818652153015
G37	G47	0.8881818652153015
G51	G20	0.8880239725112915
G51	G99	0.8880238533020021
G71	G22	0.8879629969596863
G71	G97	0.8879628777503967
G76	G62	0.8879412412643433
G76	G80	0.8879412412643433
G76	G47	0.8879411816596985
G76	G44	0.8879411816596985
G79	G18	0.8878788948059082
G79	G14	0.8878787755966187
G96	G82	0.88768470287323
G71	G2	0.8876543641090393
G61	G89	0.8875777125358582
G96	G12	0.8874384760856628
G68	G22	0.8874214291572571
G76	G8	0.8873530030250549
G76	G43	0.8873530030250549
G71	G15	0.8873456716537476
G71	G26	0.8873456716537476
G8	G89	0.8873239159584045
G37	G31	0.8872727751731873
G37	G99	0.8872727155685425
G37	G66	0.8872727155685425
G37	G90	0.8872727155685425
G61	G63	0.8872671127319336
G61	G41	0.8872670531272888
G76	G49	0.8870588541030884
G71	G61	0.8870370984077454
G71	G53	0.8870370388031006
G37	G98	0.8869697451591492
G79	G89	0.8869697451591492
G37	G28	0.8869696259498596
G61	G59	0.886956512928009
G61	G46	0.886956512928009
G61	G27	0.886956512928009
G61	G20	0.8869564533233643
G71	G67	0.8867284655570984
G71	G55	0.8867283463478088
G96	G32	0.8866994976997375
G37	G53	0.8866665959358215
G79	G47	0.8866665959358215
G61	G13	0.8866459727287292
G8	G50	0.8866196870803833
G8	G63	0.8866196870803833
G84	G78	0.8865565657615662
G51	G84	0.8865269422531128
G96	G28	0.8864532113075256
G91	G74	0.8864253163337708
G79	G83	0.8863636255264282
G79	G70	0.8863635659217834
G48	G35	0.8862498998641968
G76	G31	0.8861765265464783
G76	G54	0.8861765265464783
G71	G32	0.8861111402511597
G71	G37	0.8861111402511597
G71	G83	0.8861111402511597
G79	G56	0.8860605955123901
G83	G58	0.8860576152801514
G61	G51	0.8860248327255249
G96	G26	0.8859604597091675
G51	G5	0.8859282135963441
G51	G85	0.8859281539916992
G51	G36	0.8859281539916992
G71	G29	0.8858024477958679
G71	G24	0.8858024477958679
G79	G53	0.8857576251029968
G61	G9	0.8857143521308899
G61	G3	0.8857142329216003
G76	G39	0.8855882287025452
G76	G34	0.8855882287025452
G71	G35	0.885493814945221
G71	G73	0.885493814945221
G37	G77	0.8854544758796692
G8	G46	0.8854460120201111
G61	G5	0.8854037523269653
G9	G68	0.8853503465652466
G81	G87	0.8853447437286377
G76	G28	0.8852941393852234
G91	G82	0.8852940797805786
G8	G97	0.8852112889289856
G8	G15	0.8852112293243408
G61	G14	0.8850931525230408
G51	G55	0.8850299715995789
G51	G66	0.8850299715995789
G51	G38	0.8850298523902893
G76	G88	0.8849999904632568
G48	G61	0.8849999904632568
G8	G49	0.8849766254425049
G8	G84	0.8849765062332153
G8	G22	0.8849765062332153
G96	G43	0.8849754333496094
G71	G30	0.8848766088485718
G8	G34	0.8847417831420898
G51	G53	0.8847306370735168
G76	G9	0.8847058415412903
G76	G45	0.8847058415412903
G76	G1	0.8847058415412903
G76	G77	0.8847058415412903
G84	G31	0.884669840335846
G71	G66	0.88456791639328
G79	G26	0.8845455050468445
G37	G80	0.8845454454421997
G61	G23	0.884472131729126
G61	G54	0.8844720125198364
G39	G45	0.8844311237335205
G51	G80	0.8844311237335205
G76	G63	0.8844118118286133
G76	G66	0.8844116926193237
G71	G44	0.8842592835426331
G71	G16	0.8842592835426331
G71	G54	0.8842592835426331
G79	G19	0.8842424750328064
G61	G77	0.8841615319252014
G61	G19	0.8841614127159119
G83	G33	0.8841345906257629
G39	G47	0.8841317892074585
G51	G92	0.8841317892074585
G51	G94	0.8841317892074585
G51	G65	0.8841317296028137
G96	G33	0.8839901089668274
G37	G18	0.8839394450187683
G79	G50	0.8839394450187683
G51	G75	0.8838323950767517
G51	G17	0.8838323950767517
G71	G33	0.8836419582366943
G61	G71	0.8835403919219971
G51	G90	0.8835329413414001
G51	G27	0.8835329413414001
G48	G29	0.8834999799728394
G71	G7	0.8833333849906921
G71	G89	0.8833333849906921
G79	G25	0.8833333253860474
G79	G11	0.8833333253860474
G71	G51	0.8833332657814026
G76	G82	0.8832353353500366
G76	G16	0.8832353353500366
G76	G27	0.8832352757453918
G51	G78	0.8832335472106934
G51	G54	0.8832335472106934
G61	G70	0.8832299113273621
G61	G52	0.8832297921180725
G83	G16	0.8831731081008911
G79	G35	0.8830302953720093
G79	G36	0.8830302953720093
G71	G74	0.8830246925354004
G71	G48	0.8830246925354004
G51	G41	0.8829342126846313
G51	G74	0.8829340934753418
G51	G21	0.8829340934753418
G61	G25	0.882919192314148
G79	G23	0.8827272653579712
G37	G27	0.8827272653579712
G79	G4	0.8827272653579712
G71	G38	0.8827160596847534
G71	G36	0.8827160596847534
G71	G43	0.8827160596847534
G51	G4	0.8826347589492798
G51	G58	0.8826347589492798
G51	G19	0.8826347589492798
G51	G87	0.882634699344635
G51	G26	0.882634699344635
G8	G76	0.8826290965080261
G61	G12	0.8826087117195129
G61	G83	0.8826086521148682
G81	G11	0.8824712634086609
G83	G7	0.8824519515037537
G71	G41	0.8824073672294617
G51	G12	0.882335364818573
G51	G47	0.882335364818573
G61	G64	0.8822981715202332
G8	G77	0.8821596503257751
G79	G69	0.8821211457252502
G37	G46	0.8821211457252502
G71	G90	0.8820987343788147
G71	G46	0.8820987343788147
G76	G94	0.8820589184761047
G76	G52	0.8820587992668152
G39	G73	0.8820359706878662
G51	G11	0.8820359706878662
G39	G69	0.8820359706878662
G51	G10	0.8820358514785767
G51	G44	0.8820358514785767
G83	G14	0.8819712400436401
G8	G5	0.8819248676300049
G37	G70	0.8818181753158569
G71	G45	0.8817901611328125
G71	G10	0.8817901611328125
G71	G65	0.8817901611328125
G71	G78	0.881790041923523
G51	G77	0.8817366361618042
G83	G53	0.8817307353019714
G8	G80	0.8816901445388794
G61	G36	0.8816770911216736
G61	G82	0.881676971912384
G61	G76	0.881676971912384
G83	G47	0.8814903497695923
G71	G77	0.8814815282821655
G71	G21	0.8814815282821655
G76	G2	0.8814705610275269
G8	G71	0.8814554214477539
G8	G62	0.8814554214477539
G8	G59	0.8814554214477539
G8	G78	0.8812206983566284
G8	G100	0.8812206387519836
G79	G51	0.881212055683136
G79	G75	0.881212055683136
G76	G19	0.8811764717102051
G71	G6	0.8811728358268738
G51	G52	0.8811377882957458
G61	G92	0.8810559511184692
G61	G35	0.8810558319091797
G83	G91	0.8810096383094788
G8	G56	0.8809859752655029
G8	G92	0.8809859752655029
G84	G11	0.8808962106704712
G51	G91	0.8808383345603943
G39	G65	0.8805389404296875
G51	G29	0.880538821220398
G8	G83	0.8805164694786072
G61	G37	0.8804348111152649
G37	G72	0.8803030252456665
G96	G6	0.8802955746650696
G76	G50	0.880294144153595
G76	G33	0.8802940845489502
G76	G71	0.8802940845489502
G76	G70	0.8802940845489502
G8	G42	0.8802816867828369
G71	G47	0.8802469372749329
G71	G84	0.8802469372749329
G39	G91	0.8802395462989807
G61	G33	0.8801242113113403
G61	G6	0.8801242113113403
G83	G10	0.8800480365753174
G8	G68	0.8800469636917114
G76	G91	0.8800000548362732
G76	G79	0.8799999356269836
G51	G30	0.8799402117729187
G51	G33	0.8799400925636292
G8	G64	0.8798121809959412
G8	G13	0.8798121809959412
G48	G97	0.8797500133514404
G76	G51	0.8797059059143066
G76	G89	0.8797059059143066
G79	G96	0.8796970248222351
G79	G22	0.8796970248222351
G51	G8	0.8796407580375671
G51	G62	0.8796407580375671
G51	G82	0.8796407580375671
G51	G46	0.8796406984329224
G83	G75	0.8795672655105591
G83	G57	0.8795672655105591
G61	G7	0.8795031309127808
G61	G67	0.8795031309127808
G8	G38	0.8793426752090454
G51	G64	0.8793413639068604
G51	G48	0.8793412446975708
G83	G96	0.8793269395828247
G71	G50	0.8793209791183472
G71	G27	0.8793209791183472
G76	G92	0.8791176080703735
G71	G8	0.879012405872345
G8	G19	0.8788732290267944
G76	G68	0.8788235187530518
G76	G23	0.8788235187530518
G76	G10	0.8788235187530518
G71	G49	0.8787037134170532
G71	G82	0.8787037134170532
G8	G36	0.8786385655403137
G8	G37	0.8786384463310242
G8	G60	0.8786384463310242
G83	G77	0.8786057829856873
G84	G19	0.8785377144813538
G76	G30	0.87852942943573
G76	G15	0.8785293698310852
G37	G61	0.8784849047660828
G79	G34	0.878484845161438
G51	G35	0.87844318151474
G8	G75	0.8784037232398987
G71	G88	0.8783950805664062
G61	G88	0.8782608509063721
G61	G96	0.8782608509063721
G71	G93	0.878086507320404
G37	G17	0.8778788447380066
G51	G28	0.8778442740440369
G39	G42	0.8778442740440369
G71	G3	0.8777777552604675
G45	G97	0.8777456283569336
G8	G69	0.8776994943618774
G37	G68	0.8775756955146791
G51	G18	0.8775449395179749
G51	G89	0.8775449395179749
G51	G50	0.8775448203086853
G71	G68	0.8774691820144653
G71	G1	0.8774691224098206
G38	G26	0.8774285912513733
G83	G89	0.8774039149284363
G83	G54	0.8774038553237915
G83	G94	0.8774037957191467
G61	G28	0.8773291707038879
G51	G83	0.8772454857826233
G51	G2	0.8772454857826233
G51	G59	0.8772454857826233
G8	G44	0.8772300481796265
G83	G55	0.8771634697914124
G83	G99	0.8771633505821228
G71	G39	0.8771605491638184
G61	G8	0.8770186305046082
G61	G69	0.8770186305046082
G81	G51	0.8770115375518799
G51	G88	0.8769460916519165
G83	G28	0.876923143863678
G71	G62	0.8768517971038818
G1	G15	0.8768292069435121
G76	G26	0.876764714717865
G8	G39	0.8767606616020203
G83	G50	0.876682698726654
G84	G97	0.8766509890556335
G51	G56	0.8766466975212097
G38	G87	0.8765714764595032
G8	G33	0.8765258193016052
G5	G57	0.8764941096305847
G83	G90	0.8764423131942749
G7	G70	0.8764422535896301
G83	G62	0.8764422535896301
G83	G67	0.8764422535896301
G8	G54	0.8762910962104797
G8	G67	0.876291036605835
G71	G80	0.8762345314025879
G71	G28	0.8762345314025879
G71	G79	0.8762345314025879
G83	G60	0.8762019872665405
G83	G97	0.8762019276618958
G83	G66	0.8762019276618958
G83	G65	0.8762019276618958
G38	G13	0.8760000467300415
G85	G84	0.8759615421295166
G83	G56	0.8759615421295166
G83	G43	0.8759615421295166
G76	G5	0.8758823275566101
G76	G83	0.8758823275566101
G8	G26	0.8758215904235841
G8	G57	0.8758215308189392
G51	G14	0.8757485151290894
G83	G4	0.8757210969924927
G83	G70	0.8757210969924927
G76	G90	0.8755882978439331
G76	G3	0.8755882978439331
G8	G21	0.8755869269371033
G61	G65	0.8754659295082092
G39	G93	0.8754491806030273
G51	G3	0.8754491806030273
G38	G62	0.8754285573959351
G76	G13	0.8752941489219666
G83	G68	0.8752403259277344
G79	G29	0.8751515746116638
G51	G42	0.8751497268676758
G51	G39	0.8751497268676758
G83	G49	0.8750000596046448
G83	G84	0.875
G71	G63	0.875
G71	G23	0.875
G76	G81	0.875
G71	G31	0.875
G39	G61	0.8748503327369691
G76	G97	0.8747058510780334
G71	G86	0.874691367149353
G39	G60	0.8745509386062622
G51	G13	0.8745509386062622
G39	G14	0.8745509386062622
G51	G68	0.8745508193969727
G83	G82	0.8745192885398865
G83	G18	0.8745192885398865
G83	G45	0.8745192289352417
G8	G29	0.8744131326675415
G76	G59	0.8744118213653564
G71	G34	0.8743826746940613
G45	G10	0.8742774724960327
G76	G37	0.8741176724433899
G76	G7	0.8741176724433899
G71	G98	0.8740741014480591
G51	G79	0.8739521503448486
G8	G4	0.8737089037895203
G84	G61	0.8735849857330322
G81	G82	0.8735632300376892
G81	G65	0.8735632300376892
G83	G93	0.8735576868057251
G83	G51	0.8735576868057251
G8	G14	0.8734741806983948
G8	G6	0.87347412109375
G8	G86	0.87347412109375
G71	G9	0.8734567761421204
G51	G31	0.8733533024787903
G83	G11	0.873317301273346
G8	G47	0.8732395172119141
G71	G57	0.8731481432914734
G71	G42	0.8728394508361816
G83	G69	0.8728365302085876
G51	G7	0.8727545738220215
G22	G2	0.8726140856742859
G83	G46	0.8725961446762085
G8	G72	0.8725351691246033
G71	G5	0.8725308775901794
G39	G5	0.8724550604820251
G39	G92	0.8724550604820251
G61	G72	0.8723602294921875
G8	G25	0.8723005652427673
G39	G77	0.8721556663513184
G76	G25	0.8720588088035583
G83	G87	0.8718749284744263
G39	G41	0.8718562126159668
G51	G37	0.8718562126159668
G51	G63	0.8718562126159668
G8	G9	0.8718309998512268
G8	G45	0.8718308806419373
G83	G6	0.8716346025466919
G51	G67	0.87155681848526
G81	G70	0.8715516924858093
G76	G29	0.87147057056427
G71	G72	0.8712963461875916
G51	G25	0.871257483959198
G39	G70	0.871257483959198
G76	G48	0.8711764812469482
G76	G60	0.8711764812469482
G83	G21	0.8711538314819336
G83	G13	0.8711538314819336
G83	G3	0.8711538314819336
G83	G39	0.8711538314819336
G8	G1	0.8711267113685608
G84	G86	0.870990514755249
G39	G49	0.870958149433136
G51	G40	0.8709580898284912
G51	G9	0.8709580898284912
G83	G29	0.8709134459495544
G83	G78	0.8709134459495544
G8	G65	0.8708920478820801
G13	G44	0.8708791136741638
G83	G31	0.8706730604171753
G39	G58	0.8706587553024292
G39	G99	0.8706586360931396
G76	G55	0.8705882430076599
G84	G95	0.8705188632011414
G81	G22	0.8704023957252502
G51	G81	0.8703593015670776
G39	G6	0.8703593015670776
G39	G15	0.8700599074363708
G51	G15	0.8700597882270813
G83	G26	0.8699519038200378
G83	G79	0.8699519038200378
G39	G23	0.8697604537010193
G39	G95	0.8697604537010193
G39	G96	0.8697604537010193
G39	G50	0.8697604537010193
G51	G70	0.8697604537010193
G83	G27	0.8697115182876587
G82	G63	0.8697095513343811
G76	G6	0.8697059154510498
G83	G64	0.8694711327552795
G51	G32	0.8694610595703125
G39	G37	0.8694610595703125
G83	G25	0.8692308068275452
G83	G41	0.8692308068275452
G83	G8	0.8692306876182556
G85	G32	0.8692306876182556
G51	G72	0.8691617250442505
G39	G11	0.8691617250442505
G51	G96	0.8691617250442505
G84	G42	0.8691037893295288
G83	G59	0.8689903616905212
G84	G93	0.8688679933547974
G51	G1	0.8688623309135437
G39	G89	0.8688623309135437
G39	G9	0.8688623309135437
G39	G79	0.8688622117042542
G38	G1	0.8688571453094482
G8	G48	0.8687793612480164
G83	G38	0.8687499761581421
G83	G52	0.8687499761581421
G84	G53	0.8686321377754211
G39	G19	0.8685629963874817
G51	G57	0.8685628175735474
G85	G14	0.8685096502304077
G38	G70	0.8682857155799866
G83	G98	0.8682692646980286
G83	G35	0.8682692050933838
G39	G94	0.8682634830474854
G39	G63	0.8682634830474854
G55	G6	0.8681395053863525
G83	G76	0.8680288791656494
G39	G87	0.8679640293121338
G39	G97	0.8679640293121338
G51	G60	0.8679640293121338
G39	G53	0.867963969707489
G8	G3	0.8678404092788696
G83	G24	0.8677884340286255
G51	G95	0.8676647543907166
G83	G30	0.8675481081008911
G83	G1	0.8675480484962463
G81	G84	0.8675287365913391
G39	G2	0.8673652410507202
G39	G76	0.8673652410507202
G45	G69	0.8673409819602966
G83	G61	0.8673076629638672
G85	G50	0.8673076629638672
G83	G12	0.8673076629638672
G84	G1	0.867216944694519
G51	G71	0.8670659065246582
G84	G91	0.8667452931404114
G84	G44	0.8667452931404114
G81	G20	0.8666666746139526
G83	G86	0.8665865659713745
G83	G85	0.8665865659713745
G83	G32	0.8665865659713745
G83	G17	0.8663462400436401
G38	G81	0.8662856817245483
G39	G20	0.8661677241325378
G39	G13	0.8661677241325378
G39	G22	0.8661677241325378
G83	G34	0.8661057949066162
G85	G61	0.8661057353019714
G84	G17	0.8660377860069275
G84	G4	0.8660377860069275
G84	G21	0.8660376667976379
G76	G40	0.8658823370933533
G39	G100	0.8658682703971863
G83	G88	0.8658654093742371
G83	G63	0.8656250238418579
G83	G92	0.8656249642372131
G39	G56	0.8655688762664795
G39	G25	0.8655688762664795
G84	G58	0.8655661344528198
G83	G40	0.8653846979141235
G85	G72	0.8653846383094788
G84	G8	0.865330159664154
G76	G35	0.8652941584587097
G39	G88	0.8652694821357727
G39	G90	0.8652694821357727
G81	G36	0.8652299046516418
G85	G43	0.8651443123817444
G85	G99	0.8651443123817444
G83	G71	0.8651443123817444
G85	G100	0.8651441931724548
G85	G24	0.8651441931724548
G83	G5	0.8651441931724548
G84	G55	0.8650943040847778
G76	G22	0.8650000095367432
G81	G71	0.8649425506591797
G83	G22	0.8649038672447205
G83	G36	0.8649038076400757
G38	G22	0.8648571968078613
G38	G96	0.8648571968078613
G81	G17	0.8646552562713623
G45	G92	0.8644508123397827
G45	G56	0.8644508123397827
G83	G72	0.8644230961799622
G85	G49	0.8644230961799622
G85	G38	0.8644230365753174
G84	G74	0.8643867969512941
G51	G22	0.8643712997436523
G39	G51	0.8643712997436523
G39	G54	0.8643712997436523
G39	G16	0.8643712997436523
G39	G84	0.8643712997436523
G39	G12	0.8643711805343628
G38	G95	0.8642857074737549
G85	G94	0.8641827702522278
G83	G81	0.864182710647583
G21	G14	0.8641510009765625
G84	G82	0.8641509413719177
G84	G28	0.8641509413719177
G39	G27	0.8640718460083008
G84	G24	0.8639151453971863
G71	G92	0.8638888597488403
G39	G32	0.8637725710868835
G39	G46	0.8637724518775941
G51	G73	0.8637724518775941
G39	G57	0.8637724518775941
G13	G2	0.8637363314628601
G55	G92	0.8637208938598633
G83	G80	0.8637018799781799
G83	G44	0.8637018799781799
G39	G52	0.8634730577468872
G85	G76	0.8634615540504456
G84	G22	0.8634434342384338
G84	G35	0.8634433150291443
G91	G63	0.8633483648300171
G39	G29	0.8631737232208252
G39	G21	0.8631737232208252
G38	G47	0.8631428480148315
G85	G6	0.8629807829856873
G83	G100	0.8629807829856873
G83	G42	0.8629807829856873
G84	G9	0.8629716634750366
G76	G64	0.8629411458969116
G99	G60	0.8629411458969116
G39	G71	0.8628742694854736
G39	G78	0.8628742694854736
G5	G23	0.8627489805221558
G85	G98	0.8627403974533081
G84	G63	0.8627358675003052
G99	G84	0.8626471161842346
G81	G13	0.8626435995101929
G39	G85	0.8625748753547668
G39	G30	0.8625748753547668
G39	G35	0.8625747561454773
G38	G86	0.8625714182853699
G84	G6	0.8625000119209291
G21	G12	0.8625000119209291
G84	G49	0.8625000119209291
G45	G52	0.8624277114868164
G39	G64	0.8622754216194153
G84	G33	0.862264096736908
G85	G96	0.862259566783905
G91	G8	0.8622171878814697
G39	G72	0.8619760274887085
G39	G62	0.8619760274887085
G45	G41	0.8618496656417847
G45	G33	0.8618496656417847
G45	G1	0.8618496656417847
G84	G87	0.8617924451828003
G84	G89	0.8617924451828003
G45	G86	0.8615606427192688
G84	G70	0.8615566492080688
G84	G54	0.8615565896034241
G84	G72	0.8615565896034241
G85	G54	0.8615384697914124
G83	G2	0.8615384697914124
G81	G74	0.8614943027496338
G39	G68	0.8613771796226501
G21	G87	0.8613207340240479
G83	G95	0.8612980246543884
G85	G40	0.8612980246543884
G55	G10	0.8611627817153931
G38	G57	0.8611428141593933
G84	G76	0.8610849380493164
G84	G26	0.8610848188400269
G39	G28	0.8610778450965881
G81	G8	0.8609195351600647
G11	G12	0.8608571290969849
G84	G43	0.8608490824699402
G85	G53	0.8608173131942749
G83	G9	0.8608173131942749
G85	G78	0.8608173131942749
G39	G17	0.8607784509658813
G84	G62	0.8606132864952087
G11	G18	0.8605713844299316
G39	G66	0.8604789972305298
G84	G2	0.860377311706543
G81	G38	0.8603447079658508
G83	G48	0.8603366017341614
G85	G80	0.8603365421295166
G85	G7	0.8603365421295166
G38	G82	0.860285758972168
G39	G83	0.8601797223091125
G84	G47	0.8599056601524353
G83	G19	0.8598557710647583
G85	G67	0.8598557114601135
G85	G75	0.8598557114601135
G83	G23	0.8598557114601135
G45	G71	0.8598265051841736
G38	G44	0.8597143292427063
G38	G79	0.8597142696380615
G85	G71	0.8596153855323792
G85	G44	0.8596153855323792
G85	G47	0.8596153855323792
G85	G66	0.8596153855323792
G39	G67	0.8595808744430542
G39	G3	0.8595807552337646
G81	G94	0.8594827651977539
G81	G75	0.8594827651977539
G81	G57	0.8594827055931091
G21	G17	0.8594339489936829
G84	G15	0.8594338893890381
G85	G31	0.859375
G85	G19	0.859375
G85	G27	0.859375
G85	G82	0.859375
G39	G1	0.8592814207077026
G39	G4	0.8592814207077026
G84	G29	0.8591980934143066
G84	G81	0.8591980934143066
G21	G58	0.8591980934143066
G81	G86	0.8591954112052917
G85	G81	0.8591346740722656
G85	G97	0.8591346144676208
G91	G80	0.8590497374534607
G39	G82	0.8589820861816406
G39	G33	0.8589820265769958
G84	G88	0.8589622974395752
G21	G74	0.8589622974395752
G45	G94	0.8589594960212708
G85	G45	0.8588942885398865
G21	G97	0.8587264418601991
G84	G37	0.8587264418601991
G84	G50	0.8587264418601991
G84	G3	0.8587263822555542
G39	G81	0.8586826920509338
G39	G8	0.8586825728416443
G85	G29	0.8586539030075073
G83	G74	0.8586537837982178
G81	G16	0.8586207628250122
G81	G42	0.8586206436157227
G81	G61	0.8586206436157227
G84	G69	0.8584906458854675
G84	G64	0.8584905862808228
G84	G12	0.8584905862808228
G84	G36	0.8584905862808228
G85	G68	0.8584134578704834
G85	G42	0.8584134578704834
G85	G9	0.8584134578704834
G85	G30	0.8584133982658386
G85	G73	0.8584133982658386
G45	G85	0.8583813905715942
G81	G5	0.8583333492279053
G84	G98	0.8582547903060913
G21	G65	0.8582547307014465
G84	G14	0.8582547307014465
G85	G3	0.8581730723381042
G39	G75	0.8580838441848755
G81	G18	0.8580459952354431
G81	G53	0.8580459356307983
G84	G23	0.8580188155174255
G39	G80	0.8577844500541687
G21	G57	0.8577830195426941
G84	G56	0.8577830195426941
G85	G70	0.857692301273346
G99	G11	0.8576470017433167
G21	G83	0.8575471043586731
G45	G99	0.857514500617981
G39	G10	0.8574849963188171
G39	G31	0.8574849963188171
G39	G24	0.8574849963188171
G85	G86	0.8574519753456116
G38	G18	0.8574286103248596
G99	G42	0.8573529124259949
G21	G20	0.8573113679885864
G84	G51	0.8573113083839417
G84	G57	0.8573113083839417
G85	G28	0.8572114706039429
G81	G83	0.8571839332580566
G21	G60	0.8570755124092102
G21	G93	0.8570754528045654
G85	G88	0.8569711446762085
G85	G89	0.8569711446762085
G85	G21	0.8569710850715637
G45	G62	0.8569363951683044
G81	G15	0.8568965792655945
G38	G10	0.8568572402000427
G38	G92	0.8568571209907532
G11	G17	0.8568571209907532
G84	G25	0.8568395972251892
G21	G77	0.8568395972251892
G85	G55	0.8567307591438293
G81	G96	0.8566092252731323
G81	G93	0.8566092252731323
G81	G50	0.8566092252731323
G21	G85	0.8566038012504578
G21	G11	0.8566038012504578
G84	G40	0.856603741645813
G39	G18	0.856586754322052
G11	G78	0.8565714955329895
G38	G98	0.8565713763237
G11	G76	0.8565713763237
G85	G46	0.8564903736114502
G85	G57	0.8564903736114502
G70	G7	0.8564515709877014
G21	G99	0.8563679456710815
G45	G37	0.8563583493232727
G45	G76	0.8563583493232727
G81	G99	0.8563218116760254
G38	G42	0.8562857508659363
G85	G74	0.8562500476837158
G85	G87	0.8562500476837158
G99	G32	0.856176495552063
G84	G16	0.8561320900917053
G21	G91	0.8561320900917053
G21	G84	0.8561320900917053
G84	G66	0.8561320900917053
G13	G87	0.8560438752174377
G38	G76	0.8559999465942383
G39	G86	0.8559880256652832
G21	G50	0.8558962941169739
G21	G86	0.8558962345123291
G85	G60	0.8557692170143127
G81	G89	0.8557471036911011
G21	G76	0.8556604385375977
G84	G39	0.8556603193283081
G85	G90	0.8555288910865784
G85	G13	0.8555288314819336
G85	G48	0.8555288314819336
G85	G39	0.8555288314819336
G85	G8	0.8555288314819336
G81	G90	0.8554598093032837
G81	G95	0.8554598093032837
G81	G31	0.8554596900939941
G38	G73	0.8554286360740662
G38	G88	0.8554285764694214
G11	G98	0.8554285764694214
G85	G65	0.8552885055541992
G85	G11	0.8552885055541992
G85	G41	0.8552885055541992
G85	G12	0.8552884459495544
G85	G20	0.8552884459495544
G84	G5	0.8551886081695557
G81	G24	0.8551724553108215
G81	G41	0.8551724553108215
G38	G24	0.8551428914070129
G38	G67	0.8551428318023682
G81	G56	0.8548850417137146
G85	G34	0.8548077344894409
G85	G4	0.8548076152801514
G39	G38	0.8547903895378113
G39	G48	0.8547903299331665
G84	G46	0.8547170162200928
G21	G2	0.854716956615448
G84	G73	0.854716956615448
G45	G43	0.854624330997467
G81	G55	0.8545976877212524
G85	G93	0.8545674085617065
G85	G2	0.854567289352417
G85	G1	0.854567289352417
G85	G15	0.854567289352417
G45	G61	0.8543352484703064
G85	G92	0.8543269634246826
G85	G52	0.8543269038200378
G85	G33	0.8543269038200378
G81	G9	0.8543103337287903
G38	G16	0.8542857766151428
G38	G59	0.8542857170104979
G11	G70	0.8542857170104979
G84	G10	0.8542453050613403
G84	G34	0.8542453050613403
G99	G24	0.8541176319122314
G99	G50	0.8541176319122314
G85	G5	0.8540865778923035
G85	G56	0.8540865182876587
G85	G36	0.8540865182876587
G83	G73	0.8540865182876587
G45	G70	0.8540462255477905
G45	G11	0.8540462255477905
G81	G97	0.8540230393409729
G84	G59	0.8540094494819641
G38	G63	0.8539999723434448
G38	G39	0.8539999723434448
G38	G97	0.8539999127388
G85	G18	0.8538461923599243
G84	G71	0.8537735939025879
G84	G60	0.8537735939025879
G84	G27	0.8537735939025879
G21	G29	0.8537735939025879
G55	G80	0.8537209630012512
G38	G74	0.8537142276763916
G38	G91	0.8537142276763916
G85	G62	0.8536058068275452
G21	G95	0.8535377383232117
G81	G98	0.8534482717514038
G81	G58	0.853448212146759
G85	G35	0.8533653616905212
G85	G37	0.8533653616905212
G85	G26	0.8533653616905212
G84	G83	0.8533018827438354
G21	G8	0.8533018827438354
G21	G38	0.8533018827438354
G21	G30	0.8533018827438354
G39	G7	0.8532934188842773
G45	G5	0.8531791567802429
G45	G32	0.8531791567802429
G81	G62	0.8531609773635864
G81	G76	0.8531609773635864
G81	G30	0.8531609177589417
G38	G46	0.8531427979469299
G85	G59	0.8531249761581421
G85	G25	0.8531249761581421
G84	G13	0.853066086769104
G84	G77	0.8530659675598145
G21	G49	0.8530659675598145
G21	G88	0.8530659675598145
G85	G23	0.8528845906257629
G38	G100	0.8528571724891663
G84	G20	0.8528302311897278
G21	G71	0.8528302311897278
G39	G40	0.8526946902275085
G99	G85	0.852647066116333
G45	G39	0.8526012301445007
G45	G83	0.8526010513305664
G84	G67	0.8525943160057068
G38	G8	0.8525714874267578
G38	G28	0.8525714278221129
G85	G83	0.8524038791656494
G85	G63	0.8524037599563599
G21	G42	0.8523584604263306
G84	G45	0.8523584604263306
G21	G98	0.8523584008216858
G2	G22	0.8523560166358948
G99	G52	0.8523529171943665
G45	G21	0.8523121476173401
G81	G64	0.8522988557815552
G81	G19	0.8522988557815552
G81	G63	0.8522987961769104
G38	G89	0.8522856831550598
G84	G52	0.8521226048469543
G39	G98	0.8520958423614502
G99	G75	0.8520588874816895
G45	G49	0.8520230650901794
G45	G7	0.8520230650901794
G81	G66	0.852011501789093
G81	G69	0.852011501789093
G81	G80	0.8520113825798035
G38	G41	0.8520000576972961
G55	G48	0.8518604636192322
G99	G88	0.8517647385597229
G45	G25	0.8517341613769531
G45	G79	0.8517341613769531
G81	G92	0.8517241477966309
G81	G33	0.8517241477966309
G21	G64	0.8516509532928467
G21	G36	0.8516508936882019
G45	G98	0.8514450788497925
G38	G71	0.8514285683631897
G21	G47	0.8514150977134705
G84	G68	0.8514150977134705
G85	G17	0.8512018918991089
G39	G36	0.8511975407600403
G84	G79	0.851179301738739
G21	G26	0.8511792421340942
G99	G41	0.8511764407157898
G99	G54	0.8511764407157898
G99	G62	0.8511764407157898
G45	G84	0.8511561751365662
G45	G44	0.8511560559272766
G45	G73	0.8511560559272766
G45	G88	0.8511559963226318
G38	G49	0.8511428236961365
G38	G21	0.8511428236961365
G85	G69	0.8509615659713745
G21	G7	0.8509434461593628
G21	G75	0.8509434461593628
G84	G96	0.850943386554718
G99	G76	0.8508822917938232
G81	G59	0.8508620262145996
G45	G23	0.8505780100822449
G81	G44	0.8505747318267822
G38	G35	0.8505714535713196
G38	G31	0.8505713939666748
G29	G94	0.8505682349205017
G21	G56	0.8504717350006104
G21	G63	0.8504717350006104
G21	G69	0.8504716157913208
G84	G7	0.8504716157913208
G39	G43	0.8502994179725647
G45	G100	0.8502890467643738
G45	G2	0.8502890467643738
G45	G90	0.850288987159729
G81	G25	0.8502873182296753
G11	G100	0.8502857089042664
G85	G22	0.8502404093742371
G85	G91	0.8502403497695923
G84	G65	0.8502358198165894
G21	G23	0.8502358198165894
G45	G59	0.8500000238418579
G38	G32	0.8500000238418579
G99	G55	0.8500000238418579
G38	G11	0.8500000238418579
G85	G64	0.8500000238418579
G21	G43	0.8499999642372131
G81	G49	0.8499999642372131
G21	G90	0.8499999642372131
G93	G58	0.8497706651687622
G21	G3	0.8497641682624817
G21	G48	0.8497641682624817
G85	G58	0.8497596383094788
G38	G75	0.8497142791748047
G38	G69	0.8497141599655151
G81	G78	0.8497126698493958
G81	G73	0.8497126698493958
G45	G15	0.849711000919342
G45	G13	0.849711000919342
G99	G61	0.8497058749198914
G84	G48	0.8495283126831055
G38	G23	0.8494285941123962
G81	G48	0.8494253158569336
G81	G77	0.849425196647644
G45	G48	0.8494219183921814
G99	G100	0.8494117259979248
G21	G37	0.8492924571037292
G21	G92	0.8492924571037292
G85	G16	0.8492788076400757
G11	G8	0.8491429090499878
G38	G64	0.8491427898406982
G81	G32	0.8491379022598267
G45	G82	0.8491330146789551
G45	G4	0.8491328954696655
G45	G77	0.8491328954696655
G84	G38	0.8490566611289978
G21	G41	0.849056601524353
G21	G4	0.849056601524353
G84	G75	0.849056601524353
G85	G95	0.8490384817123413
G85	G51	0.8490384817123413
G38	G56	0.8488571643829346
G38	G17	0.8488571643829346
G45	G28	0.8488439917564392
G99	G7	0.8488235473632812
G99	G87	0.8488235473632812
G99	G69	0.8488235473632812
G21	G51	0.8488208055496216
G21	G53	0.8488208055496216
G21	G31	0.8488207459449768
G84	G100	0.8488207459449768
G20	G44	0.8486956954002379
G19	G59	0.8486841917037964
G55	G19	0.8486046791076659
G45	G46	0.8485549092292786
G21	G10	0.8483490943908691
G84	G80	0.8483490943908691
G21	G78	0.8483490347862244
G11	G86	0.8482857942581177
G38	G9	0.8482856750488281
G38	G68	0.8482856750488281
G81	G4	0.848275899887085
G81	G12	0.8482757806777954
G81	G37	0.8482757806777954
G45	G38	0.8482658863067627
G91	G57	0.8481901288032532
G85	G10	0.8480769395828247
G38	G54	0.8480000495910645
G81	G60	0.8479885458946228
G55	G51	0.8479070067405701
G21	G81	0.8478773832321167
G21	G22	0.8478773832321167
G21	G100	0.8478773832321167
G21	G28	0.8478773832321167
G21	G96	0.8478773832321167
G21	G33	0.8478773832321167
G84	G90	0.8478773832321167
G21	G13	0.8478773832321167
G5	G69	0.847808837890625
G38	G52	0.8477143049240112
G38	G93	0.8477142453193665
G81	G7	0.8477012515068054
G45	G22	0.8476879000663757
G99	G64	0.8476470708847046
G99	G13	0.8476470708847046
G99	G74	0.8476470112800598
G21	G72	0.8476415872573853
G84	G41	0.8476414680480957
G21	G39	0.8476414680480957
G21	G27	0.8476414680480957
G93	G21	0.8474770784378052
G93	G87	0.8474770784378052
G55	G16	0.8474419116973877
G55	G35	0.8474418520927429
G35	G44	0.847428560256958
G45	G16	0.8473988771438599
G99	G89	0.8473529815673828
G99	G31	0.8473529815673828
G21	G66	0.8471698164939879
G21	G1	0.8471698164939879
G21	G32	0.8471698164939879
G38	G78	0.8471428751945496
G81	G29	0.8471264839172363
G91	G94	0.8470588922500609
G91	G10	0.8470588326454163
G55	G59	0.8469767570495605
G21	G67	0.8469339609146118
G85	G77	0.8468750715255737
G38	G40	0.8468571901321411
G11	G71	0.8468571305274963
G45	G74	0.8468208909034729
G99	G53	0.8467646837234497
G21	G44	0.8466981053352356
G21	G73	0.8466981053352356
G91	G15	0.8466063737869263
G38	G25	0.8465715050697327
G11	G4	0.8465715050697327
G93	G82	0.8465595841407776
G81	G26	0.8465517163276672
G81	G47	0.8465516567230225
G45	G6	0.846531867980957
G45	G55	0.8465317487716675
G58	G88	0.8465217351913452
G55	G96	0.8465115427970886
G99	G27	0.8464705348014832
G99	G39	0.8464705348014832
G99	G96	0.8464705348014832
G99	G65	0.8464705348014832
G38	G2	0.8462857604026794
G81	G68	0.8462643623352051
G81	G6	0.8462643623352051
G21	G61	0.8462264537811279
G21	G54	0.8462263941764832
G21	G25	0.8462263941764832
G99	G95	0.8461765050888062
G85	G79	0.8461538553237915
G11	G46	0.8460000157356262
G38	G29	0.8460000157356262
G38	G36	0.8460000157356262
G38	G51	0.8460000157356262
G11	G74	0.8459999561309814
G21	G62	0.8459905982017517
G21	G80	0.8459905385971069
G81	G28	0.8459768891334534
G93	G67	0.84587162733078
G21	G82	0.8457547426223755
G11	G5	0.845714271068573
G81	G2	0.8456897139549255
G81	G46	0.8456897139549255
G81	G43	0.845689594745636
G45	G29	0.8456647396087646
G45	G14	0.8456646800041199
G58	G30	0.8456521034240723
G99	G26	0.8455882072448729
G99	G22	0.8455882072448729
G11	G53	0.8454286456108093
G38	G45	0.8454285264015198
G81	G3	0.8454022407531738
G81	G72	0.8454022407531738
G45	G42	0.8453757166862488
G45	G75	0.8453757166862488
G55	G12	0.8453488349914551
G99	G19	0.8452941179275513
G21	G6	0.8452830910682678
G39	G59	0.845209538936615
G38	G34	0.8451429009437561
G11	G81	0.8451428413391113
G11	G77	0.8451428413391113
G35	G7	0.8451428413391113
G81	G54	0.8451149463653564
G13	G5	0.8450549840927124
G21	G94	0.845047116279602
G99	G5	0.8449999690055847
G39	G74	0.8449101448059082
G55	G50	0.8448837399482727
G55	G18	0.8448836803436279
G55	G42	0.8448836803436279
G69	G23	0.8448716998100281
G11	G85	0.8448571562767029
G45	G35	0.8447977304458618
G45	G93	0.844797670841217
G91	G93	0.844796359539032
G91	G1	0.844796359539032
G13	G88	0.8447802066802979
G99	G30	0.8447059392929077
G99	G4	0.8447059392929077
G21	G9	0.8445754647254944
G38	G90	0.8445714712142944
G45	G17	0.844508707523346
G45	G36	0.8445085883140564
G13	G43	0.8445054888725281
G99	G17	0.8444117903709412
G99	G8	0.8444116711616516
G11	G84	0.844285786151886
G11	G51	0.8442857265472412
G35	G8	0.8442857265472412
G81	G39	0.8442529439926147
G45	G47	0.8442196846008301
G45	G87	0.8442196846008301
G45	G58	0.8442196846008301
G38	G85	0.8440000414848328
G35	G37	0.8440000414848328
G38	G33	0.843999981880188
G81	G40	0.8439654707908629
G55	G5	0.8439534902572632
G45	G9	0.8439307212829591
G45	G53	0.8439306616783142
G33	G77	0.8438725471496582
G21	G18	0.8438679575920105
G21	G79	0.8438678979873657
G99	G73	0.8438234925270081
G99	G78	0.8438234925270081
G99	G28	0.8438234925270081
G38	G66	0.8437143564224243
G38	G61	0.8437142372131348
G38	G19	0.8437142372131348
G39	G55	0.8437125086784363
G91	G84	0.8436651229858398
G21	G15	0.8436321020126343
G99	G37	0.8435294628143309
G99	G15	0.8435294628143309
G99	G25	0.8435294628143309
G99	G48	0.8435294032096863
G11	G88	0.8434286117553711
G21	G68	0.8433962464332581
G21	G35	0.8433962464332581
G81	G10	0.8433908224105835
G81	G88	0.8433908224105835
G45	G65	0.8433526754379272
G45	G51	0.8433526754379272
G45	G72	0.8433525562286377
G45	G67	0.8433525562286377
G99	G86	0.8432353138923645
G99	G67	0.8432353138923645
G91	G17	0.8432126045227051
G21	G34	0.8431603908538818
G11	G38	0.8431428670883179
G11	G87	0.8431428670883179
G93	G57	0.8431192636489868
G81	G1	0.8431035280227661
G81	G67	0.8431034088134766
G81	G85	0.8431034088134766
G81	G45	0.8431034088134766
G45	G78	0.8430635333061218
G3	G90	0.8430555462837219
G91	G51	0.8429864645004272
G21	G46	0.8429245352745056
G21	G5	0.8429245352745056
G38	G48	0.8428572416305542
G38	G37	0.8428571224212646
G38	G5	0.8428571224212646
G38	G65	0.8428571224212646
G11	G54	0.8428571224212646
G55	G64	0.8427906036376953
G45	G80	0.8427745699882507
G45	G96	0.8427745699882507
G21	G52	0.8426887392997742
G99	G58	0.8426470756530762
G99	G90	0.8426470756530762
G99	G80	0.8426470756530762
G11	G31	0.842571496963501
G11	G62	0.8425714373588562
G91	G48	0.8425339460372925
G21	G89	0.842452883720398
G99	G35	0.8423529863357544
G99	G57	0.8423529267311096
G70	G72	0.8423386812210083
G38	G14	0.8422857522964478
G35	G51	0.842285692691803
G99	G51	0.8420587778091431
G99	G83	0.8420587778091431
G81	G23	0.8419540524482727
G91	G2	0.8418552279472351
G91	G78	0.8418551683425903
G16	G43	0.8417989015579224
G13	G99	0.8417583107948303
G11	G60	0.8417143225669861
G38	G43	0.8417143225669861
G38	G6	0.8417143225669861
G11	G7	0.8417143225669861
G38	G80	0.8417143225669861
G3	G43	0.8416666388511658
G55	G83	0.8416279554367065
G45	G60	0.841618537902832
G45	G27	0.8416184186935425
G38	G20	0.8414285778999329
G91	G27	0.8414026498794556
G55	G47	0.8413953185081482
G55	G91	0.8413953185081482
G55	G43	0.8413953185081482
G45	G40	0.8413295149803162
G45	G50	0.8413295149803162
G45	G18	0.8413295149803162
G58	G25	0.8413043022155762
G82	G27	0.8412863612174988
G29	G99	0.8411931991577148
G91	G47	0.8411765098571777
G99	G49	0.841176450252533
G99	G33	0.841176450252533
G99	G29	0.841176450252533
G38	G72	0.8411429524421692
G11	G89	0.8411428332328796
G11	G58	0.8411428332328796
G81	G91	0.8410919904708862
G62	G42	0.8410525918006897
G45	G81	0.8410404920578003
G45	G89	0.8410404920578003
G91	G70	0.8409502506256104
G99	G14	0.8408823609352112
G99	G10	0.8408823609352112
G38	G3	0.8408570885658264
G11	G66	0.8408570885658264
G38	G60	0.8408570885658264
G81	G34	0.8408046364784241
G45	G8	0.8407514095306396
G93	G44	0.8405963182449341
G99	G70	0.8405882716178894
G99	G59	0.8405882716178894
G99	G3	0.8405882716178894
G99	G98	0.8405882120132446
G38	G30	0.8405714631080627
G38	G83	0.840571403503418
G3	G42	0.8405555486679077
G81	G79	0.8405171632766724
G45	G24	0.8404623866081238
G99	G20	0.8402941823005676
G99	G92	0.8402940630912781
G82	G16	0.8402490019798279
G55	G39	0.8402326107025146
G55	G41	0.8402325510978699
G93	G32	0.8401376008987427
G91	G37	0.8400452136993408
G55	G95	0.8400000333786011
G99	G46	0.8400000333786011
G99	G43	0.8400000333786011
G99	G79	0.8400000333786011
G99	G6	0.8400000333786011
G35	G52	0.8399999737739563
G11	G93	0.8399999737739563
G81	G35	0.8399425745010376
G81	G27	0.8399425148963928
G39	G26	0.8398203849792479
G29	G15	0.8397727608680725
G55	G78	0.8397674560546875
G38	G50	0.8397143483161926
G11	G16	0.8397143483161926
G99	G91	0.8397058844566345
G21	G40	0.8396226167678833
G13	G84	0.8395604491233826
G55	G25	0.8395348787307739
G11	G64	0.8394286036491394
G35	G78	0.8394286036491394
G38	G58	0.8394285440444946
G11	G49	0.8394285440444946
G99	G40	0.8394118547439575
G99	G81	0.8394118547439575
G90	G10	0.8394021391868591
G21	G59	0.8393867611885071
G21	G16	0.8393867015838623
G91	G13	0.8393664956092834
G45	G26	0.8393063545227051
G13	G96	0.8392857313156128
G11	G56	0.839142918586731
G11	G22	0.839142918586731
G11	G19	0.8391427993774414
G81	G100	0.8390804529190063
G45	G31	0.8390173912048341
G29	G85	0.8389205336570741
G91	G85	0.8389140963554382
G38	G55	0.8388571739196777
G55	G8	0.8388371467590332
G99	G21	0.8388235569000244
G99	G63	0.8388234972953796
G99	G38	0.8388234972953796
G99	G72	0.8388234972953796
G21	G19	0.8386792540550232
G21	G55	0.8386792540550232
G55	G31	0.8386046886444092
G55	G97	0.8386045694351196
G93	G43	0.8385321497917175
G99	G45	0.8385294079780579
G99	G34	0.8385293483734131
G81	G21	0.8385058045387268
G91	G92	0.8384615778923035
G45	G68	0.8384393453598022
G45	G12	0.8384392261505127
G55	G30	0.8383721113204956
G29	G34	0.8383522033691406
G29	G32	0.8383522033691406
G38	G84	0.8382858037948608
G38	G12	0.8382856845855713
G11	G23	0.8382856845855713
G99	G23	0.8382353186607361
G99	G94	0.8382353186607361
G91	G87	0.8382353186607361
G99	G97	0.8382353186607361
G21	G70	0.8382075428962708
G22	G98	0.8381743431091309
G93	G51	0.8380734324455261
G93	G53	0.8380733728408813
G91	G76	0.8380090594291687
G38	G53	0.8380000591278076
G11	G15	0.8380000591278076
G99	G1	0.8379412293434143
G99	G36	0.8379412293434143
G99	G44	0.8379411697387695
G99	G93	0.8379411697387695
G45	G20	0.8378613591194153
G45	G91	0.8378612399101257
G21	G45	0.8377358317375183
G11	G99	0.8377143144607544
G11	G42	0.8377143144607544
G11	G65	0.8377142548561096
G55	G15	0.8376744389533997
G45	G64	0.8375723361968994
G91	G33	0.8375566601753235
G11	G90	0.8374285697937012
G38	G4	0.8374285697937012
G38	G77	0.8374285101890564
G91	G41	0.8373303413391113
G91	G49	0.8373303413391113
G45	G95	0.8372832536697388
G55	G94	0.8372092843055725
G55	G24	0.8372092843055725
G55	G69	0.8372092247009277
G69	G59	0.8371795415878296
G93	G89	0.8371559381484985
G11	G34	0.8371429443359375
G11	G9	0.8371428847312927
G91	G79	0.8371040821075441
G91	G5	0.8371040821075441
G13	G47	0.8370879292488098
G13	G76	0.837087869644165
G19	G89	0.8370614051818848
G45	G3	0.8369942307472229
G45	G57	0.8369942307472229
G45	G34	0.8369942307472229
G55	G3	0.8369767069816589
G93	G55	0.8369265794754028
G91	G89	0.8368777632713318
G11	G35	0.8368571996688843
G11	G94	0.8368571400642395
G11	G72	0.8368571400642395
G38	G99	0.8368571400642395
G55	G98	0.8367441296577454
G91	G3	0.8366516232490541
G38	G27	0.8365714550018309
G11	G97	0.8365713953971863
G58	G70	0.8365218043327332
G58	G12	0.8365218043327332
G55	G61	0.8365116715431213
G55	G85	0.8365116119384766
G99	G56	0.8364706635475159
G99	G18	0.8364705443382263
G91	G90	0.8364253640174866
G91	G28	0.8364253044128418
G45	G30	0.8364161849021912
G11	G10	0.8362857699394226
G11	G39	0.8362857699394226
G38	G94	0.8362857699394226
G55	G74	0.8362790942192078
G55	G68	0.836279034614563
G13	G38	0.8362637758255005
G93	G29	0.8362385630607605
G91	G25	0.8361991047859192
G99	G9	0.8361764550209045
G45	G66	0.8361271619796753
G58	G21	0.8360869288444519
G55	G76	0.8360465168952942
G11	G96	0.8360000848770142
G11	G92	0.8360000252723694
G11	G95	0.8360000252723694
G43	G67	0.8359889984130859
G91	G36	0.8359728455543518
G81	G14	0.8359194993972778
G69	G5	0.8358973860740662
G99	G2	0.835882306098938
G21	G24	0.8358490467071533
G29	G58	0.8357954621315002
G93	G91	0.8357798457145691
G91	G6	0.8357465863227844
G11	G50	0.8357142806053162
G11	G80	0.8357142806053162
G99	G12	0.835588276386261
G99	G66	0.8355881571769714
G55	G54	0.8355814218521118
G3	G50	0.8355554938316345
G91	G71	0.835520327091217
G91	G29	0.835520327091217
G91	G26	0.8352941274642944
G91	G60	0.8352940678596497
G11	G43	0.8351429104804993
G55	G56	0.8351162672042847
G93	G94	0.835091769695282
G93	G85	0.835091769695282
G91	G98	0.835067868232727
G91	G43	0.835067868232727
G99	G68	0.8350000977516174
G55	G32	0.8348837494850159
G55	G66	0.8348837494850159
G55	G20	0.8348837494850159
G55	G72	0.8348837494850159
G19	G10	0.8348684310913086
G11	G55	0.8348571658134459
G11	G69	0.8348571062088013
G91	G44	0.8348416090011597
G55	G89	0.8346511721611023
G55	G2	0.8346511721611023
G55	G44	0.8346511721611023
G91	G59	0.8346153497695923
G27	G82	0.8345946669578552
G55	G62	0.8344186544418335
G55	G7	0.8344186544418335
G55	G90	0.8344185948371887
G93	G13	0.8344036936759949
G93	G49	0.8344036936759949
G45	G54	0.8343930840492249
G91	G54	0.8343890905380249
G29	G35	0.8343750238418579
G29	G22	0.8343749642372131
G11	G37	0.8342857360839844
G55	G52	0.8341860175132751
G93	G2	0.8341742753982544
G91	G65	0.8341628313064575
G99	G47	0.8341176509857178
G55	G77	0.8339534401893616
G93	G7	0.8339449167251587
G91	G58	0.8339366912841797
G91	G21	0.8339365720748901
G58	G18	0.8339130282402039
G19	G2	0.833771824836731
G93	G15	0.8337156176567078
G11	G20	0.8337142467498779
G91	G61	0.8337104320526123
G81	G52	0.8336206078529358
G3	G67	0.8336110711097717
G99	G77	0.8335294127464294
G91	G64	0.8334842324256897
G11	G28	0.8334286212921143
G3	G74	0.8333333134651184
G91	G31	0.8332579135894775
G91	G96	0.8332579135894775
G55	G79	0.8332557678222656
G55	G57	0.8332557678222656
G55	G22	0.8332557678222656
G13	G70	0.833241879940033
G58	G43	0.8330435156822205
G91	G50	0.8330316543579102
G93	G81	0.8330274820327759
G55	G84	0.8330233097076416
G11	G83	0.8328571319580078
G11	G67	0.8328571319580078
G91	G23	0.8328053951263428
G93	G79	0.832798182964325
G13	G93	0.8326923847198486
G99	G16	0.8326470851898193
G91	G18	0.8325791954994202
G91	G100	0.8325791954994202
G11	G82	0.8325715065002441
G11	G73	0.8325715065002441
G35	G30	0.8325713872909546
G93	G65	0.832568883895874
G55	G36	0.8325581550598145
G13	G97	0.8324176073074341
G91	G7	0.8323529362678528
G93	G34	0.8323394060134888
G55	G37	0.8323255777359009
G11	G21	0.8322857618331909
G11	G13	0.8322857618331909
G91	G42	0.8321266174316406
G93	G37	0.8321101069450378
G55	G71	0.8320930600166321
G55	G65	0.8320930004119873
G55	G17	0.8320930004119873
G55	G99	0.8320930004119873
G55	G13	0.8320930004119873
G45	G63	0.8320809006690979
G99	G82	0.8320587873458862
G11	G45	0.8320000171661377
G3	G98	0.831944465637207
G43	G77	0.8318679928779602
G55	G9	0.8318604826927185
G55	G82	0.8318604230880737
G29	G39	0.8318182229995728
G11	G63	0.8317143321037292
G11	G36	0.8317143321037292
G55	G26	0.8316279053688049
G55	G88	0.8316279053688049
G19	G20	0.8315789103507996
G91	G53	0.8314478993415833
G35	G27	0.8314285874366759
G35	G26	0.8314285874366759
G11	G48	0.8314285874366759
G11	G32	0.8314285874366759
G91	G86	0.8312217593193054
G16	G82	0.8312169909477234
G11	G25	0.8311429023742676
G11	G14	0.8311428427696228
G100	G25	0.8310056924819946
G93	G11	0.8309633731842041
G93	G83	0.8309632539749146
G93	G1	0.8309632539749146
G93	G33	0.8309632539749146
G55	G58	0.8309302330017091
G55	G34	0.8309302330017091
G11	G2	0.8308572173118591
G11	G79	0.8308570981025696
G91	G19	0.8307691812515259
G93	G54	0.8307339549064636
G93	G90	0.8307339549064636
G55	G1	0.8306976556777954
G55	G38	0.8306976556777954
G35	G24	0.8305714726448059
G11	G27	0.8305714726448059
G91	G46	0.8305429816246033
G93	G77	0.8305045962333679
G93	G70	0.8305045962333679
G93	G78	0.8305045962333679
G55	G29	0.8304650783538818
G58	G87	0.8304347395896912
G29	G67	0.8303977847099304
G11	G26	0.8302857279777527
G11	G52	0.8302857279777527
G35	G18	0.8302856683731079
G35	G42	0.8302856683731079
G3	G7	0.8302778601646423
G93	G73	0.8302752375602722
G55	G60	0.8302325606346129
G55	G33	0.8302325606346129
G58	G8	0.8302174210548401
G29	G53	0.8301136493682861
G29	G20	0.8301136493682861
G93	G80	0.8300459384918213
G93	G76	0.8300458788871765
G19	G87	0.8300438523292542
G11	G57	0.8299999833106995
G11	G91	0.8299999833106995
G11	G61	0.8299999833106995
G13	G74	0.8299451470375061
G29	G24	0.8298295736312866
G29	G84	0.8298294544219971
G93	G47	0.8298165798187256
G45	G19	0.8297687768936157
G55	G27	0.8297674059867859
G11	G41	0.8297143578529358
G38	G7	0.8297142386436462
G35	G84	0.8297142386436462
G11	G40	0.8297142386436462
G99	G71	0.8297058939933777
G92	G94	0.8296441435813904
G91	G39	0.8296379446983337
G93	G6	0.8295871615409851
G11	G3	0.8294285535812378
G91	G11	0.8294118046760559
G93	G60	0.8293578028678894
G93	G97	0.8293577432632446
G29	G5	0.8292613625526428
G29	G7	0.8292612433433533
G91	G69	0.8291855454444885
G91	G30	0.8291855454444885
G91	G40	0.8291854262351991
G3	G93	0.8291667699813843
G11	G33	0.8291428089141846
G11	G29	0.8291428089141846
G58	G13	0.8291304707527161
G93	G71	0.8291284441947937
G55	G93	0.8290697932243347
G55	G53	0.8290697932243347
G92	G32	0.8290514349937439
G91	G34	0.8289592862129211
G93	G27	0.828899085521698
G93	G45	0.828899085521698
G11	G1	0.8288570642471313
G55	G21	0.8288372755050659
G55	G23	0.8288372159004211
G91	G88	0.8287330269813538
G91	G12	0.8287330269813538
G29	G100	0.8286932110786438
G29	G82	0.8286932110786438
G3	G21	0.8286110758781433
G55	G4	0.8286046385765076
G19	G93	0.8285087347030641
G19	G71	0.8285087347030641
G91	G67	0.8285068273544312
G58	G19	0.8284781575202942
G29	G59	0.8284091353416443
G29	G60	0.8284091353416443
G55	G81	0.8283720612525941
G43	G58	0.8282967209815979
G35	G21	0.8282856941223145
G91	G14	0.8282805085182191
G91	G72	0.8282805085182191
G91	G66	0.8282805085182191
G58	G32	0.8282608985900879
G22	G15	0.8282158374786377
G93	G3	0.8282110095024109
G93	G39	0.8282109498977661
G55	G28	0.8281395435333252
G91	G77	0.8280542492866516
G13	G15	0.8280220627784729
G35	G90	0.8279999494552612
G93	G19	0.8279816508293152
G93	G96	0.8279816508293152
G55	G49	0.8279069662094116
G55	G46	0.8279069066047668
G19	G88	0.8278509378433228
G91	G68	0.8278281092643738
G93	G75	0.8277523517608643
G93	G86	0.8277522921562195
G13	G89	0.8277472257614136
G11	G44	0.827714204788208
G35	G29	0.827714204788208
G55	G63	0.8276743888854979
G55	G87	0.8276743888854979
G91	G81	0.8276017904281616
G91	G83	0.8276017904281616
G29	G8	0.827556848526001
G29	G28	0.827556848526001
G29	G97	0.827556848526001
G93	G5	0.8275229334831238
G93	G26	0.8272936344146729
G29	G4	0.8272726535797119
G29	G55	0.8272726535797119
G55	G67	0.8272093534469604
G55	G100	0.8272093534469604
G11	G30	0.8271428346633911
G35	G74	0.8271428346633911
G93	G41	0.8270642161369324
G93	G24	0.8270642161369324
G93	G98	0.8270641565322876
G29	G83	0.8269886374473572
G29	G74	0.8269886374473572
G29	G43	0.8269885778427124
G29	G18	0.8269885778427124
G55	G45	0.8269767761230469
G3	G39	0.8269444704055786
G35	G62	0.8268571496009827
G11	G68	0.8268571496009827
G93	G9	0.8268348574638367
G19	G81	0.8267543911933899
G19	G84	0.8267543315887451
G55	G70	0.8267441391944885
G29	G77	0.8267045617103577
G29	G57	0.8267045617103577
G91	G4	0.8266968131065369
G43	G97	0.8266483545303345
G13	G53	0.8266483545303345
G93	G56	0.826605498790741
G91	G75	0.8264706134796143
G91	G95	0.8264706134796143
G29	G6	0.8264204263687134
G11	G47	0.826285719871521
G93	G64	0.8261468410491943
G93	G46	0.8261467218399048
G29	G12	0.8261364102363586
G29	G92	0.8261364102363586
G29	G25	0.8261363506317139
G29	G31	0.8261363506317139
G91	G97	0.8260181546211243
G35	G45	0.8260000348091125
G93	G10	0.8259174227714539
G93	G95	0.8259173631668091
G29	G40	0.8258523344993591
G3	G88	0.8258333206176758
G11	G24	0.8257143497467041
G35	G46	0.8257142901420593
G35	G87	0.8257142901420593
G19	G47	0.8256579041481018
G58	G93	0.8256522417068481
G29	G46	0.8255681991577148
G29	G51	0.8255681991577148
G29	G61	0.8255681991577148
G91	G20	0.8255655169487
G13	G65	0.8255495429039001
G13	G11	0.8255494236946106
G43	G16	0.8255494236946106
G13	G26	0.8255494236946106
G43	G11	0.8255494236946106
G93	G66	0.8254587054252625
G93	G38	0.8254587054252625
G19	G32	0.8254385590553284
G11	G6	0.8254285454750061
G29	G17	0.8252840638160706
G29	G19	0.8252840638160706
G3	G14	0.8252778053283691
G13	G21	0.8252747058868408
G91	G32	0.8251131772994995
G19	G30	0.8250000476837158
G29	G14	0.8250000476837158
G29	G36	0.8249999880790709
G3	G84	0.8249999880790709
G58	G38	0.8249999880790709
G93	G92	0.8249999284744263
G91	G38	0.8248869180679321
G100	G93	0.8248602747917175
G19	G4	0.8247807025909424
G93	G8	0.8247706294059753
G93	G68	0.8247706294059753
G13	G28	0.8247253298759459
G3	G11	0.8247222304344177
G29	G38	0.8247159719467163
G29	G68	0.8247158527374268
G91	G35	0.8246606588363647
G35	G2	0.824571430683136
G93	G84	0.8245412707328796
G13	G20	0.8244505524635315
G55	G73	0.8244186043739319
G20	G41	0.8243477344512941
G93	G31	0.8243119716644287
G11	G75	0.8242856860160828
G35	G65	0.8242856860160828
G13	G62	0.8241758346557617
G3	G53	0.8241665959358215
G29	G16	0.8241477608680725
G19	G7	0.8241228461265564
G93	G14	0.8240825533866882
G35	G43	0.8240000009536743
G91	G16	0.8239819407463074
G55	G40	0.8239534497261047
G19	G96	0.8239035606384277
G19	G28	0.8239035606384277
G19	G41	0.8239033818244934
G3	G63	0.823888897895813
G3	G16	0.823888897895813
G3	G83	0.8238888382911682
G29	G75	0.8238636255264282
G29	G96	0.8238636255264282
G93	G50	0.8238532543182373
G93	G62	0.8238531947135925
G43	G88	0.8236263990402222
G13	G17	0.8236263394355774
G13	G71	0.8236263394355774
G29	G78	0.8235796093940735
G29	G70	0.8235796093940735
G29	G52	0.8235795497894287
G29	G76	0.8235795497894287
G29	G9	0.8235795497894287
G29	G73	0.8235795497894287
G91	G9	0.8235294222831726
G19	G55	0.8234649300575256
G35	G85	0.8234285116195679
G93	G88	0.8233944773674011
G3	G69	0.8233333230018616
G3	G92	0.8233333230018616
G91	G55	0.8233031630516052
G29	G89	0.8232954144477844
G29	G90	0.8232954144477844
G29	G50	0.8232954144477844
G29	G2	0.8232954144477844
G55	G11	0.8232558369636536
G19	G13	0.8232455849647522
G19	G16	0.8232455849647522
G19	G26	0.8232455253601074
G93	G52	0.8231651782989502
G35	G14	0.8231428861618042
G91	G56	0.8230769634246826
G91	G24	0.8230769038200378
G91	G99	0.8230769038200378
G3	G78	0.8230555057525635
G58	G99	0.8230434060096741
G29	G69	0.8230113983154297
G35	G82	0.822857141494751
G91	G22	0.8228506445884705
G13	G58	0.8228021860122681
G29	G71	0.8227272629737854
G93	G17	0.8227064609527588
G93	G28	0.8227064609527588
G93	G16	0.822706401348114
G93	G59	0.822706401348114
G58	G27	0.8226087689399719
G11	G59	0.8225713968276978
G13	G67	0.8225274682044983
G3	G55	0.8224999904632568
G91	G52	0.8223981261253357
G20	G2	0.8223912715911865
G35	G25	0.8222857713699341
G35	G41	0.8222857713699341
G3	G94	0.8222222328186035
G3	G48	0.8222222328186035
G58	G89	0.8221739530563354
G93	G23	0.8220183849334717
G93	G30	0.8220183253288269
G35	G55	0.8219999670982361
G3	G82	0.8219444155693054
G29	G30	0.8218749761581421
G29	G64	0.8218749761581421
G29	G13	0.8218749761581421
G93	G22	0.8217889666557312
G93	G63	0.8217889666557312
G58	G73	0.8217391371726991
G13	G69	0.8217033147811891
G55	G14	0.8216278553009033
G29	G98	0.8215909600257874
G29	G80	0.8215908408164978
G29	G65	0.8215908408164978
G19	G92	0.8214912414550781
G35	G58	0.8214285969734192
G35	G50	0.8214285969734192
G16	G89	0.8214285969734192
G78	G93	0.8213693499565125
G100	G48	0.8212289810180664
G43	G17	0.8211538195610046
G43	G94	0.8211537599563599
G35	G16	0.821142852306366
G35	G100	0.821142852306366
G3	G100	0.8211111426353455
G93	G42	0.8211008310317993
G58	G31	0.8210869431495667
G19	G58	0.8210526108741759
G29	G54	0.8210227489471436
G93	G4	0.8208715915679932
G93	G69	0.8208715319633484
G93	G48	0.8208715319633484
G93	G100	0.8208715319633484
G35	G97	0.8208571672439575
G35	G48	0.8208571076393127
G35	G91	0.8208571076393127
G3	G27	0.8208333253860474
G29	G91	0.8207387328147888
G29	G21	0.8207386136054993
G93	G40	0.8206421732902527
G19	G44	0.8206140398979187
G43	G20	0.8206043243408203
G13	G23	0.8206043243408203
G91	G73	0.8205882906913757
G35	G70	0.8205713629722595
G3	G31	0.820555567741394
G3	G5	0.820555567741394
G29	G62	0.8204545974731445
G35	G19	0.8202857375144958
G35	G47	0.8202856183052063
G3	G81	0.8202778100967407
G3	G12	0.820277750492096
G3	G17	0.820277750492096
G3	G1	0.8202776312828064
G93	G12	0.8201834559440613
G100	G78	0.8201117515563965
G43	G85	0.8200549483299255
G43	G80	0.8200549483299255
G13	G12	0.8200549483299255
G77	G65	0.8200405240058899
G58	G83	0.8200000524520874
G35	G68	0.8199999928474426
G3	G60	0.8199999332427979
G3	G2	0.8199999332427979
G93	G20	0.8199541568756104
G29	G1	0.8198863863945007
G43	G76	0.8197802901268005
G3	G73	0.8197222352027893
G3	G86	0.8197221755981445
G78	G84	0.8197095394134521
G58	G29	0.8195652365684509
G100	G52	0.8195530772209167
G19	G85	0.8195174932479858
G93	G99	0.8194953799247742
G3	G37	0.8194445371627808
G3	G38	0.8194444179534912
G3	G29	0.8194444179534912
G35	G79	0.8194286227226257
G35	G20	0.819428563117981
G58	G86	0.8193477988243103
G29	G45	0.8193182349205017
G29	G81	0.8193181753158569
G100	G13	0.8192737698554993
G100	G79	0.8192737698554993
G100	G81	0.8192737102508545
G93	G18	0.8192660808563232
G91	G45	0.8192307949066162
G3	G23	0.8191666603088379
G3	G18	0.8191666603088379
G3	G47	0.8191665410995483
G35	G32	0.8191428780555725
G58	G5	0.8191304206848145
G100	G71	0.8189943432807922
G35	G89	0.8188570737838745
G29	G93	0.8187500238418579
G29	G11	0.8187500238418579
G29	G95	0.8187499642372131
G43	G33	0.8186814188957214
G13	G19	0.8186812996864319
G13	G61	0.8186812996864319
G13	G10	0.8186812996864319
G19	G29	0.8186403512954712
G3	G49	0.8186111450195312
G3	G33	0.8186111450195312
G3	G26	0.8186111450195312
G3	G95	0.8186111450195312
G35	G17	0.8185714483261108
G35	G6	0.8185714483261108
G29	G26	0.8184659481048584
G13	G45	0.8184065818786621
G3	G40	0.8183333277702332
G3	G36	0.8183333277702332
G58	G97	0.8182608485221863
G100	G37	0.8181564807891846
G43	G2	0.8181319236755371
G43	G49	0.8181318640708923
G93	G25	0.8181192874908447
G3	G45	0.8180555701255798
G35	G11	0.8180000782012941
G35	G12	0.8179999589920044
G100	G35	0.8178770542144775
G13	G41	0.8178572058677673
G43	G42	0.8178570866584778
G3	G71	0.8177777528762817
G35	G63	0.8177142143249512
G93	G61	0.8176605701446533
G93	G35	0.8176605701446533
G92	G85	0.8175889253616333
G13	G55	0.8175824284553528
G43	G74	0.8175824284553528
G3	G59	0.8175000548362732
G3	G99	0.8175000548362732
G3	G4	0.8174999952316284
G35	G66	0.8174285888671875
G35	G22	0.8174285888671875
G35	G15	0.8174285292625427
G20	G43	0.8173912763595581
G13	G77	0.8173077702522278
G43	G66	0.817307710647583
G3	G20	0.8172222375869751
G35	G64	0.8171428442001343
G35	G57	0.8171428442001343
G19	G9	0.8171053528785706
G29	G3	0.8170453906059265
G43	G83	0.817033052444458
G13	G36	0.817033052444458
G58	G41	0.8169565200805664
G3	G65	0.8169443607330322
G19	G76	0.8168860077857971
G35	G38	0.8168570995330809
G29	G27	0.8167613744735718
G29	G72	0.8167613744735718
G43	G14	0.8167582750320435
G3	G54	0.8166666626930237
G3	G51	0.8166666626930237
G58	G10	0.8165217638015747
G43	G24	0.8164835572242737
G13	G42	0.8164835572242737
G100	G28	0.8164805173873901
G19	G21	0.8164473176002502
G3	G87	0.8163888454437256
G35	G98	0.8162857294082642
G29	G37	0.8161932229995728
G3	G96	0.8161110877990723
G58	G78	0.8160869479179382
G58	G28	0.8160869479179382
G35	G75	0.8160000443458557
G35	G73	0.8160000443458557
G35	G23	0.8160000443458557
G35	G13	0.8159999251365662
G43	G53	0.8159341216087341
G43	G21	0.8159340620040894
G43	G56	0.8159340620040894
G43	G82	0.8159340620040894
G100	G62	0.8159217238426208
G29	G42	0.8159090280532837
G3	G22	0.8158333897590637
G93	G36	0.8158256411552429
G35	G28	0.8157142996788025
G35	G69	0.8157142996788025
G35	G83	0.8157142996788025
G35	G54	0.8157142996788025
G13	G64	0.8156594038009644
G43	G87	0.8156593441963196
G100	G63	0.8156424760818481
G29	G56	0.8156250119209291
G29	G66	0.8156249523162842
G3	G89	0.8155555129051208
G98	G22	0.8154959082603455
G35	G40	0.8154285550117493
G43	G10	0.815384566783905
G43	G78	0.815384566783905
G13	G37	0.8153845071792603
G86	G51	0.815343976020813
G29	G79	0.8153409361839294
G29	G33	0.8153409361839294
G29	G63	0.8153409361839294
G58	G96	0.8152173757553101
G13	G22	0.81510990858078
G13	G51	0.81510990858078
G13	G72	0.81510990858078
G13	G56	0.8151098489761353
G100	G41	0.8150838613510132
G29	G23	0.8150568008422852
G3	G68	0.8149999976158142
G35	G88	0.8148570656776428
G13	G79	0.8148351907730103
G13	G98	0.8148351907730103
G58	G84	0.8147826194763184
G58	G80	0.8147825598716736
G3	G64	0.8147221803665161
G91	G62	0.8147059082984924
G93	G72	0.8146789073944092
G77	G80	0.8145749568939209
G35	G53	0.8145714402198792
G35	G31	0.8145714402198792
G35	G86	0.8145714402198792
G35	G59	0.8145713806152344
G35	G76	0.8145713806152344
G58	G94	0.8145652413368225
G13	G25	0.8145605325698853
G13	G33	0.8145605325698853
G43	G45	0.8145604133605957
G13	G52	0.8145604133605957
G43	G31	0.8145604133605957
G13	G6	0.8145603537559509
G100	G26	0.8145251274108887
G19	G15	0.8144737482070923
G19	G94	0.8144736886024475
G58	G57	0.8143478631973267
G58	G44	0.8143478631973267
G58	G59	0.8143477439880371
G43	G32	0.8142857551574707
G13	G57	0.8142857551574707
G43	G35	0.8142857551574707
G13	G73	0.8142857551574707
G13	G1	0.8142856955528259
G35	G9	0.8142856955528259
G19	G49	0.8142543435096741
G100	G95	0.8142458200454712
G100	G90	0.8142458200454712
G29	G41	0.8142045736312866
G3	G52	0.8141666650772095
G19	G39	0.8140350580215454
G19	G60	0.8140350580215454
G13	G7	0.8140109777450562
G13	G78	0.8140109777450562
G13	G9	0.8140109777450562
G35	G67	0.8140000104904175
G100	G22	0.8139665722846985
G100	G36	0.8139664530754089
G29	G47	0.8139204382896423
G29	G87	0.8139204382896423
G29	G44	0.8139204382896423
G58	G49	0.8139130473136902
G58	G47	0.8139130473136902
G3	G56	0.8138889074325562
G3	G58	0.8138887882232666
G13	G24	0.8137362003326416
G35	G99	0.8137142658233643
G58	G42	0.8136956691741943
G58	G74	0.8136956095695496
G58	G69	0.8136955499649048
G29	G49	0.8136363625526428
G3	G97	0.8136111497879028
G3	G76	0.8136110901832581
G58	G85	0.8134782314300537
G13	G49	0.8134615421295166
G43	G23	0.8134615421295166
G13	G4	0.8134615421295166
G43	G61	0.8134615421295166
G13	G100	0.8134615421295166
G13	G82	0.8134614825248718
G35	G81	0.8134285807609558
G35	G96	0.8134285807609558
G35	G94	0.8134285211563109
G100	G76	0.8134078383445741
G100	G74	0.8134078383445741
G100	G32	0.8134077787399292
G19	G53	0.8133772015571594
G58	G63	0.8132607936859131
G43	G98	0.8131868243217468
G13	G14	0.8131868243217468
G35	G60	0.8131428956985474
G35	G56	0.8131428956985474
G35	G77	0.8131428956985474
G100	G92	0.8131285309791565
G3	G19	0.8130555748939514
G3	G41	0.8130555748939514
G19	G40	0.8129386305809021
G19	G74	0.8129386305809021
G43	G26	0.8129121661186218
G100	G85	0.8128491640090942
G58	G20	0.8128261566162109
G3	G61	0.8127778172492981
G19	G22	0.8127192854881287
G43	G64	0.8126373887062073
G58	G67	0.8126087188720703
G100	G75	0.8125699162483215
G90	G3	0.8125
G19	G38	0.8125
G3	G9	0.8125
G43	G84	0.8123626708984375
G43	G22	0.8123626708984375
G13	G80	0.8123626708984375
G13	G83	0.8123626708984375
G13	G39	0.8123626708984375
G43	G4	0.8123626112937927
G43	G50	0.8123626112937927
G100	G96	0.8122905492782593
G100	G94	0.8122904896736145
G3	G13	0.8122223019599915
G3	G70	0.8122221827507019
G43	G6	0.8120879530906677
G43	G90	0.8120879530906677
G43	G73	0.8120878338813782
G13	G68	0.8120878338813782
G19	G91	0.8120614290237427
G19	G57	0.8120614290237427
G100	G8	0.8120111227035522
G35	G71	0.812000036239624
G58	G15	0.811956524848938
G58	G51	0.811956524848938
G3	G77	0.8119444847106934
G3	G75	0.8119444251060486
G3	G32	0.8119444251060486
G3	G35	0.8119444251060486
G29	G48	0.8119317889213562
G43	G99	0.8118131756782532
G43	G28	0.8118131160736084
G58	G71	0.8117391467094421
G35	G92	0.8117142915725708
G90	G75	0.811684787273407
G13	G46	0.8115384578704834
G13	G48	0.8115384578704834
G43	G69	0.8115384578704834
G93	G74	0.8114678859710693
G100	G19	0.8114525079727173
G100	G24	0.8114525079727173
G35	G33	0.8114284873008728
G90	G83	0.811413049697876
G19	G70	0.8114035725593567
G55	G86	0.8113952875137329
G69	G50	0.8113247752189636
G43	G36	0.8112637996673584
G13	G16	0.8112636804580688
G43	G68	0.8112636804580688
G19	G83	0.8111841678619385
G35	G34	0.8111428618431091
G3	G10	0.8111110925674438
G13	G85	0.8109890222549438
G19	G86	0.8109648823738098
G19	G43	0.8109648823738098
G19	G78	0.8109648823738098
G35	G72	0.8108571767807007
G3	G15	0.8108333349227905
G43	G3	0.8107143044471741
G43	G41	0.8107143044471741
G13	G81	0.8107143044471741
G58	G16	0.8106521368026733
G20	G76	0.8106521368026733
G100	G91	0.8106144666671753
G100	G43	0.8106144666671753
G100	G39	0.8106144666671753
G35	G61	0.8105713725090027
G3	G91	0.8105555176734924
G29	G86	0.8105113506317139
G29	G10	0.8105113506317139
G43	G15	0.8104395866394043
G13	G30	0.8104395866394043
G100	G1	0.8103352189064026
G19	G80	0.8103070259094238
G19	G97	0.8103070259094238
G27	G10	0.8102702498435974
G58	G17	0.8102174401283264
G43	G70	0.8101649284362793
G13	G86	0.8101649284362793
G43	G44	0.8101648092269897
G43	G62	0.8101648092269897
G19	G18	0.8100878000259399
G100	G4	0.8100558519363403
G100	G27	0.8100558519363403
G90	G82	0.810054361820221
G3	G28	0.8100000023841858
G35	G1	0.8100000023841858
G58	G1	0.8099999427795409
G43	G9	0.8098901510238647
G43	G8	0.80989009141922
G13	G54	0.80989009141922
G43	G18	0.80989009141922
G100	G18	0.8097765445709229
G100	G20	0.8097765445709229
G3	G62	0.8097221255302429
G35	G95	0.8097142577171326
G43	G30	0.809615433216095
G13	G92	0.809615433216095
G100	G11	0.8094971776008606
G19	G34	0.8094298243522644
G19	G51	0.8094297647476196
G35	G5	0.8094285130500793
G35	G36	0.8094285130500793
G13	G35	0.8093406558036804
G43	G37	0.8093406558036804
G13	G8	0.8093406558036804
G100	G68	0.8092178106307983
G3	G46	0.8091667294502258
G35	G4	0.8091428279876709
G58	G7	0.8091304898262024
G20	G19	0.8091303706169128
G43	G96	0.8090659976005554
G43	G79	0.8090659379959106
G43	G39	0.8090659379959106
G43	G51	0.8090659379959106
G43	G75	0.8090659379959106
G13	G32	0.8090659379959106
G19	G14	0.8089912533760071
G58	G95	0.808912992477417
G3	G85	0.8088889122009277
G43	G47	0.8087912201881409
G19	G50	0.8087719678878784
G19	G75	0.8087719082832336
G19	G12	0.8087719082832336
G58	G98	0.8086956739425659
G20	G42	0.8086956739425659
G3	G6	0.8086110353469849
G58	G23	0.8084782958030701
G58	G61	0.8084782361984253
G100	G59	0.8083798885345459
G3	G24	0.8083333373069763
G58	G76	0.8082608580589294
G43	G81	0.8082417845726013
G43	G54	0.8082417845726013
G43	G92	0.8082417845726013
G13	G29	0.8082417249679565
G19	G25	0.8081139922142029
G100	G3	0.8081005811691284
G100	G40	0.8081005811691284
G100	G97	0.8081005215644836
G100	G31	0.8081005215644836
G13	G90	0.8079670667648315
G19	G37	0.8078947067260742
G100	G77	0.8078211545944214
G3	G66	0.8077777624130249
G35	G80	0.8077143430709839
G35	G49	0.8077143430709839
G78	G92	0.8076763153076172
G19	G1	0.8076754212379456
G19	G24	0.8076754212379456
G29	G88	0.8076704144477844
G90	G1	0.8076087236404419
G19	G67	0.8074560761451721
G13	G60	0.8074175715446472
G43	G46	0.8074175715446472
G43	G29	0.8074175715446472
G43	G19	0.8074175715446472
G43	G91	0.8074175715446472
G58	G90	0.8073912858963013
G58	G36	0.8073912262916565
G100	G9	0.8072625994682312
G19	G72	0.8072368502616882
G19	G65	0.8072367906570435
G58	G35	0.8071739077568054
G43	G48	0.8071429133415222
G43	G34	0.8071429133415222
G43	G93	0.8071429133415222
G13	G91	0.8071429133415222
G13	G34	0.8071427941322327
G19	G36	0.8070175647735596
G100	G57	0.8069832921028137
G20	G88	0.8069565296173096
G3	G44	0.8069444298744202
G62	G16	0.8068421483039856
G19	G11	0.8067982792854309
G19	G62	0.8067982196807861
G58	G81	0.8067390918731691
G100	G53	0.8067038655281067
G43	G7	0.8065934181213379
G19	G61	0.8065789341926575
G58	G100	0.8065217137336731
G100	G14	0.8064246177673341
G100	G73	0.8064245581626892
G19	G95	0.806359589099884
G43	G40	0.8063187003135681
G13	G95	0.8063187003135681
G13	G63	0.8063185811042786
G100	G5	0.8061452507972717
G100	G56	0.8061452507972717
G3	G80	0.8061111569404602
G3	G25	0.8061110377311707
G13	G59	0.8060439229011536
G43	G1	0.8060439229011536
G43	G52	0.8060439229011536
G19	G98	0.8059210777282715
G19	G52	0.8059209585189819
G58	G46	0.8058695197105408
G100	G51	0.8058659434318542
G13	G94	0.8057692646980286
G13	G50	0.8057692050933838
G35	G10	0.8057143092155457
G35	G93	0.8057141900062561
G19	G8	0.8057017922401428
G19	G31	0.8057017326354979
G20	G1	0.8056522011756897
G100	G45	0.805586576461792
G16	G81	0.8055554628372192
G43	G72	0.8054945468902588
G43	G5	0.8054945468902588
G13	G27	0.8054944276809692
G19	G99	0.8054825067520142
G90	G96	0.8054347634315491
G20	G79	0.8054347634315491
G100	G69	0.8053072094917297
G100	G33	0.8053072094917297
G3	G30	0.8052777647972107
G62	G87	0.8052631616592407
G43	G60	0.8052197694778442
G43	G57	0.8052197098731995
G58	G52	0.8052173852920532
G58	G64	0.8052173256874084
G19	G73	0.8050438761711121
G19	G90	0.8050438761711121
G58	G24	0.8050000667572021
G58	G37	0.8050000667572021
G58	G91	0.8050000667572021
G13	G31	0.8049450516700745
G20	G33	0.8047825694084167
G100	G54	0.8047485947608948
G100	G87	0.8047485947608948
G100	G38	0.8047485947608948
G43	G71	0.8046703338623047
G19	G63	0.80460524559021
G58	G39	0.8045652508735657
G58	G72	0.8045652508735657
G100	G10	0.8044692873954773
G100	G47	0.8044692873954773
G33	G65	0.804411768913269
G13	G3	0.8043955564498901
G20	G84	0.8043478727340698
G58	G9	0.8043478727340698
G58	G68	0.804347813129425
G58	G60	0.804347813129425
G16	G96	0.8042327761650085
G100	G64	0.804189920425415
G19	G54	0.8041666150093079
G58	G53	0.8041304945945741
G13	G40	0.8041208982467651
G35	G3	0.8039999604225159
G3	G34	0.8038888573646545
G27	G18	0.8037837743759155
G27	G17	0.8037837743759155
G27	G93	0.8037837743759155
G19	G48	0.8037280440330505
G58	G3	0.8036956787109375
G100	G6	0.8036313056945801
G100	G60	0.8036313056945801
G100	G99	0.8036313056945801
G100	G17	0.8036312460899353
G58	G48	0.8034783005714417
G62	G41	0.8034210801124573
G100	G50	0.8033519983291626
G100	G67	0.8030726313591003
G19	G35	0.8030701279640198
G20	G81	0.80304354429245
G90	G58	0.8029890656471252
G2	G13	0.8028796315193176
G19	G46	0.8028509020805359
G19	G42	0.8028509020805359
G58	G54	0.8028261065483093
G58	G40	0.8028260469436646
G20	G18	0.8028260469436646
G58	G56	0.8028260469436646
G58	G6	0.8028260469436646
G100	G15	0.8027932643890381
G100	G55	0.8027932643890381
G100	G66	0.8027932047843933
G43	G27	0.8027471899986267
G62	G37	0.8026315569877625
G19	G3	0.8026315569877625
G3	G8	0.8025000095367432
G43	G100	0.8024725317955017
G43	G86	0.8024725317955017
G43	G63	0.8024725317955017
G19	G64	0.8024123311042786
G58	G50	0.8023914098739624
G58	G2	0.8023912906646729
G20	G70	0.8023912310600281
G100	G21	0.8022346496582031
G100	G65	0.8022346496582031
G43	G13	0.8021978139877319
G19	G6	0.8019737005233765
G58	G26	0.8019565343856812
G100	G72	0.8019553422927856
G100	G82	0.8019552230834961
G27	G44	0.8018919825553894
G27	G58	0.8018918633460999
G19	G23	0.8017544150352478
G58	G75	0.8017391562461853
G100	G16	0.8016759753227234
G100	G83	0.8016759753227234
G100	G58	0.8016759753227234
G20	G37	0.8015217781066895
G20	G89	0.8015217185020447
G20	G92	0.8015217185020447
G58	G77	0.8015217185020447
G70	G12	0.8014112114906311
G100	G44	0.8013966083526611
G43	G55	0.8013736605644226
G13	G75	0.8013736605644226
G43	G65	0.8013736605644226
G43	G89	0.8013736009597778
G62	G93	0.8013157248497009
G3	G72	0.8011111617088318
G19	G79	0.8010965585708618
G19	G82	0.8010965585708618
G58	G79	0.801086962223053
G16	G19	0.8010582327842712
G19	G5	0.8008772134780884
G19	G17	0.8008772134780884
G19	G77	0.8008771538734436
G58	G82	0.8008695244789124
G20	G21	0.8008695244789124
G58	G55	0.8008695244789124
G100	G84	0.8008379936218262
G27	G89	0.8008107542991638
G41	G20	0.8007575273513794
G20	G78	0.8006521463394165
G58	G4	0.8006521463394165
G100	G49	0.8005586862564087
G100	G12	0.8005586862564087
G90	G43	0.800543487071991
G58	G14	0.8002173900604248
G20	G23	0.8000000119209291
G58	G34	0.7997826337814331
G20	G59	0.7997825741767883
G20	G91	0.7997825145721436
G62	G56	0.7997367978096008
G27	G88	0.7997297048568726
G78	G57	0.7995851039886475
G58	G22	0.7995652556419373
G19	G68	0.7995614409446716
G27	G7	0.7994595170021057
G27	G12	0.7994595170021057
G27	G91	0.7994593977928162
G90	G38	0.7994564771652222
G13	G18	0.7994505763053894
G100	G7	0.7994412779808044
G58	G33	0.7993478775024414
G19	G66	0.799342155456543
G27	G8	0.7991892099380493
G43	G12	0.7991757988929749
G19	G27	0.7991228699684143
G19	G33	0.7991228103637695
G58	G65	0.7989130616188049
G19	G69	0.7989034652709961
G20	G45	0.7986956834793091
G20	G30	0.7986956238746643
G20	G85	0.7986956238746643
G90	G22	0.7986412644386292
G43	G95	0.7986264228820801
G100	G86	0.7986034154891968
G100	G46	0.798603355884552
G62	G53	0.7984211444854736
G27	G53	0.7983783483505249
G90	G53	0.7983695864677429
G90	G16	0.7983695268630981
G43	G59	0.7983516454696655
G100	G89	0.7983239889144897
G27	G100	0.7981081604957581
G100	G29	0.7980446219444275
G20	G28	0.7980434894561768
G19	G45	0.7980263233184814
G82	G90	0.7979253530502319
G58	G92	0.7978261709213257
G20	G12	0.7978261113166809
G90	G12	0.7978261113166809
G20	G38	0.7978259921073914
G13	G66	0.7978020906448364
G62	G7	0.7976315021514893
G20	G57	0.7976086735725403
G20	G93	0.7976086735725403
G20	G24	0.7976086139678955
G27	G51	0.79756760597229
G82	G91	0.7975103855133057
G3	G57	0.79749995470047
G100	G88	0.7974860072135925
G35	G39	0.7974284887313843
G20	G40	0.7973913550376892
G19	G100	0.7973684072494507
G90	G73	0.7972825765609741
G41	G87	0.7972222566604614
G58	G11	0.7971739172935486
G58	G66	0.7971739172935486
G90	G69	0.7970108985900879
G90	G8	0.7970108389854431
G20	G39	0.7969565391540527
G100	G23	0.7969273328781128
G92	G97	0.7968379855155945
G90	G11	0.7967391610145569
G20	G67	0.7967391014099121
G82	G53	0.7966805100440979
G92	G99	0.7966403365135193
G62	G59	0.7965790033340454
G16	G88	0.7965608835220337
G20	G75	0.7965217828750609
G58	G62	0.7965217828750609
G20	G100	0.7965217232704163
G27	G43	0.796486496925354
G90	G87	0.7964674830436707
G100	G2	0.7963687181472778
G69	G53	0.7963675260543823
G20	G87	0.7963044047355652
G20	G47	0.7963044047355652
G100	G42	0.7960894107818604
G100	G98	0.7960894107818604
G57	G5	0.7960869669914246
G20	G31	0.7960869073867798
G62	G21	0.7960526347160339
G27	G19	0.7959460020065308
G20	G66	0.7958695292472839
G69	G31	0.7957265377044678
G27	G85	0.7956756353378296
G90	G30	0.7956522107124329
G90	G26	0.7956522107124329
G100	G34	0.7955307960510254
G100	G61	0.7955307960510254
G62	G17	0.795526385307312
G62	G5	0.7955262660980225
G78	G32	0.7954356670379639
G90	G77	0.7953804135322571
G2	G15	0.7952879071235657
G100	G30	0.7952513694763184
G78	G51	0.7952282428741455
G20	G62	0.7952174544334412
G20	G25	0.7952173352241516
G19	G56	0.7951754331588745
G27	G95	0.7951351404190063
G27	G21	0.7951351404190063
G90	G76	0.7951087355613708
G90	G21	0.7951086163520813
G62	G85	0.7950000166893005
G16	G17	0.7949735522270203
G27	G84	0.7948648929595947
G90	G9	0.7948369383811951
G27	G11	0.7945945262908936
G90	G17	0.7945652008056641
G62	G48	0.7944735884666443
G5	G6	0.7944222688674927
G97	G92	0.7943750023841858
G20	G96	0.7943478226661682
G27	G36	0.7943242788314819
G27	G23	0.7943242788314819
G90	G93	0.7942935228347778
G69	G87	0.7942308187484741
G62	G94	0.79421067237854
G62	G50	0.7942105531692505
G62	G91	0.7942105531692505
G78	G88	0.7941908836364746
G20	G17	0.7941305041313171
G62	G38	0.7939473986625671
G62	G31	0.7939473986625671
G62	G99	0.7939473986625671
G20	G54	0.7939130663871765
G20	G99	0.7939130067825317
G90	G97	0.7937499880790709
G90	G47	0.7937499284744263
G20	G32	0.7936956882476807
G100	G80	0.7935754656791687
G100	G70	0.7935753464698792
G70	G10	0.7935484051704407
G90	G94	0.79347825050354
G62	G98	0.7934210300445557
G62	G75	0.7934209704399109
G43	G38	0.7934065461158752
G20	G60	0.7932609319686891
G20	G77	0.7932609319686891
G20	G13	0.7932608723640442
G27	G14	0.7932432293891907
G20	G53	0.7930434346199036
G27	G99	0.792972981929779
G27	G69	0.792972981929779
G20	G34	0.7928261160850525
G20	G56	0.7928260564804077
G20	G94	0.7926086187362671
G27	G65	0.7924323678016663
G27	G72	0.7924323678016663
G20	G64	0.7923913002014159
G90	G92	0.7923912405967712
G20	G46	0.7921739220619202
G27	G81	0.7921621799468994
G27	G4	0.7921621799468994
G90	G39	0.792119562625885
G82	G67	0.7921162247657776
G82	G69	0.7921162247657776
G82	G37	0.7921162247657776
G78	G94	0.7921161651611328
G20	G4	0.7919565439224243
G58	G45	0.7919564843177795
G2	G17	0.7918848395347595
G90	G20	0.791847825050354
G27	G90	0.7916216254234314
G90	G95	0.7915760278701782
G78	G76	0.791493833065033
G62	G10	0.7913157939910889
G62	G18	0.7913157939910889
G90	G66	0.7913044095039368
G90	G67	0.7913044095039368
G22	G78	0.7912863492965698
G69	G94	0.7912392616271973
G20	G98	0.7910869717597961
G20	G22	0.7910869717597961
G20	G35	0.7910869717597961
G20	G82	0.7910869717597961
G82	G87	0.7910788655281067
G86	G45	0.7910053133964539
G43	G25	0.790934145450592
G78	G5	0.7908713817596436
G20	G26	0.7908695936203003
G20	G8	0.7908695936203003
G69	G75	0.7908119559288025
G27	G45	0.7908108234405518
G27	G74	0.790810763835907
G62	G55	0.7907893657684326
G90	G84	0.7907609343528748
G16	G74	0.7907407283782959
G27	G24	0.7905405163764954
G90	G98	0.7904891371726991
G20	G11	0.7904347777366638
G20	G72	0.7904347777366638
G20	G29	0.7904347777366638
G20	G65	0.790434718132019
G27	G9	0.7902702689170837
G22	G18	0.7902489900588989
G20	G61	0.790217399597168
G16	G1	0.7902116775512695
G86	G58	0.7902116775512695
G69	G43	0.7901709675788879
G69	G28	0.7901708483695984
G20	G14	0.7899999618530273
G27	G73	0.7899999618530273
G27	G29	0.7899999618530273
G27	G94	0.7899999618530273
G69	G82	0.7899572849273682
G27	G66	0.7897297739982605
G92	G78	0.7897233366966248
G90	G85	0.789673924446106
G90	G49	0.789673924446106
G41	G73	0.7896465063095093
G20	G7	0.7895652055740356
G62	G14	0.7894737124443054
G62	G97	0.7894737124443054
G90	G6	0.789402186870575
G90	G24	0.789402186870575
G20	G10	0.7893478274345398
G20	G73	0.789347767829895
G69	G15	0.7893162369728088
G77	G43	0.789271354675293
G62	G84	0.7892104983329773
G27	G40	0.7891892790794373
G16	G49	0.7891533970832825
G20	G86	0.7891304492950441
G90	G65	0.7891303896903992
G90	G2	0.7891303896903992
G90	G59	0.7891303896903992
G62	G15	0.7889474034309387
G27	G59	0.7889189124107361
G90	G41	0.7888587713241577
G90	G40	0.7888587713241577
G90	G78	0.7888586521148682
G62	G49	0.7886842489242554
G62	G8	0.7886841893196106
G27	G32	0.7886487245559692
G16	G76	0.7886243462562561
G86	G18	0.7886242866516113
G90	G55	0.7885869741439819
G90	G54	0.7885869741439819
G2	G10	0.7884817123413086
G20	G71	0.7884783148765564
G20	G51	0.7884781956672668
G62	G86	0.788421094417572
G27	G38	0.7883784174919128
G16	G63	0.7883598804473877
G16	G95	0.7883597612380981
G90	G31	0.7883152365684509
G90	G81	0.7883151769638062
G20	G58	0.7882608771324158
G98	G11	0.788223147392273
G22	G73	0.7881743311882019
G27	G16	0.7881080508232117
G86	G38	0.788095235824585
G20	G69	0.7880435585975647
G20	G63	0.7880434989929199
G69	G11	0.7880341410636902
G62	G51	0.7878947854042053
G27	G62	0.7878379225730896
G27	G1	0.7878378629684448
G27	G37	0.7878378629684448
G20	G49	0.7878260612487793
G20	G27	0.7878260612487793
G90	G50	0.7877718210220337
G90	G64	0.7877717018127441
G90	G36	0.7877717018127441
G82	G99	0.7877593040466309
G69	G83	0.7876068353652954
G27	G79	0.7875675559043884
G27	G71	0.7875675559043884
G86	G22	0.787566065788269
G90	G100	0.7874999642372131
G90	G5	0.7874999642372131
G62	G54	0.7873684763908386
G27	G98	0.787297248840332
G27	G22	0.787297248840332
G77	G89	0.7872470021247864
G90	G74	0.7872282862663269
G90	G42	0.7872282862663269
G90	G71	0.7872282862663269
G90	G4	0.7872282266616821
G20	G36	0.7871739268302917
G62	G30	0.7871052622795105
G86	G39	0.7870370149612427
G16	G52	0.7870370149612427
G27	G80	0.7870270609855652
G27	G47	0.7870270609855652
G27	G20	0.7870270609855652
G90	G14	0.7869566082954407
G90	G80	0.7869565486907959
G90	G29	0.7869564294815063
G27	G67	0.7867567539215088
G27	G86	0.7867567539215088
G90	G62	0.7866848111152649
G90	G27	0.7866848111152649
G62	G100	0.7865790128707886
G82	G10	0.7865145206451416
G27	G30	0.7864865064620972
G27	G77	0.7864865064620972
G90	G28	0.7864131331443787
G62	G66	0.7863158583641052
G62	G88	0.7863157391548157
G18	G84	0.7863138318061829
G27	G70	0.7862162590026855
G27	G31	0.7862161993980408
G27	G83	0.7862161993980408
G27	G46	0.7862161993980408
G27	G13	0.7862161993980408
G69	G56	0.7861111760139465
G69	G49	0.7861111760139465
G69	G58	0.7861111164093018
G5	G41	0.7860558032989502
G27	G92	0.7859458923339844
G27	G97	0.7859458923339844
G90	G35	0.7858695387840271
G5	G50	0.7858565449714661
G62	G57	0.7857894897460938
G16	G51	0.7857143878936768
G69	G85	0.785683810710907
G69	G41	0.7856837511062622
G27	G15	0.7856757044792175
G27	G42	0.7856757044792175
G27	G68	0.7856757044792175
G20	G15	0.7856521606445312
G20	G68	0.7856521606445312
G62	G71	0.7855263352394104
G62	G22	0.7855263352394104
G62	G76	0.7855262160301208
G22	G52	0.7854771018028259
G82	G43	0.7854771018028259
G69	G74	0.7854701280593872
G69	G24	0.7854701280593872
G16	G90	0.7854498028755188
G86	G47	0.785449743270874
G27	G28	0.7854053974151611
G27	G96	0.7854053974151611
G90	G25	0.7853260636329651
G90	G72	0.7853260636329651
G90	G46	0.7853260636329651
G82	G24	0.7852696180343628
G20	G52	0.7852173447608948
G86	G75	0.7851851582527161
G27	G41	0.7851351499557495
G27	G33	0.7851351499557495
G70	G11	0.78508061170578
G69	G80	0.7850427627563477
G69	G93	0.7850427031517029
G16	G79	0.7849205732345581
G69	G70	0.7848290801048279
G90	G37	0.7847826480865479
G20	G48	0.7847825884819031
G20	G83	0.7847825884819031
G62	G82	0.7847368717193604
G62	G52	0.7847368121147156
G16	G48	0.7846561074256897
G86	G96	0.7846560478210449
G78	G30	0.7846473455429077
G27	G34	0.7845946550369263
G20	G6	0.7845652103424072
G90	G23	0.7845109105110168
G62	G74	0.7844737768173218
G62	G83	0.784473717212677
G69	G47	0.7844017148017883
G69	G73	0.7844017148017883
G16	G75	0.7843916416168213
G27	G87	0.7843242883682251
G27	G6	0.7843242883682251
G90	G15	0.7842391729354858
G62	G63	0.7842105031013489
G69	G14	0.7841880321502686
G20	G5	0.7841304540634155
G20	G74	0.7841304540634155
G20	G95	0.7841303944587708
G27	G26	0.7840540409088135
G27	G5	0.7840539813041687
G69	G60	0.7839743494987488
G62	G92	0.7839473485946655
G20	G50	0.7839130759239197
G5	G1	0.7838645577430725
G16	G35	0.7838624715805054
G16	G30	0.7838624715805054
G16	G24	0.7838624715805054
G2	G70	0.7837696075439453
G69	G84	0.7837607264518738
G69	G90	0.783760666847229
G69	G57	0.783760666847229
G82	G21	0.7836099863052368
G78	G23	0.783609926700592
G41	G69	0.7835858464241028
G69	G19	0.7835469841957092
G27	G39	0.783513605594635
G27	G2	0.783513605594635
G27	G50	0.7835134863853455
G27	G76	0.7835134863853455
G20	G3	0.7834782600402832
G20	G97	0.7834782600402832
G70	G8	0.7834677696228027
G62	G64	0.7834210991859436
G62	G90	0.783420979976654
G41	G59	0.7833333611488342
G16	G20	0.7833333611488342
G2	G91	0.7832460999488831
G27	G25	0.7832432985305786
G22	G9	0.7831950187683105
G62	G47	0.7831578850746155
G90	G52	0.7831521034240723
G69	G48	0.7831196188926697
G22	G90	0.7829875349998474
G27	G49	0.7829729318618774
G62	G58	0.7828947305679321
G62	G68	0.7828947305679321
G62	G69	0.7828947305679321
G90	G61	0.7828804254531859
G90	G45	0.7828804254531859
G90	G70	0.7828803658485413
G77	G87	0.7827934622764587
G2	G85	0.7827225327491759
G27	G63	0.7827027440071106
G27	G52	0.7827027440071106
G62	G20	0.7826316356658936
G62	G70	0.7826315760612488
G62	G67	0.7826315760612488
G90	G86	0.782608687877655
G20	G80	0.782608687877655
G90	G56	0.782608687877655
G16	G27	0.7825396656990051
G69	G4	0.7824785709381104
G27	G3	0.7824324369430542
G62	G81	0.7823683619499207
G62	G29	0.7823683619499207
G82	G88	0.7823651432991028
G41	G67	0.7823231816291809
G16	G57	0.7822751402854919
G86	G81	0.7822751402854919
G16	G8	0.7822750806808472
G69	G62	0.7822649478912354
G2	G53	0.7821990251541138
G27	G64	0.7821621298789978
G90	G89	0.782065212726593
G90	G57	0.782065212726593
G16	G87	0.7820106148719788
G78	G90	0.7819501757621765
G27	G57	0.7818918824195862
G62	G33	0.7818421125411987
G69	G20	0.7818375825881958
G90	G63	0.7817935347557068
G90	G19	0.7817935347557068
G20	G9	0.7817391157150269
G69	G88	0.7816238999366759
G41	G55	0.7815656661987305
G78	G3	0.781535267829895
G78	G87	0.781535267829895
G69	G25	0.7814102768898009
G69	G67	0.7814102172851562
G62	G60	0.7813157439231873
G20	G16	0.7813044190406799
G62	G73	0.7810527086257935
G15	G22	0.7810457348823547
G69	G100	0.7809829115867615
G5	G91	0.7808765769004822
G20	G90	0.7808695435523987
G27	G78	0.7808108925819397
G27	G56	0.7808107733726501
G62	G24	0.7807894945144653
G62	G39	0.7807894349098206
G69	G86	0.7807692885398865
G69	G91	0.7807692289352417
G90	G18	0.7807065844535828
G90	G88	0.7807064652442932
G82	G55	0.7807053923606873
G86	G74	0.7806878685951233
G62	G11	0.7805262804031372
G78	G97	0.7804979681968689
G90	G91	0.780434787273407
G2	G37	0.7803664207458496
G69	G99	0.7803419232368469
G69	G39	0.7803418636322021
G27	G61	0.7802702188491821
G62	G1	0.7802631855010986
G62	G2	0.7802631855010986
G16	G62	0.7801586985588074
G16	G56	0.7801586985588074
G27	G54	0.7800000309944153
G62	G32	0.7799999713897705
G77	G99	0.7799595594406128
G16	G72	0.7798941731452942
G16	G60	0.7798941731452942
G90	G60	0.779891312122345
G90	G99	0.779891312122345
G82	G3	0.7798755168914795
G78	G1	0.7798755168914795
G20	G55	0.7797825932502747
G62	G46	0.7797368168830872
G27	G48	0.7797297239303589
G86	G98	0.7796296477317809
G90	G13	0.7796195745468141
G90	G68	0.7796195745468141
G69	G16	0.7794871926307678
G69	G18	0.7794871330261229
G5	G78	0.7794821262359619
G27	G55	0.7794594168663025
G27	G35	0.7794594168663025
G86	G36	0.7793651223182678
G5	G13	0.779282808303833
G69	G37	0.7792735099792479
G69	G8	0.7792735099792479
G82	G38	0.7792531251907349
G82	G20	0.7792530059814453
G62	G9	0.7792105674743652
G62	G23	0.7792105674743652
G62	G61	0.7792105674743652
G62	G72	0.7792104482650757
G86	G90	0.7791005373001099
G16	G58	0.7791005373001099
G16	G12	0.7791004776954651
G69	G12	0.7790597677230835
G2	G61	0.7790576219558716
G69	G26	0.7788461446762085
G82	G89	0.7788381576538086
G86	G100	0.7788360714912415
G77	G47	0.7787448763847351
G69	G51	0.7786325216293335
G69	G64	0.7786324620246887
G82	G35	0.7784231901168823
G2	G98	0.7782722115516663
G69	G2	0.7782051563262941
G69	G98	0.7782051563262941
G69	G36	0.7782050967216492
G62	G45	0.7781579494476318
G62	G26	0.7781578302383423
G2	G75	0.7780104875564575
G69	G42	0.7779914736747742
G69	G13	0.7779914736747742
G62	G80	0.7778947353363037
G16	G21	0.7777778506278992
G69	G68	0.7777778506278992
G69	G65	0.7777777910232544
G86	G59	0.7777777910232544
G69	G95	0.7777777910232544
G16	G69	0.7777777910232544
G69	G96	0.7775641083717346
G69	G21	0.7775640487670898
G16	G42	0.7775132656097412
G16	G67	0.7775132060050964
G2	G74	0.7774869799613953
G70	G74	0.77741938829422
G82	G2	0.7773860096931458
G22	G17	0.7773858308792114
G62	G19	0.777368426322937
G69	G32	0.7773504853248596
G69	G71	0.7773504853248596
G69	G33	0.7773504257202148
G27	G75	0.77729731798172
G16	G38	0.777248740196228
G69	G76	0.7771368026733398
G62	G40	0.7771053314208984
G62	G44	0.7771053314208984
G86	G97	0.7769841551780701
G16	G77	0.7769841551780701
G2	G82	0.7769634127616882
G2	G39	0.7769632935523987
G69	G89	0.7769230604171753
G62	G78	0.7768420577049255
G69	G78	0.7767093777656555
G69	G63	0.7767093777656555
G2	G25	0.7767016291618347
G90	G79	0.7766304016113281
G90	G48	0.7766304016113281
G62	G28	0.7765789628028871
G62	G6	0.7765789628028871
G69	G77	0.7764957547187805
G16	G4	0.7764550447463989
G90	G32	0.7763587236404419
G78	G82	0.7763485908508301
G62	G43	0.7763158082962036
G62	G12	0.7763158082962036
G69	G10	0.7762820720672607
G69	G79	0.7762820720672607
G2	G21	0.7761780023574829
G82	G62	0.7761411070823669
G82	G17	0.7761411070823669
G22	G36	0.7761411070823669
G78	G22	0.7761410474777222
G62	G89	0.776052713394165
G62	G36	0.776052713394165
G62	G65	0.7760525941848755
G27	G60	0.7759459614753723
G78	G89	0.775933563709259
G16	G22	0.7759259939193726
G16	G59	0.775925874710083
G16	G99	0.775925874710083
G82	G45	0.7757261395454407
G16	G3	0.7756613492965698
G2	G19	0.7756544947624207
G69	G22	0.7756410241127014
G62	G96	0.7755263447761536
G77	G29	0.7755060791969299
G15	G2	0.7754902243614197
G88	G82	0.7754901647567749
G69	G17	0.7754273414611816
G69	G54	0.7754273414611816
G69	G55	0.7754273414611816
G69	G92	0.7754272818565369
G70	G18	0.7754032611846924
G86	G84	0.7753968238830566
G86	G79	0.7753968238830566
G78	G62	0.7753111720085144
G2	G77	0.7751308083534241
G69	G29	0.7750000357627869
G78	G38	0.7748962044715881
G86	G10	0.7748677730560303
G16	G6	0.7748677134513855
G86	G60	0.7748677134513855
G69	G72	0.7747863531112671
G69	G27	0.7747863531112671
G62	G13	0.7747368216514587
G62	G95	0.7747368216514587
G62	G35	0.7747367620468141
G2	G12	0.7746073007583618
G2	G43	0.7746073007583618
G86	G65	0.7746032476425171
G16	G10	0.7746031284332275
G70	G58	0.7745968103408813
G97	G84	0.7745833992958069
G82	G85	0.7744812965393066
G62	G4	0.7744737267494202
G62	G79	0.7744736671447754
G69	G45	0.7743589878082275
G69	G30	0.774358868598938
G16	G94	0.7743386030197144
G7	G97	0.7742787599563599
G82	G4	0.7742738723754883
G82	G86	0.7742738723754883
G78	G42	0.7742738723754883
G62	G3	0.7742105722427368
G69	G35	0.774145245552063
G77	G84	0.7740890979766846
G2	G35	0.7740837931632996
G2	G100	0.7740837931632996
G86	G95	0.7740740776062012
G86	G48	0.7740740776062012
G16	G68	0.7740740180015564
G78	G14	0.7740663886070251
G41	G72	0.7739899158477783
G62	G77	0.7739473581314087
G90	G51	0.7739130854606628
G92	G17	0.7739129662513733
G2	G20	0.7738220095634459
G16	G34	0.7738096117973328
G16	G28	0.773809552192688
G86	G52	0.773809552192688
G16	G70	0.773809552192688
G86	G16	0.773809552192688
G16	G73	0.773809552192688
G16	G11	0.773809552192688
G16	G50	0.7738094329833984
G88	G44	0.7737745642662048
G69	G44	0.7737179398536682
G77	G2	0.7736842632293701
G78	G45	0.7736514210700989
G16	G47	0.77354496717453
G16	G86	0.77354496717453
G69	G97	0.7735042572021484
G69	G46	0.7735042572021484
G41	G5	0.7734848856925964
G82	G31	0.7734439373016357
G69	G1	0.7732905745506287
G16	G29	0.7732805013656616
G86	G29	0.7732805013656616
G16	G36	0.7732805013656616
G86	G53	0.7732803821563721
G78	G85	0.7732365131378174
G82	G60	0.7732364535331726
G78	G44	0.7732364535331726
G41	G74	0.7732323408126831
G62	G34	0.7731579542160034
G62	G27	0.7731578350067139
G90	G33	0.773097813129425
G90	G44	0.773097813129425
G2	G94	0.7730365991592407
G2	G27	0.7730365991592407
G78	G11	0.7730290293693542
G16	G23	0.7730159163475037
G16	G78	0.7730157971382141
G82	G51	0.7728216052055359
G82	G8	0.7728216052055359
G22	G56	0.7728214859962463
G86	G94	0.7727513313293457
G16	G31	0.7727513313293457
G86	G70	0.7727513313293457
G41	G82	0.7727272510528564
G98	G85	0.7727271914482117
G69	G66	0.7726495265960693
G82	G50	0.7726141810417175
G15	G38	0.7725489735603333
G86	G17	0.7724867463111877
G16	G64	0.7724867463111877
G16	G65	0.7724867463111877
G69	G7	0.7724359035491943
G69	G6	0.7724359035491943
G16	G25	0.7722222208976746
G78	G37	0.7721992135047913
G82	G79	0.7721991539001465
G82	G46	0.7719917297363281
G78	G66	0.7719917297363281
G2	G8	0.7719895839691162
G86	G82	0.7719576954841614
G86	G9	0.7719576954841614
G16	G44	0.7719576358795166
G16	G53	0.7719576358795166
G5	G87	0.7719123363494873
G69	G52	0.7717949151992798
G78	G8	0.771784245967865
G2	G71	0.7717278003692627
G5	G47	0.7717131972312927
G5	G28	0.7717130780220032
G98	G15	0.7716942429542542
G86	G55	0.7716931700706482
G16	G40	0.7716930508613586
G69	G9	0.77158123254776
G82	G93	0.7715767621994019
G82	G61	0.7715767025947571
G2	G24	0.7714660167694092
G2	G36	0.7714658975601196
G86	G3	0.7714285850524902
G78	G34	0.7713692784309387
G78	G95	0.7713692784309387
G22	G100	0.7713692784309387
G69	G3	0.7713675498962402
G41	G57	0.7712121605873108
G2	G38	0.7712042927742004
G2	G31	0.7712042331695557
G16	G80	0.7711640000343323
G16	G5	0.7711640000343323
G22	G1	0.7711618542671204
G41	G53	0.7709595561027527
G82	G95	0.7709543704986572
G82	G12	0.7709543108940125
G2	G87	0.7709423899650574
G2	G88	0.7709423899650574
G69	G81	0.7709401249885559
G5	G18	0.7709163427352905
G86	G5	0.7708994746208191
G86	G85	0.7708994746208191
G86	G26	0.7708994746208191
G78	G40	0.7707468867301941
G82	G54	0.7707468867301941
G41	G76	0.7707069516181946
G16	G32	0.7706349492073059
G86	G6	0.7706349492073059
G16	G83	0.7706348896026611
G86	G63	0.7706348896026611
G86	G1	0.7706348896026611
G16	G85	0.7706348896026611
G78	G43	0.7705394625663757
G41	G49	0.7704545855522156
G16	G98	0.7703704237937927
G16	G15	0.7703704237937927
G22	G88	0.7703319787979126
G5	G74	0.7703186869621277
G2	G65	0.7701570987701416
G78	G75	0.7701244354248047
G16	G61	0.7701058387756348
G62	G25	0.7700000405311584
G92	G74	0.7699605226516724
G89	G88	0.7699187397956848
G22	G55	0.7699170112609863
G82	G41	0.7699170112609863
G22	G12	0.7699170112609863
G78	G36	0.7699169516563416
G82	G92	0.769709587097168
G78	G74	0.7697095274925232
G69	G38	0.769658088684082
G2	G78	0.7696335315704346
G2	G26	0.7696335315704346
G78	G6	0.7695020437240601
G69	G34	0.769444465637207
G77	G8	0.7694332003593445
G2	G95	0.7693718075752258
G86	G34	0.7693122029304504
G16	G84	0.7693121433258057
G41	G47	0.7691919207572937
G2	G46	0.7691100239753723
G82	G81	0.7690871357917786
G82	G73	0.7690871357917786
G78	G59	0.7690871357917786
G82	G70	0.7690870761871338
G86	G8	0.7690476775169373
G86	G25	0.7690476775169373
G86	G40	0.7690476775169373
G16	G13	0.7690475583076477
G86	G46	0.7690475583076477
G22	G99	0.768879771232605
G78	G29	0.7688796520233154
G82	G83	0.7688796520233154
G2	G97	0.768848180770874
G98	G58	0.7688016891479492
G16	G37	0.7687830924987793
G78	G39	0.7686722278594971
G78	G15	0.7686722278594971
G2	G62	0.7685863971710205
G86	G44	0.7685185074806213
G16	G71	0.7685185074806213
G16	G66	0.7685185074806213
G16	G45	0.7685185074806213
G82	G13	0.7684647440910339
G78	G99	0.7684646248817444
G41	G18	0.7684344053268433
G2	G54	0.768324613571167
G22	G86	0.7682572603225708
G86	G19	0.7682540416717529
G86	G61	0.7682539224624634
G16	G9	0.7682539224624634
G69	G40	0.7681623697280884
G78	G2	0.7680498361587524
G82	G100	0.7680497765541077
G78	G4	0.7680497765541077
G57	G59	0.7680434584617615
G77	G67	0.7680162191390991
G86	G73	0.767989456653595
G16	G91	0.7679893970489502
G86	G72	0.7679893970489502
G16	G7	0.7679893970489502
G98	G2	0.7679752111434937
G98	G94	0.7679751515388489
G78	G72	0.7678424119949341
G2	G55	0.7678011059761047
G2	G42	0.7678009867668152
G86	G64	0.767724871635437
G22	G21	0.7676348686218262
G97	G94	0.7674999833106995
G86	G67	0.7674603462219238
G78	G35	0.7674274444580078
G41	G75	0.7674242258071899
G41	G97	0.7674242258071899
G41	G50	0.7674242258071899
G78	G18	0.7672199010848999
G16	G33	0.7671957612037659
G16	G14	0.7671957612037659
G44	G47	0.7670863270759583
G22	G53	0.7670124769210815
G82	G75	0.7670124173164368
G82	G80	0.7670124173164368
G82	G58	0.7670124173164368
G77	G44	0.7670040726661682
G86	G20	0.7669311761856079
G16	G46	0.7669311761856079
G82	G42	0.7668049931526184
G2	G64	0.7667539119720459
G86	G42	0.7666666507720947
G16	G41	0.7666666507720947
G97	G13	0.7666666507720947
G82	G66	0.7665975093841553
G78	G24	0.7665975093841553
G78	G79	0.7665975093841553
G78	G61	0.7665974497795105
G92	G39	0.766403079032898
G86	G91	0.7664021253585815
G16	G100	0.7664021253585815
G22	G65	0.7663900852203369
G78	G25	0.7663900852203369
G78	G60	0.7663900852203369
G78	G17	0.7663900852203369
G22	G10	0.7663900256156921
G22	G85	0.7663900256156921
G5	G10	0.7663346529006958
G82	G19	0.7661826014518738
G82	G77	0.766182541847229
G78	G91	0.766182541847229
G78	G55	0.766182541847229
G41	G96	0.7661616802215576
G41	G92	0.7661616206169128
G16	G2	0.7661375999450684
G86	G24	0.7661375999450684
G16	G97	0.7661375999450684
G98	G50	0.7661157250404358
G97	G44	0.7660417556762695
G77	G94	0.7659918665885925
G22	G23	0.7659751176834106
G22	G44	0.7659751176834106
G78	G54	0.7659750580787659
G82	G36	0.7659750580787659
G2	G49	0.7659686207771301
G2	G29	0.7659686207771301
G2	G14	0.7659685015678406
G2	G45	0.7659685015678406
G2	G50	0.7659685015678406
G86	G31	0.7658730149269104
G86	G30	0.7658730149269104
G16	G93	0.7658730149269104
G82	G6	0.7657676339149475
G82	G1	0.7657676339149475
G22	G60	0.7657675743103027
G2	G34	0.7657067775726318
G2	G80	0.7657067775726318
G2	G3	0.7657067775726318
G78	G70	0.7655601501464844
G78	G16	0.7655601501464844
G78	G21	0.7655601501464844
G82	G34	0.7655601501464844
G22	G40	0.7655600905418396
G5	G58	0.7655378580093384
G98	G24	0.7654959559440613
G98	G3	0.7654959559440613
G2	G84	0.7654451131820679
G82	G48	0.7653526663780212
G78	G49	0.7653526663780212
G82	G40	0.7653526067733765
G86	G77	0.7653439044952393
G77	G95	0.7651821970939636
G82	G78	0.7651452422142029
G82	G64	0.7651451826095581
G78	G13	0.7651451826095581
G89	G73	0.7650406956672668
G92	G50	0.7650197744369507
G5	G43	0.7649402618408203
G82	G97	0.764937698841095
G78	G96	0.764937698841095
G2	G52	0.7649214863777161
G2	G96	0.7649214267730713
G2	G56	0.7649214267730713
G7	G72	0.7649039030075073
G41	G24	0.7648990750312805
G41	G46	0.764898955821991
G41	G95	0.764898955821991
G98	G26	0.764876127243042
G16	G39	0.7648148536682129
G5	G53	0.764741063117981
G22	G74	0.7647302746772766
G82	G56	0.7647302746772766
G2	G9	0.7646597027778625
G92	G38	0.7646245360374451
G5	G42	0.7645418643951416
G82	G47	0.764522910118103
G23	G59	0.7644796371459961
G92	G18	0.7644268274307251
G41	G43	0.7643939852714539
G41	G21	0.7643939852714539
G41	G64	0.7643939852714539
G78	G86	0.7643153667449951
G82	G5	0.7643153667449951
G82	G15	0.7643153667449951
G22	G64	0.7643153667449951
G86	G78	0.7642858028411865
G16	G92	0.764285683631897
G86	G80	0.764285683631897
G77	G88	0.7641700506210327
G41	G31	0.7641414403915405
G2	G59	0.7641361355781555
G2	G76	0.7641361355781555
G82	G44	0.764107882976532
G22	G79	0.764107882976532
G82	G32	0.764107882976532
G86	G56	0.7640211582183838
G86	G11	0.7640211582183838
G86	G93	0.7640211582183838
G77	G7	0.7639675736427307
G77	G48	0.7639675736427307
G82	G74	0.7639004588127136
G78	G98	0.7639004588127136
G22	G94	0.7639004588127136
G92	G55	0.7638339996337891
G86	G87	0.7637565732002258
G86	G32	0.7637565732002258
G22	G11	0.7636929750442505
G22	G82	0.7636929750442505
G22	G89	0.7636929750442505
G82	G72	0.7636929154396057
G41	G39	0.7636364102363586
G2	G47	0.7636125683784485
G2	G28	0.7636125087738037
G90	G34	0.7635868787765503
G5	G14	0.7635458707809448
G86	G12	0.7634921073913574
G22	G43	0.7634854912757874
G92	G13	0.7634387612342834
G98	G65	0.7634297609329224
G2	G68	0.763350784778595
G70	G91	0.7633063793182373
G78	G53	0.7632780671119691
G82	G18	0.7632780075073242
G82	G71	0.7632779479026794
G92	G45	0.7632411122322083
G86	G43	0.7632275223731995
G41	G19	0.763131320476532
G2	G6	0.7630890011787415
G2	G57	0.7630890011787415
G82	G84	0.7630705833435059
G22	G49	0.7630705237388611
G86	G33	0.7629630565643309
G86	G68	0.7629629373550415
G86	G57	0.7629628777503967
G5	G51	0.762948215007782
G78	G9	0.7628630995750427
G78	G73	0.7628630995750427
G78	G83	0.762863039970398
G82	G23	0.762863039970398
G78	G67	0.762863039970398
G92	G64	0.7628458142280579
G98	G28	0.7628099322319031
G77	G24	0.7627530694007874
G77	G98	0.7627530097961426
G86	G7	0.7626984715461731
G86	G14	0.7626983523368835
G78	G19	0.7626556158065796
G41	G91	0.7626263499259949
G41	G90	0.7626263499259949
G69	G61	0.7626067996025085
G2	G69	0.7625654935836792
G5	G17	0.7625496983528137
G88	G19	0.7624999284744263
G92	G53	0.762450635433197
G82	G26	0.7624481916427612
G82	G98	0.7624481320381165
G82	G59	0.7624481320381165
G82	G22	0.7624481320381165
G86	G21	0.7624338865280151
G16	G54	0.7624338269233704
G86	G4	0.7624338269233704
G86	G66	0.7624338269233704
G98	G32	0.7623966336250305
G41	G62	0.7623737454414368
G2	G23	0.7623037099838257
G2	G41	0.7623037099838257
G2	G40	0.7623035907745361
G22	G24	0.7622406482696533
G82	G9	0.7622406482696533
G86	G13	0.7621693015098572
G86	G83	0.7621693015098572
G5	G11	0.7621514201164246
G77	G73	0.7621457576751709
G2	G79	0.7620419263839722
G2	G4	0.7620419263839722
G82	G30	0.762033224105835
G82	G25	0.7620331645011902
G82	G28	0.7620331645011902
G78	G52	0.7620331645011902
G86	G35	0.7619047760963441
G16	G18	0.7619047760963441
G41	G33	0.7618686556816101
G92	G41	0.7618576884269714
G22	G38	0.7618257403373718
G82	G49	0.7618257403373718
G89	G7	0.7617886662483215
G89	G42	0.7617886066436768
G2	G58	0.7617800831794739
G2	G51	0.7617800831794739
G2	G83	0.7617800831794739
G2	G90	0.7617800831794739
G77	G53	0.7617408633232117
G16	G55	0.7616401910781859
G82	G65	0.7616182565689087
G22	G19	0.7616182565689087
G22	G95	0.7616182565689087
G41	G58	0.7616162300109863
G41	G12	0.7616161704063416
G98	G99	0.7615702748298645
G70	G66	0.7614918947219849
G92	G43	0.7614625096321106
G78	G56	0.7614107728004456
G22	G13	0.7614107728004456
G89	G33	0.7613820433616638
G86	G89	0.7613756060600281
G16	G26	0.7613756060600281
G70	G93	0.7612903118133545
G2	G7	0.7612565755844116
G22	G42	0.7612033486366272
G22	G31	0.7612032890319824
G98	G87	0.7611570954322815
G98	G29	0.7611570358276367
G5	G20	0.761155366897583
G41	G63	0.7611111998558044
G41	G99	0.7611110806465149
G41	G78	0.7611110806465149
G22	G46	0.7609958648681641
G22	G3	0.7609958052635193
G2	G89	0.7609947919845581
G5	G39	0.7609561681747437
G77	G83	0.7609310746192932
G92	G26	0.760869562625885
G41	G6	0.7608585357666016
G86	G76	0.7608465552330017
G86	G92	0.7608464956283569
G82	G11	0.7607883810997009
G22	G41	0.7607883214950562
G82	G52	0.7607883214950562
G5	G62	0.7607569694519043
G2	G93	0.7607329487800598
G92	G93	0.7606719732284546
G86	G23	0.7605820298194885
G22	G83	0.7605808973312378
G78	G50	0.7605808973312378
G78	G65	0.7605808973312378
G82	G96	0.760580837726593
G77	G91	0.7605262994766235
G77	G13	0.7605262994766235
G92	G58	0.7604743242263794
G2	G60	0.7604712247848511
G5	G84	0.7603585124015808
G98	G67	0.7603305578231812
G86	G50	0.7603174448013306
G22	G57	0.7601660490036011
G22	G72	0.7601659893989563
G82	G29	0.7601659893989563
G78	G47	0.7601659893989563
G22	G37	0.7601659893989563
G82	G68	0.7601659893989563
G5	G88	0.7601594328880309
G98	G93	0.7601239681243896
G77	G85	0.7601214647293091
G77	G96	0.7601214051246643
G41	G84	0.7601010203361511
G86	G37	0.7600529789924622
G86	G15	0.7600529789924622
G86	G28	0.7600528597831726
G88	G73	0.760049045085907
G5	G73	0.7599601745605469
G77	G49	0.7599189877510071
G92	G96	0.7598814368247986
G41	G86	0.7598484754562378
G86	G88	0.7597883343696594
G89	G78	0.7597561478614807
G82	G7	0.7597510814666748
G41	G16	0.7595959901809692
G97	G7	0.7595834136009216
G78	G41	0.7595435976982117
G77	G100	0.7595142126083374
G98	G42	0.7595041394233704
G98	G4	0.7595041394233704
G5	G98	0.7593625783920288
G5	G85	0.7593625783920288
G41	G79	0.7593435645103455
G41	G1	0.7593434453010559
G78	G31	0.7593361139297485
G22	G29	0.7593361139297485
G82	G33	0.7593361139297485
G98	G43	0.7592976093292236
G98	G6	0.7592975497245789
G98	G91	0.7592975497245789
G86	G41	0.7592592835426331
G5	G31	0.7591633796691895
G2	G81	0.7591623067855835
G2	G1	0.7591623067855835
G22	G50	0.7591286897659302
G22	G59	0.7591286897659302
G78	G10	0.7591286301612854
G22	G54	0.7591286301612854
G82	G14	0.7591285705566406
G41	G85	0.7590910196304321
G98	G76	0.7590909004211426
G5	G67	0.7589641213417053
G78	G7	0.758921205997467
G22	G47	0.7589211463928223
G70	G80	0.7588709592819214
G22	G32	0.7587137222290039
G78	G58	0.7587137222290039
G22	G28	0.7587136626243591
G22	G69	0.7587136626243591
G2	G67	0.7586387991905212
G2	G5	0.7586387991905212
G2	G16	0.7586387395858765
G22	G77	0.7585062384605408
G78	G12	0.7585062384605408
G22	G75	0.7585062384605408
G22	G67	0.7585062384605408
G22	G39	0.758506178855896
G77	G18	0.7585020661354065
G77	G81	0.7585019469261169
G98	G52	0.7584710717201233
G86	G71	0.7584655880928041
G2	G33	0.7583770155906677
G23	G5	0.7583710551261902
G5	G76	0.758366584777832
G97	G81	0.7583333253860474
G41	G38	0.7583333253860474
G77	G21	0.7582995891571045
G22	G7	0.7582988142967224
G78	G48	0.7582987546920776
G78	G69	0.7582987546920776
G82	G57	0.7582987546920776
G78	G100	0.7582986950874329
G22	G14	0.7582986950874329
G98	G79	0.7582644820213318
G98	G36	0.758264422416687
G2	G86	0.7581151723861694
G82	G76	0.7580913305282593
G78	G64	0.7580912709236145
G22	G81	0.7580912709236145
G41	G66	0.7580808401107788
G41	G48	0.758080780506134
G98	G18	0.7580578327178955
G98	G66	0.7580578327178955
G5	G21	0.7579681277275085
G86	G49	0.7579365372657776
G97	G29	0.7579166293144226
G77	G93	0.7578946948051453
G22	G5	0.7578837871551514
G2	G66	0.7578533887863159
G2	G92	0.7578533887863159
G41	G71	0.7578282952308655
G41	G7	0.7578282952308655
G41	G23	0.7578282952308655
G5	G70	0.7577689290046692
G97	G78	0.7577083110809326
G77	G11	0.7576923370361328
G77	G82	0.7576923370361328
G78	G81	0.757676362991333
G98	G89	0.7576446533203125
G98	G31	0.7576445937156677
G98	G78	0.7576445937156677
G41	G70	0.7575758099555969
G41	G93	0.7575757503509521
G22	G48	0.7574688792228699
G22	G70	0.7574688196182251
G7	G19	0.7574519515037537
G98	G10	0.7574380040168762
G98	G72	0.7574380040168762
G86	G69	0.7574074268341064
G5	G33	0.7573705315589905
G88	G18	0.7573528885841371
G2	G18	0.7573298215866089
G41	G32	0.757323145866394
G22	G97	0.7572613954544067
G22	G4	0.7572613358497621
G89	G87	0.7571138143539429
G97	G32	0.7570832967758179
G2	G63	0.7570680975914001
G2	G99	0.7570680975914001
G22	G68	0.7570539712905884
G22	G66	0.7570539712905884
G22	G92	0.7570539116859436
G22	G20	0.7570539116859436
G22	G51	0.7570539116859436
G98	G20	0.7570247650146484
G98	G48	0.7570247650146484
G77	G40	0.7568824887275696
G86	G99	0.7568783164024353
G97	G79	0.7568749785423279
G78	G27	0.7568464279174805
G82	G39	0.7568464279174805
G41	G42	0.7568182349205017
G41	G34	0.7568182349205017
G98	G9	0.7568181753158569
G23	G69	0.7567874193191528
G92	G1	0.7567193508148193
G92	G87	0.7567193508148193
G89	G10	0.7567073106765747
G70	G15	0.7566532492637634
G70	G21	0.7566532492637634
G22	G6	0.7566389441490173
G78	G77	0.7566389441490173
G98	G7	0.7566115856170654
G98	G25	0.7566115260124207
G41	G10	0.7565656900405884
G41	G30	0.7565655708312988
G2	G32	0.7565445899963379
G86	G54	0.7563492059707642
G41	G60	0.7563132047653198
G89	G76	0.7563008069992065
G2	G48	0.7562826871871948
G90	G7	0.7562499046325684
G78	G46	0.7562240958213806
G98	G13	0.7561983466148376
G5	G32	0.7561753392219543
G89	G46	0.7560975551605225
G89	G100	0.7560974955558777
G89	G16	0.7560974955558777
G77	G78	0.7560729384422302
G41	G3	0.7560606598854065
G41	G94	0.7560606002807617
G41	G37	0.7560605406761169
G70	G16	0.756048321723938
G22	G58	0.7560166716575623
G22	G8	0.7560166716575623
G22	G30	0.7560166716575623
G22	G35	0.7560166120529175
G22	G33	0.7560166120529175
G98	G81	0.7559917569160461
G97	G50	0.7558333873748779
G41	G88	0.7558080554008484
G5	G99	0.7557769417762756
G5	G83	0.7557768821716309
G2	G72	0.7557591199874878
G2	G11	0.7557591199874878
G89	G27	0.7556910514831543
G77	G12	0.755668044090271
G77	G97	0.7556679844856262
G22	G71	0.755601704120636
G98	G37	0.7555784583091736
G98	G46	0.7555784583091736
G86	G2	0.7555555701255798
G41	G22	0.7555555701255798
G41	G44	0.7555555105209351
G7	G91	0.7555288672447205
G78	G26	0.7553942203521729
G22	G93	0.7553942203521729
G98	G38	0.7553718686103821
G89	G83	0.7552845478057861
G77	G42	0.7552632093429565
G77	G70	0.7552631497383118
G77	G22	0.755263090133667
G70	G39	0.7552419900894165
G70	G63	0.7552418708801271
G97	G2	0.7552083134651184
G78	G68	0.7551867365837097
G78	G33	0.7551867365837097
G5	G24	0.7551793456077576
G5	G19	0.7551792860031128
G89	G17	0.7550812363624573
G77	G20	0.7550607323646545
G77	G31	0.7550607323646545
G5	G64	0.7549800872802734
G22	G84	0.7549792528152466
G22	G61	0.7549792528152466
G22	G34	0.7549792528152466
G98	G64	0.7549586892127991
G5	G54	0.7547809481620789
G22	G26	0.7547718286514282
G22	G76	0.7547717690467834
G22	G63	0.7547717690467834
G98	G77	0.7547520995140076
G98	G86	0.7547520399093628
G2	G30	0.7547121047973633
G88	G43	0.7546569108963013
G5	G48	0.75458163022995
G5	G55	0.75458163022995
G98	G54	0.7545454502105713
G41	G45	0.7545454502105713
G98	G73	0.7545454502105713
G98	G23	0.7545453906059265
G77	G61	0.7544534206390381
G98	G47	0.754338800907135
G77	G32	0.7542510032653809
G70	G36	0.7542338967323303
G86	G27	0.7542327642440796
G5	G38	0.7541832923889159
G5	G36	0.7541832923889159
G78	G63	0.7541493773460388
G98	G39	0.7541322112083435
G5	G60	0.7539840340614319
G98	G71	0.753925621509552
G89	G77	0.7538617849349976
G41	G83	0.7537879347801208
G41	G14	0.7537878751754761
G97	G52	0.7537499666213989
G78	G28	0.7537344098091125
G22	G87	0.7537344098091125
G82	G94	0.7537344098091125
G98	G49	0.7537189722061157
G98	G44	0.7537189722061157
G89	G34	0.7536585927009583
G89	G63	0.7536585330963135
G77	G86	0.7536436915397644
G41	G77	0.7535353899002075
G22	G16	0.7535269856452942
G22	G91	0.7535269856452942
G77	G58	0.7534413337707521
G77	G79	0.7534412741661072
G70	G37	0.7534274458885193
G70	G79	0.7534273862838745
G5	G93	0.7533864378929138
G92	G44	0.7533597350120544
G92	G54	0.7533597350120544
G98	G95	0.7533057928085327
G98	G97	0.7533057928085327
G41	G35	0.7532827854156494
G77	G14	0.75323885679245
G77	G6	0.7532387971878052
G5	G3	0.7531872391700745
G88	G38	0.7531863451004028
G2	G73	0.7531414031982422
G97	G99	0.7531250119209291
G97	G9	0.7531250119209291
G98	G30	0.7530992031097412
G5	G90	0.7529880404472351
G92	G62	0.752964437007904
G97	G10	0.7529166936874391
G98	G61	0.7528926134109497
G98	G34	0.7528925538063049
G7	G29	0.752884566783905
G70	G76	0.7528226375579834
G70	G60	0.7528225779533386
G92	G2	0.7527667880058289
G97	G51	0.7527083754539491
G89	G19	0.7526422739028931
G77	G16	0.7526315450668335
G70	G92	0.7526209950447083
G41	G54	0.7525252699851991
G41	G56	0.7525252699851991
G98	G69	0.7522727251052856
G89	G8	0.7522357702255249
G77	G23	0.752226710319519
G70	G13	0.7522177696228027
G70	G75	0.7522177696228027
G92	G25	0.7521739006042479
G22	G25	0.7520747780799866
G22	G27	0.7520745992660522
G89	G53	0.7520325183868408
G77	G64	0.7520242929458618
G41	G61	0.7520201802253723
G70	G78	0.7520161867141724
G5	G75	0.7519920468330383
G5	G26	0.7519920468330383
G92	G4	0.7519763112068176
G97	G65	0.7518749833106995
G97	G70	0.7518749833106995
G97	G33	0.7518749237060547
G98	G96	0.7518594861030579
G98	G35	0.7518594861030579
G89	G70	0.7518293261528015
G89	G85	0.7518292665481567
G41	G65	0.7517676353454591
G78	G80	0.7516597509384155
G98	G53	0.7516529560089111
G98	G88	0.7516528964042664
G89	G97	0.7516260743141174
G77	G50	0.7516193985939026
G77	G5	0.7516193985939026
G5	G49	0.7515936493873596
G5	G68	0.7515935897827148
G41	G8	0.7515150904655457
G88	G42	0.7514706254005432
G97	G43	0.7514582872390747
G97	G18	0.7514582872390747
G97	G82	0.7514582872390747
G22	G80	0.7514522671699524
G98	G5	0.7514463067054749
G98	G45	0.7514463067054749
G89	G58	0.7514227628707886
G77	G52	0.7514169812202454
G41	G80	0.7512627243995667
G41	G81	0.7512626051902771
G41	G15	0.7512626051902771
G41	G17	0.7512626051902771
G97	G95	0.7512500286102295
G77	G46	0.7512145638465881
G77	G56	0.7512145042419434
G5	G80	0.7511953115463257
G92	G75	0.7511857151985168
G86	G62	0.7510581612586975
G97	G93	0.7510416507720947
G97	G45	0.7510416507720947
G97	G56	0.7510416507720947
G78	G71	0.7510373592376709
G77	G76	0.7510122060775757
G41	G98	0.7510101795196533
G70	G87	0.7510080933570862
G70	G55	0.7510079741477966
G5	G34	0.7509960532188416
G92	G11	0.7509881258010864
G97	G23	0.7508333921432495
G97	G24	0.7508333325386047
G97	G76	0.7508333325386047
G97	G77	0.7508333325386047
G97	G8	0.7508333325386047
G98	G33	0.7508264183998108
G77	G17	0.7508097290992737
G5	G15	0.7507967948913574
G5	G96	0.7507967352867126
G41	G100	0.7507575154304504
G41	G29	0.7507575154304504
G97	G15	0.7506250143051147
G97	G35	0.7506250143051147
G97	G39	0.75062495470047
G97	G62	0.75062495470047
G22	G45	0.7506223917007446
G98	G51	0.7506198287010193
G89	G60	0.750609815120697
G89	G99	0.7506097555160522
G89	G18	0.7506097555160522
G89	G24	0.7506097555160522
G77	G63	0.7506072521209717
G77	G9	0.7506072521209717
G98	G70	0.7504132390022278
G98	G17	0.750413179397583
G98	G92	0.750413179397583
G98	G100	0.750413179397583
G77	G27	0.7504048943519592
G70	G84	0.7504031658172607
G41	G68	0.7502524852752686
G97	G73	0.75020831823349
G22	G62	0.7502074837684631
G98	G55	0.7502066493034363
G92	G19	0.7500000596046448
G97	G80	0.75
G97	G27	0.75
G77	G90	0.75
G70	G99	0.75
G77	G28	0.75
G70	G59	0.75
G77	G54	0.75
G89	G11	0.75
G77	G38	0.7499999403953552
G5	G44	0.7499999403953552
G41	G13	0.7499999403953552
G98	G12	0.7497933506965637
G97	G67	0.74979168176651
G41	G4	0.7497474551200867
G41	G2	0.7497474551200867
G41	G28	0.7497473955154419
G2	G44	0.7497382164001465
G89	G38	0.7495935559272766
G98	G82	0.749586820602417
G98	G57	0.749586820602417
G98	G80	0.7495867609977722
G97	G40	0.74958336353302
G97	G12	0.7495833039283752
G97	G87	0.7495833039283752
G5	G29	0.7494024038314819
G98	G74	0.7493801712989807
G98	G63	0.7493801712989807
G98	G83	0.7493801116943359
G77	G39	0.7491902112960815
G89	G32	0.7491869926452637
G98	G90	0.7491735816001892
G97	G21	0.7491666674613953
G88	G89	0.7490196824073792
G92	G35	0.7490118145942688
G5	G97	0.7490040063858032
G70	G89	0.7489920258522034
G70	G85	0.748991847038269
G98	G21	0.7489668726921082
G22	G96	0.7489627003669739
G78	G20	0.7489627003669739
G97	G37	0.74895840883255
G70	G56	0.7487903833389282
G77	G55	0.7487854361534119
G77	G15	0.7487853765487671
G98	G84	0.7487604022026062
G97	G11	0.7487499713897705
G97	G38	0.7487499713897705
G97	G63	0.7487499713897705
G5	G66	0.7486056089401245
G70	G35	0.7485887408256531
G77	G62	0.7485829591751099
G97	G30	0.7485416531562805
G41	G25	0.7484848499298096
G70	G49	0.7483870983123779
G70	G53	0.7483870387077332
G77	G59	0.7483805418014526
G97	G69	0.7483333349227905
G88	G11	0.7482842803001404
G41	G11	0.7482323646545409
G92	G63	0.7482213377952576
G92	G23	0.7482212781906128
G70	G28	0.7481855154037476
G70	G42	0.7481855154037476
G70	G73	0.7481855154037476
G77	G37	0.7481781244277954
G89	G84	0.7481707334518433
G97	G60	0.7481250166893005
G97	G57	0.7481250166893005
G97	G34	0.7481249570846558
G97	G16	0.7481249570846558
G92	G20	0.7480236887931824
G92	G77	0.7480236887931824
G92	G57	0.7480236887931824
G41	G51	0.7479798197746277
G89	G49	0.7479674816131592
G97	G6	0.7479167580604553
G97	G22	0.7479166388511658
G92	G31	0.7478260397911072
G5	G77	0.7478087544441223
G77	G4	0.747773289680481
G41	G52	0.7477272748947144
G97	G49	0.7477083206176758
G92	G90	0.7476284503936768
G5	G30	0.7476096153259277
G70	G43	0.7475807070732117
G70	G44	0.7475806474685669
G77	G57	0.7475708127021791
G89	G12	0.7475609779357909
G88	G96	0.7475489377975464
G97	G41	0.7475000619888306
G92	G16	0.7474308013916016
G5	G40	0.7474103569984436
G70	G51	0.7473790049552917
G77	G34	0.7473684549331665
G98	G62	0.7473140954971313
G97	G61	0.7472916841506958
G97	G85	0.7472916841506958
G92	G14	0.7472332119941711
G92	G69	0.7472332119941711
G41	G26	0.7472221851348877
G5	G95	0.7472111582756042
G5	G7	0.7472111582756042
G77	G74	0.7471659779548645
G98	G40	0.7471073865890503
G92	G28	0.7470355033874512
G5	G92	0.7470119595527649
G70	G24	0.7469757795333862
G77	G30	0.7469635009765625
G98	G68	0.7469007968902588
G98	G75	0.7469007968902588
G97	G90	0.7468749880790709
G97	G58	0.7468749880790709
G92	G73	0.7468379139900208
G77	G75	0.74676114320755
G89	G1	0.7467479705810547
G41	G27	0.7467172145843506
G41	G9	0.7467171549797058
G97	G19	0.7466667294502258
G97	G89	0.7466667294502258
G97	G53	0.7466666698455809
G70	G2	0.7465725541114807
G70	G62	0.7465725541114807
G70	G50	0.7465725541114807
G89	G79	0.7465447187423706
G98	G27	0.7464875578880309
G98	G60	0.7464875578880309
G92	G30	0.7464427351951599
G92	G66	0.7464427351951599
G5	G22	0.7464143633842468
G70	G83	0.7463709712028503
G77	G92	0.7463563084602356
G77	G1	0.7463563084602356
G77	G26	0.7463562488555908
G77	G3	0.7463562488555908
G97	G5	0.7462499737739563
G70	G1	0.74616938829422
G77	G19	0.7461538314819336
G77	G72	0.7461538314819336
G77	G45	0.7461537718772888
G89	G15	0.7461382746696472
G89	G47	0.7461382150650024
G88	G13	0.7460784316062927
G5	G46	0.7460160255432129
G5	G56	0.7460159659385681
G70	G45	0.7459677457809448
G70	G40	0.7459676861763
G89	G44	0.7459349632263184
G89	G56	0.7459349632263184
G89	G57	0.7459349632263184
G7	G35	0.7459135055541992
G98	G41	0.7458677887916565
G97	G26	0.7458333373069763
G97	G3	0.7458333373069763
G97	G1	0.7458333373069763
G33	G28	0.7458332777023315
G5	G35	0.7458167076110841
G5	G82	0.7458167076110841
G77	G25	0.7457489967346191
G77	G68	0.7457489967346191
G77	G41	0.7457489371299744
G89	G50	0.7457317113876343
G98	G16	0.7456611394882202
G92	G70	0.7456521987915039
G5	G37	0.7456175684928894
G98	G1	0.7454546093940735
G98	G56	0.7454545497894287
G92	G46	0.7454544901847839
G88	G58	0.7453431487083435
G89	G72	0.7453251481056213
G92	G71	0.7452569007873535
G92	G5	0.7452569007873535
G5	G4	0.7452191114425659
G97	G54	0.7452083826065063
G89	G96	0.745121955871582
G89	G48	0.7451218962669373
G15	G91	0.7450980544090271
G92	G51	0.7450593709945679
G5	G9	0.7450199127197266
G5	G71	0.7450198531150818
G70	G32	0.7449597120285034
G70	G69	0.7449596524238586
G70	G96	0.7449596524238586
G92	G47	0.7448617219924927
G98	G8	0.7448347210884094
G70	G41	0.7447581291198729
G70	G54	0.7447580695152283
G77	G60	0.7447368502616882
G89	G4	0.7447154521942139
G89	G51	0.7447154521942139
G92	G65	0.7446640133857727
G97	G72	0.7445833086967468
G97	G20	0.7445833086967468
G97	G71	0.7445833086967468
G70	G88	0.7445564270019531
G70	G100	0.7445564270019531
G77	G51	0.7445343732833862
G89	G71	0.7445122599601746
G97	G66	0.7443750500679016
G88	G99	0.7443627715110779
G77	G71	0.7443320155143738
G89	G21	0.7443088889122009
G92	G76	0.7442687153816223
G7	G50	0.7442308068275452
G5	G52	0.7442231774330139
G97	G86	0.7441666722297668
G70	G38	0.7441533207893372
G89	G66	0.7441056966781616
G92	G60	0.7440711259841919
G5	G61	0.7440239787101746
G5	G79	0.7440239191055298
G5	G27	0.7440239191055298
G97	G59	0.7439583539962769
G97	G88	0.7439583539962769
G97	G68	0.7439583539962769
G97	G91	0.7439583539962769
G97	G4	0.7439582943916321
G70	G23	0.7439516186714172
G70	G67	0.7439516186714172
G41	G40	0.7439393997192383
G77	G36	0.7439271211624146
G89	G93	0.7439024448394775
G89	G39	0.7439023852348328
G5	G72	0.7438246607780457
G5	G8	0.7438246607780457
G98	G59	0.7438016533851624
G15	G98	0.7437908053398132
G70	G34	0.7437499761581421
G97	G48	0.7437499761581421
G92	G6	0.7436759471893309
G92	G81	0.7436758875846863
G70	G5	0.7435484528541565
G70	G20	0.7435483336448669
G92	G86	0.7434782981872559
G92	G37	0.7434782981872559
G15	G62	0.7434640526771545
G41	G89	0.7434344291687012
G70	G77	0.7433468103408813
G97	G36	0.7433333992958069
G97	G55	0.7433333992958069
G97	G28	0.7433333992958069
G89	G62	0.7432926893234253
G92	G36	0.7432805895805359
G5	G86	0.7432270646095276
G70	G31	0.7431451678276062
G88	G3	0.7431373000144958
G97	G46	0.7431250214576721
G97	G64	0.7431249618530273
G89	G61	0.7430894374847412
G70	G47	0.7429435253143309
G70	G30	0.7429435253143309
G70	G33	0.7429435253143309
G70	G17	0.7429435253143309
G89	G23	0.7428861856460571
G7	G24	0.7427884340286255
G70	G52	0.7427418828010559
G92	G100	0.7426877021789551
G5	G45	0.7426295876502991
G70	G81	0.7425403594970703
G70	G97	0.7425403594970703
G97	G25	0.7425000071525574
G92	G79	0.7424900531768799
G89	G30	0.7424796223640442
G89	G59	0.7424796223640442
G5	G81	0.7424303293228149
G5	G89	0.7424302697181702
G5	G94	0.7424302697181702
G88	G49	0.7424020171165466
G70	G3	0.7423387169837952
G70	G9	0.7423387169837952
G7	G93	0.7423076629638672
G92	G24	0.7422925233840942
G97	G47	0.7422916293144226
G89	G35	0.7422764301300049
G5	G2	0.7422310113906859
G33	G97	0.7421568036079407
G70	G27	0.7421371340751648
G77	G35	0.7421053051948547
G92	G42	0.742094874382019
G89	G90	0.7420731782913208
G89	G52	0.7420731782913208
G5	G65	0.7420318722724915
G88	G79	0.7419117093086243
G77	G10	0.7419028282165527
G77	G69	0.741902768611908
G92	G56	0.7418972849845886
G92	G12	0.7418972253799438
G92	G21	0.7418972253799438
G97	G14	0.7418749332427979
G89	G31	0.7418699264526367
G89	G82	0.7418699264526367
G15	G13	0.741830050945282
G70	G94	0.7417339086532593
G89	G2	0.7416667342185974
G89	G29	0.7416666746139526
G89	G5	0.7416666746139526
G88	G10	0.7416666150093079
G5	G100	0.741633415222168
G77	G66	0.7414979934692383
G89	G28	0.7414634227752686
G97	G31	0.7414582967758179
G33	G75	0.7414215803146362
G70	G26	0.7413306236267091
G92	G82	0.7413043379783629
G92	G10	0.7413042783737183
G89	G80	0.7412601709365845
G70	G82	0.7411290407180786
G92	G9	0.7411067485809326
G92	G98	0.7411067485809326
G92	G67	0.7411067485809326
G7	G85	0.7411057353019714
G89	G65	0.7410569190979004
G89	G74	0.7410569190979004
G88	G20	0.740931510925293
G88	G45	0.7409313917160034
G15	G34	0.7408497333526611
G97	G83	0.7408333420753479
G89	G54	0.740650475025177
G89	G9	0.7406504154205322
G89	G36	0.7406504154205322
G89	G13	0.7406504154205322
G7	G18	0.7406250238418579
G15	G70	0.7405229210853577
G98	G19	0.7404958605766296
G70	G65	0.7403225898742676
G70	G46	0.7403225302696228
G89	G55	0.7402439117431641
G5	G25	0.7402390837669373
G7	G79	0.7401441931724548
G70	G90	0.7401209473609924
G89	G69	0.7400406002998352
G97	G96	0.7399999499320984
G92	G49	0.7399209141731262
G70	G71	0.7399193644523621
G41	G36	0.7398989200592041
G89	G26	0.7398374676704407
G97	G42	0.7397916913032532
G92	G7	0.7397233843803406
G92	G83	0.7397233843803406
G92	G40	0.7397233247756958
G92	G29	0.7395256757736206
G97	G17	0.7393749952316284
G70	G14	0.7393145561218262
G89	G67	0.7392276525497437
G89	G41	0.7392275929450989
G88	G6	0.739215612411499
G70	G48	0.7391129136085509
G89	G43	0.7390244007110596
G97	G75	0.7389583587646484
G97	G74	0.7389582991600037
G7	G37	0.7389422655105591
G7	G17	0.7389422655105591
G15	G6	0.7388889193534851
G5	G12	0.738844633102417
G89	G92	0.7388211488723755
G89	G40	0.7388211488723755
G88	G21	0.738725483417511
G7	G53	0.7387019395828247
G89	G37	0.7386178970336914
G92	G3	0.7385375499725342
G70	G64	0.7385080456733704
G7	G77	0.7384614944458008
G89	G6	0.7384145855903625
G70	G57	0.7383064031600952
G98	G14	0.7382231354713441
G7	G94	0.7382211685180664
G97	G98	0.7381249666213989
G92	G52	0.7379446625709534
G15	G14	0.7379085421562195
G89	G64	0.7378048896789551
G92	G80	0.737747073173523
G7	G8	0.7377403974533081
G15	G76	0.7375816702842712
G70	G86	0.7375000119209291
G89	G25	0.7373983860015869
G89	G45	0.7373983263969421
G92	G95	0.7373517751693726
G92	G27	0.7373517155647278
G70	G19	0.7372983694076538
G33	G89	0.7372548580169678
G89	G98	0.7371951341629028
G92	G89	0.7371541261672974
G7	G28	0.7370192408561707
G88	G4	0.7370098233222961
G88	G2	0.7370097637176514
G70	G4	0.7366936206817627
G5	G16	0.7366534471511841
G89	G75	0.7365853786468506
G92	G68	0.7365612983703613
G70	G29	0.7364919185638428
G7	G21	0.7362980246543884
G89	G95	0.7361788749694824
G70	G25	0.7360886335372925
G89	G81	0.7359756231307983
G15	G59	0.7359477281570435
G70	G98	0.7358871102333069
G89	G68	0.735569179058075
G89	G14	0.7355691194534302
G70	G61	0.7354838252067566
G97	G100	0.7354166507720947
G70	G68	0.7352822422981262
G33	G88	0.7350490689277649
G88	G65	0.7350490093231201
G33	G9	0.7350489497184753
G92	G8	0.7349802851676941
G89	G94	0.7349593043327332
G70	G6	0.7348790168762207
G92	G48	0.7347826361656189
G92	G91	0.7347825765609741
G89	G20	0.7347561120986938
G7	G11	0.7346153259277344
G92	G15	0.7345849275588989
G33	G50	0.7345588803291321
G89	G22	0.7345529198646545
G92	G34	0.7343873381614685
G7	G58	0.7341346740722656
G33	G18	0.7340686917304993
G88	G26	0.7340686321258545
G33	G87	0.7340686321258545
G88	G86	0.7340685725212097
G5	G63	0.7340638041496277
G18	G89	0.7339416146278381
G70	G95	0.7336693406105042
G7	G76	0.7336539626121521
G7	G98	0.7336537837982178
G70	G22	0.7334677577018738
G7	G45	0.7334134578704834
G88	G78	0.7333333492279053
G15	G73	0.7333332896232605
G15	G35	0.7333332896232605
G33	G70	0.7333332896232605
G92	G59	0.7332015633583069
G92	G61	0.7332015633583069
G92	G88	0.7332015633583069
G7	G95	0.7331730723381042
G88	G74	0.7330883145332336
G88	G75	0.7330882549285889
G88	G77	0.7328431606292725
G88	G7	0.7325980067253113
G88	G92	0.7325980067253113
G88	G56	0.7323529720306396
G15	G43	0.7323529124259949
G89	G91	0.7323170304298401
G7	G44	0.7322114706039429
G89	G3	0.7321138381958008
G33	G11	0.7321078777313232
G88	G100	0.7321078777313232
G15	G11	0.732026219367981
G15	G54	0.7320261597633362
G88	G59	0.7318627834320068
G89	G86	0.7317073941230774
G15	G52	0.7316993474960327
G15	G72	0.7316993474960327
G33	G30	0.7316176295280457
G33	G85	0.7316175699234009
G18	G22	0.7315694093704224
G7	G38	0.731490433216095
G33	G21	0.7313725352287292
G15	G53	0.7313725352287292
G33	G84	0.7313725352287292
G33	G94	0.7311275005340576
G15	G36	0.7310457229614258
G92	G33	0.7310276627540588
G7	G74	0.7310096025466919
G88	G83	0.7308822870254517
G33	G66	0.7308822870254517
G18	G4	0.7306569218635559
G33	G69	0.73063725233078
G88	G57	0.7306371927261353
G7	G12	0.7305288910865784
G92	G72	0.7304347157478333
G15	G88	0.7303921580314636
G15	G74	0.7303920984268188
G88	G81	0.7301470637321472
G15	G93	0.7300654053688049
G15	G17	0.7300653457641602
G7	G87	0.7300481200218201
G33	G80	0.7299020290374756
G33	G32	0.7299019098281859
G92	G22	0.7298418283462524
G15	G9	0.7297385334968567
G88	G64	0.7296568751335144
G33	G53	0.729411780834198
G15	G66	0.729411780834198
G88	G63	0.729411780834198
G33	G26	0.7294117212295532
G88	G30	0.7294117212295532
G88	G67	0.7294117212295532
G33	G41	0.7291667461395264
G88	G48	0.7291667461395264
G33	G49	0.7291666865348816
G88	G22	0.7291666865348816
G15	G23	0.7290849685668945
G15	G27	0.7290849089622498
G33	G48	0.7289214730262756
G7	G59	0.7288461923599243
G7	G82	0.7288461327552795
G74	G70	0.7287878394126892
G33	G78	0.7286764979362488
G33	G67	0.7286764979362488
G33	G57	0.7286764979362488
G88	G50	0.728676438331604
G88	G97	0.728676438331604
G7	G3	0.7286058068275452
G74	G63	0.7285985350608826
G33	G54	0.7284314036369324
G15	G90	0.7284314036369324
G88	G87	0.7281861901283264
G15	G67	0.7281045913696289
G15	G29	0.7281045913696289
G88	G8	0.7279411554336548
G88	G70	0.7279411554336548
G88	G41	0.72794109582901
G7	G9	0.7278845906257629
G15	G42	0.7277777791023254
G15	G79	0.7277777791023254
G33	G7	0.7276961207389832
G7	G61	0.7276442646980286
G88	G68	0.7274510264396667
G15	G85	0.7274510264396667
G15	G49	0.7274510264396667
G15	G96	0.727450966835022
G44	G39	0.7273381352424622
G88	G27	0.7272059321403503
G88	G62	0.7272058129310608
G88	G17	0.7272058129310608
G33	G96	0.7269607186317444
G7	G31	0.7269231081008911
G7	G1	0.7269230484962463
G88	G55	0.7267156839370728
G33	G58	0.7267156839370728
G74	G76	0.7267045974731445
G15	G80	0.7264705896377563
G88	G5	0.7264705896377563
G15	G41	0.7264705896377563
G33	G79	0.7264705896377563
G7	G71	0.7262019515037537
G33	G43	0.7259804010391235
G88	G76	0.7259804010391235
G33	G38	0.7259804010391235
G33	G44	0.7259803414344788
G33	G62	0.7259803414344788
G7	G80	0.7259615659713745
G15	G47	0.7258169651031494
G15	G97	0.7258169651031494
G15	G10	0.7254902124404907
G88	G34	0.7254902124404907
G7	G62	0.7254807353019714
G33	G60	0.7252449989318848
G7	G75	0.7252404093742371
G74	G18	0.7251893877983093
G15	G84	0.7251634001731873
G15	G18	0.7251634001731873
G15	G7	0.7251634001731873
G7	G5	0.7250000238418579
G7	G23	0.7249999642372131
G7	G27	0.7249999642372131
G7	G2	0.7249999642372131
G15	G32	0.7248365879058838
G33	G1	0.7247549295425415
G33	G71	0.7247549295425415
G33	G74	0.7247548699378967
G74	G47	0.7246212363243103
G7	G4	0.7245193123817444
G7	G73	0.7245193123817444
G88	G24	0.7245098352432251
G15	G26	0.7245098352432251
G15	G95	0.7245098352432251
G88	G84	0.7245098352432251
G88	G33	0.7245097160339355
G88	G37	0.7242646813392639
G88	G14	0.7242646813392639
G15	G16	0.7241830229759216
G7	G60	0.7240384817123413
G7	G84	0.7240384817123413
G7	G47	0.7240384221076965
G33	G16	0.7240195870399475
G33	G17	0.7240195870399475
G33	G6	0.7237744927406311
G33	G12	0.7237744927406311
G88	G98	0.7237744927406311
G33	G99	0.7237744927406311
G33	G34	0.7235294580459595
G15	G57	0.7235293984413147
G15	G81	0.7235293984413147
G88	G60	0.7235293388366699
G7	G20	0.7233172655105591
G7	G54	0.7233172655105591
G7	G43	0.7233172655105591
G88	G32	0.7232843041419983
G88	G95	0.7232843041419983
G88	G46	0.7232843041419983
G15	G60	0.7232026457786559
G15	G51	0.7232025861740112
G15	G48	0.7232025861740112
G15	G87	0.7232025861740112
G74	G91	0.7231060862541199
G7	G34	0.7230769395828247
G7	G66	0.7230769395828247
G33	G76	0.7230392694473267
G33	G51	0.7230392098426819
G88	G25	0.7230392098426819
G88	G90	0.7230392098426819
G15	G50	0.7228757739067078
G33	G73	0.7227941155433655
G88	G71	0.7227941155433655
G33	G29	0.7227941155433655
G15	G19	0.7225490212440491
G7	G51	0.7223557829856873
G88	G15	0.7223039269447327
G33	G15	0.7223039269447327
G33	G23	0.7223038673400879
G88	G40	0.7223038673400879
G18	G32	0.7222628593444824
G15	G82	0.7222222089767456
G7	G41	0.7221153974533081
G88	G16	0.7220588326454163
G33	G72	0.7220588326454163
G15	G44	0.7218954563140869
G15	G4	0.7218953967094421
G15	G63	0.7218953967094421
G7	G90	0.7218749523162842
G7	G56	0.7218749523162842
G88	G36	0.7218137979507446
G88	G9	0.7218137383460999
G15	G24	0.7215686440467834
G15	G28	0.7215686440467834
G88	G69	0.7215685844421387
G33	G31	0.7215685844421387
G7	G36	0.7213942408561707
G7	G40	0.7213942408561707
G88	G85	0.721323549747467
G15	G94	0.72124183177948
G12	G70	0.7211065292358398
G33	G59	0.7210784554481506
G33	G98	0.7210784554481506
G15	G37	0.7209150791168213
G15	G55	0.7209150791168213
G7	G25	0.7209134697914124
G33	G46	0.7208333611488342
G33	G91	0.7208333611488342
G33	G56	0.7208333611488342
G33	G37	0.7205882072448729
G33	G100	0.7205882072448729
G7	G10	0.720432698726654
G88	G91	0.7203431725502014
G33	G52	0.7203431129455566
G74	G6	0.7202652096748352
G15	G40	0.7202614545822144
G15	G1	0.7202614545822144
G15	G30	0.7202613949775696
G15	G58	0.7202613949775696
G7	G30	0.7201922535896301
G88	G80	0.7200980186462402
G7	G26	0.7199519276618958
G74	G38	0.7198863625526428
G88	G52	0.7198529243469238
G33	G42	0.7198529243469238
G7	G88	0.7197115421295166
G33	G64	0.7196078300476074
G33	G93	0.7196078300476074
G7	G16	0.7194710969924927
G88	G31	0.7193627953529358
G88	G54	0.7193627357482909
G88	G93	0.7193627357482909
G88	G61	0.7193627357482909
G15	G61	0.7192810177803041
G15	G20	0.7192810177803041
G7	G6	0.7192307710647583
G7	G42	0.7192307710647583
G7	G96	0.7192307710647583
G33	G24	0.7191176414489746
G33	G4	0.7191176414489746
G15	G46	0.7189542651176453
G15	G33	0.7189542651176453
G33	G20	0.718872606754303
G33	G14	0.718872606754303
G33	G45	0.7188725471496582
G33	G10	0.7188725471496582
G88	G51	0.7186274528503418
G7	G92	0.7185096740722656
G7	G64	0.7185096144676208
G33	G47	0.7183823585510254
G88	G23	0.7183823585510254
G33	G95	0.7183822989463806
G15	G65	0.7183006405830383
G7	G32	0.7182692885398865
G7	G46	0.7182692885398865
G7	G100	0.7182692289352417
G7	G78	0.7182692289352417
G33	G68	0.7181372642517091
G88	G66	0.7181372642517091
G33	G61	0.7181372642517091
G7	G48	0.7180289030075073
G74	G5	0.7179924249649048
G15	G25	0.7179738283157349
G33	G8	0.7178921699523926
G74	G88	0.7178030014038086
G7	G39	0.7177884578704834
G7	G89	0.7177884578704834
G33	G22	0.7176471948623657
G88	G1	0.7176470756530762
G7	G83	0.717548131942749
G33	G36	0.7174019813537598
G33	G82	0.717401921749115
G15	G21	0.7173202633857727
G7	G67	0.7173077464103699
G7	G69	0.7173076868057251
G74	G41	0.7172348499298096
G7	G33	0.717067301273346
G15	G99	0.7169934511184692
G15	G64	0.7169934511184692
G33	G19	0.7169117927551271
G33	G5	0.7169117927551271
G7	G99	0.7168269753456116
G33	G25	0.7166666984558105
G15	G39	0.7166666984558105
G15	G68	0.7166666984558105
G33	G81	0.7166666388511658
G33	G2	0.7166666388511658
G33	G35	0.716666579246521
G74	G16	0.7164772748947144
G33	G83	0.7164215445518494
G33	G3	0.7164215445518494
G15	G92	0.7163398861885071
G74	G1	0.7162879109382629
G88	G35	0.7161765098571777
G7	G14	0.7158653736114502
G74	G86	0.7157197594642639
G15	G5	0.7156863212585449
G15	G56	0.7153595089912415
G15	G45	0.7153595089912415
G33	G13	0.7151961326599121
G15	G69	0.715032696723938
G15	G86	0.7150326371192932
G33	G39	0.7149509191513062
G33	G40	0.7147058844566345
G33	G27	0.7144607901573181
G33	G55	0.7144607305526733
G88	G47	0.7142156958580017
G88	G39	0.7142156958580017
G15	G12	0.7140522599220276
G15	G100	0.7140522599220276
G33	G92	0.7139705419540405
G18	G57	0.7138685584068298
G33	G90	0.7137255072593689
G88	G53	0.7137255072593689
G88	G94	0.7137255072593689
G88	G72	0.7137254476547241
G15	G75	0.7137254476547241
G88	G12	0.7134803533554077
G74	G51	0.7134469747543335
G7	G81	0.7132211327552795
G15	G71	0.7130718231201172
G15	G8	0.7127450704574585
G7	G13	0.7127403616905212
G74	G92	0.7126893997192383
G18	G92	0.7125912308692932
G88	G29	0.7124999761581421
G88	G28	0.7122548222541809
G74	G17	0.7121211886405945
G18	G21	0.7120437622070312
G74	G58	0.7119318842887878
G7	G65	0.7117788791656494
G15	G83	0.7114379405975342
G7	G86	0.7112980484962463
G44	G13	0.711151123046875
G18	G82	0.7111313939094543
G15	G78	0.7111111283302307
G7	G22	0.7110577225685121
G18	G76	0.7105838656425476
G7	G15	0.7105769515037537
G74	G77	0.7104166746139526
G18	G98	0.7104014158248901
G7	G63	0.7103365659713745
G33	G86	0.7102941870689392
G7	G55	0.7100961208343506
G74	G21	0.7096590995788574
G18	G86	0.7089415788650513
G7	G49	0.7088941335678101
G15	G89	0.7088235020637512
G57	G23	0.7084782719612122
G15	G3	0.7081699371337891
G74	G99	0.7081440091133118
G33	G63	0.708088219165802
G74	G66	0.7079545259475708
G15	G31	0.7078431248664856
G74	G96	0.707575798034668
G7	G52	0.7074518799781799
G15	G77	0.7071895003318787
G18	G20	0.706751823425293
G18	G99	0.7065693736076355
G7	G68	0.7064903974533081
G74	G60	0.7064393758773804
G74	G35	0.7064393758773804
G74	G56	0.7062500715255737
G74	G78	0.7062500119209291
G74	G19	0.7053030133247375
G74	G44	0.7053030133247375
G23	G57	0.7052035927772522
G74	G89	0.7049242258071899
G7	G57	0.704807698726654
G74	G12	0.7047348618507385
G18	G58	0.7045620083808899
G74	G3	0.7045454978942871
G74	G81	0.7045454382896423
G18	G43	0.7043796181678772
G74	G64	0.7037878632545471
G74	G50	0.7035985589027405
G74	G68	0.7035984992980957
G74	G87	0.7035984992980957
G18	G85	0.7034671306610107
G74	G49	0.7034091353416443
G74	G43	0.7034090757369995
G74	G20	0.7034090757369995
G74	G85	0.7034090757369995
G74	G37	0.7032197117805481
G74	G10	0.7030303478240967
G74	G4	0.7028409242630005
G74	G67	0.7028409242630005
G74	G27	0.7026515603065491
G18	G70	0.7021898031234741
G74	G59	0.7020832896232605
G18	G80	0.7020072937011719
G74	G90	0.7018939256668091
G74	G62	0.7018939256668091
G74	G29	0.7017045617103577
G74	G25	0.7013257741928101
G74	G98	0.7011364102363586
G74	G79	0.7011363506317139
G18	G74	0.7010949850082397
G74	G34	0.7007575631141663
G57	G10	0.7006520628929138
G74	G9	0.7001894116401672
G18	G26	0.7001824975013733
G44	G35	0.7000000476837158
G74	G42	0.6999999284744263
G74	G73	0.6998105645179749
G74	G84	0.6990530490875244
G74	G80	0.6990530490875244
G74	G65	0.6986742615699768
G74	G48	0.698106050491333
G74	G53	0.6981059908866882
G23	G50	0.6979637742042542
G74	G72	0.6979166865348816
G74	G24	0.6977273225784302
G18	G47	0.6974452137947083
G74	G52	0.6973485350608826
G74	G28	0.6973484754562378
G44	G97	0.6973022222518921
G74	G23	0.6971590518951416
G74	G100	0.6969696879386902
G74	G33	0.696780264377594
G74	G94	0.696780264377594
G74	G54	0.6965909600257874
G74	G97	0.6964015364646912
G74	G11	0.6964014768600464
G74	G83	0.6960228085517883
G74	G45	0.6960227489471436
G74	G14	0.6958333253860474
G74	G93	0.6956439614295961
G74	G31	0.6956439018249512
G74	G26	0.6950757503509521
G74	G61	0.6950756907463074
G18	G10	0.6950730085372925
G74	G39	0.6945075988769531
G74	G30	0.6943182349205017
G74	G2	0.6941288113594055
G74	G57	0.6941288113594055
G74	G95	0.6939393877983093
G74	G82	0.6939393877983093
G18	G29	0.6937956213951111
G18	G77	0.6937955617904663
G74	G32	0.6935606002807617
G74	G69	0.6933712363243103
G18	G45	0.6932481527328491
G57	G18	0.6930434703826904
G74	G13	0.6928030252456665
G12	G11	0.6926229000091553
G18	G3	0.6925181746482849
G74	G22	0.6924241781234741
G18	G27	0.6921533346176147
G18	G83	0.6921533346176147
G18	G11	0.69215327501297
G74	G36	0.6920454502105713
G23	G85	0.691855251789093
G12	G58	0.6918032765388489
G18	G24	0.6916058659553528
G74	G55	0.6914772987365723
G23	G53	0.6911765336990356
G74	G75	0.6909090876579285
G74	G46	0.690719723701477
G74	G8	0.6905303001403809
G18	G30	0.6905109882354736
G18	G33	0.6899635195732117
G18	G87	0.6894161105155945
G18	G88	0.6892335414886475
G18	G8	0.68905109167099
G74	G71	0.6890152096748352
G18	G90	0.6886861324310303
G18	G44	0.688503623008728
G44	G20	0.6884891986846924
G18	G50	0.6883211731910706
G44	G88	0.6881294846534729
G18	G54	0.6879562139511108
G18	G17	0.6879561543464661
G18	G1	0.6877737045288086
G74	G15	0.6876893639564514
G23	G99	0.6873303651809692
G44	G45	0.6872302293777466
G18	G75	0.6872262358665466
G18	G78	0.6872262358665466
G74	G7	0.686931848526001
G23	G51	0.6868778467178345
G18	G97	0.6866788864135742
G18	G31	0.6861313581466675
G18	G12	0.6859489679336548
G74	G40	0.6857954263687134
G18	G65	0.6857663989067078
G23	G8	0.6852940917015076
G23	G94	0.6852940917015076
G18	G91	0.6848539710044861
G18	G73	0.6843065023422241
G23	G79	0.6841628551483154
G18	G48	0.683941662311554
G18	G95	0.6839416027069092
G44	G87	0.6834532618522644
G18	G52	0.6832116842269897
G23	G28	0.6830316781997681
G23	G80	0.6830316781997681
G18	G39	0.6826642155647278
G23	G14	0.6825792193412781
G18	G14	0.6824818253517151
G23	G26	0.6823529601097107
G23	G97	0.6823529601097107
G18	G15	0.6822992563247681
G44	G65	0.6820143461227417
G44	G6	0.6820143461227417
G23	G98	0.6812217235565186
G18	G69	0.6810219287872314
G18	G41	0.6810219287872314
G18	G35	0.6808394193649292
G18	G63	0.6808393597602844
G23	G58	0.6805430054664612
G18	G19	0.6804744601249695
G18	G16	0.6804744601249695
G23	G60	0.6803167462348938
G23	G43	0.6803167462348938
G23	G39	0.680316686630249
G57	G21	0.680217444896698
G23	G24	0.6800904273986816
G44	G63	0.6800360083580017
G18	G60	0.6799269914627075
G23	G95	0.6798641681671143
G18	G7	0.67974454164505
G23	G37	0.6796380877494812
G18	G61	0.6795620322227478
G18	G42	0.6793795228004456
G18	G40	0.6791970729827881
G18	G66	0.6791970729827881
G18	G38	0.6790145635604858
G23	G76	0.6789593696594238
G44	G27	0.6787769794464111
G23	G78	0.6785067915916443
G18	G9	0.6782847046852112
G57	G38	0.6782609224319458
G44	G93	0.6780574917793274
G23	G42	0.6778280735015869
G57	G42	0.6778261065483093
G18	G59	0.677737295627594
G18	G68	0.6777372360229492
G18	G81	0.6777372360229492
G44	G12	0.6776978373527527
G44	G69	0.6775180101394653
G44	G84	0.6775180101394653
G23	G12	0.6771493554115295
G18	G96	0.677007257938385
G23	G40	0.6769230365753174
G18	G56	0.6768248081207275
G23	G19	0.6766968369483948
G18	G28	0.6766422986984253
G57	G96	0.6765217781066895
G18	G51	0.6764598488807678
G18	G79	0.6764598488807678
G18	G25	0.6762773990631104
G23	G17	0.67624431848526
G23	G61	0.67624431848526
G44	G42	0.6760791540145874
G18	G49	0.6759123802185059
G18	G6	0.6759123802185059
G23	G35	0.6757918000221252
G23	G77	0.6757918000221252
G18	G94	0.6757299304008484
G18	G93	0.6755474805831909
G23	G82	0.6753394603729248
G44	G59	0.6751798391342163
G23	G72	0.6751130819320679
G18	G55	0.675000011920929
G18	G62	0.675000011920929
G18	G67	0.675000011920929
G23	G31	0.67488694190979
G23	G56	0.6748868227005005
G23	G27	0.6746606826782227
G23	G3	0.6746605634689331
G23	G96	0.6744344234466553
G23	G81	0.6744344234466553
G23	G88	0.6744344234466553
G23	G75	0.6742081642150879
G44	G34	0.6741007566452026
G23	G54	0.6739819049835205
G23	G11	0.6739819049835205
G23	G44	0.6739819049835205
G23	G22	0.6739819049835205
G23	G48	0.6737556457519531
G23	G86	0.6737556457519531
G18	G13	0.6735401749610901
G18	G34	0.6735401749610901
G18	G2	0.6735401153564453
G23	G21	0.6735294461250305
G57	G69	0.673478364944458
G57	G88	0.6734782457351685
G23	G91	0.6733032464981079
G23	G73	0.6730769276618958
G57	G76	0.6730434894561768
G23	G70	0.6728507280349731
G23	G62	0.6728506684303284
G23	G9	0.6728506684303284
G23	G49	0.6728506684303284
G23	G15	0.6728506684303284
G18	G23	0.6728102564811707
G18	G71	0.6728102564811707
G23	G84	0.6726244688034058
G23	G68	0.672624409198761
G57	G78	0.6726087331771851
G18	G36	0.6724451780319214
G23	G63	0.6723982095718384
G23	G6	0.6723981499671936
G44	G30	0.6723021864891052
G44	G66	0.6723021268844604
G57	G6	0.6719565391540527
G23	G33	0.6719456911087036
G23	G20	0.6719456315040588
G44	G92	0.6719424724578857
G18	G53	0.671897828578949
G23	G66	0.6717194318771362
G23	G93	0.6714932322502136
G44	G70	0.6714029312133789
G44	G79	0.6714028716087341
G44	G51	0.6714028716087341
G18	G46	0.671350359916687
G23	G32	0.6712669134140015
G44	G85	0.6708633899688721
G23	G13	0.6708144545555115
G23	G92	0.6708144545555115
G18	G5	0.6708029508590698
G18	G37	0.6708029508590698
G44	G22	0.6706835031509399
G44	G81	0.6705036163330078
G23	G45	0.6703619360923767
G44	G99	0.6703237295150757
G23	G2	0.6701356768608093
G44	G72	0.6699640154838562
G23	G83	0.6699095368385315
G23	G55	0.6696833372116089
G23	G10	0.6694570183753967
G44	G19	0.6694244742393494
G44	G73	0.6692445874214172
G23	G52	0.6692307591438293
G23	G4	0.6690045595169067
G23	G36	0.6690044999122621
G18	G100	0.6689780354499817
G44	G18	0.6688849329948425
G23	G65	0.6687783002853394
G23	G46	0.6687783002853394
G44	G67	0.6687049865722656
G57	G94	0.6686956286430359
G23	G16	0.668552041053772
G57	G84	0.66847825050354
G23	G41	0.668099582195282
G23	G25	0.668099582195282
G23	G34	0.6680995225906372
G18	G64	0.6680657267570496
G44	G24	0.6679856181144714
G44	G16	0.6679856181144714
G57	G99	0.6678261160850525
G23	G67	0.6676470041275024
G44	G43	0.6676259040832521
G57	G85	0.6676087975502014
G44	G10	0.6674460768699646
G57	G93	0.667391300201416
G44	G23	0.6672661900520325
G23	G74	0.6671945452690125
G44	G14	0.6670863032341003
G18	G72	0.6669707298278809
G23	G7	0.6669683456420898
G57	G24	0.6669565439224243
G44	G62	0.666906476020813
G44	G31	0.6667266488075256
G44	G83	0.6665467619895935
G23	G90	0.6665158271789551
G23	G30	0.6665157675743103
G23	G64	0.6665157675743103
G44	G49	0.6663669347763062
G44	G2	0.6663668751716614
G44	G68	0.6663668751716614
G44	G89	0.666187047958374
G23	G18	0.6660633087158203
G23	G100	0.6660633087158203
G44	G17	0.6660072207450867
G44	G48	0.6660071611404419
G12	G79	0.6659835577011108
G44	G29	0.6656475067138672
G23	G38	0.6656109094619751
G44	G50	0.6654676198959351
G44	G25	0.6654676198959351
G44	G1	0.6654676198959351
G57	G74	0.665434718132019
G44	G21	0.6652877330780029
G44	G60	0.6652877330780029
G23	G87	0.6651583909988403
G23	G71	0.6651583909988403
G23	G1	0.6651583909988403
G44	G55	0.6649280786514282
G44	G11	0.6647481918334961
G44	G54	0.6647481322288513
G44	G41	0.6645683646202087
G44	G74	0.6643884778022766
G44	G58	0.6642086505889893
G44	G33	0.6642085909843445
G44	G38	0.6640288233757019
G44	G95	0.663848876953125
G44	G37	0.6636690497398376
G44	G53	0.6634891629219055
G23	G47	0.6633484363555908
G44	G82	0.6633093953132629
G44	G52	0.6629496216773987
G23	G29	0.662895917892456
G57	G1	0.6628260612487793
G57	G28	0.6628260612487793
G44	G56	0.6627698540687561
G44	G46	0.6627697944641113
G44	G8	0.6625899076461792
G44	G90	0.6624100804328918
G44	G36	0.6624100208282471
G44	G77	0.6622301936149597
G57	G43	0.6621739864349365
G44	G80	0.6620503664016724
G57	G2	0.6619566082954407
G44	G7	0.661870539188385
G57	G33	0.6617391705513
G57	G87	0.6617391705513
G44	G57	0.6616906523704529
G44	G75	0.6616906523704529
G12	G31	0.6616804003715515
G44	G32	0.6609712243080139
G57	G75	0.660652220249176
G57	G60	0.6606521606445312
G23	G89	0.6606335043907166
G44	G15	0.6604316830635071
G44	G4	0.6604316830635071
G44	G76	0.660251796245575
G44	G91	0.6602517366409302
G44	G78	0.6600719690322876
G44	G94	0.6600719690322876
G57	G41	0.6595652103424072
G44	G96	0.659532368183136
G44	G28	0.6593526005744934
G44	G86	0.6593524813652039
G57	G32	0.6593477725982666
G44	G3	0.6591726541519165
G44	G26	0.6589927673339844
G44	G61	0.6586331129074097
G44	G64	0.6586331129074097
G57	G7	0.6582608222961426
G57	G15	0.6578261852264404
G57	G65	0.6578261256217957
G44	G9	0.6577338576316833
G12	G27	0.6575819253921509
G12	G89	0.6575819253921509
G44	G98	0.6571942567825317
G44	G100	0.6570143699645996
G57	G17	0.6569565534591675
G57	G52	0.6569565534591675
G57	G91	0.6569564938545227
G44	G5	0.6568345427513123
G57	G8	0.6558695435523987
G57	G53	0.6556521058082581
G57	G4	0.655434787273407
G57	G83	0.655434787273407
G57	G61	0.6552173495292664
G57	G54	0.6550000309944153
G57	G14	0.6549999713897705
G12	G72	0.6549180746078491
G57	G31	0.6547825932502747
G57	G56	0.6541303992271423
G57	G50	0.6541303992271423
G57	G92	0.6541303992271423
G57	G44	0.6541303992271423
G12	G73	0.654098391532898
G57	G95	0.6539130806922913
G57	G11	0.6539130210876465
G57	G25	0.6539130210876465
G57	G80	0.6539130210876465
G57	G40	0.6536957025527954
G57	G55	0.6536955833435059
G12	G37	0.653483510017395
G57	G35	0.6534782648086548
G44	G40	0.6532374024391174
G57	G30	0.6530435085296631
G57	G73	0.6528261303901672
G12	G74	0.6526640057563782
G57	G72	0.652391254901886
G57	G34	0.6513043642044067
G57	G66	0.6513043642044067
G57	G46	0.6510869860649109
G57	G71	0.6510869860649109
G57	G89	0.6508695483207703
G57	G68	0.6508694887161255
G57	G86	0.6504347324371338
G57	G79	0.6500000953674316
G57	G58	0.6499999761581421
G12	G93	0.6497950553894043
G57	G77	0.6495652198791504
G12	G36	0.6489754319190979
G57	G63	0.6489130258560181
G57	G81	0.648695707321167
G57	G39	0.648695707321167
G57	G3	0.6486956477165222
G57	G22	0.6486956477165222
G57	G82	0.6484783291816711
G12	G22	0.6483607292175293
G57	G67	0.6482608318328857
G44	G71	0.6482014060020447
G57	G19	0.647826075553894
G57	G90	0.647826075553894
G12	G38	0.6477459073066711
G57	G20	0.6476086974143982
G12	G42	0.6475409865379333
G12	G30	0.6473360657691956
G57	G36	0.6471739411354065
G57	G70	0.6467391848564148
G57	G98	0.64673912525177
G12	G51	0.6467213034629822
G57	G97	0.646521806716919
G12	G87	0.645696759223938
G57	G26	0.6454347968101501
G57	G51	0.6452173590660095
G12	G57	0.6450819373130798
G57	G49	0.6449999809265137
G12	G19	0.6448770761489868
G57	G12	0.6447826027870178
G12	G35	0.644672155380249
G12	G16	0.644672155380249
G12	G20	0.6440573334693909
G57	G37	0.6439130902290344
G57	G27	0.6439130902290344
G57	G62	0.6439130306243896
G12	G21	0.6438524723052979
G57	G100	0.6432608366012573
G12	G50	0.6430327892303467
G12	G78	0.6426229476928711
G57	G47	0.6426087021827698
G57	G29	0.6426087021827698
G12	G97	0.6424180269241333
G12	G60	0.6422131657600403
G12	G94	0.6422130465507507
G57	G16	0.6421738862991333
G57	G64	0.6419565081596375
G12	G41	0.6418032646179199
G12	G28	0.6415983438491821
G57	G13	0.6413042545318604
G57	G48	0.6408695578575134
G12	G67	0.6407787203788757
G12	G99	0.6399589776992798
G12	G43	0.6399589776992798
G57	G9	0.6397826671600342
G12	G48	0.6389343738555908
G12	G95	0.6389343738555908
G12	G75	0.6387295126914978
G12	G62	0.6383196711540222
G12	G34	0.6381148099899292
G12	G92	0.6381146907806396
G12	G49	0.6377049684524536
G12	G56	0.6364754438400269
G12	G100	0.6362704634666443
G12	G81	0.6362704634666443
G12	G53	0.6362704634666443
G12	G76	0.6350410580635071
G12	G66	0.6344262361526489
G12	G39	0.6342212557792664
G57	G45	0.6336956024169922
G12	G88	0.6336065530776978
G12	G32	0.633606493473053
G12	G6	0.6331967115402222
G12	G47	0.6331967115402222
G12	G17	0.6329917907714844
G12	G91	0.6327869296073914
G12	G96	0.6325820684432983
G12	G5	0.6321721076965332
G12	G3	0.6315574049949646
G12	G83	0.631352424621582
G12	G61	0.6309425830841064
G12	G71	0.6303278803825378
G12	G85	0.6303278207778931
G12	G64	0.6301229596138
G12	G54	0.6301229596138
G12	G90	0.6301229596138
G12	G26	0.629918098449707
G12	G7	0.6299180388450623
G12	G13	0.6295081377029419
G12	G33	0.6293032765388489
G12	G84	0.6290983557701111
G12	G52	0.6290983557701111
G12	G82	0.6286885738372803
G12	G15	0.6286885738372803
G12	G23	0.6284836530685425
G12	G2	0.6282786726951599
G12	G86	0.6278688907623291
G12	G1	0.6278688311576843
G12	G10	0.6274590492248535
G12	G14	0.6264343857765198
G12	G4	0.6262295246124268
G12	G80	0.6247950196266174
G12	G9	0.6245902180671692
G12	G68	0.6235656142234802
G12	G59	0.6235656142234802
G12	G98	0.6231557726860046
G12	G45	0.6223360896110535
G12	G44	0.6223360300064087
G12	G40	0.6219262480735779
G12	G63	0.6217213273048401
G12	G29	0.6215164065361023
G12	G24	0.6213114857673645
G12	G65	0.6204918026924133
G12	G77	0.6200819611549377
G12	G69	0.6192622780799866
G12	G46	0.6172130703926086
G12	G18	0.6159836053848267
G12	G55	0.6153688430786133
G12	G25	0.6151639223098755
