Gene1	Gene2	EdgeWeight
G23	G67	0.010198912847777778
G28	G56	0.009803193632222222
G7	G72	0.009683384091111113
G28	G64	0.009410881712222223
G72	G8	0.009380739048888887
G28	G85	0.009260949821111109
G64	G92	0.009237912264444443
G39	G67	0.009192704361111113
G62	G86	0.009111460995555556
G3	G92	0.008908031296666667
G2	G61	0.00886229227
G35	G52	0.008811532884444445
G28	G66	0.008741342972222222
G39	G86	0.008716650156666667
G65	G7	0.008647849806666667
G7	G85	0.008634015695555554
G55	G6	0.008556499645555556
G51	G81	0.008525810656666667
G73	G82	0.008491822863333333
G1	G85	0.008456597517777777
G59	G81	0.008414300066666667
G11	G4	0.008376014753333334
G66	G85	0.008355168563333333
G46	G51	0.008141404576666667
G7	G77	0.008114719659999999
G39	G98	0.008077161275555555
G6	G95	0.008019453296666666
G55	G64	0.007985133687777778
G86	G9	0.00797868077
G59	G92	0.007975418926666667
G19	G62	0.00796305997777778
G39	G92	0.007958537934444444
G16	G9	0.007939037767777778
G55	G86	0.00790399436
G30	G82	0.007894878118888891
G19	G80	0.007873490852222222
G5	G85	0.007867202266666666
G15	G52	0.007856329975555555
G39	G85	0.00785542056
G35	G73	0.00784920595
G28	G80	0.007820854702222222
G28	G65	0.007797057477777778
G1	G76	0.00779602845
G28	G7	0.007764265775555557
G61	G86	0.007705857556666668
G22	G28	0.0076734074166666675
G79	G85	0.007666094517777776
G5	G78	0.007649596003333333
G46	G70	0.007606706863333333
G19	G6	0.007593522296666667
G47	G93	0.007565148272222222
G2	G39	0.007543055681111113
G43	G92	0.007532083382222222
G28	G74	0.007531198642222222
G1	G8	0.007524303398888888
G22	G52	0.007521683674444445
G72	G86	0.007510530909999999
G27	G72	0.007482698859999999
G22	G90	0.007479579122222222
G26	G8	0.007467193520000001
G81	G85	0.0074509922277777784
G28	G35	0.007446826016666667
G24	G74	0.007444861328888889
G64	G85	0.00742421541
G35	G86	0.0074108148566666655
G42	G82	0.007406677054444445
G24	G62	0.007399380375555556
G39	G83	0.007396935821111111
G53	G95	0.00736303503
G30	G5	0.007356208560000002
G28	G98	0.007342548726666667
G18	G85	0.007338057182222224
G35	G75	0.007337393074444444
G63	G77	0.007336420226666665
G2	G86	0.007316406102222222
G26	G41	0.007301178081111111
G73	G86	0.0072963359222222215
G75	G95	0.007292999528888887
G24	G95	0.007272210294444444
G26	G65	0.0072650838855555545
G12	G8	0.007263966471111111
G43	G52	0.0072558750377777785
G59	G7	0.007245932762222222
G65	G83	0.007245271459999999
G44	G77	0.00724233302
G36	G86	0.007237727623333333
G5	G59	0.007235838542222222
G20	G63	0.0072281818677777795
G40	G86	0.00721292569
G36	G75	0.007206761775555555
G38	G51	0.0072067033288888875
G28	G41	0.0071993011144444435
G2	G57	0.00719419997
G32	G66	0.007186755391111113
G18	G86	0.00716575238
G41	G81	0.007154784331111111
G38	G7	0.0071492257055555545
G4	G86	0.007136972674444444
G92	G96	0.007133044245555557
G58	G62	0.007131402843333333
G20	G70	0.007117456168888889
G39	G79	0.007110296762222222
G64	G77	0.007110117208888889
G80	G85	0.0070823272211111106
G16	G31	0.007081546764444444
G37	G59	0.007072412938888889
G73	G85	0.007067832914444445
G77	G80	0.007066143857777776
G20	G29	0.0070561299255555545
G3	G40	0.007054346676666668
G7	G86	0.007054099497777777
G26	G28	0.007044102286666667
G27	G81	0.007039627161111111
G26	G74	0.007023965653333333
G28	G67	0.00702314473888889
G18	G96	0.007022665768888889
G68	G86	0.007020751965555556
G3	G39	0.007018590787777778
G68	G78	0.007014054137777778
G62	G70	0.007001377945555556
G85	G90	0.006985355861111112
G19	G88	0.0069656155066666675
G35	G66	0.006948431575555556
G34	G86	0.006945688806666666
G35	G5	0.006944988726666665
G34	G59	0.006943126168888889
G74	G79	0.006934539242222222
G2	G64	0.0069094151122222214
G26	G35	0.0068984949911111105
G92	G98	0.0068922929011111115
G62	G93	0.00689073615
G53	G65	0.006885496745555554
G7	G75	0.006880366077777778
G38	G90	0.006877554383333333
G59	G97	0.006875279696666667
G11	G95	0.006867488468888889
G10	G73	0.006866930405555556
G40	G48	0.006854185204444445
G51	G6	0.006839633925555554
G48	G92	0.0068307450022222225
G49	G64	0.006829112997777778
G86	G95	0.006820881046666665
G35	G39	0.006813706781111111
G77	G89	0.006805132577777777
G22	G50	0.006801718712222222
G22	G74	0.0068003064336666676
G67	G80	0.006790522935555554
G61	G90	0.006787860157777778
G37	G41	0.006760412917777778
G13	G28	0.006757075974444446
G39	G88	0.006752396553333333
G44	G74	0.0067517210144444435
G48	G8	0.006737051137777778
G43	G59	0.006732507136666667
G48	G72	0.0067229601855555545
G38	G70	0.006721234924444444
G39	G73	0.006700513485555557
G3	G80	0.006693471588888889
G82	G89	0.006693238099999999
G28	G8	0.006691157571111111
G36	G62	0.006667498116666667
G28	G57	0.006667322405555556
G61	G95	0.006663474096666666
G26	G52	0.006657927476666667
G51	G80	0.006643428880000001
G26	G94	0.006642701051111111
G20	G55	0.006632898798888889
G30	G7	0.0066314133499999995
G11	G57	0.006615231426666666
G39	G66	0.0066136602966666656
G28	G73	0.00661224613
G5	G64	0.006609518833333335
G55	G80	0.00660299485
G34	G39	0.006602243662222221
G28	G51	0.006600324341111112
G22	G51	0.006596569805555556
G38	G86	0.006592686928888889
G48	G73	0.006588852346666666
G31	G72	0.006585984433333334
G32	G92	0.006575375928888889
G70	G8	0.006572414556666665
G20	G31	0.006572124802222222
G67	G90	0.006569292361111111
G18	G77	0.006568446187777778
G3	G64	0.006564850205555555
G55	G61	0.0065623888022222215
G13	G47	0.006561900988888889
G39	G84	0.0065601630533333325
G15	G93	0.006557820117777779
G68	G77	0.006557674364444445
G86	G87	0.006549497801111111
G3	G37	0.006549062437777777
G40	G93	0.006547179524444444
G20	G84	0.006540561242222223
G5	G69	0.0065343345844444435
G39	G62	0.006532962228888889
G34	G7	0.006531140388888889
G36	G39	0.0065303406022222225
G39	G65	0.006529936277777777
G31	G60	0.0065298497355555565
G52	G98	0.0065252331866666674
G37	G51	0.006522373597777778
G21	G86	0.006514288301111112
G46	G99	0.0065141601888888895
G67	G96	0.00650410132
G39	G45	0.006502707175555554
G75	G86	0.006502668695555556
G22	G35	0.006491240144444446
G26	G90	0.0064759822444444455
G4	G65	0.006454469998888888
G31	G69	0.006447254908888889
G100	G81	0.006442406376666665
G23	G75	0.006439135438888889
G16	G19	0.0064369545611111115
G19	G61	0.0064341200444444436
G27	G77	0.006431501346666667
G67	G8	0.006427075266666667
G80	G87	0.006422274397777778
G15	G61	0.006401575468888888
G64	G7	0.006398348494444444
G47	G62	0.006397863746666667
G62	G9	0.006393199246666666
G22	G85	0.0063911091677777785
G23	G28	0.006390328846666667
G42	G92	0.006387933834444443
G18	G89	0.006387858405555555
G52	G86	0.006387630722222222
G78	G93	0.00638206448
G34	G38	0.006381144814444443
G7	G87	0.006376321181111111
G34	G36	0.006373320577777777
G33	G47	0.006371983807777777
G57	G64	0.006371349077777778
G28	G90	0.00636860681111111
G87	G96	0.006367598633333333
G53	G79	0.006365302894444445
G8	G90	0.006360042897777778
G51	G55	0.006357721982222222
G39	G52	0.006346367091111111
G32	G59	0.006335396046666665
G2	G30	0.006333259882222222
G36	G94	0.006331046207777778
G10	G28	0.006328550382222222
G3	G99	0.00632285767
G26	G73	0.006321208945555555
G28	G86	0.006315216897777778
G7	G84	0.0063094140522222215
G32	G64	0.006306915987333333
G82	G94	0.006304861326666665
G48	G79	0.0063046377333333325
G48	G86	0.0062945003055555546
G28	G3	0.0062926876277777785
G77	G93	0.006292094595555554
G30	G60	0.006289877488888889
G22	G69	0.00628819245
G11	G25	0.00628477113888889
G28	G79	0.0062785123144444436
G19	G69	0.006278389554444445
G13	G8	0.0062771831544444455
G21	G61	0.006277113176666666
G49	G90	0.00627493619888889
G22	G96	0.006273806803333335
G22	G98	0.006262401374444445
G35	G98	0.006261882798888888
G27	G93	0.0062595094588888895
G35	G93	0.006256586275555556
G56	G89	0.006255546907777778
G53	G9	0.006255361086666665
G18	G55	0.006253445433333333
G100	G20	0.0062514822333333345
G2	G59	0.006248247163333334
G39	G96	0.006247663707777778
G44	G72	0.006247153645555554
G59	G84	0.0062406257311111105
G31	G93	0.006240033281111112
G58	G82	0.00623945988
G42	G51	0.006237891217777777
G59	G75	0.0062367522
G74	G87	0.006236224882222223
G2	G88	0.006235952642222223
G5	G72	0.006232260988888889
G37	G87	0.006228840474888888
G35	G44	0.006213883596666667
G77	G94	0.006209343288888889
G30	G53	0.006208771818888889
G35	G85	0.006204611815555556
G3	G48	0.006190990767777778
G75	G98	0.006189946428888889
G3	G88	0.006187916694444445
G52	G8	0.0061843219111111115
G4	G93	0.0061758345411111115
G24	G5	0.0061695179022222225
G7	G88	0.006169335275555556
G56	G85	0.006166363909999999
G23	G88	0.006163257824444443
G53	G62	0.006152338151111112
G39	G8	0.006145765356666667
G61	G79	0.0061451578522222225
G77	G85	0.006144611454444445
G1	G80	0.0061422220561111115
G3	G95	0.006141242883333333
G74	G8	0.0061367021455555545
G5	G63	0.006136239613333335
G61	G77	0.006135086768888889
G7	G96	0.006134271807777778
G56	G9	0.00612758208888889
G44	G85	0.0061252613877777785
G61	G64	0.006125125562222222
G15	G67	0.00611366344111111
G11	G7	0.006112146496666668
G52	G88	0.006108722606666667
G3	G86	0.006108427313333335
G15	G16	0.0061045167255555565
G34	G85	0.006100348215555556
G24	G72	0.00610020628
G15	G57	0.006099884114444443
G2	G81	0.0060993422188888894
G26	G69	0.006098898878888888
G11	G36	0.006089918278888889
G23	G79	0.006088518004444444
G18	G20	0.006081931057777777
G21	G68	0.006076512389999999
G3	G43	0.006070482047777778
G13	G82	0.00606791076
G1	G94	0.006066795298888889
G51	G77	0.00605839098
G71	G76	0.006057044148888889
G81	G96	0.0060565966577777785
G43	G73	0.0060560490122222215
G5	G8	0.0060492003188888895
G39	G51	0.0060446799611111116
G27	G88	0.006044396807777778
G56	G83	0.006040878157777777
G19	G36	0.006036856624444443
G55	G83	0.006036228135555557
G23	G77	0.006035567267777778
G33	G7	0.006018601652222222
G15	G77	0.00601142890111111
G57	G73	0.006004118238888889
G91	G94	0.006002726621111111
G81	G86	0.006001624392222222
G28	G34	0.006001519664444445
G62	G89	0.0059997898877777785
G18	G94	0.005998332261111111
G18	G24	0.005997085435555554
G79	G8	0.005991798736666667
G82	G91	0.005987718913333335
G100	G8	0.005984144608888888
G71	G86	0.005982327472222223
G24	G75	0.005980776778888889
G32	G51	0.005980463204444444
G28	G81	0.005976166961111111
G13	G65	0.005975369632222222
G50	G79	0.005975123355555556
G10	G27	0.005974354284444446
G82	G87	0.005973187676666668
G56	G97	0.005973053466666667
G20	G59	0.0059718624555555565
G5	G91	0.005970747733333334
G31	G37	0.005969470834
G72	G90	0.005962842851111112
G12	G80	0.005953645131111111
G71	G75	0.0059519035866666655
G18	G42	0.005949909294444443
G80	G99	0.005946758395555554
G4	G47	0.0059451978411111115
G28	G72	0.005938966588888889
G59	G86	0.005928306571111111
G29	G80	0.005927418904444444
G3	G49	0.005924999915555556
G38	G6	0.005915997084444444
G21	G79	0.005911815424444444
G31	G71	0.005909062762222222
G59	G96	0.00590431483
G11	G8	0.005901567011111111
G20	G39	0.005901507097777778
G10	G99	0.0058982805477777785
G15	G6	0.005897784534444444
G49	G89	0.005893280563333335
G47	G84	0.00588802174
G33	G65	0.005884979438888888
G78	G8	0.005882542915555554
G53	G86	0.005881245307777778
G17	G48	0.005879560226666667
G41	G92	0.005878220902555555
G26	G57	0.005877880425555556
G29	G61	0.005877705548888889
G2	G90	0.005874694531111111
G53	G87	0.005873784571111111
G39	G61	0.005872367128888889
G80	G93	0.005871471462222222
G100	G15	0.005869239746666667
G26	G36	0.005868503515555556
G44	G79	0.0058603590188888895
G26	G77	0.005858738558888889
G2	G49	0.005851520660000001
G24	G31	0.005848594655555555
G25	G98	0.0058441678322222225
G80	G86	0.005843981614444444
G50	G62	0.0058434705100000005
G43	G94	0.005841523702222223
G42	G93	0.005835684127777778
G36	G55	0.005834677068888889
G28	G82	0.005831112457777778
G11	G74	0.005831078003333333
G42	G91	0.0058212880122222215
G56	G57	0.005820116726666665
G1	G100	0.005817056828888889
G71	G83	0.005815027325555554
G3	G85	0.005814285491111112
G38	G73	0.0058103568922222215
G11	G49	0.005807765331111111
G56	G86	0.005806778804444445
G13	G22	0.005804646516000001
G75	G80	0.005803339767777778
G4	G85	0.005802064593333335
G48	G59	0.0057962145555555565
G49	G7	0.0057933921688888895
G26	G32	0.0057910212555555545
G35	G72	0.005789023672222221
G34	G84	0.005787821406666666
G19	G79	0.005783907093333333
G19	G51	0.005783825877777778
G55	G84	0.005776255165000001
G100	G27	0.005775693522222222
G31	G74	0.005768108792222223
G19	G72	0.005766437998888888
G79	G99	0.005759445867777778
G24	G93	0.00575817249
G100	G24	0.005757811102222223
G21	G67	0.005752211878888889
G28	G48	0.005746330317777778
G39	G99	0.005745876888888889
G22	G27	0.00573760264
G2	G34	0.005736704838888889
G8	G81	0.005736649225555556
G19	G86	0.005735481381111111
G59	G62	0.005734747148888889
G37	G86	0.0057344048244444435
G59	G98	0.005732039294444444
G85	G92	0.005731628773333333
G27	G42	0.005731247806666668
G100	G64	0.0057301488766666655
G18	G67	0.005730077286666667
G1	G63	0.005729567072222222
G100	G83	0.005726230562222222
G7	G82	0.005724639924444446
G65	G78	0.005722102554444444
G32	G60	0.005720928955555557
G21	G40	0.0057181391466666655
G43	G77	0.005713336701111111
G11	G24	0.005711308858888889
G28	G32	0.005710064597777778
G27	G34	0.005706714921111111
G71	G8	0.005702303866666667
G2	G75	0.005699992632222222
G10	G89	0.005699166968888889
G30	G81	0.005699078504444445
G25	G86	0.0056936011344444456
G58	G85	0.005692177481111111
G22	G88	0.005691736616666666
G15	G90	0.005691437425555557
G3	G55	0.005689085194444444
G30	G86	0.005685757921111111
G2	G43	0.005685747755555554
G35	G8	0.005685733686666667
G24	G6	0.005682551808888889
G23	G83	0.005682184407777778
G6	G84	0.0056802281011111115
G52	G64	0.005678981147777778
G81	G93	0.005677652472777779
G62	G78	0.005676544078333332
G39	G87	0.0056764593955555545
G53	G56	0.005675336489999999
G46	G83	0.005673971353333333
G61	G74	0.005673790655555555
G18	G73	0.005664717972222222
G12	G77	0.005663313514444443
G40	G85	0.005660844359999999
G18	G28	0.0056566227600000005
G46	G7	0.005655723431111111
G63	G93	0.0056499611966666675
G61	G7	0.005640298673333335
G62	G94	0.005639995956666667
G80	G84	0.005639910031888889
G31	G75	0.005639669337777778
G18	G39	0.005635526189999999
G21	G92	0.0056333546766666655
G51	G90	0.005628140397444444
G41	G50	0.00562138946
G39	G44	0.005621388627777778
G28	G58	0.005613669533333333
G40	G75	0.005609904524444445
G20	G62	0.005608815896666667
G64	G76	0.005602497676666667
G23	G39	0.005595190675555555
G38	G87	0.00558868044
G33	G87	0.005587763020000001
G84	G92	0.005587722598888889
G22	G38	0.005586690761111112
G18	G71	0.005585577547777778
G23	G97	0.0055791070911111115
G55	G59	0.005577535621111111
G31	G34	0.0055758479033333344
G57	G80	0.0055748575466666676
G29	G5	0.005574499427777778
G3	G83	0.005573908467777777
G35	G82	0.005569201665555554
G49	G75	0.005561897925555556
G22	G8	0.005560808483333335
G80	G98	0.00556075721
G1	G72	0.0055594140455555545
G19	G85	0.005553714531111111
G59	G91	0.005553257144444444
G64	G96	0.005553174076666665
G61	G8	0.005543169742222223
G26	G89	0.005539916647777778
G63	G88	0.0055373385855555565
G62	G74	0.005536399558888889
G16	G60	0.005532934297777778
G27	G90	0.005530926556666667
G26	G47	0.00552491652
G12	G34	0.005524815283333333
G37	G55	0.0055237311322222215
G11	G19	0.0055186936833333325
G1	G98	0.005511959088888889
G90	G92	0.005509474805555557
G45	G74	0.0055091977522222215
G33	G77	0.005507765487888889
G29	G41	0.005507414868888888
G31	G8	0.0055057778433333345
G41	G87	0.005502317037777778
G45	G88	0.00550063379
G51	G86	0.005497895048888889
G24	G41	0.005495495726666666
G80	G82	0.0054949307133333345
G6	G74	0.005493078298888889
G100	G73	0.005489149893333333
G42	G56	0.005488248575
G59	G88	0.005485429621111111
G10	G2	0.005484417813333333
G4	G48	0.005482952428888889
G2	G97	0.005479006445555555
G7	G81	0.00547481189
G57	G85	0.005473725969444445
G22	G68	0.00547288957
G74	G83	0.005472177173333333
G39	G90	0.005472065533333333
G19	G95	0.005469974121111111
G40	G62	0.0054666671522222215
G43	G50	0.0054651853055555566
G53	G97	0.005462999377777778
G26	G99	0.0054600329288888895
G27	G47	0.005455865391555556
G57	G8	0.005452141286666668
G21	G58	0.0054509040246666675
G31	G83	0.005448263336666667
G20	G22	0.005440266778888889
G2	G83	0.0054372338533333325
G20	G32	0.005429850471111111
G30	G57	0.005422240196666666
G28	G77	0.005421689832222223
G61	G92	0.005420406757777778
G43	G67	0.005418737806666666
G65	G77	0.005417941909222223
G16	G93	0.005417668685555556
G74	G86	0.005414543852222222
G71	G84	0.005413748378888889
G13	G40	0.005412884573333333
G27	G56	0.0054120340311111115
G16	G42	0.005409501093333335
G55	G95	0.005409053251111111
G2	G63	0.005408669761111111
G29	G90	0.005405853788888889
G20	G47	0.005404839426666665
G69	G91	0.005401152337777778
G52	G69	0.005399900608888889
G15	G60	0.005398514382222223
G50	G81	0.005397439382222222
G57	G66	0.0053968568922222225
G38	G81	0.005396730046666667
G86	G96	0.005396285174444444
G50	G57	0.005394510508888889
G5	G94	0.005393661853333333
G16	G32	0.005387198986666667
G10	G23	0.0053870177911111115
G57	G72	0.005386447594444445
G23	G63	0.005386032923333333
G18	G65	0.0053853298644444434
G47	G86	0.0053850879688888895
G80	G97	0.005383448181111111
G42	G79	0.005380331993333334
G28	G75	0.005376385495555557
G84	G96	0.005374155132222222
G28	G29	0.005372146360000001
G19	G56	0.0053710694333333345
G28	G55	0.005368866535555556
G41	G46	0.005358624178888889
G22	G99	0.005358034465555554
G62	G73	0.0053572621011111115
G86	G89	0.005356184491111111
G35	G71	0.005354441938888889
G64	G73	0.005347298472222222
G71	G95	0.005346041486666667
G48	G85	0.0053429400813333324
G30	G61	0.005342667811111111
G28	G5	0.0053417171455555565
G13	G96	0.005338465505555556
G39	G55	0.005337623214444445
G11	G16	0.005336794073333333
G20	G24	0.0053363514911111114
G43	G56	0.005336052029333334
G1	G69	0.005334857703333334
G23	G52	0.005331175908888888
G84	G90	0.005330730073333333
G37	G38	0.005329828896666667
G95	G99	0.00532651203
G5	G89	0.005324849646666667
G29	G4	0.005324150027777778
G13	G87	0.005322595271111111
G31	G48	0.005321114505555557
G33	G83	0.005321085687777778
G27	G7	0.005320610481111111
G35	G37	0.0053180887944444455
G12	G14	0.005315852566666667
G5	G52	0.005315625461111111
G27	G8	0.005314239263333334
G19	G8	0.005312456991111111
G13	G45	0.0053117002544444455
G77	G8	0.005311013863333334
G19	G34	0.0053102742311111105
G44	G81	0.0053098053139999995
G16	G40	0.005309541163333335
G16	G47	0.0053067054422222225
G83	G94	0.005306544312222222
G17	G59	0.0053061526700000005
G20	G38	0.005304755448888889
G31	G36	0.005297258826666666
G3	G72	0.005294859816666667
G7	G98	0.005294409341111111
G53	G82	0.0052938075633333324
G21	G42	0.005293783656666667
G20	G92	0.005293605318888889
G21	G64	0.0052934993866666676
G1	G16	0.005292367762888888
G15	G31	0.00529166557
G49	G77	0.005289790905555556
G51	G53	0.0052833426277777784
G37	G77	0.005281808397777778
G33	G62	0.005281305236666667
G28	G9	0.005281281744444444
G1	G50	0.005281099075555555
G36	G67	0.005277585121111111
G48	G58	0.005277230977777778
G20	G21	0.005274429004444445
G49	G76	0.005272420656666665
G15	G2	0.005265473370000001
G19	G70	0.005265378547777777
G50	G82	0.005264198464444444
G96	G97	0.0052622390508333325
G88	G90	0.005260478570000001
G38	G79	0.005260044396666668
G22	G59	0.005254588118888889
G3	G67	0.005251331114444444
G32	G45	0.005250877189999999
G20	G77	0.005245039706666667
G62	G79	0.005244353786666667
G89	G92	0.005240709197777777
G16	G27	0.0052385344
G13	G4	0.0052373350033333346
G1	G28	0.005236219042
G11	G86	0.005234638898888889
G53	G64	0.0052343894955555565
G74	G95	0.005228410444444444
G29	G89	0.005225181836666665
G50	G88	0.005224541702222222
G8	G87	0.005224405376333333
G10	G51	0.005223517064444445
G26	G87	0.005222458454444445
G75	G82	0.005221480502222223
G59	G61	0.005218472561111112
G66	G88	0.0052180432455555545
G21	G66	0.0052179747033333345
G84	G85	0.00521142993
G19	G22	0.0052102879433333325
G62	G90	0.005209466883333333
G1	G30	0.005208500137777778
G44	G6	0.005202152955555556
G18	G29	0.005201313278888889
G20	G7	0.005201086613333334
G56	G65	0.005200284635555556
G3	G51	0.005200135114444443
G71	G93	0.005199495216666667
G29	G46	0.005198556511111111
G51	G59	0.005197970145555556
G28	G97	0.005193790593333333
G15	G8	0.005193453221111111
G55	G96	0.005190850002222223
G26	G39	0.005189329238888889
G3	G77	0.00518701993
G48	G88	0.0051856242144444455
G38	G83	0.0051838047488888895
G18	G4	0.005181682691888889
G34	G80	0.005180277103333333
G30	G83	0.005177398697777778
G84	G86	0.0051763335355555565
G11	G21	0.005176214326666665
G43	G98	0.005174844651111112
G52	G84	0.005170211780555554
G6	G81	0.005169189356666667
G12	G93	0.00516898839
G100	G6	0.005168543361111111
G33	G71	0.005168036307777778
G35	G49	0.005166440348888889
G24	G86	0.0051661070144444435
G11	G29	0.0051659730333333325
G57	G97	0.00516532236
G2	G32	0.005164068579999999
G49	G59	0.005157684312222222
G50	G60	0.005150465207777778
G62	G8	0.005150006237777778
G3	G89	0.0051489553333333325
G22	G37	0.005148242023333334
G15	G55	0.005144806468888889
G3	G59	0.005144657617777778
G53	G67	0.005144080304444445
G41	G52	0.00514125539
G37	G93	0.005140976727777778
G53	G75	0.005138898914444445
G16	G8	0.005137492881444444
G68	G71	0.0051373821
G43	G63	0.005133731044444445
G100	G26	0.005132257391111112
G38	G40	0.005130063647777778
G11	G63	0.005128576933333334
G3	G30	0.0051281248655555564
G55	G92	0.005128111238888889
G12	G9	0.005127189271111111
G22	G89	0.005125869947777778
G21	G76	0.005124817962222222
G15	G50	0.005123845834444445
G12	G4	0.0051233891722222225
G30	G48	0.005123359355555556
G7	G70	0.005123332028888889
G4	G62	0.005121371885555556
G2	G22	0.005120617328888889
G89	G93	0.005119650496666667
G100	G40	0.0051180852200000005
G21	G60	0.005117701421111111
G51	G62	0.005117305816666666
G60	G96	0.0051170715955555545
G44	G95	0.005115946664444445
G29	G95	0.005115881275555555
G23	G29	0.005114648425
G33	G75	0.005114625162222223
G20	G64	0.005113097372222222
G13	G79	0.005110111827777777
G35	G65	0.005109603443333334
G24	G79	0.005106856557777778
G36	G81	0.005104209777777777
G90	G95	0.0051020496466666655
G58	G84	0.005101373166666667
G13	G7	0.005099760038888889
G76	G8	0.0050992762188888895
G3	G36	0.005097503824444446
G42	G86	0.00509609648
G85	G9	0.005094883167111111
G11	G78	0.005093534741111111
G55	G73	0.005093012171111111
G25	G83	0.005091906811111112
G3	G74	0.0050894826877777785
G31	G44	0.005087574607777778
G38	G64	0.005080787437777777
G72	G81	0.005078073492222223
G60	G67	0.0050776976377777784
G82	G90	0.005076885947777778
G10	G5	0.005076683598666667
G49	G97	0.005075093274444446
G42	G68	0.005074924707777777
G20	G40	0.005074461837777778
G12	G40	0.005073728387777778
G44	G57	0.005072950948888889
G3	G75	0.005071971272222222
G23	G86	0.005070390531111111
G16	G28	0.005066921218888889
G46	G81	0.005061753166666667
G31	G41	0.005061366553333333
G13	G72	0.005057957182222223
G38	G41	0.005057617689999999
G22	G41	0.005056735814444446
G26	G98	0.005054949653333333
G45	G67	0.0050489171426666675
G12	G22	0.005047523852888889
G77	G9	0.00504587123
G55	G65	0.005044156502222222
G1	G41	0.005042822851111111
G16	G24	0.0050421081055555565
G39	G82	0.005041144746666667
G30	G47	0.005040837342222222
G63	G72	0.0050405800015555545
G11	G62	0.005040289292222222
G63	G74	0.005040185914777778
G47	G48	0.005038640373333334
G70	G72	0.0050381705571111105
G27	G44	0.005035298606666667
G27	G28	0.005035224259999999
G73	G79	0.005034782043333332
G62	G87	0.005030919151777778
G35	G92	0.0050305825055555545
G59	G64	0.0050299209728888895
G71	G72	0.005028682646666667
G12	G52	0.0050277586455555546
G50	G86	0.00502689257
G39	G6	0.0050252799411111115
G18	G97	0.005022251684444444
G20	G8	0.005019578303333334
G44	G48	0.00501799996
G24	G53	0.005016704628888888
G67	G70	0.00501409678
G96	G98	0.005013161394555554
G20	G60	0.005012363018888889
G52	G81	0.005007420626
G6	G89	0.005003685213333334
G100	G16	0.0050036408655555545
G100	G99	0.005001222737777778
G29	G87	0.005000098507777778
G36	G83	0.004999315754444443
G18	G92	0.0049988874100000006
G18	G34	0.004994892588888889
G79	G84	0.004992370552222222
G26	G3	0.00498687882
G55	G66	0.004986028756666667
G46	G80	0.004985978306666667
G53	G80	0.004984366929444444
G23	G95	0.004982717278888889
G7	G79	0.004981596098888889
G11	G12	0.004980299718888889
G2	G28	0.0049799757596666674
G77	G83	0.004978948187777777
G34	G5	0.004978461728888889
G11	G31	0.004976195748888889
G58	G71	0.004975679685555554
G50	G52	0.0049753986344444456
G100	G98	0.004974547360111111
G12	G28	0.004974338111111112
G19	G81	0.004973063886666665
G23	G24	0.004972544000000001
G44	G45	0.004971568946666667
G1	G62	0.004966492237777778
G52	G56	0.004965680052222222
G49	G57	0.004964128135555555
G5	G58	0.004964008235555555
G52	G61	0.004955253825555556
G22	G6	0.0049545476066666675
G1	G3	0.004954546261111111
G41	G82	0.00495388085
G57	G98	0.0049532872700000005
G19	G77	0.004951890297222222
G23	G5	0.0049518472624444435
G80	G81	0.004946983064444446
G5	G7	0.004946506583333335
G24	G45	0.004945003513333333
G21	G39	0.0049449019464444435
G1	G49	0.004943986107888889
G20	G28	0.004943180981111111
G11	G15	0.004941814275555555
G61	G98	0.004941185455555557
G19	G4	0.004940018087777778
G30	G74	0.0049397294755555545
G56	G7	0.00493863552
G42	G50	0.004935283487777778
G100	G31	0.004929367582222222
G24	G98	0.004928003968888889
G28	G44	0.0049241959066666655
G100	G58	0.004924112213333333
G22	G94	0.0049220247822222216
G6	G67	0.004918399778777778
G18	G51	0.0049178358444444455
G4	G88	0.004916150188888889
G28	G45	0.004916082725555556
G22	G5	0.004914825217777778
G35	G9	0.004913790766666665
G72	G79	0.004912900211111111
G13	G53	0.004911901815555556
G64	G88	0.0049087539433333325
G80	G92	0.004907691191111111
G21	G8	0.0049063317344444435
G64	G89	0.004906175506666666
G29	G74	0.0049046197511111115
G74	G80	0.004902854794111111
G32	G7	0.004900856213333333
G10	G55	0.004900504052222222
G83	G85	0.004898262278888889
G8	G95	0.00489825651
G61	G69	0.004896419845555556
G52	G90	0.0048940312366666655
G22	G24	0.0048932387033333346
G31	G59	0.004892397757777778
G8	G93	0.004892285074444443
G48	G51	0.00489055587
G23	G72	0.004888042325555556
G90	G98	0.0048863197144444455
G18	G35	0.004885122367777777
G1	G15	0.004883905225555556
G44	G62	0.0048838242666666655
G29	G34	0.004883476948888889
G32	G65	0.004882899746666666
G39	G7	0.0048807379766666655
G34	G81	0.00488041435
G39	G43	0.004877978246666667
G24	G68	0.0048772649633333325
G58	G76	0.004876342012222222
G18	G43	0.0048758485933333325
G19	G90	0.004875097672222222
G15	G58	0.0048745951577777785
G57	G79	0.004872209221111111
G78	G97	0.004872000951111111
G3	G4	0.0048719151355555565
G14	G28	0.0048696945511111115
G39	G42	0.004867345367777777
G64	G84	0.004865906283333333
G57	G84	0.0048621234711111105
G18	G74	0.004860097806666666
G40	G7	0.004859079475555556
G24	G76	0.004857254273333334
G2	G65	0.004854271718888889
G37	G53	0.004852517912222223
G52	G94	0.004850381566
G20	G49	0.004848828715555554
G18	G49	0.004848635397777778
G55	G90	0.004847079937777777
G33	G41	0.004847049921111111
G48	G89	0.00484626707
G63	G64	0.004842833065555554
G78	G84	0.004839911831111111
G42	G83	0.004839877955555556
G63	G85	0.004833925979444445
G5	G87	0.004830867623333335
G35	G61	0.0048304827311111105
G16	G71	0.0048295532555555545
G60	G8	0.00482821278
G38	G39	0.004820131024777778
G28	G89	0.004818351315555556
G3	G9	0.0048168515071111105
G1	G20	0.004814599901111111
G35	G90	0.0048140124511111115
G24	G8	0.004814007562222222
G46	G55	0.004813975633333334
G12	G25	0.0048131409866666655
G27	G98	0.004813041831111111
G90	G93	0.004807399600000001
G100	G34	0.00480558891
G18	G79	0.004803264093333333
G37	G61	0.004803180885555557
G40	G6	0.004802875012222222
G32	G37	0.0048006484866666655
G18	G53	0.004796941373333335
G78	G98	0.004796449951111111
G38	G75	0.004796444846666667
G1	G93	0.004795283667777778
G59	G82	0.004794204576666667
G49	G84	0.004793777198888889
G3	G42	0.004792335848888889
G2	G8	0.004791505875555557
G20	G90	0.004788485838888889
G33	G84	0.004788254144444446
G12	G69	0.004786165202222223
G30	G51	0.004786064543333333
G23	G6	0.004785897596666666
G66	G75	0.004785251194444444
G81	G89	0.004784340717777778
G31	G80	0.0047842739533333345
G55	G79	0.004783550714444446
G6	G9	0.004783079473333333
G30	G93	0.004778408443333334
G67	G73	0.004778272976666667
G10	G79	0.004778230283333333
G79	G94	0.004776168107777778
G36	G40	0.004775548861111111
G67	G72	0.0047754397633333326
G1	G51	0.0047728412633333325
G16	G58	0.0047727793366666655
G30	G38	0.00477265062
G56	G84	0.004772288174444445
G18	G93	0.0047713753366666655
G45	G61	0.004769252855555556
G24	G60	0.004769006577777778
G72	G9	0.004767667336666666
G33	G79	0.004767572588888889
G64	G93	0.004765757436666665
G35	G40	0.00476488024
G12	G16	0.004763751858888889
G34	G69	0.004761207546666668
G11	G27	0.0047580012144444435
G17	G88	0.004757801297777777
G72	G76	0.004756518745555554
G34	G96	0.004754525579222222
G1	G39	0.004753878004222222
G20	G34	0.0047511952966666675
G42	G90	0.004750033461111111
G16	G89	0.004749739828888889
G27	G50	0.004749712263333333
G34	G53	0.004749481761111111
G30	G43	0.0047491195122222225
G20	G72	0.004748564527777778
G65	G73	0.004746302516666667
G22	G3	0.0047459194244444435
G13	G89	0.004745444896666667
G18	G5	0.0047437829933333325
G2	G7	0.004742971801111111
G5	G57	0.004740659631111111
G47	G97	0.004740427112222222
G19	G83	0.004735085513333332
G19	G64	0.0047346644955555545
G59	G74	0.004734342858111112
G52	G6	0.0047341778822222215
G77	G95	0.004732620308888889
G22	G44	0.004731584405555557
G25	G87	0.004729253534444445
G33	G8	0.004728658578111111
G5	G66	0.0047277834622222225
G17	G3	0.004725105898777778
G60	G98	0.004723397348222223
G45	G84	0.004722110086222222
G29	G3	0.004721839883333335
G46	G64	0.004721819785555556
G36	G74	0.004720985529333333
G11	G83	0.004720850244444443
G64	G99	0.0047180334122222225
G57	G81	0.004716779235555555
G92	G99	0.004716552933333333
G65	G8	0.004714547370999999
G19	G35	0.004712634863333333
G64	G66	0.004711702794444444
G12	G61	0.0047105846344444435
G76	G87	0.0047104458133333344
G58	G70	0.0047102713855555565
G72	G82	0.004710034331111112
G19	G7	0.004709690505333333
G3	G31	0.004708086978888889
G3	G69	0.004707489498888889
G75	G91	0.004706343041111111
G86	G98	0.004706223531666665
G43	G81	0.004705303170444443
G29	G86	0.004703663043777778
G37	G96	0.004701729183333333
G4	G72	0.004696645627777778
G8	G98	0.004695905506666667
G94	G97	0.004695271277555555
G30	G64	0.004694679310000001
G65	G72	0.0046939632656666655
G40	G54	0.004691421534444444
G43	G74	0.004691348868888889
G81	G95	0.004690351722222222
G76	G97	0.004686523977777778
G36	G70	0.0046824746006666655
G54	G70	0.004682322281111111
G100	G48	0.0046822824346666675
G27	G85	0.004681696616666666
G46	G65	0.004681034832222222
G44	G87	0.0046805304966666674
G38	G61	0.004680147793333335
G52	G71	0.004680133377777778
G27	G46	0.004678619546666667
G26	G84	0.004678330217777777
G76	G83	0.004678024893333335
G13	G24	0.004674401119999999
G55	G70	0.004673792834444445
G11	G48	0.004670667558888889
G24	G85	0.004670167475888889
G39	G4	0.0046688069233333344
G37	G52	0.004668518932777778
G31	G89	0.0046683965355555565
G21	G63	0.004668127989666666
G14	G96	0.004668058853333333
G100	G67	0.004667663605555554
G35	G89	0.0046670542511111105
G57	G59	0.004666813882222222
G10	G7	0.004664545454444446
G21	G37	0.004658473558888889
G62	G71	0.004658465272222223
G56	G64	0.004657998655555556
G37	G75	0.0046559387855555565
G50	G75	0.004654300741777777
G1	G95	0.004652863076111111
G35	G67	0.004652343871111111
G63	G70	0.004651605693333333
G40	G8	0.004648200425555555
G16	G75	0.004647323238888889
G18	G32	0.004645079493333332
G3	G73	0.004644907182222223
G1	G12	0.004641926446666666
G13	G77	0.004641823766666666
G74	G93	0.004641447811111111
G26	G61	0.004641196187777778
G2	G51	0.004640893
G13	G23	0.0046389555144444455
G44	G47	0.004638341640933333
G35	G50	0.004637651488888889
G23	G74	0.004637201043333333
G46	G69	0.004636454102222223
G23	G90	0.004635548394444444
G36	G8	0.004635194853333332
G16	G23	0.004629156263333333
G4	G70	0.004626765042222222
G14	G83	0.0046257656555555565
G37	G83	0.004624281028555556
G6	G96	0.004621731021111111
G71	G77	0.0046194579166666675
G56	G80	0.0046189759944444434
G26	G93	0.0046182247411111115
G33	G38	0.0046177655488888894
G37	G42	0.004617708993333335
G26	G29	0.004614469235555556
G13	G34	0.004613494921111111
G48	G83	0.004612449879999999
G31	G38	0.004611401666
G22	G39	0.0046111341723333345
G14	G52	0.0046094689277777785
G67	G92	0.004607668028888888
G30	G44	0.004605775698888889
G13	G43	0.004604707029999999
G51	G99	0.0046045350944444435
G20	G83	0.004603419229222222
G45	G86	0.004600646081111112
G30	G31	0.004599793972888889
G1	G74	0.004598949987777778
G34	G35	0.0045932932366666655
G26	G30	0.004593283206666666
G1	G83	0.004591049028888889
G2	G54	0.0045905698255555545
G11	G61	0.004589791827
G43	G49	0.004588891965
G81	G90	0.004588537076666667
G86	G91	0.004588212892222222
G11	G51	0.004586604197777778
G7	G93	0.004586135372222222
G49	G61	0.0045846708103333324
G23	G96	0.004584651533333333
G37	G85	0.004583891306666666
G67	G68	0.0045834053366666655
G48	G65	0.004583305608888889
G10	G45	0.0045832405255555545
G5	G61	0.004580126321111111
G88	G9	0.004579923509777778
G47	G60	0.004579721018888889
G70	G74	0.0045784424977777785
G35	G81	0.004576730373333333
G64	G67	0.004575218035555557
G61	G66	0.004572342604444445
G36	G52	0.004572202458888889
G59	G89	0.004571392888888889
G73	G99	0.004571181778888889
G56	G8	0.0045709197922222215
G16	G73	0.004570024371111111
G20	G81	0.004567729428888888
G37	G7	0.004567119222666667
G45	G68	0.004566794053333332
G25	G55	0.004563666157777778
G60	G83	0.004563477591111111
G78	G90	0.004562216808022222
G6	G65	0.004562147045555557
G16	G55	0.004561598988888888
G2	G66	0.00455476349
G10	G52	0.004554260961111111
G13	G3	0.0045538401055555565
G12	G29	0.004552541975555556
G44	G65	0.004552391396666667
G50	G98	0.004549040447777777
G78	G82	0.0045480941266666675
G23	G81	0.0045479361622222225
G51	G94	0.004545792871111111
G79	G83	0.004544507395555556
G18	G8	0.004544444027777777
G100	G3	0.004543691196111111
G1	G99	0.0045432709377777785
G25	G29	0.0045402809911111106
G8	G84	0.004539584898888889
G13	G16	0.004538316896666667
G15	G22	0.004535910305999999
G49	G81	0.004532006942888888
G54	G92	0.004530163654777777
G68	G75	0.0045282755644444435
G23	G31	0.004526321046666667
G93	G97	0.004525644223333332
G5	G56	0.004525577491111111
G10	G68	0.0045254470788888895
G16	G69	0.0045253684203333325
G27	G31	0.004524799010777778
G2	G5	0.004524375175555555
G12	G24	0.004521309320000001
G1	G65	0.004519057272666667
G34	G43	0.004517367111111111
G73	G92	0.004515920257777778
G23	G98	0.0045147001655555545
G41	G79	0.004514689588888889
G16	G65	0.0045137765622222225
G40	G80	0.004513240768888889
G12	G5	0.004510769735555554
G11	G39	0.004510146681666665
G57	G94	0.004509832935555555
G11	G35	0.004508926095555556
G79	G92	0.004507588883777777
G100	G30	0.004505096797333333
G52	G74	0.004504697351111111
G15	G26	0.004504281522222223
G28	G61	0.004504264312222222
G39	G41	0.004502681177777778
G64	G97	0.0045023307777777785
G42	G55	0.004502279847111111
G3	G79	0.004497573371444444
G16	G39	0.0044969992133333326
G65	G92	0.004496505801111111
G42	G66	0.004495396842222222
G10	G47	0.0044927799055555565
G13	G39	0.004491843051111112
G42	G65	0.004489984992222223
G13	G15	0.004489697742222223
G3	G70	0.004489335037777778
G31	G35	0.004488999111111111
G52	G7	0.004488389195555556
G60	G61	0.004487351967777778
G15	G28	0.0044856087433333336
G1	G56	0.004484568331666667
G54	G57	0.004484261474444445
G35	G36	0.004483989310666668
G29	G72	0.0044836033455555565
G48	G81	0.004483581491222222
G56	G81	0.004480894454444446
G73	G80	0.004478449211111111
G55	G58	0.004478159405555556
G48	G6	0.004475470659333333
G82	G84	0.004474022214444443
G60	G75	0.004473548451111111
G23	G71	0.0044732151399999994
G29	G64	0.004470759938888889
G55	G8	0.004470609445555556
G32	G4	0.0044686743722222215
G19	G75	0.004467766717777778
G39	G47	0.004466699667222222
G39	G74	0.004466661141444445
G39	G97	0.0044655275366666655
G4	G67	0.004465298331111111
G76	G80	0.004462096452666667
G47	G87	0.004459580264444445
G18	G46	0.004458096121111111
G92	G93	0.004454701762777778
G50	G58	0.004454646754444444
G47	G85	0.004453801962777778
G26	G31	0.0044534063766666675
G41	G7	0.004452624338888889
G28	G50	0.004451573227777778
G2	G82	0.004447647445555556
G28	G6	0.0044476178877777784
G52	G82	0.00444669325
G66	G76	0.0044454128977777785
G57	G65	0.004445187196666667
G11	G66	0.004443862477777777
G32	G73	0.004443709224444445
G11	G18	0.004443276501111111
G24	G66	0.004441642598
G21	G65	0.004441547473333333
G64	G83	0.004440298333333333
G29	G60	0.0044400653299999995
G15	G56	0.004439739385222222
G2	G62	0.0044392531
G53	G91	0.004439022255555556
G83	G87	0.0044386323066666665
G46	G57	0.004438186473333333
G29	G6	0.004436934377777778
G48	G71	0.004436697142222223
G16	G44	0.004434609829222222
G55	G75	0.0044339900711111106
G19	G93	0.004430620302222223
G30	G45	0.0044298367233333346
G43	G5	0.004428923524444446
G77	G79	0.0044277241384444435
G28	G59	0.004427539152222222
G49	G6	0.004426828367444445
G20	G9	0.004426309191111111
G16	G52	0.0044256792377777784
G3	G34	0.0044232052977777785
G2	G70	0.004423057714444444
G12	G53	0.004420959694888889
G29	G7	0.0044203594504444435
G42	G59	0.00441863388
G30	G36	0.004417672155555556
G78	G96	0.0044171089566666655
G8	G88	0.004414626667777778
G22	G83	0.0044142230166666655
G15	G48	0.004413903263333335
G64	G98	0.004413627498888889
G41	G86	0.004412141578888889
G16	G61	0.0044119995777777785
G27	G80	0.004411114067777778
G19	G66	0.004410487132222222
G45	G85	0.0044101493233333336
G19	G20	0.0044096382791111105
G69	G79	0.004408089083333333
G31	G49	0.004406849270000001
G41	G55	0.004406228907777778
G89	G9	0.004406102954444446
G15	G34	0.004404541929999999
G38	G56	0.004403772970000001
G26	G59	0.004403617928888889
G27	G51	0.004403268721111111
G12	G73	0.004402393164444443
G10	G42	0.0044016001184444455
G81	G99	0.004399192331111111
G18	G47	0.0043982489355555545
G74	G96	0.004396753737777778
G55	G98	0.0043957642544444455
G59	G8	0.004394563252222222
G24	G57	0.004394339458888888
G71	G82	0.004393882321111112
G14	G99	0.0043938549244444455
G48	G95	0.00439327763
G41	G95	0.0043931903766666665
G29	G58	0.0043917656136666676
G39	G53	0.0043889831266666676
G20	G93	0.004388490802222223
G51	G67	0.0043884105994444434
G16	G7	0.004388166788888889
G10	G53	0.004386622654444445
G93	G95	0.004386382555555556
G68	G69	0.004384402721111111
G62	G7	0.004383390756666667
G13	G42	0.004383041238888889
G26	G6	0.004378148624444444
G41	G69	0.004377631082222222
G10	G84	0.004376032084
G13	G84	0.004375859796666667
G51	G70	0.004374811215
G11	G45	0.0043744193344444435
G48	G53	0.004374131014666667
G35	G87	0.004374058955
G21	G5	0.004373228824444444
G26	G86	0.004372320357777778
G32	G83	0.00437101231
G11	G42	0.0043687463506666665
G42	G72	0.004368655672222222
G56	G92	0.0043682373933333326
G67	G75	0.00436751538888889
G45	G8	0.0043646277588888895
G26	G80	0.004361684564444445
G20	G61	0.004361343377777778
G32	G75	0.004360820848888889
G28	G60	0.004356264041111111
G23	G38	0.004355799717777778
G100	G89	0.004355321307222222
G8	G83	0.004354511005555556
G38	G71	0.004353969321111111
G15	G7	0.0043534819773333325
G20	G95	0.004353305428888889
G55	G87	0.004352546181111111
G20	G46	0.0043523322100000005
G26	G49	0.004351344358888889
G79	G90	0.004351021333333333
G7	G89	0.004350879031111111
G34	G51	0.004349747014444445
G30	G37	0.004348419218888889
G28	G93	0.004347850557777777
G73	G88	0.004347016717444445
G2	G55	0.004345404965666667
G45	G70	0.004343702864444445
G11	G13	0.004341393721888889
G61	G68	0.004338202654444444
G15	G72	0.0043380590174444435
G18	G88	0.0043364319744444435
G60	G82	0.004335270204444445
G42	G54	0.0043330067322222224
G61	G67	0.004330418831111111
G79	G81	0.004328927177555556
G24	G64	0.004328729315333333
G21	G38	0.0043278374933333336
G19	G37	0.004325195488888889
G39	G56	0.0043241944233333345
G38	G60	0.004321194311111111
G31	G45	0.004320857986666667
G8	G92	0.004319844744777777
G2	G60	0.0043170395055555566
G19	G26	0.0043170226144444435
G81	G83	0.004316381958888889
G10	G29	0.004312214507777778
G10	G37	0.0043116768044444455
G59	G72	0.0043111147322222225
G22	G9	0.004311109945777778
G40	G97	0.004310816808888889
G72	G99	0.0043099898711111105
G41	G97	0.004308692227777778
G28	G88	0.0043083018844444435
G20	G86	0.0043069461725555565
G83	G99	0.004305691748888889
G73	G77	0.004302594278888889
G52	G70	0.004301770436666667
G11	G92	0.0043007769033333336
G47	G65	0.004300379393666665
G17	G7	0.004300282756666668
G25	G8	0.004299871788888889
G29	G51	0.004297522903333332
G82	G95	0.0042973821677777775
G48	G76	0.0042968551433333335
G31	G57	0.004296681421111111
G4	G66	0.004295664255555554
G64	G87	0.0042937093482222225
G34	G64	0.004293280181111111
G28	G84	0.004293067212222223
G35	G7	0.004291672798888889
G64	G80	0.004290831394111111
G33	G90	0.004289658928888889
G45	G80	0.004289081341111111
G45	G46	0.004287265291111111
G59	G80	0.004284003634111111
G42	G64	0.00428316729
G60	G81	0.00428309816
G20	G57	0.0042830376533333344
G67	G89	0.0042818877244444435
G49	G88	0.004279524688888889
G11	G68	0.004279129331111111
G30	G79	0.004278954473333333
G4	G8	0.004277310346666665
G68	G70	0.004277159573333333
G14	G59	0.0042762111133333326
G22	G33	0.004275120748666665
G34	G82	0.004274718807777777
G1	G2	0.004273992082222222
G67	G84	0.004272620449333333
G51	G73	0.004270619552888889
G83	G98	0.004269266104444443
G60	G88	0.0042687487544444454
G43	G68	0.004268292288888888
G36	G84	0.004267172272222223
G35	G88	0.004265664245
G27	G73	0.004263765821111111
G70	G80	0.004263331216666667
G22	G45	0.004260607498888889
G80	G89	0.004260383184888889
G46	G54	0.0042581449022222224
G38	G66	0.004257769885111111
G100	G50	0.004257601731111111
G31	G55	0.004256564061111111
G50	G65	0.004256383107777777
G49	G80	0.0042556339296666666
G14	G9	0.00425514062
G71	G79	0.004254377735555555
G4	G58	0.004254329111111111
G22	G86	0.00425420233
G3	G44	0.004253757504444444
G39	G75	0.0042530822233333345
G17	G63	0.0042517405422222215
G16	G82	0.004250574587777778
G56	G95	0.004249772835555555
G48	G68	0.004248400633333333
G42	G9	0.004247502975555555
G42	G69	0.004244471205555557
G27	G40	0.004243789498888889
G19	G3	0.004243107147777778
G32	G97	0.004243033673333333
G3	G56	0.004242149343333335
G11	G9	0.00424025669
G75	G77	0.004238857216666667
G46	G67	0.004238650715555556
G54	G59	0.004237933761111111
G26	G82	0.004237755417777778
G52	G95	0.004237597031111111
G75	G90	0.0042372945923333325
G1	G45	0.00423717846
G2	G42	0.0042369643233333325
G16	G85	0.0042369210522222225
G3	G71	0.004234713743333333
G3	G65	0.00423446531
G72	G94	0.004234132864444444
G8	G91	0.004233471701111111
G27	G67	0.004231709235555554
G44	G63	0.004231408529444446
G3	G52	0.004230332684444445
G45	G78	0.004226515735555556
G22	G62	0.0042264572191111115
G49	G93	0.004226378205555556
G47	G90	0.0042262252944444455
G36	G59	0.0042251976055555545
G56	G99	0.0042249581766666666
G83	G86	0.00422418044
G29	G68	0.004223395576666665
G2	G95	0.004222981202222222
G27	G43	0.004222541226333335
G66	G99	0.0042192544611111115
G10	G98	0.004217307260000001
G23	G85	0.0042170680588888895
G67	G7	0.0042163333604444434
G9	G93	0.004215147123333335
G73	G74	0.004212251399777778
G53	G77	0.004209806281555555
G40	G5	0.004207896184444445
G32	G81	0.004207882067777778
G93	G94	0.004206908466666667
G16	G68	0.004206881017777778
G36	G56	0.0042037923888888894
G71	G96	0.0042026907277777775
G4	G76	0.0042024583583333336
G74	G82	0.004201960676111111
G85	G91	0.004201274968888889
G41	G98	0.0042009497922222225
G36	G96	0.004200411261111111
G20	G6	0.004199823431111111
G19	G84	0.0041986124633333335
G19	G74	0.004198443294444445
G21	G90	0.004196805128888889
G15	G20	0.004195639877111111
G11	G6	0.0041936523411111115
G27	G9	0.004193627885555556
G45	G98	0.004192038273333335
G38	G89	0.004191912021111111
G18	G27	0.004191556488888889
G58	G79	0.004191430122222222
G100	G74	0.004189927241555556
G42	G76	0.0041898406103333345
G81	G94	0.0041898021744444435
G60	G62	0.0041894170900000005
G46	G88	0.004188041498888889
G29	G9	0.0041878176533333335
G56	G98	0.004185337855111111
G66	G82	0.004184737902222222
G53	G83	0.004184673097777778
G40	G82	0.004184471924444445
G11	G58	0.004182651334444443
G1	G96	0.004180896533333333
G26	G37	0.004180891967777778
G77	G99	0.004180450333888889
G38	G47	0.004179906164888889
G25	G92	0.004179804890666667
G29	G67	0.004177834524444445
G45	G66	0.004176857065555555
G40	G96	0.004175695145555556
G12	G76	0.004175086792777778
G22	G64	0.004173927623333333
G91	G96	0.004173359814444446
G28	G91	0.004173008633555556
G44	G68	0.0041711195744444434
G31	G78	0.0041699879855555564
G35	G58	0.004167779431888888
G16	G94	0.004167022772222222
G52	G80	0.004166383158888889
G13	G83	0.0041655467455555565
G69	G87	0.004165280878111111
G47	G52	0.004161208242222222
G26	G83	0.0041609703095555565
G15	G24	0.004157644314444446
G16	G54	0.0041573898833333345
G14	G39	0.004155520382222222
G1	G81	0.004155383535555556
G3	G60	0.0041549053277777775
G22	G4	0.0041509761941111115
G21	G59	0.004147178355
G46	G73	0.0041464912195555564
G20	G25	0.0041461319333333324
G47	G88	0.004146055631111111
G81	G87	0.0041452882551111115
G39	G72	0.0041449619448888884
G10	G32	0.004144781591888889
G11	G26	0.004144182701777778
G33	G52	0.004143852625555556
G47	G67	0.004141879537
G17	G27	0.004141554278888889
G18	G19	0.00414146177
G28	G99	0.0041397872233333325
G55	G63	0.004138056124444445
G29	G39	0.004137125838888889
G26	G45	0.004137069966333333
G5	G90	0.004136206750666667
G39	G49	0.00413532402
G23	G92	0.004134800140666667
G9	G96	0.004133653086666665
G8	G96	0.004131176693333335
G4	G69	0.004130840222222223
G26	G66	0.004130071578888889
G76	G95	0.004130071005555555
G1	G89	0.004129409584444446
G26	G76	0.004127875411111111
G75	G79	0.0041278711594444455
G46	G87	0.0041274155526666665
G30	G54	0.004127226734444446
G4	G61	0.004125878555555555
G28	G39	0.004124005281111111
G61	G63	0.004122815011111111
G60	G64	0.0041224336277777785
G2	G74	0.0041219404677777785
G26	G51	0.004121527107777778
G15	G3	0.004120422551111111
G100	G55	0.0041203952899999995
G69	G96	0.0041189354444444454
G44	G97	0.004118787862222222
G23	G44	0.004118710363333332
G77	G96	0.004118135463333335
G21	G7	0.004117812583333333
G11	G28	0.0041166747811111105
G30	G90	0.00411653044
G23	G93	0.004113136639555555
G54	G60	0.00411223442
G2	G91	0.004111122793333333
G21	G95	0.004110388042222222
G65	G71	0.0041098543745555546
G28	G95	0.004109733128888889
G15	G97	0.0041074919266666675
G67	G76	0.004106269631777778
G19	G96	0.0041060893333333326
G77	G81	0.004106087489666667
G62	G64	0.004104049721111111
G37	G45	0.0041035880117777776
G19	G38	0.004103494516666667
G35	G99	0.004103305072222222
G24	G63	0.004103232517777778
G15	G69	0.00410233286
G56	G94	0.0041019200622222215
G19	G91	0.004101580273333335
G58	G90	0.004101022629
G28	G43	0.004096295243777778
G22	G23	0.00409560306
G40	G51	0.0040926781933333335
G29	G52	0.004092552351111111
G51	G8	0.004091904427777778
G55	G57	0.004091893583333333
G21	G22	0.004091562676222222
G2	G24	0.004090869274444444
G27	G5	0.004090861740333333
G30	G87	0.004090654042222222
G53	G84	0.004089000815222223
G66	G79	0.0040882975673333325
G11	G37	0.004085379052222222
G59	G66	0.004084705538888889
G12	G87	0.004083314024444444
G45	G76	0.004082512975555556
G5	G88	0.00408171083
G67	G99	0.004081482783333333
G18	G48	0.004079296211111111
G38	G44	0.00407881998
G57	G58	0.0040786685566666665
G28	G53	0.004076711066333333
G59	G9	0.0040736571896666665
G21	G46	0.0040732950793333335
G21	G69	0.004073115791111111
G12	G3	0.0040728368844444455
G12	G31	0.004071648835888889
G12	G32	0.004071277862666667
G31	G86	0.004070351988888889
G11	G71	0.00407030418
G16	G98	0.004070299858888889
G14	G42	0.004068266711111111
G69	G76	0.004068242385555556
G67	G95	0.004067233377888889
G52	G93	0.0040650414355555544
G21	G33	0.004063149652222223
G40	G81	0.004063032051111111
G59	G69	0.004062569577777778
G34	G37	0.004061420313333335
G24	G77	0.004061244084444444
G20	G48	0.004060387734444446
G31	G42	0.004060303150333333
G63	G86	0.004059948906666667
G43	G88	0.0040593103766666675
G81	G98	0.004058731390888889
G1	G25	0.004057074824888889
G68	G97	0.004056789114444443
G40	G77	0.004055329358111111
G36	G44	0.004053807222222222
G70	G77	0.004050900963333335
G23	G34	0.004048447258888889
G51	G65	0.004046651864444444
G60	G79	0.004045383663333333
G2	G77	0.004045048038888889
G45	G92	0.004044209188888889
G37	G44	0.0040440394366666665
G56	G61	0.004042736358888889
G6	G66	0.004042111552222222
G18	G41	0.004041369115555555
G21	G9	0.004040431028333333
G100	G60	0.0040399256233333335
G3	G98	0.004039462547777778
G16	G6	0.004039454922222223
G27	G35	0.004038335949666667
G100	G22	0.0040375618016666665
G4	G56	0.004037475948888889
G42	G6	0.004037438958888888
G2	G76	0.004036536748888889
G51	G52	0.004035631003333333
G73	G95	0.004035348302222222
G41	G60	0.004035061732888889
G15	G79	0.004035009931111111
G41	G73	0.00403411668
G17	G35	0.004033961728888889
G33	G50	0.004031781789999999
G2	G46	0.004031210837777778
G38	G45	0.004030085958666667
G44	G50	0.0040297052644444435
G18	G87	0.004029423362111111
G39	G58	0.004028825762222223
G24	G58	0.004028640461111111
G58	G9	0.004027290480777777
G22	G58	0.004026107097777777
G68	G83	0.0040258347755555545
G19	G27	0.004025515594444445
G19	G76	0.004024203718888889
G12	G47	0.004023707911111111
G63	G92	0.004023201184222222
G61	G93	0.004021796868888889
G43	G8	0.004021335666777778
G49	G83	0.004020709441111111
G14	G3	0.004020045185555554
G20	G67	0.004019534854444446
G23	G59	0.004019106108888889
G47	G81	0.004018287721111111
G10	G3	0.004017496656666667
G1	G86	0.004017450695888889
G86	G94	0.00401658557
G47	G73	0.004014760096666667
G12	G13	0.004014306974777778
G65	G67	0.004013729115777778
G76	G81	0.0040117963677777785
G70	G91	0.004010938662222223
G54	G63	0.004010517823333335
G3	G62	0.004010511105111111
G66	G98	0.004010349998888889
G32	G57	0.0040098095877777774
G15	G43	0.004009727961555556
G21	G56	0.004008208912777778
G23	G42	0.004008181955555556
G6	G77	0.0040053283977777784
G5	G81	0.004004797514444445
G66	G68	0.0040046450833333335
G67	G79	0.004003928065555556
G49	G62	0.004003734719111111
G51	G63	0.004001744418888889
G69	G93	0.004001536468888889
G39	G76	0.004001126883777778
G36	G48	0.004000882322222223
G1	G13	0.0039986401852222225
G55	G78	0.003998235537777778
G15	G17	0.0039970656822222225
G21	G88	0.003996701478888889
G45	G72	0.003995797331111111
G52	G54	0.003995462372888889
G37	G8	0.003995241474444444
G7	G95	0.0039951749766666675
G5	G95	0.003993999767777778
G51	G7	0.003993105402222222
G56	G6	0.0039927002756666675
G21	G27	0.003990357666666667
G3	G94	0.0039902068744444436
G50	G64	0.003989406514444445
G75	G94	0.003988955625555556
G44	G67	0.0039880065933333335
G3	G33	0.003986873935555555
G29	G35	0.003986769251944444
G34	G63	0.003986409348888889
G31	G95	0.003986316377555556
G5	G70	0.003986112564
G67	G81	0.0039856353644444455
G62	G76	0.0039855898100000006
G58	G74	0.003985127287111111
G23	G37	0.0039843226566666674
G59	G76	0.0039826958655555566
G25	G34	0.003982281515555556
G19	G49	0.003981785371666667
G20	G89	0.0039814907855555545
G29	G63	0.003981090595555556
G18	G82	0.003980857477777778
G91	G93	0.003980160632222222
G53	G68	0.00398012606
G11	G40	0.003979897010111111
G66	G81	0.003979881987888889
G4	G87	0.0039777693123333345
G41	G8	0.003975956059222223
G42	G5	0.003975900914444446
G29	G65	0.003975552391888889
G7	G97	0.003975113523777778
G10	G39	0.0039749295444444456
G65	G9	0.0039745580611111105
G100	G84	0.0039739874733333335
G59	G78	0.003973799337777777
G72	G98	0.003973253917777778
G39	G77	0.003972864653333333
G13	G32	0.0039720241033333326
G45	G69	0.003971082346444443
G64	G78	0.003969548328888889
G38	G9	0.003968998488444443
G100	G56	0.0039684938355555545
G39	G9	0.0039677738533333345
G20	G73	0.003967467621111111
G34	G79	0.003966200841888889
G27	G63	0.003966088298444444
G11	G72	0.003966074675555556
G46	G58	0.0039652705966666665
G3	G5	0.00396467696
G10	G63	0.00396396316
G70	G82	0.003963751749222222
G74	G75	0.003963016942222223
G29	G85	0.003962448933333335
G13	G9	0.003961872845555554
G100	G49	0.003961208674666665
G33	G46	0.003961086918888889
G4	G80	0.003961009858888889
G39	G54	0.003960932944444446
G20	G51	0.003959884049222222
G28	G70	0.003959579937222222
G30	G52	0.0039584893144444435
G78	G99	0.003957697776666667
G26	G38	0.003957409677777778
G31	G40	0.003955742726888889
G79	G88	0.0039547740255555545
G38	G58	0.003954263426666667
G54	G62	0.0039536900888888895
G82	G98	0.0039524003347777776
G1	G6	0.003951688183222222
G60	G91	0.003950651617777778
G56	G79	0.003950000427777778
G47	G98	0.003948519057777778
G66	G95	0.003948214806222222
G71	G74	0.00394782761
G36	G42	0.003947818468888888
G6	G75	0.0039476572266666675
G67	G86	0.003946690149333334
G38	G5	0.0039460729955555565
G25	G79	0.003946004377777777
G29	G70	0.003945522342222222
G20	G23	0.003945482072222222
G14	G21	0.003945214302222223
G10	G41	0.003944505881111111
G66	G80	0.003941876293333333
G1	G35	0.003940851956888889
G17	G90	0.0039404033944444436
G35	G56	0.003939577031111111
G10	G77	0.0039381192
G19	G55	0.003935799870444443
G53	G74	0.003935015930333335
G15	G89	0.003934865533333332
G31	G9	0.003933935882
G48	G61	0.003932743184444446
G20	G76	0.003932583737777778
G54	G72	0.003932570676666667
G44	G8	0.0039319161844444455
G27	G39	0.003929051506
G18	G90	0.003928799755555555
G21	G28	0.0039284596994444455
G31	G33	0.003925439034444446
G27	G94	0.0039253200777777785
G13	G48	0.003925182757777778
G12	G90	0.003924503658888889
G29	G33	0.003923647943333335
G11	G75	0.003921799805111111
G26	G88	0.0039215012082222216
G13	G57	0.003919659620000001
G62	G83	0.0039180792188888884
G29	G37	0.0039176345566666665
G39	G70	0.0039174573499999995
G82	G97	0.00391676325
G61	G81	0.0039160187688888895
G55	G69	0.0039152420944444455
G58	G8	0.0039151078391111115
G30	G99	0.003913744762222222
G42	G77	0.003912977080444443
G38	G74	0.003912665017
G14	G25	0.003912601271111111
G10	G90	0.003911837342777778
G20	G75	0.0039117641605555566
G17	G94	0.00391139477
G77	G86	0.003911340955555555
G61	G94	0.003910294076666667
G14	G32	0.003909759862222222
G15	G98	0.003908930757777778
G76	G89	0.0039078490100000005
G36	G88	0.0039054609488888893
G60	G72	0.003904540566111111
G42	G8	0.003904205
G24	G40	0.003903802791111111
G37	G76	0.0039037371644444437
G59	G87	0.0039025424166666666
G33	G80	0.003901759597333333
G21	G77	0.003901603317555556
G56	G71	0.003901440742222223
G19	G39	0.003901415193333333
G27	G53	0.003900505093444445
G57	G70	0.003897174797555556
G33	G53	0.0038970534653333328
G83	G96	0.0038970088895555564
G20	G36	0.0038945397433333326
G52	G53	0.0038934857700000003
G17	G61	0.003891761968111111
G32	G38	0.0038916591322222228
G6	G79	0.0038915033105555562
G36	G95	0.0038913385644444454
G62	G69	0.0038912959733333327
G82	G96	0.0038908464083333336
G18	G30	0.0038892394733333335
G20	G30	0.0038887141244444436
G34	G52	0.003888616645555556
G3	G32	0.0038883842442222227
G16	G97	0.0038861871677777775
G53	G99	0.0038828444944444453
G22	G43	0.003882357032888889
G4	G44	0.0038822687907777782
G26	G60	0.003882242291111111
G29	G84	0.0038822404833333338
G58	G88	0.003880819640333333
G27	G65	0.003879340910000001
G27	G62	0.0038784275767777773
G19	G46	0.00387806959
G35	G48	0.0038771394726666666
G2	G27	0.0038767686496666656
G45	G7	0.0038764657643333335
G13	G35	0.003874836837777778
G20	G35	0.0038744727840000002
G19	G23	0.003873475864
G44	G90	0.003872948924
G35	G51	0.0038722989
G36	G89	0.003872266252222223
G3	G68	0.003871818446666667
G48	G75	0.003871153637777777
G86	G88	0.003869101131555555
G2	G71	0.003868705464777778
G7	G91	0.0038686261175555564
G100	G11	0.0038684127822222227
G18	G61	0.0038670812122222225
G13	G81	0.0038623211122222217
G25	G35	0.0038619982044444455
G25	G39	0.0038605570700000007
G2	G29	0.0038581360177777782
G25	G7	0.0038575813277777773
G13	G64	0.0038574021106666666
G8	G94	0.003856807765111111
G67	G71	0.0038565606672222217
G41	G59	0.003856516237444444
G15	G66	0.003855347355555556
G9	G90	0.0038549514856666654
G25	G53	0.003854640835555556
G69	G9	0.003851841612111111
G36	G38	0.0038515890592222225
G58	G59	0.0038491315745555563
G80	G88	0.003849037065333333
G74	G94	0.003848810172222223
G24	G26	0.003848119064888889
G26	G50	0.0038466773766666663
G1	G64	0.003846631034888889
G30	G68	0.003846437214
G38	G52	0.003846069432555556
G72	G85	0.0038459571455555564
G70	G81	0.003845196731111111
G25	G62	0.003844535610888889
G32	G52	0.003843013907777777
G17	G22	0.003842706339222222
G22	G79	0.003842534367111112
G11	G52	0.0038424948566666665
G21	G97	0.0038414635477777783
G34	G56	0.0038400945933333326
G31	G51	0.0038395910811111107
G83	G90	0.0038395736547777773
G11	G97	0.0038388214244444454
G31	G76	0.003838585790111111
G27	G29	0.003837867884444445
G14	G53	0.0038378582133333328
G19	G67	0.0038369211570000003
G92	G95	0.003836100504
G3	G63	0.0038356661566666663
G61	G70	0.003835601501111111
G33	G86	0.003831299211111111
G68	G7	0.0038310886777777773
G21	G32	0.0038291709466666663
G2	G79	0.003827805218333333
G26	G55	0.003826962619444444
G18	G60	0.003826592602222223
G57	G92	0.0038260471722222217
G5	G9	0.0038260231477777783
G57	G82	0.003824839471111111
G15	G71	0.003824654862888889
G5	G84	0.0038239554633333335
G29	G88	0.003822864071111112
G60	G86	0.003822250037777777
G55	G67	0.0038220966142222218
G33	G55	0.003821842411111111
G34	G8	0.00382135136
G35	G57	0.0038211588722222227
G43	G62	0.0038208622333333326
G27	G38	0.003820386057777778
G40	G47	0.0038185820986666673
G15	G64	0.0038185594444444452
G23	G60	0.003818483814444444
G70	G87	0.0038184634622222217
G59	G90	0.003818037840444444
G18	G52	0.0038170867977777782
G18	G75	0.0038161701076666666
G48	G64	0.0038152762155555563
G4	G68	0.0038149968507777783
G84	G98	0.0038148586662222228
G66	G94	0.0038147162855555563
G31	G62	0.0038130571911111108
G49	G74	0.003812921894111111
G35	G74	0.003812722494888889
G100	G94	0.0038119349600000004
G51	G83	0.003811330824
G52	G79	0.003811295508333333
G11	G77	0.0038083691166666666
G40	G71	0.003808121263333333
G48	G84	0.003807588517
G16	G81	0.0038073587555555563
G8	G86	0.003806392148
G82	G88	0.003806203973333333
G64	G91	0.0038061038133333338
G20	G82	0.0038059288166666662
G8	G99	0.003805908361111111
G37	G5	0.003804966491111111
G50	G97	0.003804247666111111
G66	G89	0.003803427830555556
G43	G9	0.003800146648888889
G16	G20	0.0038001060755555546
G58	G95	0.003797781254444445
G15	G44	0.0037975309377777772
G19	G92	0.003796049083333333
G13	G73	0.0037958197672222226
G12	G67	0.0037946848681111108
G62	G80	0.003793492275555556
G50	G59	0.003792697521111111
G47	G76	0.0037926093711111108
G36	G72	0.0037904015255555545
G50	G95	0.003789991104444444
G14	G91	0.0037896932844444452
G89	G96	0.0037894717092222217
G71	G85	0.0037888557904444437
G16	G66	0.003788308451111111
G27	G64	0.003788019697777778
G17	G66	0.00378274506
G23	G49	0.003781033054444444
G18	G56	0.003780542988
G1	G59	0.0037805143526666654
G15	G21	0.0037794177477777783
G28	G96	0.0037792624844444453
G58	G83	0.003779251955555556
G50	G68	0.0037789173444444453
G5	G75	0.00377854006
G58	G98	0.003777344725
G15	G73	0.0037754046737777775
G31	G82	0.0037747854122222218
G100	G51	0.003774463742555555
G87	G90	0.003774336437333333
G78	G9	0.00377427029
G65	G88	0.0037741912622222228
G41	G75	0.003773788064
G31	G91	0.0037736638688888892
G4	G99	0.003773134034444444
G62	G66	0.0037724742543333327
G5	G53	0.003771079488888889
G43	G45	0.0037691028835555545
G1	G60	0.003768839307777777
G55	G81	0.003767736612222223
G70	G73	0.003767553042333333
G31	G61	0.0037667228167777775
G22	G29	0.0037661615863333327
G74	G88	0.003764216828888889
G25	G26	0.0037638764016666663
G51	G60	0.003763701391111111
G50	G90	0.003762545478888889
G23	G27	0.003761062648444445
G23	G78	0.003760739966
G48	G91	0.003760548697555555
G54	G90	0.003759284033333333
G40	G53	0.0037585969855555563
G10	G22	0.0037572066932222217
G10	G87	0.003756916385555556
G34	G92	0.003756546044
G38	G48	0.003755727273333333
G67	G9	0.0037542705566666673
G65	G86	0.003754095228888889
G44	G91	0.0037531057554444454
G37	G74	0.0037513729477777775
G36	G65	0.0037494485777777773
G1	G79	0.0037491893203333336
G60	G99	0.00374876603
G15	G96	0.0037474184860000004
G36	G87	0.0037473492900000002
G53	G81	0.0037445260766666663
G3	G50	0.00374169902
G29	G98	0.003741675878888889
G33	G64	0.0037414552122222227
G27	G68	0.0037383062985555564
G2	G26	0.0037372817633333335
G100	G88	0.003737072462222222
G49	G71	0.0037370102105555546
G51	G64	0.003736300135111111
G83	G89	0.0037356569588888893
G33	G78	0.0037345818937777773
G40	G88	0.0037337397922222225
G78	G85	0.0037336939622222218
G70	G99	0.003733649116111111
G47	G69	0.0037336078496666655
G21	G83	0.0037316719972222217
G100	G71	0.003730762043333333
G18	G76	0.003729786482
G13	G67	0.0037297684133333338
G45	G71	0.003729093048888889
G33	G60	0.0037287495622222227
G38	G55	0.0037284378744444455
G88	G96	0.003726579988888889
G19	G2	0.0037261752133333327
G27	G59	0.003725939791111111
G73	G97	0.0037257576244444437
G38	G92	0.0037257158778888884
G25	G81	0.0037237560377777774
G48	G60	0.0037232320888888892
G23	G87	0.003721294283
G18	G70	0.003720720387777778
G62	G72	0.003720358078888889
G100	G14	0.003719272913888889
G24	G46	0.003717873777777778
G45	G95	0.0037138230004444455
G29	G75	0.0037127428151111108
G18	G62	0.0037103792966666663
G37	G39	0.0037098585600000003
G28	G46	0.00370807244
G63	G7	0.0037075632545555564
G16	G72	0.0037073174666666666
G2	G45	0.003706530188888889
G37	G54	0.0037061686414444437
G29	G81	0.003705379861888889
G11	G44	0.003704987077222222
G42	G70	0.0037049862290000003
G100	G33	0.0037041270584444452
G100	G53	0.003703134329666666
G62	G65	0.0037026313316666656
G13	G85	0.003700652478888889
G21	G47	0.0036994933333333326
G17	G91	0.0036988390633333327
G41	G51	0.003697958755
G65	G95	0.003697953592111111
G12	G71	0.003697833305444444
G68	G92	0.003696083575555556
G43	G84	0.0036956545511111108
G49	G8	0.003695529737777777
G16	G29	0.0036946872676666674
G36	G98	0.003694091205222222
G21	G73	0.0036939472045555565
G1	G68	0.0036938418211111108
G62	G92	0.0036918154577777773
G76	G90	0.003691268736
G26	G71	0.0036901955144444452
G22	G25	0.003688608346888889
G20	G53	0.003683231758888889
G26	G48	0.003682356082222223
G38	G78	0.0036822306812222217
G54	G88	0.003681804518888889
G30	G41	0.0036816864433333327
G34	G95	0.0036806253077777775
G78	G92	0.003680505775555556
G35	G63	0.003679869182888889
G16	G17	0.003679583085111111
G64	G72	0.003677981573333333
G100	G35	0.003674706322
G15	G65	0.003674638148888889
G19	G59	0.003674465399111111
G19	G82	0.0036738086156666654
G5	G79	0.0036729795333333335
G10	G64	0.0036723176144444437
G16	G2	0.003671862465222223
G34	G41	0.003671557863333333
G32	G53	0.003670485756666667
G72	G93	0.0036691342586666663
G79	G9	0.003668907899111111
G31	G66	0.003668797484444445
G10	G20	0.0036657947014444455
G55	G88	0.00366570285
G58	G86	0.0036649494796666673
G2	G25	0.0036641133
G80	G9	0.003662734042888889
G51	G75	0.0036623369866666663
G33	G97	0.003661510486777778
G62	G77	0.003661363963
G30	G91	0.003661244512111111
G19	G58	0.003660822961111111
G41	G99	0.0036597864627777783
G42	G61	0.0036595928906666673
G19	G40	0.003659508792222222
G92	G94	0.003659487214888889
G47	G51	0.003658810903333333
G50	G54	0.0036577660966666662
G36	G53	0.0036573555700000005
G52	G73	0.0036571058655555564
G5	G62	0.00365495195
G20	G98	0.00365426768
G56	G73	0.003652545682888889
G51	G96	0.003652488358
G66	G97	0.0036502831122222227
G32	G93	0.00364912536
G22	G57	0.0036477230244444437
G33	G61	0.003646148755555555
G50	G61	0.0036460614266666663
G3	G35	0.003645674371111111
G54	G75	0.0036448541898888892
G57	G63	0.0036447006977777772
G17	G33	0.0036430297166666673
G3	G6	0.0036420741499999998
G1	G71	0.00363619463
G79	G86	0.0036358532356666655
G41	G64	0.0036347411072222228
G45	G99	0.0036346881822222218
G14	G97	0.0036335158422222224
G66	G72	0.003633100822222222
G9	G94	0.003632956951111111
G52	G62	0.0036324562455555564
G47	G71	0.003631109647777778
G22	G34	0.003631015845888889
G6	G64	0.0036307925266666654
G48	G96	0.003630527367777778
G31	G96	0.0036302719636666656
G12	G18	0.0036293938755555563
G17	G97	0.0036283901577777783
G20	G80	0.003628321271111111
G16	G64	0.003628204152555555
G22	G7	0.0036271688133333326
G32	G79	0.0036271559955555564
G58	G7	0.0036271141133333335
G25	G65	0.003626202031111111
G13	G29	0.0036259540044444455
G1	G4	0.0036247780072222228
G28	G37	0.0036246408397777774
G41	G5	0.0036223568393333326
G61	G65	0.003621916033333333
G41	G9	0.00362190895
G37	G57	0.003620548237333333
G4	G55	0.0036197861992222228
G14	G15	0.0036196367044444453
G91	G99	0.003619580938555556
G1	G29	0.0036184864512222225
G46	G47	0.003618210570777777
G74	G97	0.0036180663107777773
G35	G53	0.0036177818122222227
G22	G91	0.0036167801377777783
G26	G9	0.003616560694666667
G36	G58	0.003616339635555556
G73	G93	0.0036151699477777774
G14	G47	0.0036150109544444455
G13	G86	0.003613096416111112
G86	G99	0.003611451611111111
G46	G93	0.003610005832222222
G10	G40	0.003608744041
G41	G45	0.0036073781866666666
G38	G96	0.0036051049266666666
G46	G75	0.003604584058888889
G13	G60	0.003603996864888889
G12	G75	0.0036038423852222225
G53	G7	0.0036036631844444454
G12	G81	0.003602240003333333
G76	G82	0.003602237881111112
G17	G19	0.0036008812122222227
G100	G4	0.0035989076911111108
G40	G46	0.003596842435111112
G57	G86	0.003596403816666667
G48	G90	0.0035959408777777773
G73	G8	0.003595922902888889
G24	G4	0.0035944110191111107
G13	G98	0.0035927357432222217
G38	G65	0.0035912297122222218
G18	G66	0.0035895874677777783
G16	G18	0.003589548666888889
G24	G25	0.003589432315555556
G10	G36	0.0035880782144444455
G46	G90	0.003586840017777778
G20	G33	0.00358524161
G24	G67	0.0035850877066666673
G7	G8	0.0035837201244444438
G51	G91	0.0035836886044444444
G22	G54	0.003583392374888889
G50	G71	0.0035827459577777773
G100	G18	0.0035820748111111108
G49	G92	0.003581643472555556
G15	G74	0.0035803044655555553
G100	G7	0.0035800323422222227
G18	G81	0.0035798973365555554
G13	G27	0.003578788376333333
G48	G74	0.0035784438988888893
G28	G38	0.003578433567
G42	G74	0.0035781068347777783
G12	G30	0.0035766441888888893
G72	G77	0.003576270159
G72	G97	0.0035739400205555554
G17	G96	0.0035734133366666673
G41	G96	0.0035727301510000004
G56	G82	0.003571455285555556
G43	G58	0.003570315182666666
G8	G82	0.0035700824722222227
G45	G96	0.003569587703333333
G30	G75	0.0035695580100000004
G58	G60	0.0035684701155555554
G1	G87	0.0035678388965555553
G87	G95	0.0035670838122222217
G16	G5	0.003567075278333333
G40	G74	0.0035665491284022225
G32	G80	0.0035659675016666663
G66	G8	0.003565823092
G1	G77	0.003564718823111111
G22	G26	0.00356409792
G29	G59	0.0035639487299999996
G2	G20	0.0035637207977777773
G18	G95	0.003562332656555556
G70	G86	0.0035622580644444454
G65	G99	0.0035621108033333337
G3	G46	0.0035598967066666665
G25	G3	0.003558817107777778
G40	G89	0.003557928569222222
G39	G94	0.003557762660677778
G14	G81	0.0035576228055555553
G5	G73	0.003556600287777778
G35	G60	0.003556487090888889
G47	G53	0.003556285451777778
G32	G74	0.003556151166666667
G16	G50	0.003555105878888889
G1	G97	0.003553233361111111
G52	G78	0.0035526453965555554
G34	G55	0.0035526194594444438
G5	G92	0.0035524958044444443
G11	G67	0.0035518478177777773
G17	G8	0.003551516692555556
G2	G92	0.0035512263255555554
G42	G81	0.0035510167200000003
G53	G93	0.0035498908204444454
G45	G94	0.0035491823822222227
G23	G30	0.0035484990677777783
G24	G81	0.0035478970772222225
G4	G81	0.003546334497555556
G35	G45	0.0035460742067777782
G47	G72	0.0035451563474444454
G34	G74	0.0035451442017777773
G15	G81	0.003544844071111111
G37	G70	0.003544555901111111
G28	G33	0.003541835616888889
G70	G90	0.003541675327333333
G15	G39	0.003541521887111111
G69	G97	0.003541170301111111
G36	G37	0.003539739971333333
G4	G89	0.003538304226
G79	G95	0.003537108858
G70	G97	0.0035366231644444438
G22	G80	0.0035355274444444436
G6	G7	0.003535422461111111
G16	G57	0.0035343701444444445
G63	G76	0.0035320326025555563
G12	G89	0.0035315421606666674
G21	G57	0.0035311439225555554
G61	G9	0.003530987884
G33	G51	0.003530813803333333
G14	G63	0.00353075603
G25	G52	0.0035285478566666664
G52	G96	0.003525779370000001
G41	G61	0.0035257327988888892
G7	G94	0.0035254295504444444
G29	G96	0.0035253966811111107
G11	G70	0.0035247908151111117
G60	G7	0.0035247138977777775
G32	G42	0.003522950043333333
G45	G56	0.0035222075622222226
G12	G55	0.003521458028333333
G24	G61	0.003521183133333333
G19	G29	0.003520988445555556
G36	G97	0.0035204889144444438
G31	G97	0.003519893601111112
G17	G53	0.0035193714130000004
G38	G88	0.003518615688888889
G40	G68	0.003517709598888889
G1	G5	0.003517157782333333
G71	G90	0.0035163515755555555
G79	G87	0.0035161666018888892
G58	G63	0.003516160745222223
G67	G69	0.0035160645227777787
G67	G87	0.003515996441111111
G82	G93	0.0035155795900000003
G100	G28	0.0035140788271111113
G63	G75	0.003513711138888889
G19	G44	0.003509652238888889
G2	G89	0.003509481516666667
G16	G76	0.0035092811447777783
G62	G75	0.0035090299589999995
G12	G88	0.003508982664444445
G60	G78	0.0035082236795555555
G10	G59	0.003505447439222222
G72	G92	0.003504816021111111
G13	G54	0.0035045828644444444
G26	G56	0.0035043371613888885
G47	G56	0.0035026590547777773
G12	G27	0.0035018993466666665
G14	G68	0.003500922981
G29	G62	0.0035006957547777783
G44	G55	0.0035003336355555557
G69	G74	0.0035001502755555554
G10	G71	0.0034998761893333336
G15	G82	0.0034996660763333336
G33	G89	0.0034993586080000003
G27	G89	0.003497941462222223
G13	G46	0.003496566918888889
G43	G96	0.003495928051888889
G13	G2	0.003495666503888889
G24	G94	0.003494980136666667
G22	G95	0.003493776232555555
G1	G31	0.003493149178555556
G74	G85	0.0034929250622222218
G86	G90	0.003490663875777777
G20	G69	0.0034898469702222224
G23	G48	0.003489318089777777
G14	G93	0.003489229842222222
G19	G73	0.0034872499100000003
G32	G63	0.0034871541543333336
G30	G72	0.003486541777777777
G65	G69	0.0034858520062222226
G26	G81	0.003485688973333333
G22	G48	0.0034851074111111107
G19	G63	0.003484972568888889
G29	G99	0.0034844201822222228
G17	G70	0.0034841420492222213
G24	G87	0.0034838638422222228
G66	G86	0.0034834462933333336
G71	G94	0.0034785978236666674
G29	G45	0.0034777935945555553
G32	G82	0.0034776348607777783
G63	G97	0.003477225934
G84	G99	0.0034761360422222217
G62	G85	0.003476044014444444
G18	G40	0.003475314758888889
G66	G69	0.0034751031385555557
G17	G81	0.003474904064444445
G42	G60	0.0034736348682222217
G5	G60	0.003472352989333333
G5	G86	0.0034723172715555553
G22	G53	0.003472035235
G17	G24	0.0034717494166666665
G49	G52	0.003470819221888889
G39	G64	0.0034696481444444443
G22	G72	0.0034689906122222225
G47	G50	0.003467837492444445
G38	G77	0.003466443796111111
G80	G94	0.0034660720936666666
G100	G93	0.003464065304444445
G19	G43	0.003463963945
G10	G62	0.003463211328888889
G13	G44	0.0034618909877777776
G59	G71	0.0034611551390000004
G1	G82	0.0034606065759999996
G69	G7	0.003459742753777778
G15	G88	0.003458668737777777
G37	G66	0.003458455397444445
G70	G96	0.0034579215388888885
G25	G31	0.0034576970255555555
G68	G98	0.003457425733888889
G32	G5	0.003456683058888889
G24	G83	0.003456512058111111
G26	G62	0.003456332141888889
G2	G69	0.0034562231722222226
G69	G80	0.003455046504444445
G1	G11	0.0034546136905555555
G100	G52	0.003454133869777777
G59	G65	0.003453254420444445
G34	G67	0.0034532334586666663
G12	G38	0.003452714337
G23	G43	0.003451787555555556
G4	G51	0.003450875456222223
G33	G74	0.003450472003888889
G49	G66	0.0034500164200000007
G15	G37	0.0034492444766666673
G17	G46	0.003448484658888889
G70	G95	0.003445451904444445
G11	G73	0.003444331419111111
G52	G60	0.003443501574444445
G16	G87	0.003442969167777777
G52	G87	0.003442205457777778
G15	G47	0.003441660413333333
G12	G66	0.003441200903
G26	G7	0.0034407077208888893
G100	G80	0.003439796311444444
G69	G86	0.0034391760222222227
G39	G5	0.003438873764111111
G12	G48	0.0034381307135555555
G11	G88	0.0034380095411111113
G50	G76	0.003437361167777778
G6	G71	0.0034360612299999998
G67	G77	0.003434921296888889
G1	G84	0.003434762931333333
G61	G91	0.0034347564944444448
G59	G60	0.0034347458533333327
G42	G52	0.0034341689024444447
G31	G81	0.0034320287355555554
G23	G64	0.0034307427185555554
G61	G89	0.0034303399411111106
G30	G98	0.0034300631623333327
G33	G93	0.0034279719755555553
G51	G79	0.003427772643555556
G69	G77	0.003425915812333333
G19	G33	0.003425082872888889
G31	G98	0.0034239798144444443
G18	G3	0.0034231930017777773
G44	G58	0.003423058657111111
G43	G76	0.003422873870666667
G76	G88	0.003421301687777778
G14	G84	0.0034205341072222227
G54	G8	0.0034196915855555553
G4	G79	0.0034190373176666666
G6	G88	0.003418461724888889
G51	G82	0.003415215121111111
G13	G59	0.0034130890913333326
G27	G71	0.003412637428888889
G42	G43	0.003412468620333333
G49	G51	0.00341023716
G62	G67	0.0034073626687777772
G20	G94	0.003406224828777777
G21	G25	0.003405642441555556
G22	G82	0.003404701470444445
G26	G5	0.0034046316750000003
G25	G74	0.003403488885555556
G12	G83	0.003403275825777777
G28	G47	0.0034019887294444444
G20	G71	0.0034019051455555552
G28	G87	0.0034006674433333336
G63	G99	0.003400586692222222
G5	G98	0.0034003597777777783
G46	G5	0.0033992957200000003
G3	G54	0.0033971844466666665
G28	G76	0.003396899877
G65	G79	0.003396487755888889
G25	G97	0.003395991444888889
G10	G8	0.0033957114804444447
G85	G93	0.0033933337858888892
G53	G96	0.003392244209777777
G8	G9	0.0033919386729999996
G51	G66	0.003391550869333333
G29	G56	0.003388471015222222
G22	G93	0.0033876857994444443
G30	G85	0.003387234344444445
G10	G34	0.003385543302888889
G23	G89	0.0033847054215555557
G32	G88	0.0033831547844444445
G17	G83	0.00338146574
G30	G6	0.003381369074888889
G10	G21	0.003379312242222222
G44	G75	0.0033792438399999998
G31	G47	0.003377763540333333
G65	G97	0.003376602539333333
G29	G30	0.003375115168888889
G1	G57	0.003375042327777778
G21	G34	0.003374655531111111
G48	G50	0.0033742087255555554
G83	G84	0.0033730286866666672
G15	G68	0.003372665813
G66	G73	0.003371359241111111
G83	G92	0.003370586584977777
G84	G94	0.0033697951760000002
G42	G58	0.003369722953555556
G41	G63	0.003369513013333333
G77	G90	0.0033670919614444445
G13	G95	0.003366514068888889
G6	G76	0.0033656489173333336
G2	G56	0.003365343974033333
G25	G66	0.0033652792055555553
G35	G55	0.0033648275349999995
G61	G72	0.003363668306666667
G13	G97	0.003362909992888889
G20	G3	0.0033614432657777782
G11	G47	0.003359396270222222
G58	G87	0.003358390201111111
G28	G52	0.0033580834700000003
G15	G19	0.003357519871
G21	G81	0.0033563579007777782
G36	G93	0.003355825456
G50	G70	0.0033549980600000003
G37	G60	0.003353649043111111
G12	G63	0.003352924262555556
G63	G84	0.003352758487333333
G23	G69	0.0033527474182222217
G52	G83	0.003352014435222223
G36	G66	0.0033514897237777773
G56	G62	0.003350852859333333
G83	G88	0.0033490017796666666
G20	G78	0.0033479705235555557
G47	G94	0.003346252581666667
G25	G6	0.0033461950322222224
G55	G9	0.003345686627444445
G82	G9	0.003345573418888889
G36	G7	0.0033454782684444444
G47	G79	0.0033439241644444445
G42	G71	0.003343737876444445
G77	G88	0.0033432264882222217
G17	G80	0.003343025115888889
G10	G38	0.003342685196222222
G37	G67	0.003342237654444445
G35	G59	0.003341924549222223
G81	G97	0.0033411810644444445
G13	G66	0.0033406367881666666
G34	G94	0.003340338682222222
G20	G65	0.0033401040500000002
G2	G3	0.0033397183766666664
G18	G6	0.003336746139333333
G34	G68	0.0033361521977777783
G22	G78	0.0033353275511111115
G22	G65	0.0033350058311111107
G30	G39	0.0033331074927777783
G28	G4	0.0033329846150000004
G17	G69	0.003332168985555555
G33	G58	0.003330162068888889
G65	G93	0.0033271705942222217
G41	G62	0.003325526275555556
G6	G82	0.003325404716666667
G18	G80	0.003324623238888889
G100	G23	0.003324363214111111
G60	G80	0.0033240151915555553
G29	G73	0.0033236316922222228
G40	G67	0.003322634091177778
G29	G91	0.0033217662531111114
G78	G83	0.003321390608
G21	G31	0.003321345846666667
G16	G86	0.003320920637666666
G50	G69	0.0033208746496666674
G34	G47	0.003320652764444445
G100	G61	0.003320337621111111
G54	G6	0.003320065536222222
G79	G89	0.003319081075111111
G25	G36	0.003318481223888889
G7	G80	0.003318083889777777
G27	G57	0.003317981392222222
G63	G90	0.0033151619854444444
G10	G61	0.0033146816944444445
G13	G50	0.003313949242222223
G26	G85	0.003312444358888889
G33	G36	0.003310384655555556
G38	G93	0.003309997660111111
G51	G98	0.0033093023431111108
G65	G66	0.0033081893614444447
G55	G74	0.0033076531495555557
G12	G36	0.003307321202888889
G100	G12	0.003306396676222223
G94	G95	0.003305608748888889
G43	G69	0.0033055628061111108
G29	G36	0.003305537840444445
G53	G92	0.0033037925785555557
G14	G62	0.0033034857789999996
G20	G68	0.003303255825777777
G53	G6	0.0033032104677777783
G55	G7	0.0033028137733333326
G47	G63	0.003300975431888889
G15	G53	0.003297338232111111
G10	G91	0.003296167794666667
G15	G27	0.003295334080777778
G6	G60	0.0032944896787777773
G64	G81	0.0032937188425555554
G38	G50	0.0032923704247777782
G24	G42	0.003292264997222223
G34	G45	0.0032922179084444447
G17	G89	0.0032915317311111108
G32	G47	0.003289157151666667
G15	G38	0.003289041574111111
G57	G61	0.0032886137502222217
G43	G7	0.003288133899888889
G40	G98	0.0032875070760000004
G13	G26	0.003287240189222223
G59	G70	0.003287060417777778
G87	G91	0.003286105395777777
G20	G45	0.0032846787338888885
G28	G49	0.003283566822111111
G60	G9	0.003283068391333333
G7	G71	0.0032821423430000004
G48	G69	0.0032819460144444443
G13	G56	0.0032817793405555554
G34	G90	0.003280741643888889
G33	G54	0.0032799749463333326
G46	G86	0.0032798985222222228
G21	G53	0.0032798374071111107
G47	G64	0.0032789608417777773
G31	G7	0.003278477362777777
G90	G97	0.003278141668888889
G68	G9	0.003277644186444444
G61	G75	0.0032762146065555553
G48	G55	0.003276198350222222
G21	G96	0.0032761055944444447
G26	G4	0.003275882598111111
G42	G98	0.003275455002555556
G42	G62	0.0032754358355555555
G34	G77	0.0032750441988888893
G16	G53	0.003274384788888889
G75	G89	0.0032741826492222225
G26	G33	0.003273535722888889
G16	G41	0.003272755896666667
G100	G92	0.0032725644178888892
G2	G67	0.003272548226
G27	G86	0.003272330263333333
G15	G86	0.0032721035833333328
G63	G81	0.003271845826222223
G79	G80	0.0032713500800000002
G19	G53	0.003271272124777778
G78	G95	0.0032698492412222228
G48	G77	0.003269331285777778
G21	G36	0.003269198137777778
G3	G8	0.003268805012555555
G52	G89	0.003266970145555556
G12	G96	0.003266642736666666
G55	G91	0.003265203016666667
G45	G65	0.0032649060232222225
G35	G68	0.003264582888888889
G16	G3	0.0032642253931111113
G20	G50	0.0032639871692222225
G25	G77	0.003263573087333333
G72	G75	0.003263536332222222
G43	G80	0.003262696055777777
G14	G73	0.0032624007102222217
G25	G84	0.0032596526431111113
G31	G87	0.003257958906666667
G47	G74	0.003256871004444444
G22	G81	0.003255525643333333
G64	G74	0.0032552261000000004
G21	G48	0.003254952172111111
G25	G67	0.003254437433888889
G49	G68	0.0032529470735555553
G41	G90	0.003252680008888889
G53	G63	0.003249125228888889
G44	G89	0.0032477572453333326
G27	G91	0.003247741782777778
G18	G64	0.003246732568666667
G49	G50	0.0032466290978888893
G17	G51	0.0032458671626666665
G47	G7	0.0032458603472222225
G51	G93	0.0032457667736666665
G100	G46	0.003245686093666667
G18	G2	0.0032456213993333326
G37	G90	0.0032447735732222217
G26	G27	0.0032445767061111113
G3	G58	0.003243600637333333
G13	G71	0.003243237207888889
G6	G91	0.0032409271455555557
G36	G49	0.0032406203666666663
G46	G61	0.0032405941366666666
G100	G37	0.003239564539888889
G21	G54	0.0032389870822222217
G67	G82	0.003238713395
G23	G56	0.003237727057111111
G29	G82	0.0032371386322222217
G46	G9	0.0032370964122222217
G14	G38	0.0032367050536666665
G61	G73	0.0032365792455555553
G21	G98	0.0032363694163333326
G33	G48	0.003235704888888889
G32	G46	0.003234886145555556
G21	G74	0.0032340200977777783
G100	G70	0.003233306447222223
G64	G95	0.003231080252777777
G70	G94	0.0032307056481111107
G23	G51	0.003230513428
G31	G4	0.0032301892109999997
G26	G92	0.003230032799
G17	G38	0.003229390202222222
G56	G67	0.003229179516333333
G40	G61	0.003228205403666667
G76	G9	0.0032271472386666672
G49	G85	0.0032265343530000004
G40	G9	0.003226488312
G31	G85	0.0032259377926666666
G2	G98	0.0032243167820000004
G1	G70	0.003224057226666667
G19	G98	0.0032237955499999998
G60	G70	0.0032236187006666663
G19	G45	0.003223008023888889
G44	G86	0.0032220024955555556
G71	G91	0.003221794613
G35	G84	0.003220918355555556
G57	G95	0.0032194734916666666
G51	G95	0.003219404343111111
G37	G99	0.003218823806111111
G17	G99	0.003218745221666666
G27	G70	0.003218743472888889
G45	G75	0.003218719499333333
G53	G73	0.0032185959702222228
G39	G89	0.0032177391355555553
G21	G45	0.0032154600352222217
G6	G8	0.003215235673333333
G2	G84	0.0032143909866666665
G33	G81	0.003214019333888889
G73	G9	0.003213934873666667
G64	G70	0.003212522861444445
G23	G82	0.0032124950822222218
G88	G94	0.003212080546222223
G51	G58	0.0032116787066666665
G32	G78	0.0032112767955555553
G26	G34	0.0032111646384444447
G18	G83	0.0032109750096666672
G22	G32	0.003210897008444445
G100	G9	0.003210632463
G2	G4	0.0032101938235555554
G53	G58	0.003208859649888889
G10	G18	0.0032085445988888892
G35	G94	0.003208012283555556
G38	G82	0.003207750784777778
G13	G37	0.003207625738111111
G28	G54	0.0032073383206666674
G13	G88	0.0032072901041111115
G33	G5	0.003207201079888889
G28	G71	0.003206802152888889
G6	G90	0.0032061110880000003
G73	G89	0.0032045137295555557
G55	G62	0.003203336551111111
G46	G60	0.003202969695333333
G82	G86	0.003202762010222222
G65	G80	0.003202756810555556
G23	G45	0.003202196712
G45	G5	0.003201476968777777
G41	G72	0.0032009460700000002
G53	G71	0.0032000092416666673
G5	G77	0.003199939698777778
G1	G18	0.0031999385837777772
G24	G39	0.003199736704777778
G64	G82	0.0031994345015555555
G46	G6	0.003199009838333333
G12	G56	0.003198648981888889
G57	G60	0.003197655920555556
G31	G67	0.0031969717025555552
G13	G18	0.0031968817266666665
G12	G7	0.0031959851644444443
G46	G62	0.0031959221355555554
G28	G62	0.003194890648888889
G45	G49	0.0031936610390000003
G40	G65	0.0031935349655555557
G69	G81	0.003193392746111111
G20	G97	0.0031928789662222217
G89	G91	0.003191312447888889
G11	G32	0.0031906284524444444
G78	G86	0.003189593983933333
G44	G59	0.003189260398666667
G25	G61	0.0031889412833333336
G46	G85	0.003187354083
G25	G38	0.0031859852244444445
G34	G9	0.0031848371077777783
G45	G60	0.0031844698706666673
G52	G66	0.0031843408755555555
G50	G94	0.003182840085
G48	G98	0.0031807430744444447
G10	G26	0.0031806983348888892
G13	G38	0.003179971952222222
G37	G46	0.003179955808111111
G100	G69	0.003179823315333333
G24	G84	0.0031794467420000003
G47	G8	0.003179354224888889
G26	G68	0.003179224603333333
G68	G73	0.003178484274
G4	G43	0.0031780709602222228
G25	G44	0.003177735626555556
G61	G84	0.003176578808222222
G55	G93	0.0031764916518888893
G20	G52	0.003175753876888889
G25	G94	0.0031755316355555558
G75	G97	0.003175059081111111
G41	G67	0.0031748232992222227
G69	G95	0.0031743447066666665
G34	G76	0.0031738216888888885
G71	G81	0.0031737401203333336
G78	G87	0.003173258117222223
G16	G78	0.003173054578888889
G38	G85	0.003172561432222223
G73	G81	0.003172379309777778
G11	G96	0.0031721824572222227
G40	G52	0.0031717489204444445
G38	G43	0.0031706730910000002
G16	G59	0.0031702094644444445
G38	G59	0.0031698169520000003
G23	G3	0.003168440672777777
G17	G64	0.003167643194444445
G22	G73	0.0031654622477777783
G6	G85	0.0031650163166666665
G60	G63	0.0031646793874444447
G31	G5	0.0031637381057777773
G11	G80	0.003163525320111112
G30	G73	0.003163155988666667
G21	G71	0.003163053673888889
G2	G48	0.003162076534444444
G26	G58	0.003162064533333333
G35	G38	0.003162050747777777
G11	G64	0.003161691577888889
G31	G52	0.0031612285312222228
G5	G51	0.003161059316555556
G29	G49	0.0031608122267777782
G41	G65	0.0031605896591111113
G38	G42	0.003160424221
G63	G79	0.003159945585555556
G40	G43	0.003158626102777778
G100	G59	0.003158608616777778
G45	G59	0.003156504297111111
G30	G77	0.0031557206122222225
G45	G81	0.0031553433626666664
G36	G43	0.003155093554666666
G51	G92	0.003154153404111111
G12	G42	0.003153484797777778
G46	G77	0.003149197587888889
G34	G48	0.003148776532222223
G21	G35	0.0031479036050000003
G53	G70	0.0031475457847777773
G52	G65	0.0031471246143333336
G75	G76	0.0031457689491111115
G14	G82	0.0031452840436666666
G44	G98	0.003144518724111111
G3	G66	0.003144019231222222
G32	G91	0.003142408743333333
G33	G6	0.003142204564111111
G42	G84	0.003140620435333333
G65	G68	0.0031394845711111108
G44	G5	0.003139366338888889
G21	G91	0.003139207563333333
G36	G61	0.0031384995016666664
G15	G59	0.0031380338836666665
G17	G71	0.0031369619785555558
G23	G54	0.003135890602222223
G5	G6	0.0031340747332222227
G4	G75	0.0031323926905555558
G48	G94	0.0031310911055555555
G27	G83	0.0031306996822222217
G24	G36	0.0031295383984444444
G25	G51	0.003129524385
G10	G74	0.0031281698703333337
G11	G76	0.003127602945444445
G16	G35	0.003127513271777777
G7	G74	0.0031273517933333326
G54	G79	0.003126684973888889
G56	G87	0.0031257485066666663
G32	G76	0.0031254506778888892
G12	G50	0.003124219843777777
G18	G37	0.0031236798248888893
G15	G75	0.003122976789888889
G100	G2	0.003122013206666667
G16	G95	0.003120181257888889
G26	G78	0.003119512668777778
G5	G82	0.0031192660454444445
G55	G60	0.0031187305616666673
G41	G47	0.003118624164444445
G6	G93	0.0031185794194444447
G42	G80	0.003118301184111111
G17	G82	0.0031176716252222228
G63	G71	0.0031176565463333326
G100	G82	0.003117239114888889
G22	G71	0.0031170448383333327
G48	G7	0.0031161081816666663
G57	G90	0.003114389150444445
G33	G40	0.003113485380333333
G27	G66	0.0031132318277777783
G44	G88	0.003113225552222222
G5	G97	0.0031131099727777782
G37	G95	0.0031126438225555554
G43	G64	0.0031124926342222217
G61	G85	0.003111741952
G33	G76	0.003111542871888889
G12	G74	0.0031092503820000002
G29	G48	0.0031081103370000003
G4	G98	0.003106576714777777
G53	G94	0.0031058124
G73	G75	0.003105492480666667
G60	G66	0.0031033769114444444
G81	G88	0.0031031080305555557
G44	G46	0.003102987018888889
G36	G45	0.0031029746251111114
G26	G72	0.003100987134888889
G55	G99	0.0031006758433333326
G51	G68	0.0031006252967777773
G30	G96	0.0031004610415555555
G100	G44	0.0031001385247777773
G8	G85	0.0030986931885555557
G27	G54	0.0030983095533333328
G24	G88	0.0030976752202222227
G17	G62	0.003096304193777777
G4	G6	0.003096293341111111
G26	G64	0.003096129937444444
G14	G35	0.0030958609403333327
G24	G32	0.003094867914444444
G18	G58	0.0030947944556666673
G40	G69	0.0030942156201111113
G5	G99	0.003094155418888889
G66	G96	0.003093547880333333
G49	G72	0.003091382188888889
G37	G65	0.0030907262487777773
G9	G98	0.003090551205222222
G23	G94	0.0030899862656666665
G69	G92	0.0030897121176666664
G53	G61	0.0030894626086666673
G57	G9	0.003089273723111111
G41	G76	0.003089246800333333
G16	G36	0.003088313587222222
G51	G74	0.003087148787777777
G79	G93	0.003086162262111111
G1	G19	0.003085971776888889
G43	G72	0.003085901217888889
G34	G44	0.003085866994111112
G27	G74	0.0030827912086666674
G47	G89	0.0030806734362222228
G31	G43	0.0030797758484444443
G15	G99	0.003078258851111111
G53	G88	0.0030780911638888893
G45	G64	0.003076219819111111
G56	G70	0.0030747947793333336
G10	G15	0.003074630282888889
G43	G82	0.0030742461499999995
G77	G78	0.003072981060555556
G53	G98	0.003072562791111111
G10	G80	0.0030725320636666663
G1	G78	0.0030717928462222228
G21	G93	0.0030716668552222227
G4	G7	0.003071550299666666
G27	G52	0.003071496100777777
G73	G87	0.003071402415333333
G31	G53	0.0030707086685555557
G51	G57	0.0030695970271111114
G31	G70	0.003068996214444445
G25	G80	0.003068452779777778
G57	G99	0.003068300675555556
G3	G47	0.003067745678333333
G18	G45	0.003066763558888889
G83	G91	0.003066614309
G28	G94	0.0030662059452222228
G22	G87	0.0030646893196666666
G29	G97	0.0030642623865555557
G11	G65	0.0030642262751111107
G6	G80	0.0030637780925555557
G25	G4	0.003063553542
G23	G65	0.003062782066666667
G44	G80	0.0030627281946666663
G61	G78	0.0030622526010000003
G72	G84	0.003062184358333333
G63	G65	0.0030611953533333336
G27	G78	0.0030608438866666673
G23	G32	0.0030607590740000003
G73	G78	0.0030593647684444445
G64	G86	0.0030587135676666665
G28	G42	0.003058605265222222
G57	G71	0.003058483077555555
G33	G37	0.003057089577333333
G20	G85	0.003057035487888889
G88	G97	0.0030565922641111114
G1	G91	0.003055657411111111
G20	G26	0.0030556430327777773
G45	G47	0.0030552932744444448
G5	G54	0.003055284622222222
G52	G67	0.0030546137196666673
G10	G11	0.0030546063255555557
G84	G91	0.0030530808236666662
G24	G73	0.003051560417888889
G18	G54	0.0030512552022222226
G26	G95	0.0030504941835555557
G69	G78	0.0030493462
G11	G22	0.003048883896777777
G65	G75	0.0030479685651111114
G42	G97	0.003046489646777778
G14	G86	0.0030463246122222226
G33	G34	0.003045810174888889
G72	G91	0.003044875221888889
G78	G88	0.0030446037424444444
G63	G8	0.003044019097222223
G10	G16	0.003043370337444444
G3	G57	0.0030431320485555555
G3	G7	0.0030422590352222217
G11	G17	0.0030422561035555553
G52	G97	0.003041962248888889
G2	G9	0.0030419326471111115
G27	G3	0.003041818099
G90	G91	0.0030416453096666672
G27	G37	0.003040192658
G58	G78	0.003038907478888889
G52	G58	0.0030388056877777773
G21	G50	0.0030383332766666664
G13	G63	0.003038073232555556
G75	G8	0.003037524979444444
G72	G89	0.0030363828889999997
G10	G60	0.0030361197981444445
G52	G85	0.003035050567111112
G37	G48	0.003034826588666667
G22	G49	0.003033507228777777
G33	G43	0.0030311715226666665
G35	G41	0.0030298628171111113
G40	G41	0.0030291278067777773
G88	G98	0.003028761056444444
G46	G98	0.003028757680888889
G61	G99	0.0030282236544444444
G24	G97	0.003026996130111111
G31	G84	0.0030227856466666665
G18	G9	0.0030223802911111108
G17	G93	0.0030217124881111107
G100	G57	0.0030215151000000003
G5	G71	0.003019732271111111
G100	G13	0.0030178250808888885
G29	G42	0.0030173600272222225
G26	G96	0.0030168299355555557
G56	G66	0.0030156753655555552
G49	G60	0.003015613785888889
G80	G90	0.0030153678582222217
G16	G90	0.0030153125763333326
G70	G79	0.0030153022656666663
G37	G43	0.0030149871733333327
G66	G71	0.003014620353555556
G34	G42	0.0030143997001111115
G74	G98	0.00301411168
G14	G22	0.003013919415555556
G35	G42	0.003013056805777777
G38	G8	0.0030119391646666665
G25	G70	0.0030103875963333336
G57	G93	0.003009717484222222
G57	G77	0.003009370361111111
G100	G72	0.003008460849111111
G88	G91	0.0030082976248888885
G1	G21	0.003008087267888889
G42	G89	0.003006753068111111
G10	G82	0.003005221380555556
G16	G34	0.0030028205928888893
G70	G75	0.003002507937777777
G25	G59	0.003001856110333333
G27	G92	0.0030015563233333326
G48	G97	0.003000819905111111
G16	G62	0.003000369750111111
G29	G93	0.0029990631275555557
G18	G22	0.0029982201136666666
G14	G57	0.002997828533333334
G41	G77	0.002997747063555555
G1	G23	0.0029936715475555554
G21	G99	0.0029923991840000003
G16	G51	0.002991855507
G1	G73	0.0029899375599999997
G24	G92	0.002987971857777777
G14	G51	0.0029875650853333326
G17	G44	0.002987527778444445
G25	G50	0.002986904991111111
G63	G82	0.0029868317665555557
G9	G92	0.002986476388777777
G95	G97	0.0029863643258888893
G50	G92	0.002985660007888889
G74	G9	0.002985375471111111
G66	G83	0.002984953788888889
G33	G91	0.002984043211
G14	G37	0.002983771218888889
G35	G83	0.002983282775888889
G12	G97	0.0029822957271111107
G4	G77	0.0029815096861111113
G16	G33	0.0029813519875555557
G40	G94	0.0029811960095555553
G35	G76	0.0029809758044444445
G60	G93	0.0029802447558666665
G42	G63	0.002979500793333333
G56	G72	0.0029786119466666673
G40	G72	0.0029769729342222218
G53	G54	0.0029764061872222217
G15	G42	0.0029759086622222217
G14	G80	0.002975834153222222
G37	G62	0.0029750019875555557
G5	G55	0.0029739645622222227
G37	G64	0.002972326764
G61	G62	0.0029718306453333327
G100	G36	0.0029716561515555555
G31	G90	0.002971388195666667
G56	G90	0.0029711147852222227
G45	G97	0.0029694633272222227
G53	G72	0.002969093425222222
G64	G68	0.0029682102598888893
G37	G89	0.0029679296384444442
G42	G67	0.0029677892845555555
G8	G89	0.002967569003111111
G39	G93	0.002967179344444445
G60	G77	0.0029664914827777773
G61	G71	0.002965902911888889
G100	G86	0.002964623963222222
G37	G49	0.0029645913116666672
G28	G68	0.0029643624351111115
G53	G59	0.002964147015777777
G51	G89	0.0029639662217777773
G38	G57	0.002963088184333333
G36	G85	0.002962164183777778
G48	G93	0.0029617186545555555
G81	G91	0.002960710017777777
G50	G72	0.002960421865777778
G40	G63	0.002959482517777778
G88	G99	0.002958406511777778
G24	G7	0.002958216382444445
G61	G82	0.002958057273111111
G13	G75	0.002957626633777778
G25	G72	0.0029570727011111113
G18	G72	0.002956612534222223
G48	G5	0.0029562639156666673
G10	G72	0.0029562319296666663
G15	G49	0.0029558977445555555
G7	G73	0.0029557921757777782
G4	G82	0.002954383038777778
G32	G8	0.0029532490433333337
G2	G37	0.0029527201513333337
G24	G47	0.002952685907
G16	G70	0.0029509471526666664
G25	G76	0.002950641848
G15	G45	0.0029504465051111107
G48	G67	0.0029498916729999995
G3	G87	0.002949817927333333
G5	G65	0.0029498097635555554
G33	G56	0.002947980746333333
G74	G91	0.0029476396325555554
G33	G72	0.002947299937444445
G35	G54	0.002947217857888889
G66	G87	0.0029468786323333337
G63	G91	0.002946824323111111
G42	G45	0.0029454509399999998
G2	G33	0.002945318946666667
G25	G82	0.0029420428759999997
G10	G35	0.0029411387015555557
G46	G52	0.0029407737522222227
G62	G95	0.002940702679333333
G55	G85	0.002939883013
G76	G92	0.002938992745888889
G6	G99	0.002938666727777777
G44	G66	0.0029379752924444448
G51	G85	0.002937527368888889
G14	G75	0.002937122953
G100	G90	0.002936781144
G17	G36	0.0029354896577777783
G12	G92	0.0029353890542222227
G54	G76	0.0029353502277777773
G32	G95	0.002934367559444445
G54	G9	0.0029339925566666666
G41	G53	0.0029337379509999997
G40	G58	0.0029334769970000003
G10	G49	0.0029332403172222226
G66	G70	0.002932617315111111
G22	G55	0.002931965145333333
G45	G87	0.0029318794887777783
G12	G58	0.002930279450888889
G68	G85	0.0029284871947777773
G57	G67	0.0029278570626666673
G23	G62	0.0029273996855555557
G58	G81	0.002926656386555556
G13	G31	0.002925262767777777
G28	G30	0.0029247843414444445
G63	G98	0.0029245783751111107
G4	G84	0.0029240707498888892
G21	G72	0.002921838438111111
G23	G4	0.0029216068835555553
G59	G79	0.002920374288555556
G10	G44	0.002920107228044445
G24	G56	0.0029200400652222218
G33	G70	0.0029183385162222224
G32	G55	0.002917884616333333
G1	G36	0.002916710134444445
G1	G17	0.002914624018888889
G15	G32	0.002914602000777778
G35	G64	0.0029140154827777772
G35	G96	0.0029137137811111108
G15	G18	0.002913599578
G32	G43	0.0029116083521111115
G10	G83	0.0029114416314444448
G66	G90	0.002911045057777778
G17	G67	0.002910816050777777
G27	G75	0.0029102576015555552
G59	G67	0.002909575555111111
G13	G14	0.0029092701666666664
G19	G71	0.0029092121333333327
G33	G69	0.0029091424592222227
G39	G46	0.0029087805766666664
G20	G66	0.0029075629942222226
G15	G70	0.002907492354777778
G29	G44	0.002906730761444445
G46	G66	0.0029065154332222217
G29	G55	0.0029063298104444442
G76	G93	0.002906077611777778
G21	G75	0.002906037262555555
G15	G85	0.002905690458
G17	G43	0.0029053247123333337
G37	G6	0.002902541962
G33	G73	0.0029023591042222218
G34	G75	0.0029005159218888892
G93	G98	0.002900330711888889
G40	G92	0.0029001163772222217
G35	G80	0.0029000891437777772
G10	G54	0.002899495907777777
G75	G84	0.0028991150302222213
G52	G75	0.0028988018326666673
G30	G8	0.0028977309714444447
G7	G92	0.0028975578541666665
G19	G31	0.0028974372037777773
G17	G23	0.0028972714203333336
G74	G77	0.002896126315555556
G44	G69	0.002896108744444445
G48	G54	0.002896100496
G47	G78	0.002894773596111111
G29	G66	0.0028946722571111115
G100	G45	0.0028940817611111114
G14	G36	0.002893647286444445
G55	G89	0.0028926747055111114
G16	G21	0.002892633499333333
G12	G33	0.002892439146666667
G14	G2	0.0028914107847777776
G75	G88	0.0028902633027777782
G32	G90	0.002890227539488889
G53	G76	0.0028894597447777772
G89	G99	0.002889412026222223
G2	G53	0.002888046714444445
G33	G42	0.002887822730888889
G40	G45	0.0028877365531111113
G63	G94	0.0028873955877777783
G100	G39	0.002887352040777778
G49	G98	0.0028856218174444447
G20	G96	0.0028852806598888892
G16	G43	0.002885055546777778
G16	G63	0.002884140666333333
G10	G19	0.002883871926222222
G26	G79	0.002883254505
G7	G9	0.0028831968651111114
G48	G49	0.002882970929111111
G25	G91	0.0028816484324444445
G4	G73	0.002881590788333333
G37	G72	0.0028804129063333328
G43	G53	0.002878897128888889
G10	G93	0.002878456780222222
G36	G92	0.0028780325995555554
G68	G87	0.002877874701333333
G31	G92	0.002877866406444445
G51	G78	0.002877327411777778
G34	G83	0.0028753711894444448
G57	G74	0.0028735085305555555
G2	G93	0.0028733601584444448
G35	G79	0.002872974572444445
G63	G66	0.0028727441642222218
G39	G50	0.0028723428462222225
G12	G51	0.0028716578001111107
G39	G91	0.0028709396778333336
G33	G85	0.002870751668666667
G31	G88	0.0028705678230000003
G37	G91	0.0028703518742222225
G40	G60	0.0028693242964444444
G76	G94	0.002869250167111111
G14	G34	0.002868599378333333
G37	G88	0.002867389385555556
G67	G83	0.0028673544687777787
G14	G95	0.0028656156693333337
G31	G58	0.0028651669657777773
G69	G82	0.002865030958888889
G25	G48	0.0028647007177777773
G25	G78	0.0028639072115555554
G60	G73	0.002863607112444445
G58	G92	0.002863495481777778
G73	G90	0.0028619981803333326
G27	G4	0.0028614785628888885
G5	G67	0.002860558279444444
G21	G89	0.002860322849777777
G38	G49	0.0028602882991111108
G100	G97	0.0028596123404444444
G43	G89	0.002858956198333333
G86	G93	0.002857002520888889
G40	G78	0.002855120885555555
G54	G77	0.0028546920255555553
G40	G99	0.0028545669186666664
G43	G91	0.002853939258777778
G75	G87	0.0028526761498888892
G49	G65	0.002852345691888889
G22	G61	0.0028521155087777787
G19	G68	0.0028519894611111108
G14	G88	0.0028514487381111108
G7	G78	0.002850722051
G79	G91	0.0028506887496666665
G13	G91	0.002850661304333333
G56	G96	0.0028496501124444444
G17	G29	0.002848861648888889
G47	G5	0.0028488372175555555
G32	G44	0.0028469698553333336
G17	G42	0.0028440523533333336
G43	G47	0.0028439901706666664
G56	G93	0.002843900971777778
G33	G57	0.002843719257777777
G20	G88	0.002841956376666667
G47	G9	0.0028416497024444445
G73	G76	0.002841104703888889
G52	G72	0.0028410005616666665
G100	G41	0.002839424399111111
G56	G69	0.0028379963760000004
G32	G40	0.0028370168366666664
G16	G77	0.0028370097183333326
G34	G49	0.0028368743987777782
G56	G91	0.002834639276
G12	G82	0.00283415169
G36	G46	0.002833138673888889
G33	G95	0.002832918180777777
G35	G47	0.0028327162421111114
G47	G59	0.0028317615966666665
G100	G25	0.002831669022777778
G43	G6	0.0028310257736666664
G1	G33	0.0028301607294444445
G14	G40	0.0028296269627777772
G26	G53	0.002829281228666667
G37	G82	0.0028283051675555555
G15	G87	0.002827687916555555
G65	G70	0.002827555353333333
G50	G80	0.0028274789873333336
G60	G84	0.002827164467555555
G17	G21	0.002825671339111111
G34	G62	0.002824975278611111
G23	G41	0.0028242694108888892
G14	G78	0.0028242463371111115
G24	G90	0.002822054998222223
G54	G84	0.0028215143763333328
G36	G90	0.0028212858913666673
G45	G9	0.002819957434888889
G47	G80	0.002819310579
G27	G87	0.002819056997888889
G89	G97	0.0028189039442222228
G37	G94	0.0028175186647777773
G10	G24	0.0028170530506666674
G43	G83	0.0028166123533333327
G6	G97	0.002816597743333333
G63	G87	0.002815849813333333
G11	G69	0.0028151505872222224
G17	G47	0.002814369096111111
G49	G69	0.002813602681555556
G15	G36	0.002813249985666666
G69	G71	0.002812083059444444
G56	G59	0.0028119274339999997
G100	G43	0.002810031434333333
G40	G95	0.002809343162
G21	G26	0.0028090935707777783
G24	G43	0.0028086151455555554
G11	G14	0.0028081932911111114
G29	G40	0.002808051369222222
G57	G62	0.002808039836333333
G10	G96	0.002807757726111111
G15	G63	0.0028070673440000003
G62	G82	0.002806775929888889
G21	G3	0.0028066020767777773
G58	G72	0.002806555733333334
G41	G80	0.002806135297888889
G30	G4	0.002804705023
G38	G98	0.0028036783642222227
G41	G70	0.002803527344
G25	G28	0.002803522440333333
G15	G4	0.0028033545822222228
G3	G84	0.0028028089195555558
G28	G63	0.002801880608555556
G58	G64	0.002801787266888889
G74	G90	0.0028012003396666665
G19	G28	0.002800085678666666
G12	G49	0.002799766256666666
G3	G53	0.0027997553814444447
G13	G20	0.0027990562141111115
G66	G92	0.002798910903888889
G3	G45	0.002798879033333333
G28	G92	0.002798492605333333
G27	G82	0.002798299020777778
G34	G88	0.0027974398622222225
G34	G61	0.0027972578381111114
G4	G53	0.002797220002777777
G16	G92	0.002796830358444445
G4	G94	0.002796587059
G22	G56	0.002794601410111112
G36	G4	0.0027943860436666665
G32	G41	0.0027936532573333327
G6	G78	0.002792897420666667
G51	G72	0.0027928668233333336
G14	G18	0.0027900215100000003
G12	G65	0.002789940357333333
G20	G27	0.0027897182238888893
G28	G69	0.0027896515878888892
G56	G63	0.0027890949066666664
G40	G70	0.0027889139716666665
G19	G78	0.002788088367833333
G38	G72	0.0027879164247777773
G41	G49	0.002787503833777777
G47	G54	0.0027873512986666665
G40	G73	0.002787246796555556
G63	G95	0.002786248388222222
G90	G99	0.0027828630815555557
G1	G42	0.0027824003826666666
G44	G92	0.002778926415444444
G2	G72	0.0027786022515555557
G71	G80	0.002778309052222222
G11	G82	0.0027777199745555553
G37	G50	0.0027775915019999996
G14	G92	0.00277708707
G40	G90	0.0027754532515555557
G46	G71	0.0027751992696666665
G10	G86	0.0027748314351111114
G2	G52	0.0027741940566666672
G25	G88	0.00277353953
G44	G94	0.002771979195555556
G65	G94	0.002771486988333333
G68	G89	0.0027693519786666666
G38	G99	0.002769006640888889
G45	G53	0.002768361229222222
G1	G40	0.0027680142977777773
G69	G72	0.002767783603
G47	G92	0.0027667179327777783
G62	G81	0.002766026816555556
G12	G19	0.002765812830777777
G73	G83	0.0027653068922222227
G64	G69	0.0027645717703333327
G34	G99	0.002763539143333333
G14	G65	0.002763348445888889
G60	G89	0.0027633014696666672
G56	G58	0.0027627142462222217
G69	G90	0.002762221211777778
G4	G63	0.002761219756111111
G4	G5	0.0027603316117777773
G73	G91	0.0027595224005555552
G20	G44	0.002758336457333333
G10	G56	0.0027572878064444444
G32	G35	0.0027566214262222228
G19	G47	0.0027562674425555557
G37	G58	0.0027553338076666666
G61	G88	0.0027553182896666666
G30	G42	0.002755242305666667
G24	G50	0.0027531473105555557
G27	G33	0.002753107376888889
G30	G71	0.002752916826555556
G49	G87	0.0027526234166666665
G77	G84	0.002752280166777778
G48	G80	0.002751758406
G4	G49	0.002750910040666667
G58	G65	0.002749890997888889
G45	G79	0.0027494228627777772
G38	G68	0.0027488861565555557
G12	G59	0.0027487908547777773
G32	G39	0.0027478158792333326
G7	G90	0.0027477419611111114
G45	G52	0.0027467319053333336
G54	G81	0.002746677212888889
G16	G45	0.0027459720657222225
G10	G14	0.0027458077614444442
G22	G67	0.0027450959204444445
G43	G75	0.0027439112512222218
G71	G97	0.002743792182111111
G14	G74	0.002742772641777778
G24	G3	0.0027425351682222217
G15	G33	0.0027413069144444444
G27	G84	0.002737458574555556
G58	G77	0.0027370946304444447
G68	G79	0.0027353020674444443
G34	G60	0.002735289425888889
G35	G97	0.0027350775986666673
G23	G46	0.002734860025
G63	G68	0.0027340006079999996
G3	G93	0.002733708393111111
G36	G76	0.002731306395666667
G37	G73	0.0027312122632222225
G4	G74	0.0027291850422222225
G24	G38	0.002727134763555556
G1	G44	0.0027266473976666674
G23	G55	0.0027257084721111114
G85	G98	0.002724703873333333
G47	G77	0.0027241913293333327
G1	G92	0.002723672176333333
G35	G4	0.0027233212293333326
G82	G83	0.002722684939
G59	G63	0.002721709937666666
G28	G83	0.002721185299444445
G2	G40	0.002720426057
G16	G22	0.0027199979497777773
G4	G71	0.002718621382111111
G15	G5	0.002718182768222222
G5	G76	0.0027177322081111113
G90	G94	0.002717714917
G63	G9	0.0027176905037777773
G13	G55	0.0027174531012222228
G30	G35	0.002716711786
G23	G36	0.002716607177888889
G51	G87	0.0027161237415555557
G10	G4	0.0027139198735555555
G14	G69	0.0027129459644555554
G11	G56	0.0027126326172222217
G39	G71	0.0027118801053000003
G1	G90	0.0027112041964444445
G30	G69	0.002711171291333333
G45	G57	0.0027109986771111107
G51	G71	0.002710601041666666
G11	G38	0.0027095086905555557
G6	G61	0.0027086835680000003
G51	G84	0.002708372967333333
G50	G55	0.0027078319515555557
G18	G26	0.0027073455405555555
G59	G73	0.0027059966755555555
G48	G62	0.0027059730479999998
G1	G75	0.0027054941204444445
G38	G54	0.0027050972822222218
G32	G96	0.002705014355333333
G16	G30	0.002703240770888889
G50	G53	0.002702362954
G16	G56	0.002701192544111111
G32	G58	0.0027009773379999998
G16	G67	0.002698949822333333
G17	G39	0.0026989383216666665
G33	G44	0.002697044771555556
G42	G46	0.0026963827766666665
G11	G79	0.0026960313465555557
G1	G43	0.0026951645495555555
G20	G87	0.002694205493111111
G72	G80	0.002693282862555556
G73	G98	0.0026927694616666674
G77	G91	0.002692145203222222
G18	G38	0.0026914890791111114
G83	G9	0.002691340508177777
G4	G41	0.002690725533444445
G7	G76	0.0026903052351111107
G60	G95	0.0026889991034444445
G37	G79	0.0026888960876666665
G20	G43	0.0026888761031111114
G17	G57	0.0026883766636666673
G15	G30	0.002687803323
G40	G91	0.002687688311111111
G30	G95	0.002687316766888889
G22	G30	0.002685920020555556
G68	G96	0.002685809548777777
G64	G8	0.0026846720848888892
G14	G24	0.002683751577333333
G20	G5	0.0026837199926666665
G16	G48	0.0026824121863333328
G14	G89	0.002681715996333333
G58	G6	0.0026807125952222227
G32	G67	0.002679885261666667
G74	G76	0.002679836853111111
G54	G86	0.0026793054354444447
G18	G84	0.0026791899725555554
G76	G85	0.002679012047222223
G61	G87	0.002677197284888889
G19	G48	0.0026768431213333326
G41	G94	0.0026767120883333336
G23	G70	0.002676214239555556
G72	G96	0.0026738603169999997
G21	G80	0.002672965711777777
G19	G52	0.0026719153622222227
G49	G73	0.0026712764768888893
G21	G70	0.0026712711706666672
G72	G73	0.0026711638562777773
G39	G80	0.0026702840282222225
G50	G85	0.0026698826566666665
G44	G49	0.0026696076594444444
G91	G97	0.002669383367333333
G60	G69	0.0026693704490000003
G4	G57	0.002668320391111111
G26	G91	0.002667608960288889
G47	G6	0.002667467863333333
G12	G44	0.0026673562615555555
G49	G5	0.002666185181777777
G39	G60	0.0026648320558888892
G7	G99	0.002664293492
G30	G56	0.002663441186222223
G34	G46	0.002662414694888889
G2	G78	0.002660516250333333
G61	G96	0.0026604618691111115
G16	G99	0.002659868288888889
G79	G82	0.0026590487939999997
G100	G78	0.002658566745111111
G22	G60	0.002658128343555556
G65	G82	0.0026566899722222227
G23	G73	0.0026565265725555557
G43	G86	0.002655991897333333
G11	G99	0.002654935513666667
G59	G93	0.002654880721111111
G1	G58	0.0026546095012222218
G27	G58	0.002651347184333333
G34	G91	0.002651237499333333
G36	G50	0.002651093347777778
G20	G37	0.002650395118111111
G34	G89	0.002650202665111111
G2	G94	0.0026490072216666665
G6	G68	0.0026485507536666664
G16	G25	0.0026475716803333327
G41	G57	0.002646701421333333
G85	G88	0.002646083925111111
G27	G36	0.0026428271502222218
G40	G79	0.002642436603222223
G3	G81	0.002641985366888889
G65	G91	0.002641298812777777
G48	G82	0.0026410822317777783
G11	G50	0.0026407059522222218
G36	G9	0.0026403907847777773
G58	G89	0.002639669816
G12	G99	0.0026392251770000004
G10	G78	0.0026391169984444447
G19	G42	0.0026390259096666672
G25	G60	0.0026375292584444442
G19	G97	0.002637106040777778
G10	G100	0.0026366576565555557
G69	G83	0.002636181908
G91	G92	0.0026359857222222217
G2	G73	0.002633751128222222
G49	G63	0.002632903735
G65	G87	0.0026316985174444445
G14	G49	0.0026315580768444444
G3	G90	0.0026309877286666665
G18	G91	0.0026304746732222217
G30	G88	0.0026302070401111113
G14	G94	0.002629108160555556
G34	G73	0.0026287460024444443
G27	G41	0.002628143523888889
G31	G77	0.002627942529888889
G43	G48	0.0026259721994444443
G46	G72	0.0026255499306666666
G31	G46	0.0026237596061111108
G51	G76	0.0026236411252222227
G13	G92	0.0026235825745555556
G63	G89	0.0026234096104444447
G29	G47	0.0026232109533333337
G30	G89	0.0026231981245555553
G64	G90	0.002621481474222222
G5	G74	0.002620257624
G36	G5	0.0026202035946666664
G42	G48	0.002619884491333333
G17	G28	0.0026194470232222228
G50	G6	0.0026192866033333327
G100	G5	0.002616868763777777
G77	G92	0.002614444273888889
G70	G93	0.002613747025222222
G56	G78	0.0026131279175555557
G36	G91	0.002612279440111111
G19	G41	0.002612108714666667
G75	G85	0.0026115239214444443
G43	G87	0.002611160066333333
G64	G75	0.002610853671333333
G21	G82	0.002610772221888889
G16	G49	0.0026106238602222227
G52	G76	0.002610389352
G37	G80	0.0026101736012222217
G33	G96	0.002609733145888889
G73	G96	0.0026087486635555557
G17	G49	0.0026085228034444445
G37	G47	0.0026071216503333328
G17	G6	0.002606933269666667
G57	G89	0.0026057828914444444
G3	G82	0.002605323296588889
G3	G41	0.0026048791777777782
G37	G4	0.002604844484777777
G72	G83	0.0026046192684444445
G4	G92	0.0026039644756666674
G85	G97	0.002602986957888889
G100	G29	0.002602857100511111
G2	G31	0.002602655707
G10	G81	0.002602349819222222
G12	G85	0.0026006353383333336
G84	G87	0.0025993524932222227
G21	G51	0.0025992502086666664
G24	G55	0.0025984287931111114
G86	G92	0.002597287703555556
G11	G93	0.002597253994
G53	G78	0.002596403446333333
G24	G48	0.002595488223666667
G68	G95	0.002594592973333333
G48	G57	0.002594086462222222
G29	G79	0.002593475496888889
G14	G29	0.002593340431888889
G71	G73	0.0025930334762222225
G66	G7	0.0025929768441111107
G63	G78	0.0025925750833333326
G12	G94	0.0025921698312222218
G100	G96	0.002591095623888889
G30	G62	0.002590842454111111
G40	G56	0.002590485307111111
G37	G40	0.0025895519654444447
G41	G58	0.0025885606836666673
G76	G84	0.0025879278865555554
G69	G94	0.0025869727574444447
G4	G52	0.0025868946144444447
G24	G96	0.0025832717413333327
G18	G7	0.002582123582333333
G18	G50	0.0025810388195555557
G2	G96	0.0025801348106666666
G23	G40	0.0025796190294444447
G32	G36	0.002579486875211111
G41	G93	0.002579402074111111
G42	G85	0.002579055628888889
G32	G50	0.002578201269888889
G49	G58	0.002577613415111111
G64	G9	0.002577172618622223
G63	G73	0.002576113824666667
G10	G76	0.0025749275622222218
G38	G95	0.0025746549655555557
G76	G99	0.002574170966111111
G17	G31	0.002572712462111111
G12	G70	0.0025714736811666672
G47	G55	0.0025706958060000003
G25	G93	0.0025704857151111113
G30	G63	0.002570312729333333
G94	G99	0.002569828044666667
G42	G7	0.0025690134094444447
G98	G99	0.002568354811777778
G10	G92	0.002567057349888889
G11	G2	0.002566868548666667
G43	G61	0.002566372908444445
G44	G53	0.002565489013111111
G82	G99	0.002565400639666667
G89	G95	0.0025648499134444443
G15	G25	0.0025614063603333326
G12	G2	0.0025610716354444447
G39	G63	0.0025609551012222218
G18	G36	0.002559559195777778
G23	G53	0.0025588887207777782
G3	G38	0.002558699476333333
G48	G78	0.002558251354222223
G10	G66	0.002558061413777778
G88	G93	0.002557585275555556
G81	G82	0.0025554727407777773
G61	G80	0.002553949275777778
G15	G91	0.0025538991416222227
G67	G74	0.002551989798777777
G25	G73	0.002551451959333333
G58	G91	0.0025514181897777783
G33	G59	0.002551252236111111
G25	G30	0.0025497890256666674
G6	G72	0.0025489467112222225
G32	G70	0.002548245412888889
G30	G59	0.0025482151396999998
G24	G29	0.002547888446666667
G75	G96	0.002547853957111111
G15	G29	0.002547604203555556
G47	G70	0.0025473175932222217
G53	G90	0.0025463174527777773
G24	G52	0.0025458772550555554
G100	G62	0.002545789011
G67	G91	0.002545590803111111
G6	G70	0.0025453303212222217
G55	G94	0.0025447196105555553
G32	G6	0.002544677573111111
G56	G77	0.0025415873645555555
G19	G60	0.0025402340380222227
G100	G76	0.002539547605888889
G6	G86	0.0025382121334444445
G46	G59	0.0025369990776666672
G4	G90	0.002535198203777777
G30	G46	0.0025344984127777773
G100	G91	0.002533809395111111
G84	G9	0.002533649666666667
G17	G32	0.0025319920356666674
G1	G54	0.002531571432444445
G10	G9	0.002531415098
G42	G53	0.002531160694222222
G58	G75	0.0025311549496666664
G59	G95	0.0025303642417777773
G59	G83	0.002529364713444445
G11	G60	0.002528105019777777
G40	G66	0.002526999175222223
G11	G23	0.0025266197338888892
G82	G92	0.002525814442
G10	G6	0.0025256893251111114
G17	G26	0.0025246279682222227
G77	G97	0.0025229077516666673
G61	G76	0.002522662709
G19	G5	0.0025222687384444447
G38	G53	0.0025220272514444447
G25	G99	0.0025211702037777773
G22	G70	0.002520435150844445
G37	G71	0.002519972214888889
G34	G57	0.0025191755891111113
G45	G51	0.002518984230888889
G13	G36	0.002518616612
G87	G97	0.002515342859111111
G1	G66	0.002514663811266667
G51	G9	0.002514083402888889
G38	G63	0.0025136629161111113
G12	G35	0.002513319352777777
G68	G8	0.002512907921333333
G59	G85	0.0025127061515555554
G96	G99	0.0025119141707777783
G44	G56	0.002508680181288889
G27	G6	0.002508598861888889
G54	G61	0.002508115955888889
G19	G25	0.002506177238
G71	G92	0.002505794727777778
G60	G87	0.002505571864111111
G65	G90	0.0025055079765555557
G33	G88	0.0025053846717777773
G14	G98	0.0025053717153333327
G12	G20	0.002504752094111111
G47	G83	0.0025043274951111107
G24	G91	0.0025039091991111108
G57	G75	0.0025038221975555554
G62	G98	0.002503068566111111
G46	G89	0.0025023228297777773
G42	G78	0.002501535848333333
G51	G56	0.002500856277666667
G68	G99	0.002500102133333333
G66	G74	0.002500088945111111
G30	G67	0.002499525843777778
G81	G84	0.0024995016690000003
G50	G74	0.002498817477444445
G13	G74	0.002498690242777778
G36	G57	0.0024973675867777773
G32	G86	0.0024972244737222218
G49	G70	0.0024970637956666666
G2	G44	0.00249694987
G55	G82	0.0024965617666666672
G59	G68	0.002496512204888889
G12	G43	0.002495441962444445
G13	G17	0.0024948956125555558
G14	G45	0.0024941464724444447
G81	G92	0.002493466693777778
G45	G90	0.0024931446803333336
G16	G84	0.002491667815
G18	G99	0.002491366377888889
G23	G91	0.0024863590852222217
G65	G89	0.002486174130111111
G38	G67	0.0024861497441111113
G41	G91	0.0024848291224444444
G28	G78	0.0024816709843333328
G59	G77	0.002481062445888889
G45	G93	0.0024800561855555553
G34	G97	0.0024795761526666665
G100	G79	0.002478775124111111
G40	G87	0.002478655462333333
G56	G76	0.002477723221444445
G73	G84	0.002472921238111111
G30	G76	0.0024723970734444444
G52	G55	0.002471674014333333
G85	G95	0.0024716698347777783
G51	G97	0.002471499847611111
G15	G35	0.0024714834288888893
G51	G88	0.0024712310786666673
G34	G6	0.0024710191273333328
G87	G99	0.0024696239126666673
G25	G27	0.0024696227185555556
G44	G82	0.002468616278777777
G22	G42	0.002468265702333333
G62	G68	0.002467832358777778
G12	G91	0.002467784782888889
G12	G6	0.0024676228788888892
G58	G69	0.002467210827444444
G17	G37	0.0024670281712222217
G27	G48	0.0024663363882222217
G18	G31	0.0024662175864444444
G65	G98	0.0024636845254444447
G26	G75	0.0024636005582222217
G21	G62	0.002462796626111111
G53	G85	0.0024627172352222225
G22	G84	0.0024625984345555555
G11	G3	0.0024625531155555557
G87	G92	0.002461696202666666
G40	G57	0.002461614440933333
G29	G31	0.002461529861
G5	G83	0.002457875842777778
G13	G69	0.002457357443333333
G14	G31	0.002455705671555556
G70	G88	0.0024546345270000003
G89	G90	0.002454259938777777
G14	G16	0.0024537193272222224
G35	G91	0.002452479893111111
G70	G9	0.002452050958222223
G24	G28	0.0024518563257777772
G17	G98	0.002449011363777777
G22	G47	0.002448707246666667
G43	G79	0.0024466534919111113
G19	G30	0.002446101457777777
G14	G17	0.0024440118334444444
G39	G81	0.0024431422675555555
G60	G92	0.0024425002007777783
G14	G23	0.002441395005666666
G57	G88	0.0024382846734444445
G36	G54	0.0024379332255555558
G20	G41	0.002437145607
G70	G98	0.002436977489888889
G67	G93	0.002436970428
G18	G57	0.002435504430333333
G41	G88	0.0024354937940000002
G1	G88	0.0024340490229999997
G48	G63	0.002432100917111111
G11	G20	0.002432052283444445
G43	G51	0.002430109335333333
G67	G94	0.002429720335888889
G13	G19	0.002429161341777778
G69	G84	0.002428600853777777
G4	G59	0.002427872673222222
G36	G60	0.002427197978666667
G34	G98	0.0024250813987777772
G47	G68	0.0024246645016666665
G67	G98	0.0024245658641111113
G27	G96	0.0024243764964000003
G95	G96	0.0024241174271111107
G39	G48	0.002424108661833333
G46	G92	0.002423141992
G87	G88	0.002422981908888889
G11	G33	0.0024227139852222228
G77	G87	0.0024226385693333326
G69	G99	0.0024221041907777773
G44	G76	0.002421833588888889
G25	G90	0.002421315259888889
G57	G69	0.002421204010888889
G25	G49	0.002420633925111111
G29	G78	0.002420422415333333
G11	G30	0.002420157911666667
G19	G65	0.002419039816444445
G50	G84	0.0024187896112222228
G37	G9	0.0024162531226666665
G34	G66	0.0024162305632222224
G10	G67	0.0024161071374444445
G41	G89	0.0024141195053333326
G68	G94	0.0024134185306666665
G16	G4	0.0024132237087777773
G79	G98	0.002412895943
G48	G66	0.002412727148
G17	G58	0.0024126213766666673
G17	G92	0.0024120759522222217
G78	G79	0.0024118200524444445
G68	G81	0.002411167327888889
G40	G83	0.0024104794334444445
G51	G54	0.002409914125666667
G94	G96	0.002409789920888889
G56	G74	0.0024093772697777772
G62	G88	0.0024090161477777782
G11	G89	0.002408026695777778
G25	G58	0.002407740250333333
G35	G43	0.002407724316111111
G18	G98	0.002406711650333333
G33	G4	0.0024065139563333336
G11	G34	0.0024054098486222227
G2	G80	0.0024047798624
G19	G94	0.002404434209333333
G76	G91	0.002402491757222222
G2	G58	0.0024022934617777773
G2	G23	0.002402119002
G54	G94	0.0024018073436666665
G40	G49	0.002401756810666667
G33	G99	0.002401407088555556
G23	G25	0.002400088816222222
G49	G91	0.0023999818375555555
G49	G56	0.0023996617651111107
G75	G83	0.002399304193444444
G15	G46	0.0023983825852666673
G83	G93	0.002397190703722222
G49	G67	0.002395579993222222
G34	G65	0.002395392848033333
G100	G77	0.0023947977686666674
G62	G96	0.002394783051777778
G4	G97	0.002394600568222222
G15	G83	0.0023943202986666666
G87	G93	0.002393912523444445
G15	G84	0.002393862510111111
G52	G91	0.002393789283333333
G3	G78	0.002393473532444445
G49	G54	0.0023932009071111113
G37	G68	0.0023916951634444447
G46	G49	0.002391552500888889
G13	G93	0.002389922940111111
G84	G95	0.0023892440284444447
G10	G46	0.0023885862627777772
G77	G82	0.0023880533311111114
G44	G61	0.002387292733333333
G43	G71	0.002387064538611111
G25	G56	0.002386380549777778
G1	G46	0.0023857811056666664
G47	G75	0.0023857629883333327
G14	G48	0.0023842650053333336
G70	G92	0.0023837141492222217
G26	G63	0.0023831649262222227
G54	G83	0.0023831201943333336
G17	G65	0.0023825204291111107
G26	G42	0.0023823106872222217
G19	G57	0.002381142733666666
G31	G56	0.002380886471888889
G23	G7	0.002380504230333333
G45	G62	0.002380423498888889
G14	G90	0.002377446279
G10	G65	0.0023762955202222217
G12	G62	0.0023761131792222217
G57	G83	0.002375778736111111
G70	G83	0.002375551227555556
G17	G45	0.0023751770605555554
G27	G30	0.002374863447755556
G18	G44	0.002374848491666667
G78	G80	0.0023746525446666665
G36	G80	0.0023735718893333336
G27	G45	0.002372976916777778
G50	G77	0.002370970506444445
G24	G80	0.002370940927666667
G14	G60	0.00237003827
G67	G85	0.0023699037706666672
G64	G65	0.0023690336287777772
G11	G84	0.002368723608888889
G58	G97	0.0023686466896666665
G2	G87	0.0023678493065555557
G43	G65	0.0023671944065555557
G27	G95	0.002366797681888889
G16	G38	0.002366236783333333
G54	G95	0.0023656724211111113
G45	G55	0.0023656342091111114
G30	G66	0.002365136874133333
G55	G97	0.0023638694515555553
G54	G7	0.0023634654667777782
G13	G62	0.0023617467644444444
G17	G56	0.002361440299777778
G52	G63	0.0023573136725555553
G21	G4	0.0023572935005555557
G45	G83	0.0023571053344444443
G23	G8	0.0023570409358444444
G37	G97	0.002356218240333333
G89	G98	0.002354108334333333
G85	G96	0.0023523521608888893
G84	G97	0.002352304342
G85	G86	0.0023515424542222218
G71	G99	0.0023510986737777773
G1	G10	0.002349442600222223
G32	G61	0.002349421280888889
G1	G24	0.0023484768027777782
G68	G74	0.002347832686333333
G44	G60	0.0023464066575555557
G3	G96	0.002345581074888889
G16	G37	0.0023454020215555554
G23	G9	0.002345244864888889
G36	G63	0.0023451112605555554
G22	G46	0.002344583827
G100	G21	0.002344567115333333
G34	G58	0.0023444410582222227
G29	G92	0.002343194755
G24	G82	0.0023428969026666672
G31	G50	0.002342854858
G18	G63	0.0023402447902222227
G30	G32	0.002340195304
G3	G97	0.0023396086328888893
G39	G68	0.0023389571504444442
G29	G50	0.002338799511777778
G1	G22	0.002338645668
G10	G48	0.0023381686413333326
G49	G82	0.002337502824111111
G1	G61	0.002335557684111111
G34	G71	0.002332304003888889
G86	G97	0.0023319030261111113
G57	G68	0.002331740662111111
G12	G39	0.0023311722475555558
G6	G73	0.002329828429777777
G47	G57	0.002329117361733333
G40	G64	0.002328982549666666
G47	G58	0.002328684747444444
G61	G97	0.0023279705865555554
G13	G70	0.0023275540562222217
G52	G57	0.002327476776333333
G24	G99	0.0023273059071777773
G11	G90	0.0023271184361111107
G75	G93	0.0023268866796666665
G34	G78	0.0023266537505555553
G60	G71	0.002325991297222223
G54	G67	0.002325625560777778
G15	G92	0.002325327592
G66	G67	0.0023251938456666666
G36	G6	0.0023237969771777783
G37	G84	0.002323484647888889
G12	G45	0.0023234331157777773
G12	G23	0.002321305020555556
G26	G44	0.0023194136252222227
G35	G6	0.002319411222222223
G4	G54	0.0023188022697777783
G85	G87	0.0023174839618888892
G50	G9	0.0023164172923333328
G22	G66	0.002314859859888889
G42	G99	0.002314466743111111
G33	G49	0.002313461492888889
G46	G56	0.002312749792333333
G23	G58	0.002311986928555556
G4	G91	0.0023114705737777783
G30	G92	0.002310864705
G24	G33	0.0023101482992222227
G11	G59	0.002309964620777778
G29	G83	0.0023097341654444445
G33	G92	0.002309667006555556
G61	G83	0.00230914462
G9	G99	0.002308842671333333
G47	G49	0.0023087325644444447
G20	G4	0.0023075135711111113
G31	G32	0.002307038390333333
G100	G47	0.0023068860305555557
G65	G74	0.002305819888
G46	G76	0.002305207725333333
G58	G66	0.0023045060854444445
G35	G46	0.002304454707333333
G24	G9	0.0023024824734444445
G55	G71	0.002301511031666667
G69	G75	0.0023010093242222217
G53	G57	0.0023004618131111107
G1	G9	0.0023002944276777773
G34	G87	0.002299949572555556
G58	G68	0.002297494630333333
G17	G87	0.0022971721450333327
G21	G43	0.0022951230443333326
G23	G57	0.0022946968926666664
G25	G63	0.002294503272222222
G1	G37	0.002294336346222222
G1	G27	0.002294082416888889
G17	G4	0.002293940627
G17	G41	0.002292807748777777
G79	G96	0.002292630578
G21	G44	0.002292102387333333
G65	G85	0.0022901045123333336
G14	G85	0.0022899586344444444
G42	G94	0.0022895287096666673
G16	G88	0.0022889553215555557
G49	G86	0.002288657868777777
G7	G83	0.002288515517333333
G12	G21	0.0022870007266666673
G18	G68	0.0022868089764444444
G67	G78	0.0022840756935555554
G20	G42	0.002283461530333333
G65	G76	0.0022829409354666666
G46	G78	0.0022820852793333326
G44	G64	0.0022816058341111113
G6	G87	0.0022813742378888892
G17	G55	0.0022807717893333327
G37	G81	0.0022804168111111114
G12	G78	0.0022799834454444445
G42	G87	0.002279354061611111
G35	G70	0.0022787465324444443
G24	G71	0.0022780120805555555
G4	G83	0.0022775178577777782
G11	G53	0.002276653735
G27	G97	0.002275310915666666
G87	G98	0.002275196762333333
G70	G89	0.002274972211
G58	G93	0.002272845930333333
G48	G70	0.002272077790444445
G12	G98	0.0022713371895555557
G37	G56	0.002271298713888889
G90	G96	0.0022706967528888893
G20	G58	0.0022700066325555554
G24	G51	0.002269299622777778
G11	G43	0.002268586172888889
G18	G78	0.002268458026411111
G80	G91	0.002267865976777778
G31	G6	0.002267779824
G43	G97	0.002266832921
G15	G76	0.002266527782
G16	G79	0.002264463002888889
G10	G85	0.002263953917555556
G38	G76	0.002262644741088889
G45	G6	0.002262614771555556
G20	G79	0.002262078332888889
G44	G71	0.0022612783187777783
G4	G50	0.0022602180234444443
G88	G92	0.002257789609333333
G12	G26	0.0022573186656222217
G24	G59	0.002256456348777778
G44	G83	0.0022539521056666664
G54	G74	0.002253505514777778
G38	G4	0.0022531763984444445
G13	G21	0.00225302509
G45	G73	0.0022528443181111107
G78	G91	0.0022528297950000003
G59	G6	0.0022526943592222227
G54	G69	0.0022521332456666666
G59	G94	0.002252097075222222
G25	G42	0.0022519369464444445
G43	G90	0.0022516303177777773
G14	G20	0.0022498602948888887
G12	G15	0.0022485404826666664
G66	G78	0.00224813535
G53	G55	0.0022478670698888887
G85	G89	0.0022451801634444444
G37	G98	0.0022433376755555557
G17	G74	0.0022432009987777782
G74	G81	0.0022420843171111113
G25	G75	0.002241529952777777
G38	G46	0.002240947768222222
G17	G52	0.002239674836888889
G43	G57	0.002239668982555556
G30	G84	0.0022393109091111115
G16	G91	0.0022391237938888886
G21	G30	0.002236346045777777
G35	G78	0.0022363133751111108
G62	G84	0.002236148111444445
G49	G53	0.0022353121959444444
G12	G68	0.0022352029538888893
G16	G46	0.002234423398111111
G4	G78	0.002234171286333333
G50	G56	0.002233753572888889
G60	G76	0.0022328314056666667
G65	G96	0.002232568515222223
G49	G95	0.0022311318698888887
G17	G5	0.0022310881147777776
G44	G70	0.002230878368444445
G6	G62	0.002229655505888889
G14	G4	0.002229480865444445
G18	G69	0.002229177243
G22	G76	0.002228923498
G31	G99	0.002228225400777777
G24	G27	0.0022277355466177773
G13	G76	0.0022271708489555553
G10	G33	0.0022268322022222227
G83	G95	0.0022261553416666672
G13	G30	0.0022260154055555553
G2	G47	0.002224514802111111
G74	G92	0.0022242840813333333
G8	G80	0.0022237763834444444
G25	G43	0.002223386035888889
G11	G87	0.0022197952565555555
G53	G89	0.002218042468888889
G75	G78	0.0022176216997777773
G47	G66	0.0022158286112222217
G5	G50	0.0022157204033666665
G87	G9	0.0022154302015555557
G25	G64	0.0022143914888888886
G38	G97	0.0022137198896666666
G30	G40	0.002212517083333333
G14	G61	0.002211619863555556
G12	G79	0.0022115600182222228
G29	G38	0.0022109383196999995
G15	G62	0.002207213252444445
G14	G71	0.002206432530222222
G2	G38	0.002205457609
G8	G97	0.0022019948067777775
G41	G83	0.0021999977370666672
G59	G99	0.0021997765937777783
G58	G94	0.0021996875155555554
G27	G55	0.0021994893333333334
G46	G63	0.0021992762186666664
G41	G43	0.0021981885918888893
G44	G52	0.0021974968705555553
G29	G69	0.0021970303895555553
G34	G72	0.002196510272111111
G57	G78	0.002196484975888889
G12	G57	0.002196316120444445
G21	G23	0.002195339560222222
G23	G61	0.002195231926
G71	G78	0.0021952204756666665
G12	G60	0.002194902883111111
G76	G86	0.002193938876111111
G17	G79	0.002192496682333333
G10	G58	0.0021913237673333334
G4	G46	0.0021912737853333327
G14	G77	0.002190961816311111
G29	G8	0.002190828474
G39	G57	0.002189769099333333
G88	G95	0.0021886294728888887
G5	G96	0.002187714164222222
G13	G80	0.0021868542673666664
G13	G49	0.002185947011888889
G14	G58	0.0021858957637777773
G10	G75	0.002185269330888889
G55	G56	0.002184674141555556
G22	G36	0.002181820273111111
G55	G72	0.0021816782933333336
G17	G95	0.002180945389333333
G45	G63	0.002180770061111111
G76	G78	0.0021787935254444445
G38	G69	0.0021787853243333336
G57	G91	0.002178239002444444
G22	G40	0.0021775392826666666
G53	G66	0.0021771075004444447
G71	G98	0.002176881785111111
G1	G67	0.0021750570147777773
G14	G8	0.0021748569997777772
G15	G80	0.002173272146888889
G43	G55	0.0021721619006666673
G41	G48	0.0021715202840000003
G42	G73	0.002164827921777778
G14	G79	0.002164366920111111
G27	G49	0.0021637544742222218
G11	G98	0.0021635103311111108
G17	G68	0.002161442630777777
G19	G99	0.0021612495006666666
G50	G89	0.002160767205
G1	G48	0.002160500146
G100	G42	0.0021604941287777773
G41	G66	0.0021601166162222227
G72	G78	0.0021599981566666673
G42	G57	0.002159898169888889
G39	G78	0.002159546793333333
G68	G76	0.0021592141450000003
G100	G85	0.0021592123605555557
G27	G60	0.0021587423234444444
G41	G68	0.0021576347680000003
G25	G47	0.0021575172908888892
G94	G98	0.002157355457777777
G10	G70	0.002156746018777778
G56	G75	0.0021558985863333333
G97	G98	0.002155881363
G47	G91	0.00215575583
G100	G65	0.002153563707
G40	G42	0.0021526868731111108
G2	G6	0.002152426865333333
G62	G97	0.0021522730675555555
G71	G9	0.002150847319
G35	G62	0.0021505352157777783
G57	G7	0.0021502371597777775
G20	G74	0.0021500547784444445
G16	G26	0.0021495603686666667
G45	G58	0.0021481005521111107
G62	G91	0.002147262601888889
G25	G96	0.002146573366777777
G74	G78	0.0021437418084444444
G5	G80	0.0021423128056666666
G67	G97	0.002141462599777778
G22	G75	0.0021412326221777783
G41	G85	0.0021399536730000003
G33	G45	0.002139769677111111
G27	G79	0.0021396338697777773
G1	G32	0.0021390466005555557
G12	G86	0.0021378540857111107
G16	G80	0.002133443730111111
G24	G89	0.002131352827
G22	G31	0.0021304138790666674
G12	G72	0.002130154166888889
G10	G12	0.002129891138444445
G24	G37	0.002129829497111111
G19	G21	0.0021297484144444444
G25	G95	0.002129066621888889
G19	G87	0.002129052514
G50	G83	0.0021270525206666664
G100	G87	0.0021263718051111108
G53	G8	0.002126118972888889
G10	G97	0.0021254555867777783
G13	G52	0.002125053458111111
G47	G61	0.002124340340111111
G4	G42	0.0021229416093333326
G48	G52	0.002119737117555556
G32	G98	0.002119613404777778
G22	G77	0.0021190302632222227
G38	G94	0.002118571174111111
G60	G65	0.0021183309135555557
G66	G91	0.0021181786576666673
G72	G74	0.0021169553455555553
G52	G92	0.0021147264526666667
G76	G79	0.0021144520566666668
G70	G78	0.002112598963111111
G19	G50	0.002111164984555556
G69	G89	0.002110352716388889
G54	G55	0.002110031493888889
G80	G95	0.002109082737888889
G68	G72	0.002107191995777778
G13	G90	0.0021064726512222227
G22	G92	0.002105916515888889
G50	G63	0.0021038758085555557
G52	G77	0.002103351063111111
G49	G9	0.0021006114897777783
G37	G92	0.0020999573673333334
G21	G84	0.0020985811693333334
G12	G46	0.002097773382555556
G46	G95	0.0020973993535555557
G78	G94	0.0020970281925
G74	G89	0.0020955233611111112
G31	G64	0.002093944768333333
G12	G64	0.002093356733555556
G26	G46	0.002092669249222223
G1	G34	0.002092604903
G27	G61	0.0020919171304444447
G58	G61	0.002090500890888889
G46	G48	0.0020893719164
G60	G94	0.0020888678605555555
G66	G9	0.0020884928744444443
G36	G68	0.0020875338063333334
G31	G63	0.002086691926111111
G55	G76	0.002086330354444445
G17	G18	0.0020859914127777783
G17	G85	0.002085505768
G42	G44	0.002082503268
G23	G66	0.002081353492
G20	G54	0.0020812782684444444
G46	G50	0.002081077750111111
G27	G69	0.0020810615617777783
G30	G94	0.0020809822182222227
G2	G21	0.002080772121111111
G17	G75	0.0020806212964444445
G13	G41	0.002080355108111111
G25	G71	0.0020798477878888892
G28	G36	0.0020793604437777773
G12	G17	0.0020788696485555553
G23	G84	0.0020788660654444445
G29	G43	0.0020783520994444443
G10	G43	0.002078233797111111
G38	G80	0.002076999869111111
G24	G35	0.002075124413111111
G13	G58	0.002073137649888889
G100	G68	0.002073087082777778
G58	G96	0.0020725656463333334
G33	G66	0.0020712102355555555
G41	G44	0.0020707710695555557
G24	G78	0.002069548929444444
G17	G84	0.0020692169632222225
G43	G44	0.002068006244
G2	G99	0.0020672164472222217
G71	G88	0.0020671984534444444
G12	G84	0.0020668775184444444
G17	G20	0.002066104763777778
G13	G51	0.002065966709555556
G39	G95	0.0020657562197777773
G29	G57	0.002065699447111111
G76	G77	0.002065246340111111
G17	G25	0.0020639995562222227
G15	G9	0.002063875366555556
G18	G25	0.0020629054153333327
G30	G55	0.0020617943990666665
G46	G82	0.0020617368042222224
G33	G35	0.0020614445184444444
G44	G9	0.002060480340111111
G30	G70	0.0020589803447777773
G76	G96	0.0020580257438888886
G47	G96	0.0020578206851111108
G60	G90	0.0020577482015555555
G40	G44	0.0020572491503333327
G30	G78	0.0020570786707777783
G15	G95	0.002057061618111111
G14	G76	0.0020543099494444443
G32	G56	0.0020533449336666665
G11	G55	0.002053203046444444
G92	G97	0.0020531361214444445
G36	G69	0.0020507516426666664
G65	G81	0.002050579045888889
G31	G73	0.0020495005394444445
G21	G78	0.0020484382004444445
G35	G95	0.002047997677777778
G46	G79	0.002047795323333333
G33	G67	0.002047646942333333
G54	G80	0.002047121547444444
G69	G8	0.0020462753481111113
G68	G91	0.002046009078
G23	G99	0.0020453807482222227
G24	G30	0.002045206426222223
G32	G99	0.0020445384072222228
G38	G84	0.0020441623675555554
G15	G94	0.0020403402082222227
G15	G51	0.0020402169347777783
G33	G9	0.0020399577828444444
G2	G35	0.002038747959888889
G32	G84	0.0020363221775555555
G10	G50	0.0020359271586666665
G45	G82	0.002035190392555556
G14	G55	0.0020351728387777773
G63	G69	0.002034672097777778
G54	G64	0.0020330376367777773
G14	G64	0.0020328341044444447
G36	G73	0.002032702313
G31	G39	0.002032217413
G42	G95	0.0020316388336666666
G63	G67	0.002029825255888889
G23	G35	0.0020290029337777776
G15	G78	0.0020283986947777772
G54	G82	0.0020283571406666673
G26	G70	0.002027244518888889
G36	G99	0.002026596477111111
G16	G96	0.002025365800444444
G79	G97	0.0020246488465555557
G40	G55	0.0020235928368888888
G25	G46	0.002023349970888889
G42	G75	0.0020212052177777783
G23	G68	0.0020208830523333328
G69	G85	0.0020205308112222218
G44	G96	0.002020039326
G69	G98	0.0020197166173333333
G72	G87	0.002019661895888889
G13	G94	0.002019076876666666
G60	G74	0.0020182930903333333
G41	G78	0.002017395475888889
G13	G68	0.002016837172111111
G1	G52	0.0020159799700000002
G81	G9	0.002015877349555556
G27	G76	0.002015266055
G52	G59	0.002014010543
G78	G81	0.002012451032222222
G25	G32	0.002011466022444445
G83	G97	0.0020112751382222217
G41	G56	0.00200995434
G14	G67	0.0020088323222222228
G19	G89	0.0020088298096666668
G3	G91	0.0020078404375555555
G70	G71	0.0020067521343333328
G44	G99	0.002006745465
G100	G75	0.0020060689731111114
G48	G9	0.0020051043648888892
G39	G59	0.002002953511188889
G15	G41	0.002002450621
G72	G88	0.002002293769222222
G57	G76	0.0019997958518888892
G2	G41	0.001999778324444444
G43	G60	0.0019989468146666667
G89	G94	0.0019981556647777773
G24	G49	0.0019971267126666667
G80	G83	0.0019961706622222217
G14	G7	0.0019957844906666666
G74	G99	0.001994386918188889
G32	G94	0.0019933536337777774
G51	G61	0.0019908205932222217
G63	G96	0.0019904735763333326
G57	G87	0.001989867567
G58	G80	0.0019888182808888892
G3	G61	0.0019880934267777783
G9	G97	0.0019875596447777775
G52	G68	0.001986970682
G37	G69	0.0019859857122222217
G46	G94	0.0019848847435555554
G54	G97	0.001983327524222222
G44	G73	0.0019825549602222226
G36	G51	0.001982459092333333
G20	G56	0.001981623288555556
G72	G95	0.0019810465507777773
G17	G2	0.0019798991904444447
G77	G98	0.0019795309201111107
G32	G62	0.0019795211963333334
G17	G34	0.0019792521673333333
G91	G98	0.001978715746444445
G15	G54	0.0019784734895555555
G43	G54	0.0019784066855
G62	G63	0.0019766399081444447
G35	G77	0.001975853884
G13	G61	0.0019757268412222227
G50	G96	0.0019754866877777773
G52	G99	0.0019751452293333333
G50	G7	0.001972539196
G93	G96	0.0019710858333333334
G46	G97	0.0019700015366666667
G11	G46	0.001967430497888889
G43	G66	0.001967246431888889
G37	G78	0.0019671385933333336
G2	G50	0.001966600213
G57	G96	0.0019664804361111113
G45	G48	0.0019662636732222217
G13	G5	0.001965556207111111
G33	G82	0.0019650398035555555
G33	G98	0.001964546435444445
G4	G95	0.0019637214096666668
G54	G78	0.0019625559907777783
G42	G47	0.001962043912822222
G17	G77	0.0019613906426666668
G30	G58	0.0019612014431111113
G68	G93	0.0019602577668888887
G56	G68	0.001959913598555556
G88	G89	0.001959474999
G54	G73	0.0019586871857777783
G80	G96	0.0019575159103333334
G14	G26	0.0019571288626666667
G19	G9	0.0019568785010777782
G69	G88	0.0019560172873333333
G4	G45	0.001954559088
G9	G91	0.0019534322974444442
G21	G29	0.0019520688975555554
G43	G95	0.0019481666553333333
G29	G53	0.0019476633744444445
G15	G40	0.001946974992
G6	G98	0.0019468126786666667
G26	G97	0.0019467970105
G100	G17	0.0019460926455555558
G4	G40	0.0019440816683333332
G48	G56	0.0019440793618888887
G25	G37	0.0019435149104444446
G21	G41	0.0019412044457777773
G41	G74	0.0019393479303888887
G9	G95	0.0019338218766666664
G30	G80	0.0019333581043333328
G1	G14	0.0019323694880555558
G40	G59	0.0019323259449333331
G21	G24	0.0019317410064444444
G1	G26	0.0019311365333333332
G41	G54	0.0019309759362222227
G100	G38	0.0019303197186666668
G14	G43	0.0019291786046666667
G32	G87	0.0019265098292222226
G18	G33	0.0019261833533222228
G30	G65	0.0019252240423333327
G21	G49	0.0019239210276666664
G95	G98	0.0019233012482222226
G64	G79	0.001921853851333333
G55	G77	0.001920424031555556
G47	G95	0.0019191148573333332
G52	G9	0.0019189606305555554
G17	G76	0.0019154919122222219
G28	G31	0.0019149134744444445
G74	G84	0.001912646879111111
G38	G62	0.0019102672457777781
G1	G47	0.001910025729111111
G10	G30	0.0019099473962666668
G46	G8	0.0019082356205555558
G65	G84	0.0019067718920444446
G4	G64	0.0019052904782222227
G2	G36	0.0019044118386666669
G75	G92	0.0019007494455555555
G14	G66	0.0019001033625888886
G10	G13	0.0018985240373333328
G1	G53	0.0018956134295555558
G46	G84	0.0018949403462222218
G25	G57	0.0018937766235555555
G5	G93	0.0018935835213333336
G4	G9	0.0018920342073888892
G13	G25	0.001891883012444445
G10	G31	0.001891354800666667
G6	G63	0.0018910584453333333
G51	G69	0.001890497551
G25	G5	0.001886403920111111
G36	G78	0.001885247815
G43	G78	0.0018837090602666668
G26	G54	0.001883356608
G54	G66	0.0018829905758888886
G54	G99	0.0018827879166666663
G43	G70	0.001882482474
G17	G78	0.0018820885993333333
G85	G94	0.0018815071084444445
G32	G68	0.0018809434054444444
G32	G54	0.001880784049111111
G43	G85	0.0018788315845555555
G23	G80	0.0018786405186111109
G100	G63	0.0018781342182222227
G25	G33	0.0018762202667777774
G17	G54	0.001875096330555556
G14	G30	0.0018744672022222226
G32	G72	0.0018706812014444446
G17	G73	0.0018703658567777773
G42	G96	0.0018696775258888886
G91	G95	0.0018690751921111113
G36	G64	0.0018689300231111109
G1	G38	0.0018688864109444444
G31	G79	0.0018656429722666667
G34	G4	0.0018629069583333332
G24	G34	0.001861427480444445
G17	G60	0.0018612997962222226
G31	G68	0.0018608333017777774
G40	G76	0.001860757343188889
G31	G65	0.0018601655403333332
G14	G46	0.0018600033572222226
G64	G94	0.0018592411962222227
G1	G55	0.0018581035221111113
G78	G89	0.0018543106353888887
G26	G67	0.001854244005888889
G41	G42	0.0018501575477777774
G25	G54	0.0018499606294444446
G36	G82	0.0018480746484444445
G100	G19	0.0018464292327
G28	G40	0.0018456906072222227
G48	G99	0.0018455665191111114
G25	G45	0.0018449984272222227
G68	G80	0.0018432132326666663
G25	G89	0.0018426165606666668
G1	G7	0.0018425751104444445
G17	G72	0.001842090003
G87	G89	0.0018386460785555555
G14	G27	0.0018379920956666663
G14	G44	0.0018375558397777773
G54	G58	0.0018372311256111109
G32	G34	0.0018366235446666665
G26	G40	0.001833216356
G18	G59	0.0018312770578888886
G54	G89	0.001830972199
G25	G69	0.001830782975
G57	G6	0.0018284678744444442
G31	G54	0.0018243708677777774
G11	G5	0.001824243503555556
G47	G99	0.0018237722183333327
G54	G96	0.0018227251254444446
G58	G67	0.0018221795792222226
G75	G9	0.0018216430081111114
G44	G78	0.001818622181
G62	G99	0.001818028620555556
G2	G85	0.0018171586404444446
G26	G43	0.0018159788191111114
G20	G91	0.001815871663555556
G14	G56	0.0018143759465555555
G10	G69	0.0018139669473333333
G6	G83	0.0018139015792222226
G24	G70	0.001810184927
G44	G54	0.0018099408497777773
G54	G71	0.0018065891243333333
G68	G84	0.001806381429222222
G60	G68	0.0018054573939999998
G19	G24	0.0018031772524444442
G37	G63	0.0017979932605999998
G18	G23	0.001795919829222222
G100	G66	0.0017951811003333333
G39	G40	0.0017940166288888892
G12	G41	0.0017935882580444446
G29	G54	0.0017924478277777781
G63	G83	0.0017920888183333332
G66	G93	0.0017909366182222222
G40	G84	0.0017895869161111114
G4	G96	0.0017891158485555554
G41	G6	0.001788902993333333
G4	G60	0.001788303117111111
G44	G93	0.0017881729354444445
G54	G91	0.0017878053165555554
G30	G97	0.0017863347524444445
G45	G50	0.0017853048741111113
G49	G78	0.0017848358472666668
G34	G50	0.0017832314412222227
G23	G76	0.0017822329973333337
G45	G77	0.001780038407888889
G73	G94	0.0017796320308888886
G50	G66	0.0017795382411111109
G34	G54	0.001775540144888889
G13	G33	0.0017743998938888888
G18	G21	0.0017727938657777778
G17	G86	0.0017709039018888888
G31	G94	0.0017709012991111114
G32	G49	0.0017646944182222227
G71	G89	0.0017645427536666664
G17	G30	0.0017640552562222227
G13	G78	0.0017616394964444445
G68	G82	0.0017599910281111113
G24	G54	0.0017580687666666664
G24	G65	0.001754105087888889
G39	G69	0.0017469155043333333
G44	G7	0.0017462357995555555
G12	G37	0.0017456061931111113
G49	G99	0.0017452062935555555
G29	G76	0.0017450180761444446
G13	G6	0.0017448850314444445
G36	G71	0.0017448210156666664
G49	G55	0.0017432250148888887
G10	G17	0.0017372834865555555
G32	G33	0.0017366758901111114
G32	G89	0.0017355163857777779
G50	G99	0.0017346922432222222
G24	G69	0.001733067067111111
G30	G50	0.0017322621412222225
G69	G70	0.0017321899846666664
G32	G69	0.0017302270788888887
G36	G47	0.0017279834423333336
G30	G34	0.0017273833688888887
G50	G91	0.0017258918547777774
G42	G88	0.0017255996936666664
G41	G71	0.0017204845375888888
G22	G63	0.0017179205006666667
G14	G70	0.0017144299800000002
G13	G99	0.001713916412888889
G67	G88	0.0017136839928888886
G54	G98	0.0017097636173333335
G35	G69	0.0017073805644444446
G11	G81	0.001706611706
G68	G88	0.0017040087864444446
G50	G78	0.0016998875095555555
G36	G77	0.0016996905888888886
G46	G68	0.0016993955522222222
G46	G74	0.0016949437313333335
G32	G77	0.001694145247888889
G17	G50	0.0016916344224444445
G43	G93	0.001691434187
G50	G87	0.0016891672517777778
G42	G49	0.0016887572344444445
G11	G85	0.0016879522878888887
G6	G94	0.001687326238777778
G82	G85	0.001682481028777778
G50	G73	0.0016773111127777775
G50	G67	0.001676307078933333
G49	G79	0.0016735507226666663
G49	G96	0.0016723487585555555
G14	G33	0.001668540583
G29	G77	0.0016636645785555555
G16	G74	0.0016628078977777778
G32	G71	0.001662035692111111
G70	G76	0.001658578518
G30	G49	0.0016581300536666669
G29	G32	0.0016581272965555554
G46	G53	0.0016564192317777779
G24	G44	0.001655540447177778
G76	G98	0.0016535788318888887
G32	G48	0.0016534865612222221
G100	G54	0.001651558031
G21	G55	0.0016458040004444447
G100	G95	0.0016427659934444446
G46	G91	0.0016426745397777778
G19	G54	0.0016425816712222225
G21	G6	0.0016408408946666669
G30	G33	0.001640099104
G33	G63	0.0016384652762444446
G60	G97	0.0016280853823333332
G16	G83	0.0016203309605111109
G12	G95	0.0016190714229999993
G19	G32	0.0016159431977777778
G23	G50	0.0016157873147777775
G93	G99	0.0016105595628888886
G14	G5	0.0016104799072777778
G85	G99	0.0016072656153333336
G2	G68	0.0016058427517444446
G58	G99	0.0016000422774444445
G25	G40	0.0015992028265555554
G60	G85	0.0015977993000444446
G21	G52	0.0015966944575777778
G12	G54	0.0015963110903333333
G11	G91	0.001595902229
G54	G65	0.0015938744822222221
G45	G54	0.0015936955416
G10	G25	0.0015916360213333331
G58	G73	0.0015909455577777778
G84	G88	0.0015890784254444445
G27	G99	0.0015883360930000002
G25	G41	0.0015834592908888887
G36	G79	0.001581472104
G46	G96	0.0015796642690000002
G100	G32	0.0015776731191111113
G84	G93	0.001576876732
G64	G71	0.001576553571
G45	G89	0.001572946032
G22	G97	0.0015720972748888892
G23	G26	0.0015711405506666667
G11	G54	0.001564182751
G10	G95	0.0015638876176666669
G23	G33	0.0015630208367
G55	G68	0.0015623406245555554
G34	G93	0.0015616497712222224
G56	G88	0.0015594434915555556
G34	G70	0.0015544520729444445
G44	G84	0.0015519552739999998
G6	G69	0.0015504041122222222
G33	G94	0.001549783563888889
G21	G87	0.0015474402584444446
G53	G69	0.0015465279307777778
G15	G23	0.0015463201565555555
G43	G99	0.0015436795062222222
G14	G72	0.0015435914902222222
G33	G39	0.0015426606524444446
G14	G87	0.0015420442910888891
G68	G90	0.0015407969526666668
G66	G84	0.0015397571266666664
G71	G87	0.0015385696517
G38	G91	0.0015381446308888886
G40	G50	0.0015356768169555554
G25	G85	0.001532209895111111
G70	G84	0.0015295325287777778
G56	G60	0.001529123097722222
G27	G32	0.0015290885525555554
G75	G81	0.0015288287333333332
G25	G68	0.0015243851796666668
G14	G19	0.001519540439888889
G48	G87	0.0015192859057777776
G17	G9	0.0015170274664444445
G45	G91	0.0015163375941111114
G23	G47	0.001510960729
G5	G68	0.0015094648616666667
G36	G41	0.0015084276391111114
G66	G77	0.0015068064654444446
G75	G99	0.001504680753
G44	G51	0.001503796642111111
G21	G94	0.001502341081222222
G29	G71	0.0015022022511111113
G21	G85	0.0015007731984444446
G33	G68	0.0014999025163888891
G34	G40	0.0014991751107666664
G3	G76	0.0014987458983333336
G32	G85	0.0014983350974444446
G10	G57	0.0014905205575555555
G54	G87	0.0014872086868888891
G10	G94	0.0014868372833333335
G53	G60	0.0014865334796222225
G30	G9	0.0014814336113888886
G87	G94	0.0014786535857333333
G54	G56	0.0014744595064444446
G49	G94	0.0014678934477777778
G11	G41	0.0014641443263333335
G14	G41	0.001463274275722222
G6	G92	0.0014617539182222225
G20	G99	0.0014589487095555554
G47	G82	0.0014569155822222225
G50	G51	0.001452456211
G32	G9	0.0014522245088888892
G50	G8	0.0014500815327777778
G97	G99	0.0014481978856666668
G14	G54	0.001442641469888889
G14	G6	0.0014382677456666665
G54	G68	0.0014368354161111113
G43	G46	0.0014258095104444446
G11	G94	0.0014233406083111108
G63	G80	0.0014142250672222224
G25	G9	0.0014084860032222224
G29	G94	0.0014070584254
G84	G89	0.0014057962717777778
G10	G88	0.0014003937035000002
G54	G93	0.0013915077525222222
G50	G93	0.0013847417145555554
G54	G85	0.001380416586
G17	G40	0.001361702626
G41	G84	0.0012740624962999999
G69	G73	0.001270863265988889
G70	G85	0.0012179973872222221
G14	G50	0.0012141050691111114
