	AMH	CBX2	CTNNB1	DHH	DKK1	DMRT1	FGF9	FOXL2	GATA4	NR0B1	NR5A1	PGD2	RSPO1	SOX9	SRY	UGR	WNT4	WT1mKTS	WT1pKTS
E886_341	0.002299035134606726	0.030916528472654824	0.012658078416506615	0.009111951188553022	1.1865279957409725	1.9097765191249665	0.00014518612078927892	0.019424491031700245	2.135541673698514	2.233058860190845	1.861572437441448	0.09194509082351317	0.05998958771172661	1.92273008677318	1.5082339598071641	0.0074081323022444625	0.17642649059500431	1.5784884049061114	2.0593116307838657
E1428_485	1.4905578682577825	0.01298489099246508	0.009291023313754582	1.8691945751725685	2.339128087324988	1.359459714091282	1.5269117120532774	0.00034206429841946736	2.0913029190709227	0.4856274076398018	2.2615832592756218	1.6802037598284858	0.03917764681789107	1.6958174315557968	2.0368688836434172	0.039669737799873137	0.0271103021101108	1.6589770066678016	2.12135353031594
E1283_326	0.0018531669839472913	0.002785764060839404	0.04438544393448159	0.00856327356941294	2.2501288597046725	1.5688208190581845	0.0012087737931676598	0.011165169511471227	1.2705677306760426	1.3857918576920494	0.14670312081104234	0.00048489372689653067	0.3055698723575808	0.16910697602076552	2.4714517780093184	0.004195499294730826	0.4304529587937884	1.0064929519530672	1.222152557341158
E5_421	0.026118265685956755	0.0005084126090684078	0.004068032990392859	0.0032968674433519005	2.2681463635839805	1.9379989307966508	0.00610133162587915	0.002271635706406141	2.208344516975881	1.85822785109262	1.3943234575416028	0.005224587176732661	0.4312954998897502	1.3010822831243176	2.011069496941399	0.003499681345750337	0.9923459653378152	2.3494872657394814	1.8952553191110093
E769_460	0.0033378057118364	0.01865995818593497	1.971615052923376	0.02804333608231243	0.0008095928717738096	0.003441416169644423	0.01537251525884692	1.5003557265199283	1.7275913128241425	1.97537946443028	0.05328054039232792	0.07268213915230902	2.3173004401193755	0.004778234144175585	0.02147966793871392	0.008683800035302721	1.5846807634452178	1.7970440134314958	5.723940842379886e-05
E34_177	0.06920909195059874	1.356833798157408	0.32279158948365083	0.0125750773952868	0.14676090363675448	0.21367865993722807	0.001597163984091284	0.010463752234804356	1.8566489481425168	2.2319017529625933	2.0133333838122662	0.014846146465604115	0.3568731483356618	0.2177907993317177	1.2274216206248263	0.011148013834793151	2.201061381705938	1.748154241781672	2.1710426509750667
E1111_587	1.5351778754117074	0.02757222300884452	0.00931969160895893	1.831779138542253	2.0347274635227106	1.7940663835126391	1.2507419231648182	0.008635172237878774	1.8347873870564344	0.3697880098087816	1.8193435961214408	1.2766520224897584	0.10905052799029333	1.2142591436314245	1.9796653535676976	0.016056971386380646	0.05657031553565716	2.028417705343472	1.9731408440997773
E1698_513	2.258679025007265	0.012308396286978704	0.03282638227451793	2.5008934853654963	1.441162281577071	1.6520830680763037	2.2106288335784603	0.015462743749050819	1.5783057166454504	0.0341640969627134	1.9604065216730349	2.2474408268468635	0.00041370785671397247	2.0791637256367284	2.8835157438469103	0.0003166085753176632	0.022926732886322472	1.5382064665682886	1.572632974776867
E1472_170	0.1320941298448311	0.13456960931765746	0.6607489319349099	0.0018211813928218587	0.017332637603389132	0.03468336571745779	0.011014021048260221	0.06167405670365589	2.5854805226835733	2.35303659136748	1.5648636202111856	0.029461465588012718	0.9160429908212978	0.01222745170845364	1.3567102611519035	0.019676491644280363	2.2105870708688453	1.493576604554537	1.7948003339281215
E1090_534	0.005010239793072996	0.0039960263552095065	0.07362848026465227	0.02859190647381378	1.5063685188861766	2.0720017820718133	0.00560119699105351	0.0020069779838007805	1.9201756671299648	1.8549022465929232	1.7142383052794552	0.00458717373018523	0.01199092220862422	1.5698100758902436	1.6580110282877516	0.006560644952537714	0.027869221811239644	2.271387231791311	2.037732420966448
E1689_380	1.1498102210750656	0.010315716232474941	0.0014058641627926179	1.9992516365900248	1.7152323449808191	2.025769463690223	1.6194426250876597	0.03055896461360022	1.823765459005532	0.6168712998189768	2.2132217871001814	2.1903149956956933	0.008096484333222303	1.911712775221612	2.2406243933957346	0.011227233464921731	0.03337462834423486	1.4682885102445935	2.2239216135475885
E759_736	0.002633757387853543	0.023909118761923996	1.6214057075353103	0.015934499900395156	0.0010750824047204262	0.020226222910456497	0.026482503123696755	1.821961907722199	1.9568031335181209	1.9463757151668049	0.040610166166924484	0.021567466911701142	1.9167392996541457	0.008987143815699402	0.002483399054188227	0.0020649841351983	2.0671205046613554	1.7410768702537849	0.002837577337860313
E47_623	0.019655318976989352	0.03682668143942877	1.713832199204363	0.014868114501555731	0.06076003497900924	0.009528934080531114	0.03514988915485948	1.931326428286068	2.1183538713636865	1.800345199855589	0.19274337059433566	0.0016216929915959539	1.9272205871426409	0.01661051385916047	0.003511534196163657	0.0026016567649887914	1.5985626536369315	2.301413528803455	0.022742509435277388
E633_742	0.028272625617328226	0.008092596670911136	1.7692798164872654	0.004706834906081757	0.021948533343973533	0.004193353499239048	0.00661445184947293	1.9930228985009224	2.549378492385394	1.6493952953942963	0.015097954494513226	0.01025946278254168	1.8932491640830764	0.03632227822802584	0.02990749268704367	3.943296940288354e-05	2.0951427239128884	1.7575411304407782	0.04002268917869593
E1401_259	0.005023367203411733	0.059903150645104174	0.22205605453822846	0.005576219026872354	1.7388650588764902	1.390430390157612	0.01170741654967146	0.00600882598857067	2.3035510648977207	2.027017460065663	0.06564108850429183	0.0010943732392331602	1.361710088831068	0.2506910115406078	1.950376378992548	0.010106168769735756	2.102421251047303	1.505541963615103	1.38773683612179
E1205_309	0.004933821969058879	0.0009276830828172484	0.007361121399539727	0.01905979807906192	2.3679276503881006	1.5354217691775354	0.020248906280706032	0.008420571119555064	1.7730844439563838	2.567497008839382	0.08753966032079502	0.0046812072819463965	0.4018564296515609	0.044496654681343575	1.365667833351026	0.0007593373215710201	0.18033325621810006	1.333318933263247	1.623511874449932
E333_754	0.0031355078271141147	0.0040924931958499534	1.590516987646956	0.023031606254858828	0.024147537047522444	0.004909390043500618	0.02321694062322984	2.3980661323650163	1.8528710490445601	1.5802275364646103	0.03929968562300698	0.033097616076508435	1.7338614407913084	0.01846798083665413	0.0004049912428718723	0.1727191625895895	2.0784742844237605	1.7201325498622044	0.004047767869010057
E222_340	0.4968436743492983	0.010071426456213084	0.0005583171075530057	1.1480632978028809	1.5908639885492684	1.8596324920632543	0.8171945102940124	0.010171227473174293	1.7200790096220937	0.8056311024386816	1.9839598177863007	1.2919178040289692	0.01829227441542133	2.0115109905770967	1.6072459502223866	0.0004906217776858405	0.0022063383987345787	2.0847667629730653	2.325894210863804
E85_777	0.028472012560497355	0.019910049190359786	1.5910835577286044	0.008174923831230916	0.002297492411135477	0.03124797427462745	0.019990096737170938	1.6283480897148497	1.8769488581270728	2.28009288417214	0.024658992260210292	0.0009401108968739419	1.7740265438762677	0.013281142921758292	0.016409240473011878	0.0020726329422315008	1.804198720221175	2.1066621267225902	0.019849494903890902
E509_204	0.002712519651028851	0.5719894009196035	0.7276022016919292	0.014495258295592416	1.0416570255329458	0.8908884861825743	0.0016753373780762993	0.011263672267983048	1.6971238237360409	2.6341303790442696	0.9093911719758796	0.00473330637295942	1.3938102635539298	0.030870865541642707	1.943953656969475	0.0018380183545077847	1.8955002064550888	1.8155375466220685	1.6565149471515943
E547_789	1.4359838066917223	0.026228124045940864	0.004559767135060425	1.6209944543126809	1.5575177078972182	1.4761461772687057	2.5728555910259425	0.003815106380189039	1.8248477396344425	0.004981987125091917	1.8268670702296719	2.247402830772934	0.026132069024251373	1.821219773011724	1.1110280481573975	0.00032883439243833537	0.0636997294348153	1.917630632808388	1.5436685898222295
E1274_172	0.008345237598075213	0.4692721611131841	0.5092742214336348	0.0005670227266709616	0.005339592992115701	0.10028489083481276	0.002577873125515842	0.007880794880251233	2.4213309388600384	1.5293986755956304	2.265137165895412	0.029387523837250087	0.3376796591813725	0.03290749195967208	1.0997883656582932	0.007024442303694119	2.2846218183050166	3.4674335901591764	2.0611909214533752
E110_315	0.012005434367471495	0.0022631400644312627	1.751352173449379	2.872389531674547e-05	0.07240746290425146	0.2425659369824411	0.003567589113748403	0.031014289402053755	1.918556390319144	1.9409728869374239	0.20147733405140286	0.0023830187441272826	1.6858836812752327	0.02990806609901313	0.2892318640416353	0.00044467282066037306	1.4735463614343811	1.5542926589316732	2.051302085254044
E197_80	0.04548984313234938	1.805760624516604	0.0020066726710426808	0.017150411531585058	0.02315549637077251	0.00014060413443261512	0.011782243522892215	0.08125887807001858	1.7798835333399086	0.300330426742351	1.6410702287587118	0.01889893568698913	0.0038631067653409758	0.01318055951306763	0.09905145538655824	1.300143301676137	0.3331497005701111	1.32703349620087	2.002629679345978
E1072_520	0.09037231754109257	0.018284554061181874	2.224354918409788	0.008623215013320829	0.009097519322497187	0.011634692870048093	0.0037199918347182335	1.828505202052649	2.557387837068699	1.9357949182716605	0.09961477607313596	0.005038511629919265	2.106067044930032	0.007360059258989349	0.02533834408024731	0.01604249391225673	1.8430788592470924	1.7559701684497662	0.19076428834816933
E28_419	0.01431837804059034	0.009160145606805377	1.7108536483793777	0.006253993284446797	0.035623692879208954	0.04577912110694002	0.0009471979908825019	1.9240805627760509	1.514033433200327	1.6748959963679622	0.052878793935517664	0.0036590576932520533	1.6968299006142271	0.005585358067186888	0.029911862790953783	0.004451858085483275	1.879225012050841	1.5086718237087453	0.03431125693152465
E131_347	0.0016842818774815724	0.007274003368421225	0.02389825337577367	0.015757032975590068	1.9493142757005808	2.2128261492658865	0.018723419333333158	0.0006746297669648003	1.3828123052720247	2.055640933746313	1.1081108059889198	0.0059127969888519965	0.00022838292493254208	0.9362549275827516	2.1664751932418964	0.05195600135918724	0.01489394685716872	1.7338140872778904	2.494898744340498
E1287_701	0.0005891028729615277	0.01007112164872635	1.9369973302773005	0.03252919174266361	0.06334269379914352	0.0018113092841264024	0.08071824038238265	2.2812157827992525	1.98073540680394	2.3509146658954823	0.02661644422259582	0.0018959197949055648	1.3601699524463209	0.018837242818651262	5.861563649687353e-05	0.002771922444280248	1.0885706192639069	1.843247662493657	0.00137473749450627
E933_501	0.07621457600093072	0.0024399390299104807	0.030014036156998918	0.0060888912130517645	0.019519271713772667	0.04050757790037772	0.0005869440568775527	0.009380386395053085	1.3694576480668912	1.3304121343573811	1.7446976746373104	0.008464496627063172	0.011965861770111488	0.014150878097437215	0.024617446499059226	0.01484854511796576	1.6991646543684733	1.4021259462750464	1.9531631350289769
E1217_583	1.0835441129684438	0.0039645585642374215	0.00022874124213727017	1.4891418237418446	1.7597240919785782	2.463496534099497	2.282191687725314	0.04406696741977425	1.806645575519425	0.013061902398392958	2.141099234719201	1.7956110749411869	0.019206174226745087	1.9096844796736825	1.6768146426329396	0.0012309556096467946	0.016315785218975212	1.6413402098594572	1.3714872973050662
E9_63	0.005670468808426397	1.5594948801427893	0.005252369240466496	0.03288479158785438	0.002197466174687763	0.10237482210811703	0.09681025316114424	0.09806344110375204	2.2512705887281257	0.4847411670018163	2.286950623142424	0.011169995474858576	0.016119920509737016	0.0050199900918506644	0.005143166693126674	2.0579101045303	0.2493209826868997	2.3018034232560654	2.665767817255019
E725_558	1.9731426178076368	0.003723656830672694	0.00652047738943786	1.8902042759411404	1.9527499423485917	1.4844331724108233	2.2912007957017715	0.0476892006003948	1.976302100600792	0.13322305116265706	2.2809599258825948	2.481415984507471	0.0016059484386919901	2.065792692635862	2.2784464606206187	0.05238062072242192	0.029987646569838038	1.896649792403261	1.7045939374735142
E1424_455	0.001025478197993796	0.00037092766708268684	0.009965024988785298	0.0016103225354649705	2.3928789917874336	2.5877924943066626	0.12719820104766616	0.004495822494689635	2.1856740469034786	1.3807743880976902	1.760814215356432	0.008897023753522335	0.0011580793647753835	1.8491756265806905	2.3284688358559857	0.02733444848190348	0.0018845374540141886	1.4980293223908243	1.82310944323296
E740_39	0.013666175010182252	2.0700079455089724	0.016845433864171297	0.08371162619445119	0.0004719860569676287	0.001106026170906397	0.007556362116292497	0.01245666639600361	2.126070592166488	0.014004045392003292	1.6998932381300689	0.015264127683297374	0.00031780792553951653	0.008893261860047477	0.0008008337417266997	1.9126071967864733	0.07563273280132629	2.23997535867851	1.8593616152615813
E1083_647	0.010837398702910356	0.0009205164074436727	2.028348412160049	0.002304070529323608	0.0011758114461756205	0.019577432555523147	0.06741900891207446	1.9976648930342649	1.897136446224268	1.8131166460222519	0.03457881145889038	0.08624776223706175	2.4916509436861776	0.002627403252230707	0.003009640981340607	0.0896545249511613	2.3299535427091733	2.3745569509787696	0.007710346457357617
E440_443	0.002214306687348875	0.014685422935290803	0.02881323981194133	0.022042722564205246	1.9080729693932468	1.848671332278676	0.001443389352231456	0.0011619755019515248	1.6535682991419849	1.3464200142003229	0.4026710284362757	0.01059867323790178	0.2611554932271721	0.5897224256449543	1.4249999566724965	0.02211741637026103	0.18229165588382112	2.3021222243308297	1.9097205033436009
E862_24	0.010290580617366644	1.6121631036997681	0.0015573617165791664	0.0857947286749844	0.06238321418085541	0.0023091713211972962	0.015042008670842025	0.0030927039690516467	1.6123690751880275	0.0017633506455704093	1.673287401628364	0.04249879112297066	0.0005849825693683727	0.013527609479794969	0.0038023369244846172	2.3148475543717315	0.01821872389346797	2.0459657290283437	2.1071909662073223
E1254_665	0.02718137585255044	0.01710633549981162	2.181077701240202	0.06123296297702908	3.911983027322343e-05	0.03542624083351749	0.01414261032889528	1.7773157031069753	1.778991721346429	1.6176236404252635	0.0948278527189924	0.029230104304495963	1.7554942009298231	0.003393418582923372	0.004868343757109783	0.0020431204490154236	2.081394538411168	2.0034629204720362	0.005771720666469175
E486_774	2.079033596161807	0.003238451986247585	0.06637103554836697	1.8276490067395448	2.1016028168158587	1.3536920046653618	1.8153898885289512	0.01191386549646462	1.6956158596580362	0.014518105522236209	1.6615938864993491	1.6028506922615329	0.0014847627170611625	1.9866007319049843	1.8269709154198888	0.025443148889712115	0.006152602179509786	1.683489930173026	2.146638767420744
E1081_340	0.033080588227471	0.004535849728477042	0.5552759183105409	0.029983397048061862	0.8086842077103703	1.2310142357780194	0.01984582565482899	0.4892126853012098	1.8919097345092173	2.011140444005875	0.0027418299353823648	0.036628305418889416	1.4554516106299258	0.007528133868062174	0.8040907087108561	0.002940949440093527	1.1738496774672995	1.6576445185033266	1.2098873834217352
E405_15	0.0037440750474616283	1.3214125954214917	0.004444616436065951	0.0026122812639770322	0.008470534539108454	0.013474498137199916	0.000219291385212126	0.03601668225903905	1.1610490500483852	0.02118465008258219	1.5504534015141118	0.019678393180915226	0.013440902505896309	0.033549832339126354	0.021967775987669462	1.4745703824819016	0.005194219951898643	1.8200257556673751	1.1023379155953066
E909_598	1.5042598312982605	0.014917694678289541	0.04676411375198747	2.027577632647072	1.3812161517576242	1.8440447764695345	2.04381282251998	0.0022456980042289553	1.9714277729324687	0.04413448711965618	1.6536057353433755	1.9728290920534832	0.0486669070215087	2.031455374562593	1.6351801799308558	0.01104401109490172	0.046025875913745545	1.40192034560212	1.9428142942955104
E1878_292	0.0005953364565939711	0.024169635253226445	1.4532380765608552	0.012443991000923424	0.05343298185674605	0.06868258752464201	0.021971581381608214	0.4283444489385358	1.1250087119336345	1.3132825205491572	0.4613158199325914	0.05682050845341732	1.5555253969943077	0.012267520439564623	0.013413215548789006	0.003102505566870836	1.893184010370006	1.468635251121208	1.4070650339872826
E287_75	0.005514593950210759	2.350667254937251	0.005645238905571259	0.003976543887096244	0.03895980226692329	0.002701188135639952	0.027475583072655872	0.002895556676442178	1.7833306858718518	0.32106357103578004	2.0896634860764767	0.012036165998784962	0.018990118519704308	0.034022049035262486	0.29043746900880235	0.3933984242108176	0.1045484414269537	2.08279975419482	1.8841348076002649
E266_70	0.005240239577088566	1.4520154146712134	0.0022502855835679846	0.003013007737538831	0.032150292151827985	0.002850169239237681	0.009790264589213895	0.0555118341295501	1.9936668830269613	0.4708318199314779	2.1838575158396067	0.004420118803188034	0.005579384309460825	0.053009076369691405	0.03767558134623439	1.326996711760751	0.3011192458755647	1.7227810849563268	1.662073846408521
E465_118	0.043258253141117815	2.2468164050740365	0.00015165985802241674	0.002211210025236725	0.00018312386390816296	0.017496663475941185	0.03281516158618082	0.03519716666308372	2.0010115950853447	0.6400775546067017	2.51319735689217	0.0013127326845903554	0.0019010178212800245	0.009274095440256272	0.3543465187496373	0.6805516685078662	0.5368002622876593	2.2397984347715347	1.9845335683248584
E1087_79	0.037763056209819734	1.5145751400146819	0.012402851239116287	0.00336080822255949	0.019560058550343283	0.035202429311025865	0.0007929195399527904	0.015631553407254986	2.1753702877649137	1.1014152399527215	2.2384911516293755	0.02030001746333316	0.050470904628167335	0.007298473952224316	0.03857488031347725	1.751439961085026	0.10249741872627234	2.400967222860668	2.137779725470513
E1210_79	0.030334203757170906	1.5781968455063615	0.021263759711479868	0.039401904313656665	0.004549293662882776	0.0004364964706347167	0.02032530340943477	0.006915593851302135	1.5394631928258935	0.04797601843306768	2.4206371458899576	0.011859697427035971	0.013583262968239423	0.009383690068658758	0.05334483694715599	1.014089070034868	0.14413717438485688	2.475217060864592	1.8335526720775888
E1862_259	0.01902580906002244	0.002506897516098624	0.9422094758143482	0.002693557622325372	1.7595031546781916	1.2629758043687147	0.0003780611483384413	0.001434359327655196	1.4081240885919677	1.9639709473460285	0.11138642705757247	0.004672341458514339	0.755572169529359	0.03051820553094615	0.977249232100624	0.11506453474089633	0.9290859362986106	2.1229616273345915	1.921196774498471
E1548_54	0.0005603097240823082	2.1380260149445234	0.02381607640807088	0.0031510168337741053	0.0012693526759163384	0.0008743460319492415	0.04384705207598871	0.01930885008985548	1.5150663269384093	0.05671641345696251	1.9227361336114035	0.042010248332531724	0.03415595419413752	0.018748639721971008	0.037377708665954884	2.0796665219149904	0.06363857893243469	2.5902694081107414	1.8416398608219544
E706_647	1.4102648530032185	0.03343940639399133	0.007442852045833814	2.3981062005173803	2.197577405087704	2.056874567260008	1.5264925745136062	0.029442814852735862	1.8597756002703247	0.022565806210542855	1.7266076195108695	2.1134560330884056	0.02068530793155224	1.7072486886379334	1.2409661261495324	0.008141028318156614	0.0006804394790037617	2.334018053382316	1.99899319514024
E156_791	1.8332011090124405	0.053785912437765336	0.06694108281232433	2.231124507658873	1.8012710207010132	1.6251704838953238	1.6586881469861319	0.006395886795922925	1.9493654174809247	0.0130921299362741	1.6497286746599198	1.727681270224842	0.0046467505366296225	2.058992669631673	1.7330866123515225	0.00285289424753127	0.019761542290917124	1.5371130206666714	2.0519163670809344
E1139_606	1.864387073709853	0.010044124575962049	0.03019795181197145	1.7881886423747482	1.0423287810360835	1.8620703964093053	1.9538282267535043	0.00280906316550024	2.222085763310913	0.056923445526966474	2.0551912971115516	2.1919974418230517	0.015023166755597913	2.1069664804501453	1.8561169566338296	0.03576143467779176	0.0012592660071289127	1.869407785751556	1.4826612571569118
E735_168	0.00497863313333785	0.033381907205210566	0.0029736621773965057	0.013480866829556251	0.028169665222795588	0.02031840581509628	0.004872876757924807	0.009979023798804908	2.0536188902003687	1.9419267260656043	1.8827560338378688	0.004673855793595933	0.02757634330612424	0.0214786516509774	1.52845399262973	0.003401722320811385	1.381856696788334	0.9386978005382398	1.694059604912049
E1641_755	0.02616831419829609	0.015513690200072231	2.2465912919660336	0.014568439250062225	0.0009504831357677016	0.005596463735307707	0.02043913992197071	1.6770897276565009	1.6751094153079775	1.835502949744592	0.024933078540998684	0.060570540791762474	1.653989024450114	0.06803215895677406	0.07428184454152895	0.017325878496477154	1.8853513505112207	2.100283855741358	0.1052893094400591
E196_578	0.02221394503776609	0.0032582014237815217	2.2006589021858547	0.002082249407219027	0.029472806989492638	0.014836404828919259	0.005855837703250844	1.8107191438126524	1.43835230067956	1.881611111809528	0.019718018793825308	0.008645685119226114	1.86088526135378	0.013993251541714071	0.002673602264712054	0.03398292240241844	1.9998461631619848	1.5124985273383604	0.0327370932494228
E493_104	0.005212302054378263	2.118523435496872	0.0075203424524210435	0.01923331583683224	0.050998234231548256	0.051746089426249725	0.1240449539063324	0.012472454870159985	2.292210967419529	1.8867765961364005	1.8817891273127567	0.03459418379536793	0.011445184656968465	0.04769021153444457	0.9135054945199148	0.2760475199715216	1.7541600942533908	1.796763771875707	1.7145318374774658
E68_248	0.00805013642412662	0.14886818702607998	0.026534199454844257	0.002930639331844698	1.3405594742597036	1.2917173086399194	0.004242090161795812	0.00038155891266155115	1.6348081926174205	1.6638511619205172	0.339088230000106	0.002452916534744766	1.2885384761117706	0.4406996744701963	1.9601858498395872	0.03674060841676305	1.8684694042526675	1.924567458804896	1.733661619457922
E947_771	1.5537572305393292	0.01236425509549427	0.0034948772864750594	1.9768758810203813	1.98012431883327	2.4411267871410094	1.806329163177545	0.007526971701156606	1.8950848010875208	0.01119025081623158	1.5104652587187388	1.4907675085178609	0.011002688276553528	1.617138134572922	1.7047487510826622	0.0011407814253409905	0.021034896032560216	1.9119262294130583	2.0016407357771597
E1016_517	0.009994058303963368	0.0013243835469506412	0.0020333300121921573	0.004447341065327036	1.7969117563710388	2.20169238796938	0.046399821404917205	0.003221196618061335	1.3380364876747628	1.9884437883694788	0.6073254235716098	0.006791348416274838	0.1995679217531244	0.8223351731321316	2.4605514386418554	0.009005787396365773	0.3088824237893483	1.1900567367725363	1.6944458791455248
E981_493	1.078787023796282	0.005287683140837007	0.0055602297238327705	1.1643030574860431	1.9305851695578402	1.7801500999104447	1.6527872883404762	8.325913163576003e-05	1.8912982462672367	0.7323550044182711	1.4024309322249735	1.9341596103349992	0.01433897886604707	1.8432587658769768	2.6404739891046414	0.004866626988364697	0.0021567034373657663	1.9257311904401184	1.807228921164045
E1022_724	1.760862550283191	0.02178064037374497	0.07006014509430965	1.606476566476056	1.6208758416675342	1.4389997519470907	1.5259833367646825	0.005614958985596179	1.7719495147180102	0.0029555520568146075	1.4530342345145453	2.1644374031794817	0.00618713178535365	1.9621169979477733	1.7707834237943116	0.0059364111305665185	0.00044533687830544336	2.1247533558409493	2.465588366876763
E90_476	0.014482538103853632	0.025921820597642253	1.4756560452084568	0.0015528234812296339	0.002079427723574642	0.046123037413150686	0.0028317611549312357	1.5472871000636002	1.75939906662998	2.10618265100129	0.011557289641602013	0.0004121564284135866	2.158472450077641	0.032153700077157815	0.022854981141303417	0.016556899397441253	2.4939809681020835	1.9070290441908249	0.012168321329206106
E1972_285	0.003675776538433461	0.016709790585558264	0.010910549311064787	0.016669215511592634	1.7755931942057004	1.3852021387205866	0.029420184311290832	0.2419036070799017	1.8186530807160592	2.088933920875613	0.013207850618264294	0.01804305854709916	2.230393856427853	0.07540316626167341	1.2760536903706008	0.20339700063583874	1.8428872433938777	1.9628656974297245	1.5600244715815728
E843_711	2.2269934501845854	0.09534224160641176	0.007466670331223256	1.498001827715602	1.643258756938515	2.065699260580493	1.8145390757935127	0.0001475885809778671	1.3271561525463629	0.012144294399386302	1.71500047719378	2.5828631847049244	0.09398086209859996	1.5654002692392492	1.779790937790564	0.07972414755600461	0.0023297606283332324	2.1053951242796654	1.9430090703723693
E1126_791	2.172451740361547	0.010081665724946393	0.006498242132054985	2.1649414356845016	1.7813824214055558	1.9393867401719544	1.8504129168535912	0.013674056737636095	1.589668944564555	0.010467653835112972	2.375011873964924	1.6481568411629701	0.02813126743701732	1.9753896436543068	1.7250541035871219	0.011142842464889459	0.015850792722647895	2.068407481498076	2.36632407216541
E1293_209	0.03114204391766189	0.02121398001521849	1.2831865220426044	0.04760380143775286	1.5914901192188022	0.8494793745240433	3.4955640652711145e-06	0.0140212051680382	1.749260480004788	1.1324014117984629	0.20170776334030446	0.006293512023369586	2.2765984509352286	0.025874565377321752	1.4299476173868788	0.002019035210849444	1.459711060468595	1.9917709826462835	1.5152652239071862
E1914_678	0.007934317997629885	0.004479234847430534	1.6732363216975037	0.007420356954916674	0.012464238943065954	0.0221397307575607	0.031516180390415816	1.2193177292764523	2.0037939680825065	1.7230822589498556	0.08693110925790806	0.021284753231090508	1.8888049915240253	0.007425195153036301	0.06469006872231663	0.049227610692687586	1.9760759447502048	1.6208639244087069	0.0013893082790407338
E102_96	0.0036796755847912045	1.7596070093515772	0.002853684273747141	0.06844854784173304	0.052357138080154964	0.001954061717774064	0.0016785050078968779	0.0016622681860191885	2.0018227997565	1.0931420938708718	2.0496625592572544	0.02276904492641137	0.01278887498017315	0.0005538668805769828	0.16473081939298545	0.2790359742214541	1.3254125200877809	2.2702661560733954	1.5774010369428015
E1947_669	0.0007559076682016799	0.004828529356934968	1.958460801250544	0.004462246127041201	0.024756210447691586	0.009614829902075395	0.007765158420655078	1.9653205737437216	2.0196447385218472	2.3260949023225765	0.044369016990434884	0.0211498401926992	1.5526108313869065	0.011256943081629287	0.02599442916912836	0.012843737760817068	2.0535385490310403	2.0109388815402043	0.08794999441160989
E1361_539	1.740169646027893	0.002853876794023807	0.06555104224765483	1.5083026893013802	2.2229681219145845	1.692152520132206	1.4716789876388692	0.011696144020385893	1.866804216295047	0.015657139641140006	1.617096871991143	1.4904473915735594	0.0011424334838811925	1.8948277039151384	1.8248223693207315	0.1524097685184567	0.003481833793045727	1.8223105033677929	2.4459419606429256
E1798_783	1.9250127913252748	0.04027751962684618	0.043298097086595384	1.831780841587156	2.1379117251949675	2.1728856241629253	1.5488648092207054	0.013301722080106028	2.182115655094087	0.019899644755163003	2.0143702147027263	1.6338074795704447	0.009599252240725534	1.7257273726173212	1.4267835472580987	0.0037140393341559687	0.006246418930789423	1.9628679452648068	1.7942633821829548
E1001_129	0.0709619306000816	1.1730675655949443	0.063303226997773	0.0004912848582525137	0.010210033672157316	0.004739250117982594	0.0002877264133064466	0.003870453469244955	1.4379180259888171	1.9893848501117248	2.4617617187064287	0.018562618479138496	0.02038896719901916	0.050134371502030685	1.3181948071430414	0.16340154184154004	1.6519375238750742	1.332713157516562	1.7044642389833842
E525_404	0.0011884804015688984	0.013378193247213632	1.9176329542733204	0.0018227341294059238	0.07782212274077313	0.018215146265598336	0.0011841309984524273	2.015885594411455	2.230363981297284	1.4869430565237485	0.04122674521165258	0.0688846768106428	1.721690422677781	0.04928313309519805	0.0043125737271256905	0.013018098026305006	1.839228388776173	1.4757147531664818	0.03952548694106139
E1421_379	0.0004515744358235333	0.003280774712563256	0.0371188007655312	0.12388790453619065	1.4197500161804095	2.2830029301969668	0.12675338223278262	0.003662338203413368	1.594948986887845	1.5747031694862197	1.668167715143474	0.10998465272605423	0.0024300672655059585	2.023152888525377	1.6788308191537809	0.07152778458814553	0.01728361222518096	2.39618270652088	1.5276119056896655
E976_423	2.317099623440475	0.017884933097849918	0.046889105866331535	2.021954471918741	1.8365488391030784	1.8715289318119719	2.3475148818691194	0.01128645630995045	1.9423002095505564	0.1435049034380074	2.136744494497419	2.0443687428200703	0.003774632889712221	1.9676572329315525	2.0220423019032903	0.035172725167446996	0.006177907507583277	1.8646249954407232	1.9079788018230983
E990_403	0.7180485124822482	0.015866098853419806	0.005250055917244735	0.8110807464129186	2.117014798179093	1.608529631831904	0.8424513159233716	0.002376586628034205	1.7377600157049868	0.7736945042064252	1.953993610132262	0.5005697342511621	0.01791391809374606	1.8801421042935893	2.0766657293473627	0.01492590159386844	0.025960397021853744	1.529825773770115	1.7897744869659358
E1936_792	1.792578032957428	0.011999351703885944	0.0360359844464467	2.1906151931899243	2.01979388171839	2.2195128325754334	1.8199308396141607	0.009860801857562357	2.071603863042581	0.00535030803824751	1.7412204326590208	1.5920958477632456	0.0010362664742776398	2.684795100694826	2.2969040345028926	0.001777754655857488	0.09917225248487847	1.6629724833309385	1.6539871123887926
E490_529	1.5809588355645785	0.004965302380221141	0.022966840744883282	1.5659114481007532	1.4408944788561289	2.0500279357010824	1.5575134802084774	0.05980770769097871	1.446287149977414	0.04209035464347057	2.165097989609593	2.3049074409855	0.027104391732103904	1.5437019663123053	2.03956685436654	0.05439406877453702	0.011393904884352496	1.608303513940646	2.100251029849068
E1233_729	0.0008583931951560344	0.018129232459477986	2.4960496869532167	0.0036543709942903828	0.04270399144166069	0.003915151972803647	0.023858620014094164	2.1272488862442143	1.6496155163202828	1.7592472495142268	0.011923762293025948	0.0029634670569476753	1.8721621398491624	0.002210300446148927	0.0495927435748334	0.009402539613177604	1.3477330872876654	1.4816828387786405	0.01713713366206185
E1261_575	1.8136196699085871	0.014514707396317491	0.003760628791318811	2.242182088187314	1.7826246642257346	1.7327995175178752	1.5867579999339083	0.013078803919708832	1.9022988004986712	0.01949213038893835	1.918139118076506	1.8603154028325928	0.04842208085552085	2.3689597909984483	2.252021604829708	0.01867235226985376	0.0956938173334722	1.916350063919296	2.055489302773715
E1750_176	0.011236400811578954	0.3458820169271564	2.1626512297213347	0.016584098768446118	0.5415824656929039	0.619082085143176	0.00751879092593073	0.011622857720175614	2.0192607831719336	1.2876338938309204	1.6405762110874833	0.003118865008212027	1.3885541836004112	0.003042523657374646	2.122618580323885	0.00694638649192769	1.3745516161059816	2.027031384702661	1.4093561219541657
E1024_181	0.02816112294409668	0.7847129009725552	0.17559202586305667	0.010981174112062007	1.8031910562591107	1.9064154249846368	0.032168600735481265	0.07117863925933607	1.6617590381195848	2.24128012224018	1.1222722148963191	0.002456259002354368	0.7025257276751093	0.7762116113522525	1.8485688529079425	0.008449359035246531	1.8610928100120656	1.9541314887209031	2.402780216155211
E1714_701	1.934902753101148	0.013068759216691487	0.0003818888595577668	2.0978199147164145	2.0578167657835933	1.6567925993624963	1.8642109397222333	0.0011635584864010898	2.4102601414564324	0.07302918432080671	1.6104151655587473	2.3074739834408806	0.0023251767406847657	2.88154080852974	2.1765815337618326	0.008950178853656458	0.0015700478658412509	1.6188097556926568	2.192329467829876
E1886_661	1.7818374368933234	0.021410109013325983	0.00022681061066538965	1.9987077996336269	2.203431466198392	2.1674794083623485	1.4371757465161703	0.040652767328532916	1.762284697134885	0.17350322169497415	1.4960688423824708	1.6265901156035738	0.0024512711059633285	2.2538923980894148	1.3013964677426757	0.001165240844812689	0.032195508002602236	1.912309757090232	1.9402092886943008
E1765_352	0.0074409584726260565	0.0004758710333524546	1.347119172462656	0.03035005226689017	0.2562442445551669	0.5894839709165272	0.004436272580725981	0.8674526045658075	2.3549746213521328	1.6388732530575711	0.01894520853797421	0.015747003200089614	1.8513490198581584	0.08672350509758647	0.3055663526504059	0.016526477198524327	1.727639999075392	2.3680793508417985	1.1504830945389106
E1331_648	1.9120116428576224	0.007581235460387144	0.010875977566940956	2.1386356806489877	1.9606257306368717	1.7848719498759305	1.7220390378072243	0.004536287907778332	2.089897663989581	0.19919208844329345	1.6986139144294263	1.6963176684791286	0.007847624200582052	1.781222917403025	2.611361765824705	0.0499509751779816	0.0032347777217860297	1.680148490023066	1.9287963246354791
E1464_158	0.0006907254171596871	1.984991447278319	0.78422647762261	0.03722933334762859	0.012714456005007388	0.001150933756971631	0.06748869756526693	0.011184377834276027	1.7632330960859002	1.4586449170460445	1.9393557175657148	0.1273140149727464	1.032451457660971	0.04778541505219812	1.1027616480125908	0.07307481164356955	1.4925164756972984	1.5732420674503178	1.8414709205678848
E353_447	0.8885248818811681	0.04008702264282031	0.004503531877307067	0.5991288514323573	2.4517028446610265	1.65208906199173	0.7971524182689296	0.0034463054044615443	2.5187858597553383	1.0315206808507489	1.473145010036006	0.7501075770316283	0.006204825363775471	2.081332340883243	1.8436241775554407	2.8037381984705005e-05	0.016577733840122254	2.003838175129004	2.191369168578404
E133_576	0.022622242884970903	0.00020226269835102884	1.668195245554131	0.0002298062280025345	0.013467722705243984	0.0001020421029247886	0.020601236565911386	1.614382512340406	1.124590305941652	2.247446664007988	0.05282079133878742	0.010138483767172756	1.4952904836496197	0.004551434545006125	0.007795281011127288	0.006654473378752324	1.7017401920141757	1.8644233615311048	0.00615862823941506
E655_331	0.025064225574251413	0.03325147100594986	1.909412999990184	0.031169673534588094	0.002392769758246603	0.021679740044839725	0.007338324770232665	1.6075252606374482	1.988171358838989	1.6877368737400058	0.10892429003926273	0.07515562107732353	1.8054257764239945	0.013475947722863013	0.02477524166456823	0.023707204265080425	1.936936876514048	1.7155753779948932	0.5077787841761162
E403_369	0.043012582616089666	0.01278149860508943	1.8853786053874853	0.034160880894382566	0.00013764365111442476	0.0009239698116486	0.043960485963009305	2.0613126022039	1.855657034380551	1.376528596812454	0.018256268745013148	0.0018020649534910352	1.810276804533076	0.007807747355390825	0.036507150576536966	0.007654546762046122	2.4881855424826966	1.6503010415891377	0.20729642595580489
E654_401	0.03804269735215158	0.05745596211752189	2.1508334477143203	0.004466807195664646	0.007036664512851367	0.002011253733824411	0.006027806352904566	1.210249144620226	1.8089417959864464	2.1092128590909045	0.025298688100030484	0.01924226874394748	1.8912605591904679	0.015924998149625072	0.0066322039414745395	0.02200540867141847	2.27791290956333	2.2745428894197794	0.8116376584940461
E1163_749	1.4560649572564284	0.029616288490559018	0.0017952638172641872	2.208763701649472	2.0657679486131504	2.2361604743435497	2.1608274398514755	0.005044867084027271	1.7938140690837725	0.06696704239850725	2.1678841796753785	1.868478547145304	0.028705352043807274	2.1959144337105707	2.078394174520372	0.001895592357400348	0.006278900978100682	1.7784051385827209	1.7194460004306429
E487_586	1.9890394314484927	0.04568564890805131	0.003722646930928614	1.9214052387589104	1.8983094264044549	1.659755879452539	1.434553690381712	0.009045709685308365	2.2798687853082558	0.002190130527902249	2.3213799106964785	2.0107954151148344	0.01869613625224056	1.704553537005962	2.0950849357218115	0.0037513249301976415	0.007271695519616987	2.409153207137685	1.6974286650292716
E1250_250	0.008849584705526414	0.007412542977450851	0.16924189622166624	0.008477992458795967	1.6925280290672342	1.5053795560325958	0.051648888122789734	0.07673219701807041	1.822390254787865	1.3998622582291134	0.13701026615625	0.014351236359481191	1.4244376639052023	0.06596979011610253	1.4093020502358953	0.06025549872150018	1.8507180347800165	1.7340947230910104	1.5174027742499572
E1888_472	1.4157619391372562	0.08265911533047075	0.008354667293254063	1.1772638777855924	1.725748510648503	1.7632051283918109	0.7290401677017591	0.01234423681041905	2.151693756076574	0.8098829377909138	2.3489071025785413	1.142336649917974	0.008260309719813872	1.3409073325004834	2.109786839373411	0.009420404847262285	0.01237190618069754	1.7036117214084965	2.1968254278828776
E251_448	0.008291536860765945	0.0026482689380357824	0.03033926098952028	0.011100881480263407	1.8868105461307425	1.7080831616911925	0.030279127438819563	0.0004827276175071152	1.4794882125605386	2.071510560252092	1.3290579124967132	0.003428802087597045	0.0016989679791758082	1.6748905456257468	1.6139817020388325	0.005220939573726194	0.06230874207356427	2.1281965223368013	1.1778916723228434
E890_732	1.9991686262879007	0.06367875706021574	0.013291853569195357	1.9928213168812563	2.0112486041604387	1.9988879464788991	1.9772608858896283	0.06843809645596832	1.564331165150875	0.04069662953052827	1.8088338191232791	1.9765361782423951	0.00017879865623693803	1.8255788672746045	2.272403798721272	0.02434651130867053	0.015206263732681824	1.9048256829899728	1.6773824123179004
E166_145	0.012009112110121992	1.4906694027992584	0.12909310435079574	0.032133001045485374	0.035161520327344806	0.0013676101112644699	0.0778209846868028	0.015670363452164257	1.443769917439076	1.7923705263889091	2.042261543137636	0.0050800203490713155	0.21872439233431198	0.007284960729116252	1.1032572367889348	0.5569527457811233	1.6991685188765224	1.9607245418749344	2.0652474220323818
E98_585	0.0013034696229080381	0.034229166365974686	2.1894103334072543	0.0006258234545969166	0.026876234088985592	0.005441399914397939	0.012401530090491298	1.748807419548271	1.6774829556720527	1.85901721754418	0.047909561844980256	0.008087569472891194	1.6929688316855496	0.021085157381119414	0.013181023715545621	0.060840510677874736	1.691145675639402	2.5065728420404767	0.1601738962652804
E812_435	0.03629126553463389	0.045805671351328826	1.6748370592097392	0.04530774451433085	0.0024722723289063928	0.024484030320501504	0.05162988011801198	1.9656024076640768	2.168348559526667	2.051207956213324	0.0992016934434454	0.0012044063049483442	1.7751811612883812	0.005985508474842909	0.09767909309217736	0.06556471852791322	1.9912302645465243	1.5106951475025558	0.0048928132102521536
E1450_339	0.000382178318393009	5.1040358870351864e-05	1.4821867757049634	0.0015805187721076464	0.1376224440883964	0.3765816196017839	0.014257105328043671	0.6217598298158037	1.9241354664112849	1.879873335779392	0.4606167362431217	0.014143077406458596	1.9961899653435144	0.11995414832236398	0.2052604760036708	0.007758858442581806	1.3839669709154991	1.6068585455162825	0.9941055753363528
E1696_459	0.037326361234529266	0.02646893666928101	0.0017867712605502913	0.008200276775018694	2.0656883483109527	1.4967956684393684	0.015094001196014404	0.1627060531610288	2.409582429896973	1.9386561884175737	1.5018872545014177	0.003052075753156613	0.025390958664124108	1.5903969800722604	1.5549523575295718	0.018578880539223217	0.011384913876337707	2.5411876990947078	1.6269892169533962
E1447_690	0.021302050452762573	0.014945190663172118	2.0200590146476642	0.007199953640203753	0.003493820023580013	0.004699381941061225	0.013047820405946566	1.2549642565532235	1.7431190597310733	2.2884565946981192	0.039412280707231184	0.0004239077452277636	1.4564590390679877	0.020868904456622442	0.01581013206526345	0.013496505980900549	1.4063874600047832	2.3313921630961154	0.00399791502190135
E1536_400	0.006111770316719225	0.014163821136996985	1.6339014704762411	0.008589027289365149	0.08815698174536077	0.012921159834201449	0.009160676259808171	2.099602776940726	1.7554513402473697	2.156077263142991	0.0513163574124233	0.013262092201905678	1.6636630441276696	0.028717506465333976	0.03603210945289058	0.003110638549084811	1.782213815461944	1.547669608861154	0.034660338604438706
E966_194	0.0017047590541578168	0.5614007760673224	1.1327129394198523	0.02268215077667561	0.5985184495200438	0.5001459399148602	0.006157011754804915	0.000344778051286527	2.054513813083212	2.3845212517379446	0.8170488496920721	0.0070419983830127784	1.5395967172809109	0.03629781459180355	2.000246784378679	0.001104144375311616	1.9943231230707232	2.0811278851794213	1.8404962230990527
E1385_443	0.010564113241912945	0.006796234884226718	1.660845000884739	0.004880341664958784	0.010037001119959314	0.003583791536719065	0.033708501886427066	1.6756707391830514	1.8510508304490425	1.3823297010140447	0.015814588017509852	0.026645823438799614	2.0741856363829463	0.03446492217349432	0.01118318580624137	0.01772470439081465	1.400413970372926	2.400587797109956	0.0024266696976239627
E1267_463	0.4571668831714225	0.008351560108695342	0.04860930464557521	0.2853044171686013	2.6130019529415422	2.0136888480995982	0.16429693499151227	0.0168656400659725	2.7372553902553065	1.4402305212244089	1.2947451495392224	0.18521493187626564	0.000894505291732218	1.460214146096455	1.833451428457616	0.00700676964197919	0.01654057231354962	1.9193275908858791	2.024465944620986
E1033_26	0.004335273898735694	1.7630656888018397	0.05852164821260295	0.02368193320967944	0.01689519562906024	0.04340166241826625	0.012985285668947364	0.03205639482514239	1.5009433313907046	0.0161975937743892	1.7279991445780023	0.014026220899820684	0.008222599248735214	0.012096896504499893	0.002878680230682048	2.066427039431691	0.000489848727152312	1.6022550198074346	1.2232976047934438
E614_797	2.7386144188090085	0.012950959089604464	0.05994036808154499	1.934447285185347	1.9535508930617933	2.2629450295261853	2.353336887424171	0.0007584265439456347	1.877264326050516	0.03681391415518008	1.7491031283032656	1.7553196844523813	0.035346644287629736	2.39009231864369	2.163997974762787	0.029179387192636425	0.004914155048526321	1.7301450032336898	1.873166369784665
E1970_453	0.015387176999218743	0.009550875790536272	0.005697648940680453	0.015306320713374804	1.4209094234070996	1.813442861078716	0.033072586519356933	0.02560100336847229	1.4814355852225731	1.566286330040758	0.957589515265616	0.0054208031038715295	0.18173194124515474	0.7075351899778242	1.6077652454284947	0.01232528672508004	0.1079768960089586	2.064648491194334	2.108703956486924
E492_128	0.1201938342067302	2.53502707669668	0.02637408064939896	0.009893458282515992	0.00510932535992161	0.13441676433487487	0.023924594789125283	0.03821856650281386	1.7017651396773248	1.6728025160937987	2.273314058832007	0.07543727317436949	0.01615257874192114	0.0114490970306524	1.422584545278295	0.15102179971072954	1.791058964628533	2.2722125794968377	2.3477870373159178
E1441_49	0.006427683178216797	2.1197587564123053	0.008439803248028194	0.07714430484893108	0.005342827035623542	0.040763989504913715	0.0026394250457754485	0.13893337141365386	2.0260027791799056	0.10404393283019926	1.77687929489535	0.0011900263921980525	0.004404894356063945	0.0525397729638686	0.013474019631969541	2.2052938396633377	0.030454151082032074	2.4618578247099863	1.5813223768393578
E1434_606	0.07493285942061559	0.0013010539601102447	2.1700658298165334	0.010683614292498176	0.05236842564896438	0.0036093530259677007	0.0045308228291567965	1.373130467151562	1.6909839672330205	1.8972897512169264	0.001399996789425905	0.017942646581356997	1.591024482994381	0.001465486639238566	0.008233048060397416	0.03573442548045057	1.8159265917555605	1.6457495413361416	0.1377183938462347
E1201_477	0.03282384241474437	0.001738573536101547	0.03575690182647344	0.02357295995988126	2.219770272913127	1.4849528222094406	0.009545515660843005	0.0015340307881482095	1.4268644919403444	2.002028682760808	1.029964978349184	0.0037147370941318643	0.0005680753662557907	0.6852960863233708	1.9664519023868603	0.14895642059778375	0.001532164702680354	1.9198434960391428	1.6750901780379377
E466_763	2.5329693693988267	0.011836092770745965	0.0029382655198526182	1.6301403070459362	1.9003546773254405	0.9774571549420912	2.0597881743939395	0.03334537259317585	1.4358499090338936	0.10964753291983977	1.436478954954807	1.665134565946991	0.028392333151459524	2.126631322646347	1.863627013952564	0.015067120483307113	0.0013288593508846865	2.3614898611261594	1.5858924545168287
E1675_220	0.0646121622419166	0.13475981214606605	1.1008360205902448	0.001495435542586443	0.5089285855057537	0.5915642390870398	0.003042678274519375	0.06579739919678515	2.1640082072816704	1.4608887313883827	0.7405245937535421	0.0029828048214805844	1.630462397455746	0.03461999045465017	1.4097871437151228	0.007980200252821451	1.5927541456533632	0.9909527342930881	0.8485554566965181
E783_20	0.003813586924423553	1.6086772528142874	0.009744461970721322	0.004119813312062584	0.004824699652863997	0.022827611860018016	0.006586849863047943	0.0119640727047617	1.6184888582017916	0.002079376882852014	1.7547101885045662	0.002993357091703619	0.018716078222266737	0.019433249457857942	0.0002014235415470504	1.9508225332775584	0.0007649471451501542	1.5164507981058717	1.832921995214032
E1228_611	0.006355951889515865	0.004156455121849194	1.638190568151897	0.0021338258845011587	0.015087759791118397	0.0017411971451636384	0.02538830009975761	2.251325671916453	1.7765181669310446	1.6008359914397872	0.006871653851357296	0.00033921242984081136	2.000768641906374	0.011619257125809466	0.002312818829100808	0.001926705013147084	1.7599947023147506	1.608712915184085	0.005774367885977126
E1581_748	1.859977868211803	0.04243320333195952	0.054354360807666785	1.8553702140917787	2.487919144530517	1.6603841987004977	2.8705089881622823	0.04713525266483904	1.8501034321542456	0.029744392701334724	1.765575300305085	2.436117537972407	0.10579821639169704	1.5001113126714731	2.0190226865800733	0.0011199376779002684	0.03642724947316616	1.645503182127696	1.6535486062347768
E1865_542	0.008080802092662747	0.20869312483167368	1.977356166383912	0.0040289689892090376	0.004007537494949589	0.009523876242183649	0.014660756258289059	2.146902714795476	2.2278563249387062	1.8878064975849609	0.06632819098062866	0.0005129584566052011	1.5552237836352902	0.010126448815245777	0.003253221752335958	0.0040873019472545714	1.9260687619032348	2.028030277570166	0.03746266017130289
E241_359	0.011899168454436372	0.0024863544357196896	2.169142609200021	0.0017249002088652221	0.012519018708056356	0.0713474620077969	0.00018090199959371923	1.6460961126335083	1.5222720183630205	1.8873870474757275	0.015519202534171285	0.02795846245221234	1.4509423218804725	0.08980105914184168	0.01632240122313554	0.0014466111582700858	2.3709645997476083	1.8423823892347857	0.3591684741322769
E1971_535	0.06410265772049821	0.0004815915513147953	2.1439047768174966	0.06602201451182288	0.008240458245633134	0.000988479896039496	0.03332355936372286	1.8817432917764505	2.35327157905198	1.984255784602145	0.023738174866788118	0.015424151967050846	2.1417041313841385	0.07163120428804381	0.001878005964968366	0.013794762055454584	1.3434245733069452	2.359346577454551	0.012835513964799964
E858_708	2.0730743421945887	0.018479440365435047	0.023064634619278827	1.9197784827203916	2.152249932781688	1.920772855207593	1.8991800179419207	0.0041972713920640425	1.6214464697955129	0.018617331454918763	2.0680310703811013	2.2365581289991794	0.004064847146381625	1.9614137423616047	2.4113941357890973	0.0071958707481295	0.0014122484148711234	2.2530942511507903	2.2278593978568826
E789_656	0.03724515906146879	0.009156238183927315	1.7947022927814067	0.0012092011884127125	0.007692373697151014	0.0023070119205712922	0.014846139747612381	1.6360925175637755	1.635665235895921	1.4347645724759763	0.00546341484178901	0.006623066173731545	1.8040367968725413	0.0007502413110426712	0.05000444423398341	0.04411602406794552	1.7334822815374735	1.7766696262636223	0.005816729031267036
E787_213	0.03854216859800322	0.01985117321117404	0.16315620572196765	0.012302476567765796	1.370895294990637	1.8061878828075857	0.01554568281101411	1.8347814635395432e-05	1.7837589029270333	2.1546833883000285	0.8298467237823807	0.0412766245243254	1.0849469168012411	0.2420105652804358	1.5951849265108886	0.02544520758978773	2.026167541538344	1.783946444527528	2.328605086028768
E330_554	0.017476279472344224	0.11491028657748045	2.5708106832899142	0.002466114830525261	0.04728000223155829	0.020692988769252026	0.0002930836106881411	2.081806278678294	1.8763536663798528	2.126535954898733	0.02123249109466296	0.0017212476219780122	2.1089833458211995	0.011175140031893502	0.015528069822550809	0.19259468261283247	1.7034851549551489	1.9980601910709648	0.007555422535594814
E958_587	0.012658862411556476	0.07267414707984496	2.0270067242275625	0.02300789125466981	0.012939465454858743	0.006789501870814321	0.009837692848131048	2.052386242446755	1.57870716192477	1.53047895018576	0.028104222825251983	0.03594934476933062	1.8730453557420328	0.0038542882061229572	0.004221532493581083	0.005602476968920348	2.053960159279276	2.9302442207884063	0.020010423489051604
E1967_31	0.06570651643652939	1.1308961270474718	0.009260861401305198	0.020848096604621787	0.0382381303053969	0.027303036527840968	0.04112643755379418	0.0234222388283956	1.97151738304151	0.01337299713212103	1.6277752375310328	0.24287688701082635	0.00572674667684956	0.014625407933046198	0.07978896816127443	1.7831190539539652	0.015364046176790762	1.967604148390529	2.1120011404275654
E1028_570	0.00029666406419418163	0.0005451996181920351	1.7561520903071133	0.0016489838901670864	0.028418724032926432	0.05580271683209208	0.01807211246009774	1.8217517791930344	2.063572057519441	1.9110988631271493	0.009589377779094231	0.0019219183558694755	2.182432255361696	0.011482100505948159	0.003934054490407731	0.051868798069744516	1.9065440105726688	2.345539635357126	0.01674039212911435
E904_751	1.5795270649167226	0.009196463319464596	0.013267607689725977	1.6143423854027013	1.7935184209047588	1.8815939793473448	2.292696827602453	0.0032895288777163327	1.4914267099330465	0.00023647610771511407	2.112514495235791	1.8605360830843771	0.02681165986079113	1.9797097605554943	1.737050436389204	0.021591858172698368	0.000616314746492588	1.6890614550110894	2.2221573320908337
E1202_793	1.6514988389354928	0.0018286175070458285	0.03822202307259917	2.078324620307887	1.8520660647500204	1.8799517358519915	1.2457423893596171	0.020484284173096345	2.07801514359982	0.28841422017671514	1.5585527026687944	1.444214308970717	0.01035035889329337	1.2753360837695549	2.056340424364966	0.019452292238672675	0.0018693935992508668	1.425338911801295	2.1157394893720256
E89_115	0.08422746066868772	1.6298726138383473	0.002301401125524727	0.013075051696739049	0.0012155519565866515	0.0188173331201602	0.0014355898608388127	0.007477628435960337	2.3367423033993706	1.6600703196114803	2.0867787320861115	0.003057846434835276	0.046759137417751485	0.02636765242892217	0.735750518508686	0.21066585920828265	0.07283805088234732	1.1510796475394858	1.5315073800371346
E1150_457	0.13216711345153015	0.008571840326796526	0.007945118367359217	0.28877712906890274	1.908041164128604	1.6761607013094262	0.06607234061903224	0.015828441882663156	1.9034176977448325	1.939374457933544	1.6591625628673563	0.07754467208897431	0.0022046946872235195	1.6039706751730278	1.7850891833912883	0.021984104127129585	0.04620925318151418	2.13176865818156	1.4104018553882702
E1590_154	0.004001675536589626	1.8591276792324647	1.4064915431211975	0.02557916486385231	0.0008270196121963746	0.01286179144809088	0.04199336438592143	0.0043431159480313685	2.1459976194342785	2.042878233622376	0.828718308029495	0.000949275347910074	1.6282377613553798	0.01331830999829193	1.531752419317694	0.004873896348021189	1.9515046335033381	1.730933241146113	1.8710137119767785
E1496_629	2.4408490902965747	0.0037423255596425046	0.033155049347760784	1.8029356424918408	2.000602066062159	1.7294951588622247	1.8036515819922192	0.03338418026065428	1.7032972123453654	0.05402220746964292	2.291141307123199	1.9621295839245847	0.020825818425244662	1.6634300273765623	2.248472214653915	0.009179975155689413	0.01500325869811215	2.1741564765350523	1.8617599094302808
E1768_175	0.012878469884974458	2.8290764346538992	0.05691417181543181	0.029808990173093037	0.3165664037146149	0.243115440609765	0.017371525569426928	0.00027769414930908565	1.4507011136090426	1.77457737412159	2.2577502081535243	0.002690849518143067	0.06488400662589619	0.2309424632038475	1.3470198325903069	0.1617498450711669	2.2211374894668543	1.8567471254456367	2.403145544678841
E1512_708	2.1678818423556097	0.001074057043701977	0.0005074145558148849	1.782849202566485	2.452645665166834	1.7435678200148046	1.488374767232328	0.004929221593985144	2.5366270922405545	0.011035583033572513	2.2092441517917214	2.204259759869565	0.004072555820536681	1.959285632574863	2.0586564597061674	0.02254797032388578	0.007028725634927017	1.9853118733346728	1.7945986746498817
E605_95	0.0054695753296364925	1.4137261947183128	0.01117806795885602	0.0007992648992788034	0.010909267679880694	0.021011889493546	0.0044629703779794725	0.014676027204532371	1.2813635665408707	0.3494548892482994	1.8667697501491225	0.010902099949074472	0.010162964324584892	0.0007201367171902062	0.28407948295984514	1.048120761606834	0.7655567729128385	1.9932797345024305	2.464239441261894
E1844_63	0.010908083969435805	1.8702976535678997	0.03921243932938337	0.00126332314515155	0.0002982233144256406	0.0025830643999435595	0.0076565267160870485	0.03495362287801808	1.4488862208770057	0.07551238828800047	1.9401378637275504	0.009328156234372631	0.05549226142356768	0.005698379181769495	0.02575049364569993	1.6696327453734068	0.1317171879741677	1.4721491023494957	1.5706534129249368
E400_351	0.0441856976714816	0.002787732402748964	1.2736565391721342	0.006709370091842054	0.7673544678491753	1.118425333721279	0.0024825566187072928	0.10685663852068963	1.5638629666120527	1.961970368656567	0.10999315562005696	0.022735490292829057	2.005889030899481	0.02025391839673624	1.0052390965705842	0.020399844857923448	1.6082316853901155	2.798984029717111	2.6827880101439647
E534_28	0.00018176572436672087	2.121758818772097	0.006978878268808279	0.09379117451284773	0.015519652851902032	0.014612819523926053	0.02323531277840514	0.052617934733337236	1.3324762126539422	0.0007616588831337472	2.068466070832279	0.05872245098617681	0.021241336437055017	0.03215476559446445	0.019280231638451613	1.8428962970420364	0.02986440041534388	1.622442705060524	2.1528219512695626
E1483_140	0.0028991963312115683	1.3191957234974667	0.008748997932374995	0.00891248151024699	0.013228219451831929	0.02018429825395358	0.0005355274894278679	0.010588113632682682	1.8150274747384527	1.3847126284886455	1.3542453866597242	0.005008982460167394	0.004482259318609124	0.025797241499087714	1.5609236554378056	0.029413963487550317	1.689638762585499	1.782503074624375	2.7730813570197927
E1187_418	1.1448290011499074	0.05551515163636804	0.0004198949824168359	1.2284116565177443	1.6843285249148678	2.0217807443971094	0.9562958908030328	0.017139347218346326	1.7133739990520367	2.0499968543684584	1.472885247134613	0.9421338344361306	0.0223025719138888	2.033081263465329	2.349107009719108	0.01744499539306824	0.0038271733648084297	1.9021958987510168	2.068534597912388
E116_322	0.011038542028386972	0.010136984176864093	1.690745488789242	0.029892313404353527	0.0026744271109169736	0.006957521379134366	0.006501204473211461	0.28448655116599003	1.7221451201625901	1.930508644767769	0.017272642819484495	0.012674324003520495	1.6335136972340862	0.08087183669754439	0.0038022395567860507	0.029067032376815124	1.4586459982318407	1.233460276570416	1.0514606400199351
E1418_293	0.04805706287914695	0.003426282673007341	0.009783412325956238	0.012602434630856208	2.0633461606686976	1.7545936736735066	0.01199876586294262	0.007878643691781203	2.054416906208348	1.7757933947540174	0.030387982661681506	0.010188498006945913	1.5977634063722554	0.015451251775420156	2.1678965953675453	0.00688383818746026	1.8274288456833223	1.6382516368290847	1.557338142686084
E1008_394	0.0008408730521971152	0.01104126268193545	2.1184055935335437	0.013042296504575704	0.0034913137183262225	0.004526746720945423	0.020633829375460544	2.2963231002227857	2.1656862400215795	1.5406852729507154	0.005189149348717182	0.006313662754466386	2.184382287778813	0.017241334173100094	0.0028322273242003967	0.03587943767892224	1.990063824487992	1.0943388188268626	0.0023153951940298786
E26_175	0.010131750157774816	2.358130397242165	1.0429356382983632	0.0014576142429789016	0.19255375349897905	0.04493687823349162	0.0002551889667763505	0.0052983477812853785	1.6245030587930411	1.7842867455770803	1.9550279398435533	0.013363152257058407	1.1380113353042771	0.019861369890970728	2.030257903064982	0.008702184935785355	1.8567142628527595	1.8945891641726416	1.7082662443557313
E1920_336	0.001477771458302227	0.0200299866560194	0.027536169086617025	0.0002925115270091391	2.1952377151079494	1.2993176526740848	0.013432008685136715	0.013497937433742736	2.2097213077816087	1.8623121399625624	0.5691778040718719	0.0018461432333378468	0.00036026757617572405	0.5821395768707458	1.493031122827657	0.02360739474703026	0.07616154288498751	1.689810134216431	1.7083743162515832
E1165_555	2.0016547808683125	0.017826678583850942	0.048321467824592935	1.6718314365871223	2.2102231742086715	2.3514191585079574	2.128756072175729	0.03319639548970392	2.297243746892967	0.007235256806360845	2.0140399344008904	1.847331499342606	0.0005904811003415849	1.8957514719894413	1.5862094610790334	0.018667422451810974	0.17742950054969456	1.5134368688515416	1.6434368324282258
E1461_317	0.007930281451228465	0.05515944116832283	2.2093450856218944	0.012857334566843407	0.0042956843197549536	0.001402385777465092	0.0004917117968378133	1.4121503869323098	1.7551900180998627	1.8339295354719107	0.05365569919384863	0.02326537938204992	2.0609554955621343	0.006423645908312417	0.0019061164422242566	0.01216603343476793	1.4700343283128916	1.7781057103281397	0.4824987232039107
E310_648	1.6510679034428224	0.012541380685880843	0.007036057969499129	1.4157214326368757	1.611448868785832	1.9816775422181463	1.6068397922632	0.0025138571982950683	1.70826040972542	0.016680896757414833	1.6209310037403133	1.4378627899164278	0.03389894923944816	1.7568861478914537	1.717137383057649	0.012044500328647928	0.009497346612878124	2.153954211380672	1.975633548531744
E497_344	0.010422536168313665	0.00491359380773491	1.6194433054360389	0.002570257708655898	0.04882636166848847	0.19922626389915896	0.003692550146457992	1.6501759670260816	2.167259228632623	2.1406203126036267	0.002892091590434645	0.007401606256741549	1.9654731493983923	0.029149276132216788	0.003719227829469251	0.047103778184989085	1.8382522273636648	2.112332194072447	0.15271479298613355
E1474_435	2.22383612060247	0.015258883358950037	0.06223797835759778	1.5268857027568616	2.207160042575986	1.43910667420295	1.9386449002856696	0.02338022138027272	1.7909770495982027	0.15407859399617546	1.8251285849629493	2.728250779493316	0.0003022938965423773	1.7040107094813728	1.8320116837617209	0.018796103549715927	0.038003124941482766	1.9893422965385943	1.6994313429352237
E710_188	0.0017956069757799613	0.036055461896070055	1.3350225650001517	0.011911137005631428	0.3666606042801223	0.3217484525874363	0.1036175730975253	0.015112554260838	1.5859301308047764	1.9873994749587145	1.155497957479975	0.024349836147750256	0.5286455349563943	0.1951916917930047	0.8825091661106004	0.001050892403806852	2.4315474417145486	1.4007629870074287	1.4618307638914043
E1490_484	0.01851522038510033	0.07493742115947412	1.6588372760387031	0.00781514514637028	0.046981682747819976	0.00043494520292517954	0.019535300323614613	1.7176030640966566	1.716708001218712	1.924664761599692	0.10191575346993888	0.011871445783047331	2.405040653878724	0.010802100073127823	0.006108518921268309	0.008373196851795927	1.3824297368212295	2.081288424109508	0.016093549070540947
E1436_176	0.039785845061809294	0.2488316211071312	1.7224512546277932	0.019233683130586283	0.3601976165644993	0.5111764013434414	0.02205171336745485	0.013117868930187921	1.6913027475373164	1.5878295289443425	1.6544687304906311	0.00928154920917227	1.4712896337344794	0.030906513697439162	1.8979356621390049	0.0012986558267799855	2.062096449588584	1.5743591728382291	1.7362511940217973
E60_756	1.889656511695485	0.004950174120647717	0.0015257228264229925	2.3292511244326968	1.867863873655916	1.8147108517556323	1.6997187028083165	0.006870298882879298	1.6115454766509416	0.04956570381782373	1.8323593263543705	2.3038364171643573	0.015572905918720318	2.1307656952951404	2.1955854030574486	0.003265853784701611	0.005077794805335818	2.035581364563251	1.816033609648661
E1301_313	0.01442382226957669	0.007981965376579534	0.019460891843706724	0.018737996972082425	1.1629627029150105	2.0076522942317165	0.005200538057688728	0.007699131460861342	1.9376573885057304	2.2104556251318503	0.3633646791751722	0.02382239695607575	0.3525734765839096	0.34785375114883804	2.4298991800372183	0.007317041121542139	0.5635975922016202	1.7797285361337607	1.868975351774504
E974_256	0.0575362127921002	0.028446676409786664	0.057850815005119086	0.008570912262792468	2.0168459911419885	2.1988422266595617	0.0013674924863857241	0.18580956998907444	1.752356311602682	1.862323931805103	0.3798788881654328	0.05474749315213336	1.6918368157607426	0.08877372752332169	1.6430331891076515	0.006147179899290844	1.6354666277152314	2.3170493727442225	1.5051114117778597
E1925_589	1.4728585719882958	0.009382365754491345	0.07932809502751909	2.0853676634083422	1.5117183830608023	2.6779345564771466	1.5599399524342374	0.01343271470016183	1.9922139253004625	0.3552289925936478	1.7082410194404218	1.5735549399449895	0.0008401349390599839	2.182038995316423	1.5319290286639276	0.003318241739545989	0.07688843548552944	1.7525629663983286	1.9744581322198549
E1133_677	2.331348329087239	0.0115050191206151	0.00881681311588588	1.5360904073220143	1.6185062907344023	1.9659643881604767	1.858106529632093	0.047905030406307315	1.826017741451874	0.09946602853633772	1.3754529833961218	1.8774062968065184	0.06098504332171555	1.988582819432376	1.9554672015741483	0.012375736250459736	0.00577915232131676	1.8477070314870403	2.2089914956090717
E1465_673	1.8929076743296038	0.0014967182016708141	0.008735286930743567	2.169326660092453	1.6088784660243558	2.250023304250216	1.907764917653264	0.01363246694736849	2.354982800790666	0.02070245201481075	1.7078590830496692	1.6503887446746537	4.901505279528906e-05	1.7041931911604462	1.417954150307104	0.003443609758846623	0.03463596847022174	1.524549335709134	2.054443481408915
E1007_69	0.00034422758657692365	1.4725118767824583	0.11991209882006156	0.016603107246076075	0.035552273823015526	0.005864157993022136	0.004967296705439484	0.0027566136138347905	1.9104728289198256	0.4172417215558713	1.5471547074180492	0.007923953957275522	0.019685949070550053	0.005715498741995631	0.02929115321283047	2.0689395492833214	0.07892789696732554	1.5732547072476777	1.7857519938924415
E713_183	0.007338642882380558	0.0003232147955058245	0.9516617315509956	0.06629755649795177	0.02184270035913454	0.0065097549636419045	0.09605187083299127	0.014581554324469243	2.1308763738507195	1.8260723832258048	1.2960194812042587	0.0012731349843755882	0.9072087417925964	0.0062529804671982575	0.1158829612299879	0.013578047529036049	2.2574264897586205	1.9808152794645204	2.5669287618891214
E20_4	0.015932328941887824	0.7065420743313857	0.020919477036114083	0.022001677332784964	0.015357878002173597	0.002652068880538473	0.0491705943170453	0.01005622476156067	0.5939443566359551	0.002928693468354225	0.6878293020155783	0.012734189403430844	0.01982175652289348	0.038350842276036495	0.011829499991575166	2.2474352567193505	0.011100037122247507	0.6285200819208805	0.8672736039403786
E1037_649	0.04532552009110976	0.05890109974871127	1.590163182997945	0.006976586240116539	0.0211864950520972	0.0131648206909533	0.01684065841678746	1.777625248081271	2.1079696263375087	1.9341538760975887	0.027166975795925044	0.008238384171032042	1.9525959651425893	0.06119124967451951	0.018146723037580702	0.002628975725443212	2.1977005618768204	1.9300019303276568	0.02175622302529292
E1898_767	1.7783646734056264	0.004887467588542591	0.0062418919076478036	2.38424256347423	2.0570911009275874	1.4963785507758989	1.6040312170307425	0.01914590611265114	1.9507405741944304	0.001749985006792511	2.1146810577695714	2.2168450844723884	0.016932858041514245	1.851300723954104	1.7179541726506662	0.011113397804481263	0.008304746811977686	1.7825866901277905	1.7856796523000682
E1856_601	2.4552224588343843	0.002663380337146477	0.000116601141892274	1.7995880741361014	1.922731036156005	1.6191223451252577	1.678786830161512	0.0012425354033476284	1.2251066030893345	0.007455764108638485	1.9371306554486083	1.9614586968782204	0.004110241788116639	2.3437127008363787	1.9081913680436209	0.01688302754861065	0.017296077540042767	2.180438697725274	1.6281658998627613
E632_745	1.542836474461914	0.0017249926251614162	0.014750674674997228	1.6124423219938278	1.778593558669478	1.7067383073917224	1.838312888842334	0.036297051379175986	1.8653842098130424	0.022781798292409342	1.6131850200329976	1.6937795212671691	0.0014523616403339787	1.359679549485144	2.1190352210915813	0.030920507083426838	0.006814319423228015	2.484242696848487	1.870257937907413
E1317_311	0.011971600478514628	0.05061696818719336	0.09682241373946412	0.010010249453734256	1.8449680373574344	2.5841249688023336	0.01138149830500247	0.3827484259276027	1.9048960747867358	2.181424617252348	0.02768543344415847	0.005379418392036324	1.1386401670300177	0.015377323213051571	1.5993622423410672	0.018455422663132687	0.7196255546108931	1.5379729881576318	1.5756677507468413
E1195_333	0.03408522894081167	0.02935853951439509	0.0053239562072510144	0.0856124340701016	2.094613700313418	1.6641822641919428	0.0046211913769790645	0.008337390730558971	1.9693373786257675	2.0271904966213703	0.11584323307647898	0.0012139922211170315	1.0392379894929948	0.2927114067160512	2.01849394994546	0.004887289252666294	0.964958063610625	1.5404089641380316	2.1445878927116326
E1927_34	0.0325876537762123	1.548127930634113	0.10421461316657717	0.019143685386623383	0.01906445115890029	0.019889662373877348	0.002761636144433384	0.00483841843096915	1.557982630835259	0.009666599014266959	1.6954536123731112	0.009035916149652271	0.009689670384924584	0.0029029539266686873	0.03145601829615763	2.0038869757234896	0.09678344677949537	1.7365836004927384	2.162286937561726
E1717_707	0.0021841379774101494	0.011326472339657513	2.5524179437208057	0.043719901211156174	0.06960474210802038	0.012389644194724738	0.006038864640670261	1.7113793172699163	1.95961638594296	2.0143407677668224	0.16211673574122348	0.008897726435018839	1.59971873781813	0.0036550261398129204	0.008739057785947454	0.00295993438685948	1.3232369684536054	1.8177263775835453	0.017746219192190552
E1026_323	0.0011205065447015103	0.005969858923083685	0.208242239770979	0.031911792837953784	2.797798083758104	1.8378825226164648	0.018283030311259503	0.00012043243183702312	2.085662890449187	1.4135050842037948	0.006962217836003646	0.056658274137715375	0.9994925957339892	0.0036069999446528642	1.7202448586946824	0.07247233226971106	1.149830776235269	2.27578623212572	2.055604105541876
E1053_245	0.036728058935386484	0.0025750336130054684	0.7413996215536078	0.007477690914445294	0.7960036385617542	1.1678981625785856	0.009718704657268292	0.002853544496177746	2.076295881502056	1.834801920556825	0.01427326171735738	0.06544633269598102	1.8848957978346008	0.0294788527974539	1.2348621951206522	0.017462513633545573	1.7154934932944041	1.4221622486196106	1.9221968584326363
E336_644	1.5511392921236744	0.014113909002771437	0.008590771275367703	1.92115856867847	1.9127274148332567	1.8713718771775485	1.7143459063264952	0.004897015206222604	2.05783557421083	0.010691857907949798	1.7727658866107674	1.5626417862618782	0.009722336056417894	1.7680126406850505	2.260577398873272	0.015418223488887375	0.013834387761352636	1.890287878393936	1.8549077982651028
E306_135	0.03526612790632247	1.7062131508411598	0.07079414312901068	0.009029909049157642	0.027235783945321945	0.004368541229088224	0.00036129337819557246	0.04368044712264674	1.8459166641105067	1.6961824938374002	2.1059232332267106	0.01192335324038322	0.06178499074652378	0.10236791281616617	1.361994471122593	0.0463048145070567	1.5497121723020444	1.7568422371450378	1.9548983809984384
E506_27	0.004757054634966453	1.5988315237785076	0.01670842363020654	0.008964650788351222	0.009800511672576732	0.021022873469476063	0.007164724975317886	0.012563162420372198	2.0496115237944537	0.006093673566130182	1.7330675117825316	0.07048199334284083	0.02976683268102237	0.024385450140034445	0.002140536206263125	1.739286669641826	0.0037250092404876047	2.0309958068009304	1.5798633050623616
E355_4	0.02549035080218633	0.5298556917313544	0.031118840760399218	0.0003690092770083078	0.012488974852799449	0.016785937440718966	0.007364310337552372	0.00898426326075577	0.4811611600855448	0.0014375683089992153	0.7546593638916756	0.0010677589615794515	0.0075122748075210485	0.0019452102615610664	0.008447616875110912	2.1306850937383075	0.11718622911829432	0.647385646690819	0.5461675127908538
E75_575	0.002376260833302908	0.03418737962775144	1.892030775761022	0.031297053282633804	0.006442490814568469	0.008574557246054344	0.006132166098120629	1.7529827836630791	1.9882794150840928	1.6725039524545084	0.003207982314583268	0.045733996021459916	1.859438282463388	0.0074272397344880125	0.0063694865103033045	5.016259462227538e-05	1.4951632823049783	1.6892696905689373	0.0016558671348616727
E1034_267	0.01114179326855686	0.004288010816326045	0.3950046470813858	0.09143082215392316	1.761286119950248	1.7666017039585635	0.02435703243045672	0.09112963534146057	1.9926630049221998	2.074839658688433	0.4966751919481036	0.0005913659599878497	2.209089842947497	0.049674326137981034	0.9750640495147542	0.005034505439129787	1.8926104067318068	1.6529900597827003	1.6284306072389343
E1366_221	0.0042078955683501895	0.3552650982029129	0.8789576025618993	0.021274532185032	0.8892627902825805	0.7640601573015839	0.003308460849105868	0.013929966679444091	1.454210303403117	1.5729722439765188	0.19625859236179044	0.009665907754382615	2.8755218128052715	0.017198740914902037	1.5569629000738627	0.0022244581953717113	1.7862781972957504	1.8403866467900711	1.6309953924699083
E945_620	2.0837434544888924	0.0005425206452811314	0.0047868208703861406	1.5836793133582148	2.403815890955856	1.3419241192686335	1.3984410974204964	0.0007817825456068577	1.824244741195304	0.0057719203685965975	2.2469127788224865	1.7803778351607606	0.0007275329997524642	1.543204975956195	2.612540461887864	0.042189413636041694	0.000728714408060425	1.8137610332141283	1.8889233821973208
E374_566	2.1605435971065416	0.0016986011738397404	0.00458253070740049	2.1838110558045893	2.064763712727356	1.6768891255596186	1.3762566073171256	0.016926554415507528	1.5935943216822794	0.02654162959515816	1.7274166066460754	1.7297709812821966	0.008196195788813315	1.8645410940895657	1.6130452275049931	0.004249024734398517	0.009113363317470306	1.787219398370001	1.8463829909852068
E937_764	0.010409961518098714	0.00801140310800365	2.398249300814747	0.009658221966410382	0.026271787578899933	0.013714557487795395	0.005569458236590059	1.344716627778126	1.5919863119514643	1.9756941800857712	0.0023443615310692234	0.0036050532628870854	1.766300105096451	0.003997135998317164	0.013609463519114216	0.005012541181167182	2.344493565916693	2.0184209618448747	0.006788386329121389
E1214_331	0.009909358901443366	0.018711528764382764	0.08169505915976898	0.008441790725251525	2.1609594088708555	2.0409549139310945	0.005893530070408364	0.02040564045481479	2.343344445227012	1.545241069079395	0.0322427044518935	0.01649086462881171	0.6154263305399056	0.10130762322619637	2.528691621126499	0.009372052204708877	0.5313157696634746	1.8389256984363085	2.141458161122155
E1582_68	0.00028866277880494265	1.9384798191142047	0.018728005497699308	0.003653897009730303	0.00020634263849522564	0.005482049232965066	0.02083859740496576	0.0039484625123308295	1.838412314383992	0.2311648231124792	1.8798071579764783	0.0010145729348128368	0.0019445581502147442	0.008960420283904142	0.05597085429613971	2.6081947659588844	0.6467882310059376	1.6077390269705816	1.9131967651792807
E461_168	0.001418886276818008	0.5051197844067383	0.06175502827141799	0.06427684104746377	0.012157821697894406	0.09670526122939144	0.001825439397273089	0.001907623337640326	2.708913082729832	2.0868469661367266	2.1835442981742643	0.06766834594663086	0.05005797735603422	0.02715282618636428	1.4127885281424577	0.01956129309112738	1.6457870045046077	1.6031431690938014	1.7865738105937825
E1810_235	0.021525194356061584	0.01021221350413472	1.0187388863973417	0.032373421297731325	0.6574027268301597	0.9262533158410912	0.04233796639276375	0.02582215537400312	2.137748989799196	1.679726516391032	0.6889087709964766	0.00176374448048623	1.6167943233220328	0.018788504839599228	0.9325981942653458	0.004438480635409241	1.9928779925166145	2.0161741557767345	1.548208480231066
E845_90	0.00014491443668399398	2.3169756304704183	0.005326180764854308	0.0027967618724855665	0.001962918821009021	0.02147688252168065	0.012822225185163329	0.0025396766607653377	1.9357936612771065	2.051714995481761	1.9332825071745816	0.0009054411294737543	0.02588334948748839	0.002265429501354844	1.2539868994503156	0.5669062863651804	0.6290730609972466	1.6932400948127044	2.0277040109026028
E446_50	0.011887885587094393	2.2395194369632936	0.03755780547540988	0.010912399768153528	0.00143918664230001	0.0035989404447750576	0.04512695815906954	0.007862800603663015	1.4814590765607447	0.02237780160963171	1.856961624942596	0.01158363089840217	0.0011207248384270318	0.015237041350387153	0.00025641686319279955	1.8022347845542257	0.0128562586948629	2.7135449557810403	1.8951413543733515
E86_104	0.03845046912988848	1.7328268317028201	0.006127795694142015	0.0026588763839979256	0.01412516697446762	8.129921857382861e-05	0.05335465518494825	0.06902442606800405	2.1630774558160635	1.419571549128426	1.7614419068763147	0.039499653920144366	0.003354250674520661	0.013390276534196171	0.7659428090760609	0.7578492217673422	1.4307833775718453	2.0349576263285507	1.8016747681683851
E1613_471	0.9885493544427896	0.03276967735201914	0.0366327525607333	1.8326637615740031	1.9675272509718529	1.9969045939699608	1.4392742680913853	0.18347772074040547	1.3855997412172538	0.6392522482239349	1.9468062280627247	1.309951724358527	0.03936126530251769	2.3573158701867207	1.6479761137157891	0.02605400549035009	0.06299178864722714	1.9861928619428648	1.7777215609735066
E757_624	0.05021736409108524	0.007206463014384132	1.364291542752063	0.027685849901149258	0.035424054242517086	0.008024205786119797	0.04528775179473142	1.6989313788501699	1.5788061533987476	1.3563504214662356	0.08546074579509022	0.06301448584618634	2.326855522217693	0.01666067510289589	0.002686141649878297	0.01674572816708384	2.3923634099865727	1.331412627772288	0.0034373554845337725
E1495_722	0.08110931340640115	0.0019557208472425662	1.8711481684966185	0.016237965543513092	0.05333039387283075	0.0005477720805443283	0.005635764484910066	2.030207126943304	1.6691008615968193	2.129222819920232	0.0006603238799744796	0.004628730717319203	1.985742049041343	0.030024258138322144	0.019434880792329242	0.0017620172288179273	1.9744870246593518	1.9428236221170128	0.06210180024064381
E681_361	0.0200707692394272	0.03900979182352991	0.002092014207817596	0.05224808855683212	2.4404860336458616	2.1765536462004893	0.10823667218747794	0.038612058492649835	2.105197961112068	1.3077182527619102	1.3883968062879593	0.22840065570767745	0.011723151466226276	1.7943181439094618	1.6085317308527165	0.0052306726871640345	0.2759073268258356	2.2015365761335555	1.94346750335121
E1557_438	1.6531563851827378	0.029607336757951894	0.12215674194142928	1.98041241863332	1.6136160953025218	2.1946316878983008	1.7106051278307088	0.005212495397348865	1.793364926355346	0.3233776259403359	1.9736751330447209	1.8556626489974253	0.005512552295621135	1.9892990743540924	1.8265473796555625	0.00013213845245786158	0.004809491240232937	2.3614087825077985	1.5679704406115529
E961_638	1.3291999486722252	0.03853073702595308	0.02058006249970829	1.4059078679049803	1.6084776489168724	1.6706780039764553	1.7741372001536106	0.14235520124284728	2.4811917336077323	0.03907773563408474	2.08513310529822	1.8499982742171108	0.019024840579464776	1.934210115285137	1.958411330753825	0.0217415992520198	0.0023248344376333783	1.9954105576345496	2.2003928431861084
E1112_780	0.03890792788087859	0.0003807629101384817	1.5547043695494875	0.0432217422218228	0.0389955725329976	0.02171876055867679	0.03157756057037545	1.4186312933486445	2.285157375824939	1.7982549184768335	0.07900509836262141	0.03155505654744846	2.407106267741889	0.013292538272930407	0.03089476811877752	0.01713242298267488	2.1618065743127053	1.9086728763544	0.007512241647669394
E1149_791	0.013218719501660193	0.0028718678513983244	1.8423197581385808	0.017482116714854064	0.0031067978926228646	0.0044861209860775535	0.05945028869829343	2.2413990378866244	1.9537281661029056	1.4775238601050025	0.04393807406580808	0.010023941820029088	1.8267554778269808	0.002904040165508603	0.02711621685051989	0.0022579080666230685	1.5400146500088046	2.5217483099873634	0.004799431557518396
E1232_573	2.4634549669140533	0.004444731518255087	0.02097573861484972	1.5420397685277418	1.9471382969092184	1.7270423294647126	1.753080805869511	0.06389398489634808	1.5913241763820434	0.03557074854176487	1.439129365886768	1.945995340236497	0.06098993977526086	1.551781510189555	2.2170084615061105	0.009154736221150438	0.03385521191968306	1.7023615766044482	2.099976538371818
E920_14	0.00931942537413771	1.5711813833266552	0.043232618228548264	0.016450058621481568	0.004391260184887551	0.009866120429893066	0.00880869462802614	0.013887685737522885	1.0460907226623388	0.027708199639828908	1.6038040056511935	0.015735145152582668	0.006710354024986376	0.059044454072365984	0.06807137579217724	2.1577684895382228	0.0014961682894990447	1.5854952294946039	1.1773449682151431
E1957_461	1.511546791884668	0.026778997695041204	0.034797963557305266	0.960864615035394	2.117030832725518	1.8682495964404693	1.5889410624876987	0.004245036913905809	2.4729488541392426	0.8521575635291555	1.5221298077038288	1.5054718622580958	0.004653917930591861	2.0028823242993097	1.8460718632314568	0.009843256086391677	0.009541911853161208	2.0995678142672904	1.021018412381978
E1520_386	0.004365611626503743	0.003036490693906964	0.013078940792224134	0.0083795874342088	1.5364784481197349	2.99652506970182	0.03555537216558284	0.01446432693627796	2.108806049388257	1.539721032471833	0.028454180261419163	0.002432737652738459	1.8625239903450013	0.014481628791841316	1.6268452557904325	0.0019699392202097406	1.7562662043357355	1.9172466257761869	2.3967910147196467
E58_194	0.0071075678928929934	1.305115818407086	1.7762995987058956	0.001896957890370568	0.11323873831385302	0.18334176700368093	0.0300070255505064	0.03542257045219885	1.8643120153545711	1.1994904968064832	1.832307378329556	0.03519538457220349	1.876907685157222	0.1229318046012058	1.8820239650924493	0.02859535292847156	1.866570864711539	1.8913938951267115	2.2429905463106854
E394_657	1.2497005907789454	0.13596960845195832	0.11717458761487808	0.6130400328373757	2.3252858641096257	1.4008117674694192	1.1905561804578777	0.0337671264905363	1.8791359933134648	0.7708479112395481	2.1301613581549943	0.7736927395797142	0.013634038973800208	1.85242831222326	1.6568117645911908	0.006864270961982426	0.002167216458254666	2.0979813856603267	1.6788529340168048
E188_153	0.05071489063378345	1.3870315845112158	1.5577938463167351	0.002931163565879372	0.005672274040782886	0.0031621258745550915	0.030046156939009895	0.01670173702006094	2.35094172080435	2.4652399531619715	1.8101512014157253	0.020817169296218886	1.1571546231792804	0.08480960144723769	1.7422040768585882	0.056727540825125926	1.9441618342440592	2.1000809539714367	1.4514885034018885
E272_776	1.15933427301431	0.004930061087731992	0.008475040461154625	1.8435830135547784	2.26094748499818	1.837087401174151	1.5147039547945482	0.0029654764602272377	2.026586144926777	0.052076271863253074	1.8951315072765609	2.7160236264598896	0.015147133966000962	1.6224015665780371	2.1844547939751444	0.00412582859337525	0.003423245320462028	1.4465782727503869	1.4958830032030546
E24_318	0.05256955202108871	0.05834293292492108	1.726206802900594	0.0116899262716715	0.0516932793206869	0.0016015349774195654	0.0015802845229117993	1.5341920705339689	1.6264998783859277	1.8270597280561944	0.09256372524985354	0.009071926992995605	1.9253260072046885	0.0067810415343741185	0.016127529677150653	0.006317234848254695	2.219589072499625	1.9795050309662	0.6628542626186811
E1902_658	2.1150112355131454	0.0025826127088463572	0.03896066879370738	1.7290555929984783	2.1240534876593595	2.1766729499443787	1.435323554247074	0.06082207977928264	1.837359282724904	0.010528208375683428	2.02322839739036	1.7308094509274523	0.008235629704688802	1.5716775573233337	1.7070941326879376	0.0015144596735927798	0.023794073526182943	1.8930190772060531	2.6923778469241344
E698_629	1.9122282318430144	0.000988182275922733	0.003384388691857261	1.895707588281356	2.2016616511887017	2.24073954360677	2.6441230895804093	0.02261020927248836	1.7245119462537997	0.09289455175956768	1.867348419657393	1.964195010847112	0.0042632288911882464	1.95981253357502	1.154371844094168	0.016469809195994063	0.002667106760776375	1.4150355212613732	1.9818484836258583
E499_772	0.007851667732522329	0.0012636279357500712	1.7200154940980985	0.04749910616303926	0.05229847226334508	0.018926949481506902	0.014751321840294204	2.751253942330892	1.6227498405050829	1.839484676796836	0.007154266897745556	0.0058181319154673936	2.147995856938502	0.034086656816162124	0.006943721511876793	0.10184235758712497	1.3696088869628749	1.6331182409765643	0.03808800621017404
E1702_734	1.7356035522989568	0.0010119718050546037	0.01181448067815186	2.204720097525513	2.086282454355141	1.7449586718393777	1.7647887178128	0.0007047627510098283	1.841329874630225	0.0010878219500040694	1.8705710631090309	1.4410738198660995	0.032561807239885325	1.6768047202230518	2.2558641102818253	0.013609645714601095	0.00882884419969423	2.091268158439477	1.3490416186426406
E1808_787	1.703200620739373	0.06079315923419325	0.06027693885903864	1.7946503263239206	2.1579523574430177	1.9289427200833202	2.1136903942866763	0.027810069850211783	1.9241041132825416	0.041995124056021946	2.19820836074497	1.9586936734952825	0.002697848924311807	1.1187678864621793	1.6004414753884353	0.10088923340200456	0.010012018400389278	1.884401455379889	1.2705244669473843
E1586_277	0.016894867979790618	0.007687389948759804	1.645854250003669	0.004391761151568016	0.0037602960585444174	0.014996282754153838	0.032737859898362566	1.5506329768385874	1.2014761665408429	1.827932663204616	0.014958435320981685	0.024526813652081383	1.7297010530978263	0.001441883831393211	0.01672575245480374	0.00612512530695653	2.745265710550829	1.6573996663411408	0.398292397889364
E452_734	1.5273217632225196	0.04695627052579997	0.0009862890159114876	2.002351735066855	2.465455603454912	1.6675248767215984	1.820889452634958	0.004075107362134987	2.0343303497610137	0.1444687553854456	2.452698379118145	1.9811906927356884	0.00040870564028370674	1.5511866223032584	2.252010309967913	0.031068247639275594	0.0690505159633241	1.4823974423104318	1.992909517521794
E1316_159	0.029103276029015336	1.9169125181952755	0.75621692491552	0.011946249052373554	0.0025677876885114147	0.012867185272966876	0.003988774560098097	0.05080299349120608	1.7335233287642602	1.4894536032038173	1.3717996923985754	0.05489961668335697	1.3212547978541451	0.01965941346545495	1.4654997861000392	0.5112079531799758	1.664735763358492	2.315579277276603	1.9432550734535807
E372_438	0.0127369206747881	0.04621341887833906	1.4739860111200531	0.008363164873499768	0.010311896633405492	0.012586298021296549	0.0018887923894734602	2.132456925753334	1.5747008274813958	2.3288415110220355	0.006004396546068963	0.07234405265935066	2.010307250175552	0.01877403386323568	0.047532336339983335	0.04241328157015722	1.8885486321472609	1.8655664513465675	0.04976222943962492
E788_384	0.04566190814591357	0.006531806783035826	2.105558117170538	0.005399782575185294	0.00643262768720985	0.04989414372540174	0.006901276889401873	0.519793939215577	1.7692260654827032	1.2691364333741375	0.07144869780776507	0.002397838244860805	2.0823417303899534	0.01290179482263757	0.0030865499908064977	0.002574206908032681	1.6779219606670954	1.865145633117492	0.8687888731673101
E1666_83	0.028585600915837995	2.092781021635972	0.018228153001871663	0.06632021036522537	0.007106751276784618	0.015590600670385318	0.00018928746258321127	0.001524977157851052	2.08420714720262	1.286314937228031	2.1729361366880844	0.031022438019337337	0.0062303014819582465	0.015450241306322306	0.3137344489670942	1.33869706025644	0.13893064315714598	1.6446392335169209	1.7246927285992049
E1249_637	2.094556729542396	0.0014988503061223984	0.03215933790036057	1.916938248223679	1.6684239340828169	1.5751985242881867	2.070294641863923	0.00169603341903413	1.9205381566709507	0.020679087399298274	2.124346652938471	1.9545073685784664	0.00992080307764421	1.8853598035054515	1.5392978291855801	0.004830259852863014	0.03939571475707521	1.702326666884505	1.9422921862445988
E1956_509	2.2248941063419427	0.12155592948950684	0.005844330257678361	1.7284741480966583	2.009307810061509	1.8165574395108424	1.8659378795516224	0.0028384538684318827	1.780538589873882	0.014890520166375553	1.9994251964190115	1.2815403775938543	0.009000910847504501	2.0657275464179894	1.4016472208968904	0.00336757903458468	0.00719251435062605	1.7139650267264843	1.9978808110878257
E1680_498	0.01568974968395819	0.021673299088702046	2.2494243220119152	0.011129597696419007	0.005806098301475632	0.016923222705230227	0.003893405863116929	1.8770578550757688	2.3955441585248503	2.092493574856354	0.01372318090890183	0.0012178927209412615	1.8063017301639848	0.07960013623122078	0.01803175314129499	0.04980112359771477	1.4649732362281471	1.732524647289499	0.017644200670359954
E1671_200	0.00460864871591356	0.4224684048918318	0.5055210206640447	0.004475586476457937	0.7163800171642208	1.1417061762685443	0.0156620694972784	0.007377260026521269	1.9434018179756267	2.282277150514544	0.728318448124261	0.02813131172454111	1.0985049010777113	0.14222964835057464	2.0344911414950446	0.026843451375072158	1.5304966081331692	2.196221163309655	1.791666420071167
E1937_12	0.005188977961386413	1.2512984485762595	0.020009684608124925	0.005074433888151064	0.025701413176944386	0.010371344637782241	0.004122374175246036	0.007692979430262333	1.8615419972478249	0.011651018076264327	1.0150388899328964	0.0026567550339510115	0.017113368956083688	0.012166959200293138	0.004514306697653943	1.6652600295671345	0.043720074079322935	1.1433644394914295	0.8951304079574393
E1570_428	0.010554087588107115	0.0009726996124484744	2.1919203706659283	0.0003910541873922285	0.016715462436155237	0.03286661248417682	0.03695717816568985	1.4679944455565739	2.661484533836642	2.357353690011659	0.07022023740145128	0.07881464731265682	2.1217865224756163	0.007575704405267181	0.04255188149590995	0.0039736037452421605	1.833607401507604	1.6873056786478005	0.3000125829722323
E1541_583	2.847209130216654	0.006586974960981196	0.0068866720104554975	1.4665719888097946	2.169544280528861	1.9408302028290096	1.924760814302583	0.004797603588920386	2.19542406695406	0.04020048277457591	2.375263627982869	1.5633460402429522	0.006172962989225771	1.4694725258136505	1.9146807827508736	0.010299177678261884	0.0048154926843790155	1.6866714994267609	1.4854356488142846
E464_205	0.005157483801903234	1.8382914241815367	0.13376582134371465	0.014509696605623368	1.6636008173429693	1.3556248651822	0.020188940631228777	0.018758674998356005	1.8621171085479784	1.4319468535826516	1.1507143898567471	0.013129710094355169	0.9386384037844504	0.4256307361082898	1.8222705490386588	0.06597298113710988	1.892641732820722	1.9823766153473497	1.9788095458141373
E988_571	0.021748708531605442	0.0018175680346264906	1.801319695402776	0.0028770776300528827	0.01980267063823252	0.0333449777133535	0.006074604328079582	2.6923156739052625	2.111088493556346	2.316416545039864	0.026600760607244985	0.002543904552075022	1.6191967118356856	0.02080009490490444	0.14579958200764662	0.0021075711430136755	1.5592929708575982	1.5605291335992504	0.020172662929374738
E674_288	0.029694135971470574	0.004458311564497178	0.004143594131876408	0.008302978080668702	2.264007724670633	1.7406587193925398	0.01275343615625047	0.0024213014903399113	1.8485323654009769	2.3547783277435625	0.13230423395196125	0.047428084522239865	1.1991207499874557	0.01807386429586096	2.240260348365326	0.002779024440519977	1.5495015184665422	2.109913039208231	1.4428193753216396
E1011_14	0.028223494960957232	1.5238491636146765	0.0007299836129099433	0.013623374919717086	0.0030287250690862336	0.035528412250770185	0.005525245171929628	0.06033828963277073	1.8635618881151963	0.01862293283068841	1.6513702563764885	0.003623475509092832	0.010369427145638576	0.032210360653938175	0.008780353392033426	1.730645134144743	0.0010268435704263003	1.7212079459185048	1.9333192593031083
E852_363	0.0008788575674846361	0.011316164510117448	1.6215894897574914	0.0251218087390328	0.0005684603320858598	0.006873684669740313	0.012446125042070894	1.7644970073310726	1.9977319859440388	1.765256353884133	0.0018254278322846762	0.002245052281417314	2.355504816086687	0.008663810620270641	0.0023123582783788014	0.04993538461249217	2.0917912743292626	1.246527127237677	0.06680328797048808
E418_231	0.10107914796658142	0.2140200465502899	1.2394515014799266	0.08018364004865514	0.6349646560548423	0.4362378579350011	0.007226176847397438	0.09507161507054722	1.3173666969957942	2.0169012987425994	0.056079885767542366	0.006496687472019545	2.0195727801285708	0.02007520514927329	1.5321867232456914	0.007032294390152153	2.174541146597895	2.4580287108087147	1.7691753530577063
E1039_733	1.7948915607955125	0.002810908846599547	0.011866017082587534	1.4172114217551584	1.5155460308091069	1.7225034082238468	1.7664825248255855	0.004762295023912167	1.6720974127027992	0.005918354853547514	2.2780112216921307	1.6908287887909226	0.029836020868541764	2.6925685552150243	1.6171836481130346	0.016521673628020782	0.0033760864462467496	2.0125704053427773	1.7459634304272342
E159_277	0.05438655239135505	0.020308777669020624	0.016538186992374058	0.05086025948710922	1.4856304208939153	2.2379854102723	0.00019532977638481923	0.009001118975525642	1.393397710966902	1.7689625018068116	0.1736464976035652	0.007079357428414223	0.4329040806458552	0.18384821565099413	1.9325893766618891	0.002699308090633872	1.1235701348664926	1.6960041608504255	1.9664588946831976
E173_624	0.012303815072975552	0.07535740176892387	2.006838984337631	0.0009611435763795484	0.0002378393082117184	0.016287541984858867	0.005338908689044793	1.3762168261875731	2.095296556856684	1.9469414043005744	0.005911850077440503	0.10273631284058612	1.4800918886029009	0.001059205240156881	0.004553269463584486	0.0049935310019661	1.6387832910423783	2.4238214316589954	0.02074317646535885
E388_755	1.711963847752279	0.06303205267210872	0.006182972081418606	2.5889737122479355	1.605009517223525	2.0702350152653666	1.991204459307164	0.0007727449921368799	1.5409798441061406	0.004900633981933085	2.3151161805112	1.6986657876091908	0.015259193521723063	1.953276929245156	2.03477569950076	0.003597797586193378	0.023916517620786604	1.701123627711988	1.7956886133740333
E25_44	0.0003946953207165459	1.5236516887528526	0.01108055354266772	0.019723822547627144	0.05382307268202907	0.051988240294804144	0.007359267555832977	0.005797449866949956	1.857568234541228	0.005154187819580642	2.2546218319438043	0.0034218065818812588	0.02006217104975936	0.015456689190189781	0.18917218767706329	1.5172908672526826	0.0035322384318478882	1.8909707255892607	2.0676891333912697
E906_293	0.21887891926514785	0.003820129474724879	2.22447238649684	0.008319977279800479	0.02638350602165806	0.0013419338990015312	0.029747933252022168	1.0942865119043879	1.8273166343437224	1.5824323871180193	0.07802081661990952	0.02108271112046712	2.028767480223124	0.003178170202437473	0.003002086459124693	0.008729106867024175	2.0615050077653216	2.5998345183704403	0.878184023766841
E646_119	0.009728956533775524	3.144858224075036	0.01493357635584128	0.04057745391202577	0.004548078509853407	0.006644851576115267	0.007882441751507605	0.01882468182525224	1.6118867653542026	0.762867219243359	1.674070785515516	0.014870572601533525	0.005059564321066031	0.01820395542874679	0.6116292273070478	0.5924594896780103	1.242289279133968	1.4719086718098318	2.226162379361168
E416_690	2.16550496619648	0.012254559229303578	0.002223957459437323	1.9531062009979767	2.0077374911774757	1.8515736794616056	1.7323885661265503	0.006555832611001498	2.9677847754947986	0.0064520414191802395	1.4169656648185684	2.269696723769874	0.043883399627889084	2.3001857475813936	1.696623569706856	0.059051903411066635	0.01750596762597062	2.0873808262890594	1.6259028752221798
E903_502	2.1805050942398845	0.011685944443131657	0.015553150459423872	2.04097232161028	1.487029443648436	1.9839803539855625	1.4658408286622349	0.005096886766267847	2.5355152208829552	0.2717086369750787	2.2138071474485344	1.7343107167576588	0.0010659957276820974	2.2109085134511384	1.9134283378223145	0.02270572690960972	0.011334345665442764	2.4963312859159466	1.6762837587463415
E1067_680	0.012101213706346814	0.023019351143056	1.8629845906685203	0.00505584953599445	0.005921036487903025	0.005068165588430418	0.015467408522071673	2.5129916449275562	1.7498590260682971	1.8910464767112725	0.003275739823238046	0.012770449560741214	1.914250335949228	0.003196739294383475	0.006670865089936779	0.058277310172418	2.126271216061084	1.746716871426896	0.12420146359568245
E560_758	1.5301555234717372	0.006019212181221218	0.0041766790716293465	1.6698465728705791	1.3936328800058846	1.754324181158683	2.112284907873625	0.0076821739291469985	2.3339801538691933	0.00832146652307724	2.2866228028403106	2.0768358297409453	0.0018775136101408765	2.4019297811093177	1.571427014302056	0.010763110964596137	0.016862355693284748	2.855281171908306	1.4420741579503658
E1934_651	1.64688683319731	0.015572827000215882	0.035056894168202665	2.0461780647126253	1.9352227445164256	2.0379582196101107	1.966337116142844	0.05346041086118456	2.513782214442376	9.684047102503628e-05	1.6176436471513291	1.8375747135559115	0.001804034974346061	2.0310301310954166	1.4580814844845609	0.0019003739822263585	0.0390369654899418	1.4848447947805583	1.693959208352176
E1716_776	0.03364591220691543	0.001012906435158922	2.2675480156563705	0.003395123105939945	0.04497960850097256	0.0037726267468309854	0.013174168437396263	1.9129821020516085	1.6478753592525184	1.869664539272004	0.0016790488286174765	0.11718164827086325	1.6806429865369734	0.009132580604429114	0.0006391086680500277	0.013839738676323071	2.158107652022356	2.196539579838126	0.01033783776615459
E637_293	0.003988237193861781	0.044727602852445404	1.6924630429983067	0.001444781306591372	0.0016635029064529126	0.02246396044833684	0.0011856385991952233	1.9841660414297195	1.6021866112512428	2.644217572106605	0.18010715525998527	0.019655196249168682	2.366995722248399	0.046591361439429935	0.06084312619777504	0.06438177604115103	1.7126671343982367	1.9093774767533165	0.09785625630125444
E1874_416	1.0003297188959752	0.007713917490974519	0.025682835121325347	1.001911804074771	2.191052797873892	1.6950101446325834	1.5551066539755054	0.01904863510367065	1.6111011780339397	0.5539016899081672	2.047407802599976	1.4434042193100505	0.0003606244654616661	2.624589248743004	1.6566566290466864	0.022485923731214247	0.03148869484913529	1.9437503494224213	1.9955533677279549
E1817_465	1.8866149875132447	0.0218736127288785	0.0014444086656119806	1.7052277432758929	1.27378645229124	1.6294522622810532	1.8887971039729523	0.003232087760520021	2.0995857733237786	0.03612952151181914	2.2550568873866026	1.9823509180453136	0.035008390776046366	1.840541139568432	1.3939625407738043	0.0156132706266509	0.0073103518774059045	1.8466419619862853	1.8071556238892263
E1897_42	0.018120502456128392	2.163319775815494	0.02892949040036224	0.04866334264279192	0.0408349148147524	0.11718120506019836	0.0005995746395839948	0.005984969456315911	1.7519652268935728	0.0049357612634398215	1.5940845373893782	0.06779184247717009	0.0051918805990987405	0.07726530595518226	0.00016134219823669537	2.454250616640219	0.13962049531862047	1.7649473163446268	2.1727276392075847
E1227_234	0.018813177647731938	1.8283794370138202	1.3638374433727771	0.012400666570488779	0.2359603083113859	0.42308960938787576	0.009204208513776166	0.002399222508643031	1.8144257139910407	1.6891716928107	0.06613263202306323	0.013394086945570236	1.2981642924293657	0.03780474335801429	2.0978256179984327	0.038084814657830514	1.6064654752721472	2.1444783099755207	1.7606642680704314
E1517_106	0.0053353174053317855	2.1359538985813247	0.04071426346437319	0.074146285970357	0.0009567293867440887	0.007457748864702942	0.006280107362513702	0.03029895639982498	1.6042544551201123	0.745208016900609	1.9883523299424144	0.00036154488005334573	0.0099139618384991	0.0009052803904846912	0.042784483916415206	0.015019903518860615	1.2572130371134145	1.7498335747931018	1.6973617945427737
E190_352	0.013397078785967359	0.017719760846703105	1.2451593715029157	0.0038911259809394617	0.002523131176529708	0.0014956220544100954	0.0015550203614876554	1.7033118770693734	1.7725538882085072	1.6830413695558055	0.00456522054380281	0.010311798218458006	1.725060169486267	0.013303396138537076	0.09849828987822916	0.06545614509104178	1.7856484135785722	1.7224883303973648	0.24027164063575995
E1892_473	1.7468452517621509	0.036054818617043585	0.04791701844320584	1.6315767473414209	1.823726537957402	2.132984755353743	1.561269762980325	0.019737468860124327	2.0175845615811734	0.07973389071349472	1.9200051451533875	0.989128884049816	0.09537995764523896	2.0665779541067466	2.0919691430744223	0.007063776385245021	0.012530851993223284	2.5924933553843372	1.7506197183103884
E1035_208	0.035838625116250696	0.6331632197888984	0.3267984234326318	0.01204605291553765	1.3997123843245185	1.1547967477450625	0.023955345236449155	0.007153496318965405	1.5827372287150367	2.205857786720671	0.8762446519495645	0.007460794829907956	1.3442792348055341	0.5286992189044201	1.867311012561945	0.04924954351752067	1.9063041694114056	1.9665225422011847	1.64114157793378
E1498_610	0.0016984937040900152	0.01875690312836205	2.116034267469292	0.027060338187034086	0.002696632105679305	0.013319017319434068	0.003987256929383686	1.8277469462212388	2.3608761691620965	1.6314115034142262	0.010062722263156848	0.014847277800608969	2.1466852354092985	0.06853671057961222	0.02120657547052155	0.020784641077524733	2.1020296330257167	2.34017403739574	0.10957662320777399
E1672_412	0.0347933335044104	0.010970709281477949	2.5368376624394093	0.044745164779604565	0.017617653415271356	0.012733464298412248	0.07046937631162684	1.7852330805430308	2.250610531745982	1.6520895490082024	0.0038881837232174225	0.011601439624299338	1.9182715238430024	0.01076845775688842	0.007083699120141583	0.00101561820693386	1.9022955738999603	2.057438511798245	0.0014568735003584127
E389_523	0.5288296428646166	0.0011867500627619784	0.017589045881015508	0.7501340333737744	2.0516029204481856	1.868324785108824	0.9259461501965139	0.009928808480524872	2.4170762692594256	1.3120098115979622	2.0522220612929507	0.6946631983448668	0.01120950019307178	1.957828163349652	1.4025960300431664	0.002488041976072748	0.004458439225630721	2.1888739817671388	2.1054020106770768
E1603_637	2.295393801184671	0.022748919466682227	0.02753545242899855	1.2681161331878237	2.126270326884832	1.8201190775539429	2.0502449778199607	0.02426903814605034	2.241164575415251	0.003872362998720095	1.7030590175575298	1.9752682656004976	0.0009739862835994443	1.831693904250756	1.0852948042035844	0.017215938215545026	0.026579312738405532	1.9381556953296235	1.7336404605962228
E664_248	0.012833264178502323	0.009837085630081715	0.000953713879199884	0.0057507801715516475	2.170001408560314	1.978880685820417	0.005138306937684559	0.03060613003319245	1.8950458979854203	1.8981367869462364	1.055629659781554	0.03421335776218428	0.9769614894685568	0.9429591127133046	1.6166467510930878	0.02178943645713418	2.317673440222694	1.7409883888822766	1.937869181111924
E592_659	1.1830156583769933	0.025656642434561342	0.0004231368839199335	1.1038376855158016	1.8647420889948467	1.5634272767073256	0.8446057911744334	0.009373891402891849	1.6495759670818329	0.7042959198748231	1.4962969175567813	1.3607451920027012	0.16625580248422922	2.338917199978923	2.3982101790660475	0.03976295735395143	0.022125998182720343	1.90198457061272	1.4656400472646718
E277_482	1.7073120638176498	0.022248829525034246	0.005730271070563004	1.8566141942394248	2.12609368298271	1.375423282607838	1.7648078060723211	0.005847177039742132	2.2584235250727587	0.04377204091651117	2.0096653906770268	1.9652358197628403	0.002444367575328796	1.7264085565954879	1.8745352016832089	0.013213023196999702	0.016805549706249617	1.8512646546252125	1.6159468442618174
E115_12	0.06887161088471415	1.3233926818973192	0.0012759231816461506	0.002475845122669417	0.0015231891999718664	0.003998520239025593	0.028883367432946106	0.00048689792024177403	1.611445131676892	0.006349401755671228	1.2861941068575335	0.03848519674107753	0.005827529116917468	0.03257022223348799	0.0004880543017570134	1.9877004425535216	0.007649178789394821	1.259656755949048	1.3455784908702275
E1605_434	0.0002735861658381411	0.0042638393636557324	0.030731225674089663	0.0974213303644045	1.6041109440290815	1.7410132607951017	0.016336867931087188	0.01174004294909168	1.4814532185478946	1.443020211077944	0.2218177583218649	0.00879411418862764	0.011592682501104592	0.4004018955672746	1.6288742326038828	0.015000220733591809	0.007208077702296069	1.7267892982519069	1.4012183024477345
E218_766	0.02212001776989473	0.047446505750542885	1.5914038250150226	0.006672673476740441	0.025470341345522875	0.007424215833378113	0.016056336574010746	1.6586031535240058	2.688562833668918	2.0052044963671234	0.039513417114647176	0.008462036082490345	1.8513052804412715	0.010141020918177302	0.03250816172342473	0.005036433445389624	2.146696323763599	2.0240705939510693	0.024603400867052948
E130_17	0.0004734467322013384	1.7409651515426705	0.029209073596090263	0.004244230955247354	0.01706728704342286	0.012644208258369654	0.005320019704567946	0.027363750119894132	1.2735303644541531	0.007540244579553586	1.5334421288023117	0.013507035575441449	0.008144701731300889	0.0008820094296349592	0.08806959449828371	2.3187633313060068	0.026319656080217232	1.9801153530902933	2.0500441205816413
E174_543	0.0009314315156344092	0.002763049848756041	1.6020039994814181	0.0024429387189409397	0.03398632737535737	0.0005186917301312163	0.008592753320086917	1.7816269014898631	2.254783473693954	1.8148521628683043	0.013107342766484844	0.002475604617093016	1.6857851061248816	0.012224548058361307	0.03736157655903611	0.005858814350410565	2.136304154375185	2.038094509506898	0.015016770990436424
E1585_386	0.011151303901947858	0.011900399792544793	0.01287389351976297	0.00431812496091155	1.6331764992390982	1.4797175590383782	0.007490647411977844	0.0006117390417049017	1.8296458653615808	1.880131547180996	2.0810872922720005	0.00041223951132517486	0.02011880957204624	2.194230655586667	2.26480929055584	0.00863964037058818	0.19716705157055128	2.4844896369287026	1.8307938121336451
E1715_100	0.02688527652622644	2.169825503213466	0.048298990936653116	0.0007268626380757722	0.005772997648040258	0.018007895019237413	0.0003901553007602532	0.05622993652695623	1.6712045857039746	0.594269852010307	1.682298889990073	0.017898714286610544	0.05198192305841635	0.0033370976079913905	0.09855096272863544	0.4111973105372522	1.4005735155831691	1.5865909631418875	1.789339962648305
E872_300	0.010563739004762795	0.0009748893902932062	0.022914423808327603	0.010350410155595909	1.9301470225691624	2.5117149263847782	0.0406098070131152	0.0031644888376246463	1.7262126032694325	1.7138454214837706	0.06263400960992968	0.022788464823435432	0.28520504853790324	0.008343297703651172	1.6433612574194554	0.0047512789086944715	0.7480587093742521	1.512152421736981	2.148202859798808
E1941_122	0.19049814999289627	1.840920260776396	0.0012162321353380381	0.003303176979592906	0.005246146935699771	0.022304251187526682	0.016463885072483645	0.006013053705901175	2.3864099868507767	1.82059756708878	2.286021156531059	0.0010934818813768188	0.0494294622473106	0.012672616991094279	1.1573669675784521	0.5228370179188639	0.9552188214578232	2.126707617497809	2.171376301858224
E827_773	2.0899115952991907	0.05699293021234355	0.00037396287883055535	2.2784710294155084	2.3393832595721404	1.7570163411448376	2.36454632340178	0.053671077953439165	1.7629141998669158	0.011330276486303541	2.0145463244875135	2.517829052951463	0.07181727976057789	1.9209272782141469	2.161824423490898	0.012014066683257343	0.027566945469959508	2.102867457097442	2.2619530260744383
E262_358	0.061464603700371274	0.0220251511868609	0.03980878863349259	0.028254757715676364	1.8235074739377428	1.8404086646543325	0.1106031149307411	0.002019412917050457	1.9160526937332616	1.7109743054596769	1.6634395231452102	0.034602241407428784	0.005300381980723338	1.9606361667151355	2.235746737451916	0.00014007362175632188	0.014637121238051231	1.7623810220734302	2.0789343099310744
E774_365	0.016140239174165648	0.016582865226275778	0.002969939520164882	0.0020871027353117546	1.7180547465984222	1.6795280952800014	0.007378421155545234	0.0378650747497743	1.7267931754958354	2.447238325312425	1.6884820915258427	0.0003701396129963135	0.0020909951626155027	1.2667925147029322	1.81684455113262	0.006135721461747581	0.01930642371835901	1.8195066573968663	1.9251097751991773
E17_549	0.7799898210898784	0.0038818695819789572	0.02341751203209843	0.9840572947736697	2.0760274082532564	1.8580366947967164	1.5341179300173693	0.0004954187040626407	1.620660543499722	0.5589397455316328	2.2352670974456545	1.0929400347641107	0.0019684839230231553	1.7325791299612254	1.4609224806181138	0.0030008410781002665	0.014484228341839156	1.8174161745604267	2.1374547985215586
E1792_717	1.6574829907357636	0.02743845739985093	0.017900237817169304	1.90631040388491	1.9830772620452444	1.7690973439915296	2.1754531415056664	0.0001830478203757066	1.8372154111271068	0.006474561522184546	1.6707678148721083	2.0537774771879014	0.01541263994457395	1.7650505929566482	1.7491031019461432	0.016458732677141374	0.015498423282336181	1.6115419770672954	1.7385374466601002
E1977_172	0.033848086826359335	1.8307551750363145	0.04641892615213139	0.00029180335510422964	0.06395714357181635	0.0789032886761552	0.0024874696837386663	0.0071828595081898546	2.3567308811456416	1.7832469209783124	1.4002716639136898	0.013330287241978676	0.0707869653592539	0.1308507172935739	1.2920758486996422	0.00021226876998403025	1.4742471124916208	1.6403759469806698	2.4332708020525335
E297_322	0.0004850596642342863	0.011135396261152182	0.033204147416513466	0.003483042510809327	1.4290819460798256	1.6279262978901912	0.03969851640166818	0.012687841834818973	1.8808651708417643	1.9598080747600264	1.1687049203317332	0.038247370134237166	0.3708189419132673	1.1593215687156324	1.4594577101604047	0.013242983017161708	0.3804396682643164	1.6467050092857742	1.7643839076669434
E30_716	0.003857205427606839	0.005897489011056457	1.7185032945808656	0.01152513640398261	0.03729884238632066	0.009046291420483259	0.0254485137326246	2.0803030473498643	2.014416432651012	2.050404523219964	0.0211062701006346	0.05553484197971596	1.8931407112673933	0.07050160364287185	0.013803845868081371	0.016982114779566508	2.4241013132599964	2.2619314229082206	0.031194629945339638
E1160_50	0.007572232468299939	1.7192885991096474	0.0011549591393357358	0.0013652437482419284	0.015723364529998042	0.010753344173869412	0.015075611422271916	0.0003627707339695357	1.7822658807893952	0.0442222580564719	1.5095062218094355	0.08553449418073744	0.0018812483651370665	0.009419112325917715	0.008740068677082213	1.980070464299922	0.009469788774782249	1.531771947023355	1.856411749030385
E223_234	0.005622744689941562	0.006682375947999012	0.3528122891165429	0.002177300998295812	1.1410248991060243	1.7251100487299689	0.058628764989927	0.008673484528901656	2.2003293086393634	1.5986399470869357	0.22366080954963696	0.0035511711215592736	1.6745728410741043	0.07469727282636157	1.9801237509821648	0.007544819842680819	2.1038087891487414	1.683669887207881	1.5269343570300733
E1020_540	1.3802076694018686	0.014339713033083162	0.002964991131285528	2.2386776962515764	1.937893034421171	2.0002812203946942	1.6926135474580155	0.0015333453585245481	2.1464160855197782	0.2110394244975269	1.9938856252564925	2.642983010333106	0.06165311014250045	1.787562966668992	2.182346899516593	0.005155451860203707	0.009462826679506087	1.7573342863555157	1.4431183699943513
E387_566	0.031100428423319813	0.01643411747899319	1.6975517022129858	0.004271017976888165	0.00016506026937651694	0.015213772397074169	0.016421560642898327	2.2890853576020813	2.0886678011455584	1.9313656284811904	0.001714325883133442	0.0014375021088531017	2.5956187020853867	0.011185259849584364	0.0019078458554158625	0.03220178967755875	2.2525202313817747	2.4940016095837407	0.04387934672973099
E1367_434	0.06828152686024733	0.0012852141992138325	1.9873307571744203	0.000401837479594648	0.010643350395005514	0.0010823397382549915	0.0009580767077753883	1.7569460571807127	2.302245458718829	1.3856201834556898	0.018160346507454208	0.0357992066850308	1.130193953274386	0.01272460903602224	0.05380297244102974	0.004969976648974096	1.5656222463124556	1.493120226186704	0.004208950961409904
E815_508	2.1370789698472668	0.0008495037723164395	0.004299042002150179	2.010554840707591	1.4225839322036962	1.454881527124848	2.002925466642713	0.00467024520618117	1.3981335434324509	0.0601767415222313	1.6451965584839072	2.451152955188855	0.006677067971547174	2.316102905086681	1.8029726924221503	0.07215665047683521	0.08502761611342305	1.4141217668952817	1.9953695178634
E99_469	0.008283994587061718	0.003201637849921995	2.028221801185669	0.006501237307787983	0.06386680004749581	0.0191833383925558	0.042333214357731935	1.9401668913183368	2.065284558894542	1.5572904414730608	0.09485514836869903	0.008314304496260739	1.7109067053724694	0.04123540652572875	0.003672713306714107	0.004001604701259414	1.2589246335618276	2.2865075589612465	0.033511210716153435
E1348_324	0.03283750786765721	0.0703798085114514	0.02898944026429107	0.00313480359300116	1.7818744902526928	1.6965331303666082	0.013515570858324923	0.0013215041557358884	1.8654477499555788	1.4183292202222124	0.7674900024660134	0.004066467289810403	0.7061702498180247	0.7041556532336503	1.8850607791808	0.009354675851855595	0.8448989551257814	2.2283986691154007	1.656773933889086
E1969_287	0.011495922594084813	0.012345422880054413	0.045953819959544256	0.033091038730618534	1.965450591417004	1.707003433532933	0.02628446975492983	0.01738678718938914	1.8083421983151493	2.356853505201903	0.6961168326392553	0.007250898558373589	1.1754127579032103	0.6740715222282541	1.7016491757917105	0.0011848181509865616	1.6895627342659547	1.8027147577104552	1.9635667963696881
E531_414	0.008306119183171623	0.22509460401166065	0.008257390080501905	0.006200151670356122	1.9762525476758883	1.4453808590460984	0.0022191570767378615	0.07040359375190673	2.527336229444085	2.272901331330289	1.485409968264859	0.012568869229679504	0.037770691924832296	1.7218553155434049	1.3415865208849806	0.002574244486417802	0.04015923473213725	1.4515651571505586	1.5008530503752344
E1860_515	1.8979495042751968	0.00167603354223769	0.008959629211283699	1.6799474397696204	1.6036898663186316	2.432366955796777	1.5446892861356931	0.040608345254390416	2.0005232498476158	0.058429487764656965	1.4846646553930551	2.306056950512154	0.035974562623790736	1.3635625366421136	1.57858124736978	0.002105997628565467	0.0021953791327696667	2.515636277143713	2.0714220055214105
E808_120	0.01753034294969089	1.5680852362343505	0.03250096807929718	0.01049688871306693	0.013783786873820631	0.0005846497077553112	0.0003947442480457912	0.06778361004656404	2.076753915090705	1.9216621519821613	2.0385148083000324	0.016328211097263644	0.002640891491241049	0.00535318921625897	1.7155292792630672	0.7100275875924719	1.5206906830431437	1.4929215427071807	1.8426106338016568
E1803_288	0.003468975392833543	0.0044539738283027605	2.062095017445297	0.007870620104839653	0.002552779917290683	0.008000251988027144	0.05092423439737072	1.6126603251131382	1.9602784769280903	1.548213561334019	0.0371330948481685	0.0026778526362071712	2.2553394488069705	0.023386783337061803	0.053743209477708914	0.011344851588667493	1.6926187174149594	1.997909271399289	0.17112786089397464
E382_440	1.856548008652595	0.007372881041900488	0.005069507591485738	1.7829007027447337	2.0890627605453087	1.9878192332158249	1.6710705920846252	0.0059392098420879644	1.5205856745628563	0.24245572494952194	1.6429201642064155	1.7336863877967106	0.005841823478683421	1.4930119257952217	1.928171596576988	0.035435365925657415	0.005174757603352192	1.3238931758812895	1.8796288588882124
E594_691	1.4841579084302587	0.0803608060378261	0.019783548738647738	1.6327476009359398	2.490467505774176	1.9873182852135145	2.182116040129361	0.0072413134259538565	1.5003308612537545	0.11786565933419105	1.717651989101086	1.8263000134881364	0.016377958624711315	2.1084640827504524	1.7245464108132766	0.008259179258849218	0.031475410520191836	1.4016428098926124	1.7817402472183987
E616_452	0.8733197872510322	0.015424405118826066	0.028245149018595664	1.5654830231685095	2.0832135228529287	1.7285485024333622	2.0148845717529102	0.05701020131894303	1.8538125504103693	0.7058817117359306	1.96987831589123	1.5333722110011856	0.03652377155312365	2.003932800621597	1.7181864634903603	0.019609164996984826	0.02390070758504999	2.2490998238962305	1.6515241728755456
E43_138	0.07406874131498344	1.9488386408082936	0.11330072962163215	0.0267057678288054	0.007806224068855597	0.016843424446370082	0.005054106783681995	0.008398637169710475	1.5130966689284542	1.8208934295988768	2.0361631875796244	0.019571255071368275	0.01296528437347216	0.06276464867336731	1.2277178370732529	0.1450706102121588	1.923251359734402	1.9561003360492928	1.3013977641192391
E1415_534	0.01807994962591133	0.010741389226470641	1.505703782835378	0.004647100436625598	0.0028831636992375873	0.04078447675632918	0.03592408240905229	1.4087476277557032	1.7385182674275448	1.9401231844052376	0.03236438542781988	0.0268365668776068	1.811165084680744	0.009602066792693272	0.002447599626717775	0.03852421915762865	1.6307992999969587	1.5067462447375	0.024495520808608826
E1371_562	0.0003404914889312544	0.01436313842473068	1.7414029179097223	0.02621439971810673	0.097470301673306	0.08321442496189384	0.015067388701069178	1.8772983787434527	1.3674162580957545	2.429716163301102	0.002738352609643412	0.015056098625260037	1.6269715984741733	0.013372939993267064	0.035063484170517537	0.0014106536271068359	2.101297212416712	1.4577024689555906	0.05672278997845232
E1990_334	0.07057174508231624	0.03236230024926478	0.0013201994403932845	0.11637741621850115	1.733365454878747	1.3553550066560076	0.008826609024395292	0.006463512978801067	1.631871948034561	1.7539506267896725	0.15298964035895612	0.07749419691036527	0.018920031993594388	0.13021826558566385	2.203922836555436	0.00744448427735925	0.10018832410691188	1.5485125921905691	2.3347709434647053
E780_302	0.007157628512887905	0.11002127682917676	0.01825797774095016	0.003168648969474613	1.844545020899124	1.5333533727936786	0.003712689652553615	0.033662546620155866	1.8155505566694192	1.7475226533623438	0.03393215060082291	0.00424747030334126	0.5762882772188815	0.004372320048096297	2.128959212832989	0.002792800273354809	0.5713198073506968	2.6016343230422883	2.2795927281665764
E1089_701	2.6647572005089195	0.0068383204768261725	0.02012778044551438	2.2116253738928418	2.2321971526877085	2.0356801371513504	1.611518037737534	0.006087205436418582	1.8965458901039849	0.0517759919946305	2.037863956621345	1.9586702591571927	0.005660523012975027	1.7653553325319935	2.1672685381218795	0.032248470574687486	0.0018737236227563848	2.047874987133128	1.8179595043510173
E833_535	3.1435769792554784	0.004754153426590517	0.0027519852900648656	2.4304396824908148	1.9168802945777728	1.926007164459824	2.2119342422410675	0.016992220296162992	1.942939680620792	0.0068697812410286755	2.00438020175448	1.6746497277958852	0.016749158181357433	1.5176771117138446	1.6406018509573614	0.007451832956997656	0.003740178416792541	1.4524512842239263	1.4325321075610322
E32_458	0.007666709618123323	0.06322065476322881	1.8780708334807399	0.09398435634633988	0.07912207168335332	0.0001312720335693927	0.00016016064362727464	2.2374451479199298	1.7320052258749905	1.6986332355875893	0.004471889406323877	0.058313284582941535	1.4539801184762156	2.1997912301816285e-05	0.002580559771748702	0.009790463729294705	1.8976212843675548	2.254040750642245	0.11681437073039508
E1412_57	0.04025628260011313	2.025345789056293	0.014865832932420253	0.058918632063931824	0.006431062403349142	0.022731666023649538	0.0008683992068829654	0.002784935766659339	1.5565408795239415	0.09437440695336496	2.0059391028905185	0.045364317485366464	0.004714478616743146	0.003257533732427941	0.005213334294968057	2.3732223251523497	0.033314023676182795	1.837409898778912	1.821540065469392
E1179_324	0.026195493635823408	0.014577281889785125	1.8231880745284128	0.02923830549706538	0.06839500070953039	0.0025250746758875018	0.0024675407746594033	0.4998236937545515	1.8431057698751625	2.081002645647871	0.015610782097165503	0.003710383908934636	2.0868294553085347	0.03399232548408763	0.008473922278626348	0.052380182936078636	2.3448511794254223	1.7970082939916414	1.4499083242241282
E1755_71	0.0057274867694995825	1.3673521382974043	0.002282817498594345	0.01134604178733882	0.012604375079403424	0.0011311102025005507	0.010728615224768805	0.0042424560199517715	1.9738461221781312	0.6953966235777429	2.3399394384354184	0.0078041972239687625	0.034324940790338154	0.03373378772012253	0.03597236732678925	1.4046592548649228	0.004320286147469352	1.6495751857891587	1.92058151352542
E878_375	0.005715538979133327	0.02718366098422291	0.03044135754274646	0.004256876596348368	2.1886502204507385	1.4702919465293505	0.026660396381712758	0.004385375832605006	2.1939785673389367	1.8278264149503924	0.011727746052285302	0.01619773350955589	1.4761596362620442	0.03517056925851158	1.8956956054586247	0.013458749362297769	1.1023047342554342	1.7492231349051672	2.8244969977180188
E1918_626	0.010096659383420244	0.004850942512541235	1.8197879170373887	0.017016521598041342	0.02794103993505341	0.00040029300164714013	0.004871193154609492	1.8064922081080543	1.7603248421986153	1.9665954323493315	0.0017968464838163452	0.04605390241163605	2.119595047286804	0.0036950298303981047	0.023231409923398845	0.008395783624630577	2.7186787638921137	2.09127787059488	0.01751347547426963
E1994_237	0.00953706908608448	0.00751766407806169	1.4018420097346285	0.0033328013416901053	0.2036884782465932	0.09958445077133964	0.00011837705419418845	1.0513105505804663	1.816333722730464	2.361676739156003	1.1914343875403173	0.031482496271471615	2.0013091180150964	0.08118646647960638	0.08177706865963781	0.020961070131187545	2.5733140572513657	2.219645686278508	0.16984573308990375
E1122_650	1.4601722952811491	0.0006137269893227742	0.0811379743305447	1.960052647510792	1.5410547605269862	2.0212756077143044	1.6941375916856132	0.010147620339812615	2.0701406189567133	0.0851731952942601	2.02234125433578	2.6961816808389605	0.00324434430874642	1.483058469535632	1.462192165798805	0.0217412104908422	0.0013450867298472958	2.138114369979514	1.7530362938830684
E1572_17	0.00027379450856418263	1.062817668135422	0.07466417022529448	0.010524181200980807	0.003464820798199388	0.03588752050398132	0.0015124528490413414	0.019791492046064348	1.5020815010797666	0.0036064198217785406	1.5173690475229695	0.024120443457337912	0.0007729777801405797	0.006209313208760768	0.0027532109099756355	2.259275226206229	0.0006164779682003626	1.2978082657816905	1.6167657999891252
E1363_678	2.32259798358042	0.050111544412816136	0.0126730749249027	1.6833149912199197	1.3017938361179515	1.968481055811428	1.8126734482111084	0.007873387336748017	1.639760148223385	0.002844513081555391	1.6225840437334431	2.210792911877262	0.02883124957237565	1.9736060287514643	1.5451487325322908	0.014686368980536216	0.006384483297281488	1.842615429419936	1.5991363126024545
E600_411	0.0011073986653449043	0.03586289995531017	0.0204805844659762	0.010711484635396009	1.683815552896709	1.6722062000454188	0.0008056037990753402	0.002008568018948164	1.6096216906325136	1.8459766552812442	0.12417106974772693	0.01998057148247375	0.09410917415070624	0.03622397356945442	1.8031277488156816	0.04758025860848264	0.1689683870336355	1.3150880382935557	2.340976248730257
E361_252	0.011705749415926638	0.01890134035230322	0.8818385892124357	0.017461936132633527	0.5091738881723871	1.2698305302728987	0.05264841406604531	0.04970078682546261	1.7644861723722804	1.6180214679094596	1.3591401876090172	0.02353145825449028	1.2965378132345309	0.030414597378363908	1.1479974350351958	0.016977250138871115	1.5085608422866497	1.7265099848930017	1.9992662135329404
E573_705	1.6623884739000228	0.00929815375979598	0.004849011832166968	1.3364069870673931	1.668046906635866	1.4451397384767617	1.6386026075290416	0.1127687687066901	2.004011384845984	0.01529033022883306	2.0543735721869827	1.849077837884422	0.014483748201173385	2.6238232495106333	1.590646227309961	0.1366530419187138	0.0018438728915869586	1.4532143462882081	2.151697135366501
E4_460	0.030645963274655682	0.06666915566538875	1.4471914123865104	0.008582619160898444	0.0028222743460724173	0.0196890479521384	0.02927651644176202	1.3964148566195738	2.062085418145057	2.495510063434253	0.0040659928505478475	0.04739007283664095	1.7946581817944238	0.004700974643308689	0.06614468147672832	0.030736001871149075	2.515864755344215	1.8306376690242947	0.1403915985663358
E183_778	0.006681116533834123	0.0007300257374130305	2.5764692565046565	0.0019783883870728527	0.0416657878108548	0.0017634481539696894	0.010940643981088242	2.0567767434075463	2.1579981682876985	2.291672912050605	0.026035304887431183	0.0037344157402964	1.4281472746402673	0.002688285072675049	0.005274943153184279	0.00993278516384678	1.7570491804199777	1.7831639733717282	0.006495443324679001
E577_717	2.248539892540688	0.02577561086281568	0.05177092415642018	2.2380266443721344	1.5001288880722472	2.1670758727962403	1.4720669052753017	0.06111789204334533	1.6203413401456677	0.04458270233743988	2.0476862044923507	1.6870725430452358	0.06552683220476388	1.956000362658452	2.4382814673975624	0.024471170406613577	0.03807455403464828	1.4363398149274234	2.0884145069550306
E1060_285	0.007486241763803344	0.0021190374227180245	1.5111335501546397	0.006380285792300655	0.503971043708369	0.4353446548406	0.011389100275022945	1.043929384076938	1.603300571792574	2.3582493800142803	0.6429229320115709	0.13731431945531614	1.1808787962402771	0.029066730563359088	0.2643398397625175	0.001680098922311946	2.2662993242563743	1.6361958408347927	1.0483194547114734
E438_149	0.015179154910293003	2.236714555726212	0.019316133080135585	0.02491965317284709	0.011390775743460216	0.0014841580533487876	0.0032697291602974826	0.04668677489244565	1.572937497776936	1.9818412568042327	2.1376696595077527	0.012576381549919151	0.002174261841425393	0.011350075912786865	1.8270993710778287	0.0897602067744727	1.1481773540962263	1.5527866246276554	1.8738759740260664
E1185_97	0.05872499151622754	2.088163981973933	0.0020336424246503067	0.06888436835513294	0.01999471332363896	0.012890522505044421	0.024487308214150055	0.007340627142422735	2.2593868596036546	1.5237898554356784	2.024511160123367	0.023380079597856825	0.036706222008229115	0.0010495592543552082	1.3671611943317283	0.455068710549961	2.1001803088696644	2.3447974027892444	1.973960255489857
E1012_128	0.057529717274839874	2.541755390223527	0.0022369641947588507	0.006740854939067566	0.10051541605919798	0.013582961022637785	0.014012339507210429	0.03229431496752306	1.983041075241876	1.66388211800529	1.5032367399821618	0.02727479389986968	0.0006621555309321447	0.0024441376975988475	0.7477937163575024	0.08579501032377973	1.484258555856135	1.7757654627230055	2.011277342054101
E567_325	0.030229691208318824	0.005241642243685266	1.44937984236085	0.0017028057936525527	0.003394196051640175	0.0005668530129791223	0.0027895584143039693	1.9650781862011104	1.826348798195985	2.2478133288067155	0.014736896883528331	0.0034367369876335523	2.0015451398490205	0.0018297956188985665	0.001742256750608838	0.007071458344788777	1.555915335408821	1.6556173397747367	0.05029799480437677
E854_479	0.0046077593120191895	0.06437908145464304	2.3962471792731024	0.0023390607784602602	0.01717590757529007	0.0006144847752990397	0.00615725871391434	1.6879417931471572	2.2367173725985143	1.0765469654292141	0.0016734737435565765	0.06868280430723689	1.7657728997858615	0.003958291047779653	0.11110396950935132	0.0005713625959856577	1.8747649652030336	1.6637777029347232	0.005558481563733857
E1359_513	1.7891913818210494	0.04312838629034745	0.004559999933537819	1.8135978167091005	1.713093481101085	1.8754591721819118	2.4761688609267205	0.04355299438420935	1.822461872229576	0.005856192644052687	1.7232717606553871	1.8910389627146416	0.07262357572412333	1.5528828148094194	1.916640607818609	0.02600713169363192	0.005418563011183762	2.076379711553898	1.9973596036140948
E578_540	1.8099582021581468	0.0719837735341686	0.0003887823030198729	1.4143790662368594	1.7956529152674592	1.6804071736030484	2.0756398261678184	0.0667915129866024	1.9524132230627944	0.012956054821534842	1.3402955746767051	1.923966793955745	0.005420026129480738	2.0341993606340645	2.151179284295937	0.018540074636893705	0.0392822271411104	2.014997901912332	2.7763515035786304
E1425_539	1.6984862585602567	0.2424993781460397	0.009377323963725176	1.1389839109290167	1.6016497903084084	1.8484403002426104	2.081965884395209	0.0020139931772720173	2.1051171672952944	0.0014479257723615387	2.2136345518348097	1.6408481473139682	0.009901533803002734	2.2195857473535137	1.5779093494261092	0.017522444752139373	0.0184377836729256	2.7231609284883183	1.3744492409530258
E623_168	0.019216742461781323	0.8394420622546456	0.03322359089610881	2.543418865823678e-05	0.6435805896269626	0.5924318256534515	0.012451718580599591	0.0001443767467212685	1.912412511361468	1.6272168106331928	1.7410409579504853	0.04265196112411099	0.0021504541613685	0.5134305146876987	1.7156768420457569	0.01717209446002109	1.6450216019673578	1.5658199111072606	1.5234022966140952
E1115_524	0.013849292933464869	0.03301526349409978	1.7036180740876596	0.03243176870367659	0.003000810006027208	0.01312497617720839	0.0218820615905872	2.0193182771991425	1.8756634258738136	2.3583678229849574	0.05733871658044967	0.0014006940073125445	1.539168239715233	0.01093361746616856	0.01329902874926486	0.2197019921035661	1.5137582740210342	1.8874911666032088	0.02650987023630509
E830_329	0.0424454884835232	0.004065127747728446	2.2200038242190057	0.0031202993292991786	0.017633438138977886	0.013883716875791815	0.02037723270481312	1.4834546296784412	1.305624656197662	1.86755043982437	0.1119811654239292	0.0017344967759367214	2.014725257552525	0.0018511443840133	0.0002696288385275113	0.07626028189763033	1.3606849644279502	1.9032803115654429	0.071719676060733
E718_327	0.04524619754331942	0.019020846760616758	0.038700355115543685	0.002858181402151893	1.5448957391950917	1.673199919150738	0.02281370856704312	0.0002448575755749768	2.09653072722008	2.053138146012345	0.0068050460971641035	0.029005960246214775	0.16504995996803118	0.054546712098363016	1.9770896323896456	7.314803041147053e-05	0.14365669817196144	1.4938938126927792	2.116425080597612
E1162_235	0.0143865642938153	0.0006754065377163885	0.1359868467147207	0.0016124012690082825	1.7805691530378247	1.854051953421444	0.004731616725180826	0.017403944516064338	2.009510950751481	1.8398625359011	0.9242515998615368	0.06631397538439386	1.5847360170810778	0.035187840891314014	1.3393046222561766	0.015624646915505946	1.5368445699699895	1.98364604099519	1.621539917380039
E356_684	1.7432150379139868	0.13504695949847134	0.007610650156024388	1.9004528714332647	1.9071613425970344	1.6050328404222522	1.9806790264858505	0.04621982450557759	2.231561466482087	0.0017138132162993367	1.8402558158286169	2.0725631533414144	0.003533457801611664	1.8857118263212	1.869499853888347	0.012414583919532042	0.019081174507125487	1.852997296730008	2.2569415908256816
E1660_312	0.03564307481530996	0.0035147048528616155	0.8463870902150866	0.0019441716230804427	0.8672753683326871	1.1380247497550422	0.0067117788107997605	0.08847280850891673	2.059016405286247	1.7862882979683616	0.028868792322690736	0.0025835792763057213	1.700813510615516	0.044806560147604035	0.9786101031723692	0.057731673737946826	1.5872999588484014	1.5979484079740993	1.827830124023566
E357_739	1.8550906842000108	0.02912406492759127	0.024792856597301845	1.6646110746911469	1.855615576103876	2.300801782858544	2.350509357086134	0.005081738942871962	2.322936407165032	0.06317072397347696	1.401044285754428	1.9062757841094624	0.016569369136055133	1.6759989216670368	2.033040718340949	0.010473967105168016	0.0004097252359556206	1.7927813945960582	2.3324946988547883
E431_502	0.03292143357743424	0.01212070483539021	2.0458302296332103	0.02688569689676772	0.04774811338593815	0.002058837419255007	0.02106709009348184	1.7761914051440355	1.347910739119645	2.194558947396264	0.0075653777810368765	9.601047645461914e-05	1.9317625959956324	0.049957525520596666	0.004412352126537502	0.028363934770540482	1.7056055642791594	1.5816288493234467	0.005815293285972332
E1329_317	0.003001938703567205	0.002741824309707282	0.030831298577518217	0.010936618885095254	1.641290413825475	2.025327753511987	0.01796450665487796	0.026848286855700752	1.6150417752628266	1.7905378334150388	0.1476648998515801	0.003064216756445403	1.2428016419930743	0.12421170380029127	2.2020200015760065	0.004319124249421736	2.4796077306050184	2.008357458362064	2.146432641245001
E1804_177	0.00034476279741111135	0.9435661989197436	1.8038106486518528	0.033143936986398656	0.004086207231160929	0.012009777027981559	0.03314151747916312	0.003087599323255857	2.0705885809190803	1.644925986226094	0.5494679685997722	0.01935900608516033	1.9642213212857544	0.0406613755944187	1.4213878041822412	0.07435553437886408	1.9348073670959955	2.107782065939513	1.63113312361274
E105_36	0.006120128675079885	2.1065793196199434	0.031093016932710844	0.006182565763459519	0.01662324419921759	0.12137243578502595	0.004888407100002525	0.05623249027777361	1.5624751682335545	0.013042563205257679	1.7479810189030744	0.002949946100538021	0.007768187405236344	0.0035177747324807683	0.00405308869298742	2.091735262494673	0.05191048453962361	1.7700096450347196	2.32286499557104
E1839_633	1.4883650281552252	0.0020318233556847107	0.010293615326012636	1.851269617675116	2.1309234581289767	1.9894065020319711	1.44712396832253	0.008391074525985144	2.0201322994229973	0.007104531865866084	1.8123995975072664	1.7728430964877353	0.006292381696059805	2.494996571732629	2.2310443380709266	0.004266697483345741	0.010780587232087798	1.8352304815532712	2.0909124613803898
E1791_209	0.00236185978672661	0.7066912555692485	0.030565086853031512	0.007362912071283442	1.9738839137070645	2.38543554871902	0.010816797799142677	0.09057778747383334	1.3223531259750088	1.9018384823818104	2.3688416036224247	0.00533943918255075	1.7606357101658905	0.1276687376877564	1.6379319208690033	0.021135934968142603	1.6721146664132829	2.319513061159085	1.956232329568519
E1374_380	0.015200086391335925	0.0011404932329696696	0.002631438158363659	0.001526339849633444	2.0172152358091	2.144722988023985	0.0831802067933823	0.0036233246234951243	1.5550296067628375	1.5462567970125922	2.532445708447507	0.06800864506137147	0.003335982182057261	1.5580924269128205	1.7598993952656297	0.005410686258655846	0.06966716839231699	1.6132909083202691	1.696580743569312
E1107_415	0.9676151068384108	0.034286460922154594	0.013789968065948463	1.7216242719976147	1.7176870819718564	1.6648104709419087	1.7989459631321374	0.01450111405584901	1.4212788031049983	0.5304570818561533	1.7487332936902549	1.6798959062926573	0.02157695632800373	2.090574279864228	1.8830148059047558	0.001707711097091351	0.00436892126347568	1.7208360004209828	1.538033925142684
E558_59	0.004326619895894871	1.5233471975972153	0.02419432892801529	0.0007143776832948807	0.0028757419775545297	0.07288390103277616	0.008894268138954092	0.0010724232069835905	2.488015939937849	0.007878987397579655	1.8102746659811464	0.019017422252141918	0.01088046696500768	0.0006167711654888007	0.0015152747396115687	2.3965066320660315	0.0485708928932473	2.0621965234149284	2.0685207605147458
E1875_432	0.08453267504540021	0.0005560350342995414	0.016160106440567944	0.02813119898843772	2.0917016257986463	1.786075021821938	0.07221195660765747	0.050561276492041465	2.005931048472485	2.1016497089523978	1.4599423562194898	0.025081266347716576	0.006672045944248307	2.0821741732141783	1.8905272736565035	0.030349820150965837	0.02546199973541491	1.769267007093003	2.3490040884486802
E1529_99	0.03163936070338781	1.5437163729320569	0.003249919310145546	0.002551750185565665	0.016028608861439166	0.0017575114239194488	0.000372599381615977	0.011175454543047142	1.5905045040590806	1.652147082536663	1.9781516732704487	0.0014039408203315403	0.01308370660351138	0.004528705685936546	0.5298159698694639	1.4067394067828596	1.6524855945723047	2.7475774832169138	1.4685193924493083
E1379_80	0.00900345417050687	1.4906612946759956	0.04499168862991256	0.01035939564558098	0.04326735412448773	0.01018206833822384	0.0038286552448422296	0.011492259368576651	1.6982332740469572	1.0135464161899082	1.8188898832636136	0.0045585427456145714	0.00409204933292203	0.003675023718815182	0.012299864514013787	1.1400457734571192	1.23007050686895	1.652093075290584	1.90769706774801
E1105_485	0.0030249429940004385	0.08374208397081806	1.9317745139705569	0.003323246154126853	0.01447305676037033	0.15412708418460602	0.021063644753440657	1.3527051702965085	1.2562140960777155	1.6190193040386998	0.0680415909120273	0.04217991010121268	1.8058672410383323	0.0010057595198010786	0.002636025195690303	0.02435510206922009	1.2349193984378242	2.3945852506898655	0.14991300146576034
E1211_329	0.04885251628304767	0.03486406197129712	1.6935543658720906	0.03370107278851397	0.09336423943140666	0.027273929042784903	0.00015145307844119165	1.21598587657754	1.3356239292606211	1.4762357222857567	0.014433846186212637	0.021752856803219776	2.281233486185839	0.0042352225586129895	0.02641720644626787	0.011915406877685272	1.98776402750972	3.2220048025842614	0.8334891299735773
E126_482	1.7180700445740933	0.0319324918279482	0.020761605023932272	1.1463425519777226	2.586637319686	1.646845126371815	1.1782691028408885	0.0039965183302769405	1.7874623937825234	0.7369542338642281	1.7747917398441209	1.6366550995985127	0.0035533445074858467	2.2956419824462206	1.6749530958783352	0.007981459981754915	0.014919356175112272	2.2734652198749883	2.0777120688258104
E561_268	0.10429916236237248	0.008021918954371939	0.0055248481973180115	0.013473542226240837	1.688831213834004	2.4428220589534493	0.03697530361829288	0.0049315577235129	1.7164158593683492	2.0991840721515005	0.18169222025747545	0.004143668147414209	0.10107862643825327	0.09749594736034564	2.0535982880137533	0.03942669969153542	0.08905630072559474	2.6696977679778655	2.3117245014783627
E224_694	0.004496559938743467	0.0014932341001575296	1.6351665111002762	0.0045246803618199756	0.013601013983896215	0.003682210267977612	0.0047609060849982355	2.0282848862360905	2.1382191054946347	1.8067807132857832	0.030257148801658626	0.028301888481544545	1.8605213003203407	0.02140236333959761	0.00455814906763349	0.0519181105402308	2.4672287773699177	1.874128120102002	0.015118275500877831
E1140_710	2.2963142184829466	0.0339973215335236	0.003856753668947648	1.8965709640715611	1.3380585145223387	2.3964904006164334	1.609640085351853	0.0040797868602727855	1.9314037255850127	0.0014333815333018884	2.776408150405318	2.2187027384997617	0.0004950491314075717	2.5340142665305763	1.7455802934514002	0.07748591714733583	0.015874213307357322	1.8678799333378395	2.1588644354069
E1968_292	0.0006455424045271121	0.0003854368447335203	0.03396788150058812	0.007956446843988937	1.7513732594101044	2.4963952425372407	0.00022363594953509145	0.0044066051734174905	1.5012166665067102	2.010514079800278	0.026546684477054786	0.008920173788123027	0.1178103780372111	0.012545822828251695	1.5452331060395301	0.002929847323622188	0.05608535034652352	1.760098693911905	2.3065956828398617
E1197_446	0.00020905705632316587	0.017838509763680163	2.1378790051675547	0.03500280174418352	0.01300143364521858	0.012550083136608063	0.17807107745123038	1.8171340320570195	1.6153060452193408	1.9387704318409835	0.023732124391536262	0.01848488026942357	1.5652645769415652	0.016367977049014368	0.08789772844478712	0.0030367371716345554	1.784318630426481	1.7875968266348956	0.2427158138909715
E1713_572	2.13633947372488	0.0004700044993590121	0.004237480648274945	1.7364593796615708	1.873339240060928	1.6884904915978882	1.480858317052193	0.016484647819846085	2.224729243698999	0.014287552419211447	1.5092702714654955	1.8205637571001363	0.013147497865216386	1.7547676557552327	1.9019224445761536	0.03358838928531725	0.009632962695485605	1.7726901599337106	1.7469660109661218
E1457_367	0.011874517585710405	0.019112134438435253	0.003001195980508877	0.08459776570888157	2.020150006679677	2.2810475937436108	0.037058552083111526	0.005212252596631332	2.215228729400464	1.7468312625661246	0.7468392384897751	0.011767176239817666	0.012751903196092491	0.5371199616543282	2.040553586018357	0.045997883801162	0.0039030823246743924	1.5000388811991474	1.854041125935025
E1071_524	1.6197777362535952	0.019276160173292933	0.0014703781289602976	1.8731129091482444	2.1007793287780614	1.3901339246433368	1.8160338076967681	0.01995962764038264	1.7597697920696602	0.03984919779800706	1.704037452758578	2.3908485208424795	0.04006400925848295	1.8332335541233429	1.6112349726089572	0.01004962977948545	0.0072939575152304375	1.5058493482384507	1.7179127006056765
E1174_158	0.0016439401773477164	1.6292131773732128	0.06288346201568558	0.08058399020977	0.03549360334929911	0.13499697501114438	0.014278776699055269	0.003010092259751055	2.0859738466175024	2.29189299985894	1.5049496093472872	0.00723340859902425	0.09070256880545287	0.007070565044109919	1.2599279762785591	0.054400145063678886	1.4500115259446231	1.984182748023575	1.949548390591667
E676_194	0.01811894901847292	1.3035941229259818	1.1110884810298365	0.0167522931142903	0.24484272685850395	0.2506973758025171	0.0004713456555337962	9.585925060583904e-06	2.171443595727519	2.503976145906378	0.12009193147232344	0.0005798901665435112	1.5457363057611393	0.012097936543732271	1.5121290049724376	0.15300654244665948	1.6643268910788582	1.803951480081991	1.0795367905931972
E1561_612	2.0792657541323543	0.008013610240907668	0.04048529455264214	1.9630317161331416	1.9830261339811688	1.4547533728996238	1.7670520266110594	0.029543182076347856	1.3093518727095217	0.00043220671361802234	2.181302287790725	2.2868145449107407	0.022558987647896	1.626272684509086	2.207061229075908	0.13092898579495832	0.009443706325711265	1.5684964702189028	1.9218619278942968
E1944_580	0.0008944063776565818	0.0014261387197887115	1.8724093666008408	0.041387979800374834	0.04825157873809071	0.032847468045573834	0.02251724071412217	1.7910525816472374	2.0233666163884405	2.0269299753043097	0.03146386309567602	0.012803133836270516	1.7682769411084471	0.00016795769694377688	0.00661066181813119	0.003439417094867761	2.277822924862824	1.997575312352916	0.013366685432418108
E1964_627	0.021917598047354825	0.0018735539583350504	1.7455445916904315	0.0020736472816311607	0.0016718613855346686	0.03308227246721071	0.003352415083781846	1.904601273414234	1.814223916067712	1.3477560349978406	0.048771932628983314	0.013437168033341659	1.7229544352550668	0.010687756473514838	0.02528926124917328	0.0013567781818976073	1.8566532455426648	2.3666246207733708	0.01307990281397669
E1308_258	0.003247021158029112	0.009083345163400612	0.5862738513090543	0.0016709713875569794	0.7616500011771583	1.4447851354267824	0.00041117557998167006	0.0032484551106227518	1.5720007131054416	1.9381241352071856	0.10681979912682464	0.02791060412983247	1.6887346963752234	0.011831421303134042	2.026330413906718	0.0005661646937812613	1.5216364387584411	1.9342148087103963	1.5525214109114038
E167_152	0.03510297392927833	2.248813272088436	0.023852820803688567	0.007172238488276648	0.00553377820976705	0.01864053873695576	0.021816668328144242	0.003197682756097836	2.3173046739879366	1.30430426493496	2.2655163473800446	0.0002418330895046896	0.008214290180150335	0.0021664595961925154	1.7170231910343807	0.15153411077997778	1.7662917614167588	2.2665899023903258	2.441623607940153
E1611_262	0.010266454565746944	0.0010412772903944034	0.024905258683927026	0.02107646950287517	1.712733538138201	2.0132955660948246	0.004563111415342116	0.012606053947423378	2.08836988781892	1.6820907672022294	0.2198325151600751	0.11338900609469435	0.992498145164019	0.12216934728654215	1.9711105091756784	0.00046820058574919394	1.225598076932526	1.4600882849300942	2.445194465651612
E395_232	0.012624246252963486	0.5379226497120276	1.8257888695192432	0.032814941896025206	0.009233745058199079	0.05862657472498298	0.009033911827702707	0.9035551355971734	2.1000206973537194	1.7743240871458583	0.2672166143471692	0.002576459448303048	2.4601663494068347	0.0011531319629791304	0.9132066318044167	0.0006850830322320567	1.917188832677721	1.6767821245315804	0.8738441982882197
E801_254	0.05127544542628488	0.02980158900629295	0.11950762613835925	0.002489143598670709	1.5736164767461491	2.023153383170134	0.0005739092345826173	0.011492796149181405	1.2180463338545129	1.7629088316895658	0.12666504381575786	0.07724244633535163	2.1133264851884674	0.010065547486977723	1.6314393949960349	0.01975626949069333	1.7042937508277722	2.15306898324299	1.9249121985466584
E949_438	0.004695653357867861	0.017105467216685905	1.6880957120844655	0.014986139779241743	0.05852035343913262	0.005396826085941307	0.020733376997093017	1.286317195643374	1.9257830841097625	1.927225676382185	0.04713400906031754	0.017071820686747168	1.8961803973069504	0.003643088234644303	0.005077148593075733	0.002045147633768671	1.6869251701812709	2.160970942941232	0.3627656712535751
E1938_666	1.7688969599132145	0.0020617595598555897	0.005285482640266974	1.3431702832844767	1.301476773973446	2.1884358077715222	1.9015968258979188	0.01445803444392759	2.2572961558244216	0.0063724070743136	1.617440101402572	1.9177180994463432	0.0009767247656503296	1.8110129129062844	1.7239214745064566	0.027604199711940627	0.02912933223838675	1.49085367811643	1.8146090343969288
E1183_213	0.06650618709394854	0.7800311788000484	0.20414390566833845	0.030661934380616568	1.490855725283852	1.4998860577314306	0.02407073768106548	0.006401842910216209	1.7524977709767366	2.028366829388214	1.677796798052758	0.009788750541462877	0.713278893958373	0.8674625328390452	1.8564213230939928	0.002557746823476473	2.023690806171298	2.198818307361275	1.7808320087836949
E1510_223	0.035631756889081614	0.7272214889259901	1.2243086131196608	0.012011158553239427	0.2472110593443703	0.17148769262068095	0.0014545674463488107	0.05761449044266929	2.044169500971272	1.53664193584803	0.2918682179924668	0.05539540051086509	1.4918232170759644	0.06938075211068842	1.9810646525932167	0.001081434589608134	1.5850053865802431	1.498351345610525	1.8432155379346828
E328_191	0.0025532374010840205	0.01237016243108612	0.030009020198622605	0.0059354241992904564	2.0324444919120586	2.0997696070469756	0.08188928555848188	0.01703951556810165	1.4797234656273657	2.0185333838367603	1.6856041265052857	0.007191706209516228	1.6464482590450722	0.2029158565584584	2.1513804621481407	0.006917780235897239	2.1658068888296254	2.3637250859145342	1.9788903135942533
E959_220	0.01931992298254216	0.013658401615981744	0.05367468557796885	0.029914974223706387	0.0005475639025113552	0.011101556374787784	0.03751303973474674	0.012717830502125363	2.047674742778172	1.9957844776560871	1.9936307939810447	0.005686319676416574	0.02831712889718225	0.03855826888392836	0.0015955034991769635	0.02514065185282157	2.0467969164604813	1.7441966381312577	1.955620710145068
E1141_97	0.014269377899500925	1.5168990186977946	0.0003093867655005047	0.0375389874799545	0.012574841615854648	0.007606270023277948	0.007998761193979515	0.0009584936991099546	2.027595899932269	1.5074959093087426	1.6882684518304008	0.0030720531519991467	0.0010276556438804972	0.0483832711015844	0.8761390054475959	1.136725453992152	1.2315158883637811	1.9910177651376064	1.5398690598703233
E485_723	1.7061757176624164	0.006567113085579386	0.02369473548490976	1.8672158644967165	2.485874789434903	1.759045712323676	1.8859857399032032	0.015801288326462794	2.4029839551488923	0.26927979634715543	1.4348713863742728	1.2892322501489557	0.05272346527799311	2.066223048739444	1.5329350828179358	0.006355594812588332	0.0006409644253419619	1.8767607053035555	1.5275114280493682
E1942_379	0.007797953657450009	0.004912040381505077	1.4884542102998746	2.9655955232448872e-05	0.021001321639305463	0.0019228643173276906	0.029978619220301844	1.9678084526645616	1.597788574532569	1.896389181333208	0.09088547549808043	0.010186684792168822	2.1356694609978217	0.014033543849199942	0.009008713048953705	0.00013047809358956042	2.42857409863367	1.7198345842430802	0.02769553985367188
E176_471	1.2942809728082405	0.07229380162710912	0.035209041676434245	1.7866762912699312	1.9402941064777253	1.671116312895746	1.8367442691116007	0.006037634798888107	1.1191710808741653	0.0840716168242322	1.99043162036877	1.7078200077693506	0.021343978794334747	1.9230303211721416	1.4670157753355098	0.01253731958482913	0.0262977805813058	1.781874598577377	1.6468028883235442
E1312_687	1.631258869926076	0.018023582474331983	0.0028918402783296234	1.5400749597243992	1.9343240603713616	1.7816196877426638	1.667837213011645	0.008538320306609934	1.5346973428503992	0.13161787488026108	1.846725887519224	1.6791544947452537	0.02374170526789077	1.9197092651202423	1.791618093244395	0.012015635656162385	0.03765089700311028	2.1974996044006003	2.026623167372078
E1731_686	1.6586429356169117	0.0368039123913738	0.010445488205778494	2.065745893492022	1.7744068105515591	1.8335310057133607	1.6790526477176058	0.041215370926001	2.160111455653692	0.026071301127808155	1.8210760663886456	2.0370876387330417	0.005655590158287833	1.9383121279148663	1.4805054428279605	0.005098571400016285	0.12019538342091175	1.6467494395501645	1.6308985012401502
E1343_261	0.027907171217418092	0.0243658645818464	0.2311786590029012	0.005120289067102429	1.1774558721201356	1.311387765183713	0.00042480850766174016	0.024831574486446864	2.2074580623927784	2.082257894934718	0.15231764349073998	0.014979127789699391	2.4759052066939318	0.02385485962313833	1.754491763347441	0.0786838801959443	1.791386039970805	1.9850300343085048	1.7709818429586015
E1062_267	0.01815540068174348	0.001893799995918584	0.07072978583398866	0.053426216588557736	1.3994469064684072	1.80342090638578	6.633412378811597e-05	0.1795366943377451	2.3146263741739315	1.204877794038114	0.6703850646884438	0.016362310515221568	1.8142171194146457	0.1840426803895731	1.8725904525435304	0.0014880223833651446	2.171463294153511	2.1149272646592165	1.4291691390312835
E1220_596	0.001615538865999677	0.006053833486423696	2.22400382641375	0.04440532119733949	0.0005275434083042412	0.030036499735186583	0.029413513591733137	1.621404784055025	1.8580524571191512	1.877053129364385	0.00026216898616700365	0.001343774808058779	2.0227493563453574	0.0006070510710656472	0.004275489028592038	0.00648232614465699	2.3831801274697058	1.9881962986363328	0.043980892941344746
E1788_32	0.010264481241451741	1.5442474600891865	0.011502396175032278	9.753038085085364e-06	0.051557457440444834	0.005008909407709495	0.0274431478858765	0.0006635752879016068	1.913310708462637	0.0027037308280635827	1.4616640550589242	0.011570357461646115	0.01307780148192824	0.00876908361622713	0.0009401909940573645	1.9638706318476007	0.02674896420872793	2.068053219828524	2.2042132866901336
E1851_88	0.08090841860292494	2.5849255791696404	0.008923086120198894	0.006786128491002503	0.02720315413550756	0.016855263153438167	0.0047805809090867785	0.122794394344065	1.7288745784838568	1.5793974621551168	1.5290322982024651	0.020604999290623243	0.036176600137617816	0.009229135226968915	0.2945962615809096	1.56659378441634	1.1186385941821393	1.963016090744864	1.3513493884734706
E1439_741	0.0016153820890599587	0.010687680692598926	1.4299719536891962	0.06418437214335138	0.04092880770003954	0.013584582848305406	0.006620369823404533	2.3404062464275293	2.1094209850124925	1.2717713535097528	0.000723099725506843	0.029478435403917126	2.0138838105133052	0.005006153600487298	0.007110630401553998	6.009717021628622e-05	1.6812370759904045	1.8746651870838469	0.0012033411105381554
E647_258	0.0021013931419539703	0.008741353470948253	0.01468595505968008	0.0018200905308583587	1.9736588908506865	2.123695967342925	0.009048729299934615	0.025916779059171155	2.658881545801701	2.172387415106844	0.4276222328837413	0.07692990296503396	2.2434478844592345	0.0071007793626904625	1.702524353237808	0.000814533781655925	1.5382785776817274	1.5672698902535285	1.5131318911958385
E1476_639	0.03675146367275446	0.0149233582835034	1.435014154822598	0.005727146252135797	0.0016153318566108426	0.00047437558399633564	0.0012733820996652058	1.6736960175412352	1.7903531613031791	1.6179140674004855	0.010675664095563843	0.05672682064093374	1.7632798053461551	0.011974973770138666	0.005066694330901753	0.00954789668554806	1.9384931588286607	1.6611657586545483	0.016429875355595803
E235_709	0.010589917723026308	0.007531380641860444	1.670386008218589	0.14216957356459844	0.008394311188468902	0.009666399069211285	0.04732001546300377	2.16626795295434	1.6987863766907063	2.2242813878973053	0.08816633228108353	0.02127483334834257	1.6920978974790772	0.024200817706638518	0.006964662743142854	0.006147983399449886	1.4942057710971244	1.7926381437257866	0.03499784670319641
E1321_394	0.006240616263255385	0.0002975703222367768	0.0005918624658604821	0.09009350025902893	1.753918794979884	2.353173226110624	0.03116427189826724	0.05605509660668006	1.9577706541769888	2.048725491843946	1.4807730658772338	0.0399306347448474	0.007728497435840892	1.6879859957696306	1.6113556712974642	0.0025647669117596986	0.06453090153074349	1.9336140787209608	2.277759816231852
E268_489	0.001976832362706789	0.0047701959220934655	2.071115576914824	0.008719504059798738	0.002806110434404153	0.04228733643040258	0.03856971437066328	1.5995976411766462	1.5057643516319519	2.166839640833496	0.03540918566368427	0.006679556984498168	1.909894298027484	0.07033213103791991	0.01957392422049331	0.015301435835010757	1.5080224091153247	1.8026568345234093	0.00955498895600672
E1113_71	0.0008846263227720941	2.3202907117931257	0.0019727454374682376	0.00784079889858447	0.06262410078138339	0.009743010038085193	0.014414709060304173	0.002514348183425659	1.809285123142624	0.14546174844888374	1.5726265694133532	0.006064078609037306	0.0007241637772646318	0.004087848172755568	0.0205758050005819	0.9254009848539924	0.30931578384202696	2.5948123937017127	2.058868595184768
E426_259	0.0059726649333446645	0.00613645767011819	0.007391068860091388	0.018313518376248568	1.6704461492475038	1.6789203932984416	0.01813604312754484	0.021035488480712856	2.414264144441073	1.8394394348991847	0.6316639982717336	0.027675049209917063	0.9888750359430628	0.6129601627291109	1.8518815674472533	0.0018928594312759008	1.578384649752454	1.8892369436087928	1.618700041119028
E820_13	0.05036260245263945	1.5255962960136098	0.02459222339428455	0.09624450580793732	0.012353833000606138	0.044670867758630495	0.0047964821312034755	0.0069639862947496	1.5263099472556239	0.012990009202752437	1.1391080550621009	0.0099206493060762	0.0020649003575562656	0.03509183794277812	0.01176895387804139	1.4568016572528868	0.003366804967531201	1.6162769211930563	1.2359302392959413
E1_31	0.01742266609823654	2.014305062904341	0.007210229596080869	0.028205073953383963	0.013920697639981336	0.01534076117894779	0.006988398003683094	0.006175998258646142	2.1462427052228112	0.003469779061457527	1.6518451600464408	0.013653301855198243	0.004368087743980389	0.0038278740171384	0.04919283309247476	1.6668228890306878	0.000577158721099303	1.6616137828495634	2.0944765296570305
E1853_106	0.002425857263359685	1.7871968270559495	0.03982006201447853	0.0008952429318688088	0.0021899971160669407	0.030538093276825874	0.003760029526433255	0.02096689419874428	2.6893276874447416	0.8575687395164269	2.3270780095152177	0.007623226978678264	0.008088869500965781	0.0007901043456349281	0.9005866283222148	0.03549018055026456	0.3379746138817229	1.7841879213515468	1.9102284757476085
E1176_237	0.011596741545707348	0.1190159081421676	0.6182372697915993	0.014144148885418519	0.33119620900627	0.4789980907554572	0.0007544559761823878	0.005676976343450346	3.1251180969852106	1.6347308480648763	1.0146535659355955	0.014613425467353159	0.8308341908078343	0.49547893330918497	1.1687644484422604	0.0022031238365353184	1.5559644221803766	1.343054224415366	1.7342119475516835
E612_256	0.0018200655257308625	0.019919571989654515	1.5329449172012024	0.016491861887439282	0.1672065669238332	0.22582842747603066	0.08347835167326614	0.01550422146903589	1.5593642881930536	1.9488380207534264	0.5880186528680786	0.00988723018019725	1.6322632546661742	0.005435612600927261	0.989994463856664	0.003670724051045933	1.907182905815252	1.9928751043747588	1.3307261546502749
E1260_215	0.0047513004684218	0.03847848250376373	0.39227025178322017	0.025821795141522292	1.085084620582711	1.033417818452032	0.1177482915184212	0.001942986465658376	2.349617149895685	1.619977448687924	1.4585211841098424	0.008842329591668752	1.7751811186857314	0.07450837426376368	1.871046393172712	0.003542760294170177	1.7856797319904711	1.5611021081047047	1.806220828033113
E1661_90	0.0017773104176373015	1.5893100004346183	0.027102241839360167	0.001981503429795916	0.012041360476284464	0.032887016818466334	0.026021333242589425	0.044797685579749336	2.1391561844604627	1.0025655445803494	2.0714331215254367	0.00030347124487551535	0.01190250712922714	0.015310494752522068	0.07207719673083758	1.2127795022092271	0.7305992287844505	1.3714144897454157	1.201967989172144
E751_571	0.02523672111436131	0.0009942144321316902	2.360526849411297	0.010204533291577587	0.0024696324169103685	0.056983011917636425	0.017515823642314958	1.3671719640802855	1.9699737466340268	2.035755504396424	0.016684947484684205	0.0033388421252183442	1.7968735880741322	0.029164783524894683	0.002954699554387464	0.0001578592330247577	2.112985984070917	1.6991481706537583	0.0927647935905298
E515_297	0.035197095090545194	0.0048122920694937295	0.00861112968070158	0.059819486481261126	1.4863172353669565	1.7046720817896042	0.006038235719551697	0.0026233156639763056	1.3448719291774196	1.4736817167862568	0.12766989190854394	0.009537687899060673	1.2429042717578145	0.014590899798697819	2.2348863254493234	0.00903088940933823	0.6191439656890533	1.9697225070219784	1.7941927343676585
E752_468	0.003885511232276347	0.013389780186418579	2.0723064738572368	0.019251162282375958	0.00481296621332291	0.04143655835242222	0.0004019215208277277	1.8069465832256928	2.1155195621994816	2.382626590155349	0.008778758901791951	0.1777560633465709	1.7040598812638443	0.0015235117371044707	0.004324850759388413	0.02086694074518576	1.6153086609906282	1.7856887348915949	0.0026806253346301386
E1130_562	1.3492946952390859	0.01956867582132681	0.0038922784691922713	1.1484882339520868	1.701367797289096	1.5936434203088536	1.2150795116933597	0.0014624319946358315	1.8158465164544653	0.9644577239858292	1.8292876633604112	1.1565053790040494	0.0016256926206028018	1.5805603128377517	1.2587871873310787	0.0008266895759414233	0.02311488176609476	1.3971748413083411	1.7262974429012046
E1900_136	0.0720766005075456	0.2784465540083037	0.008605926070343717	0.006396107683173869	0.0012241704864283313	0.03999829559055824	0.01081436883434535	0.008757183006786675	2.047899182414642	1.7704833237295712	1.72844028932593	0.0029176244266071647	0.1256618282422935	0.04398295287424157	1.3377034564125552	0.020043823018687304	0.7298664709384394	1.543367179319861	1.1873262280934185
E876_279	0.00774460920871163	0.0003334868360130386	0.021138098759345424	0.0015731126962855242	1.274794715608642	1.6476764693340284	0.017948440196079416	0.019223092420533137	1.3400492926652132	2.2559933072441485	0.020971291108226764	0.019665550217391508	1.7956718694476104	0.0018641306471229948	1.589049912751083	0.041620928715691466	2.0341097582818017	2.032788377652204	1.677173317010532
E785_234	0.020274595420744026	0.4679720072679826	0.2994938826074528	0.013469763386577328	1.7219616443836772	1.5126102731345965	0.015050546392607144	0.03518176102962746	1.9849721507566185	2.0278728481804964	0.09403323895528984	0.0021321964614078428	1.9318076686797463	0.008943461638411938	2.170565956262956	0.0011937763242968848	2.0493432051552576	2.2267405359413943	2.1154947957979484
E1045_755	0.002864217168324054	0.03612773575190839	1.865916845359636	0.0011037462835632092	0.013699339056025928	0.04965126724056555	0.04572016794828772	1.947609379400098	2.3075400915574207	1.899193564356336	0.004249249526972357	0.0002351989937251352	2.0031064501969302	0.0032863219259380034	0.034907370336950565	0.00985600610153551	2.011493071834808	1.5939879205058318	0.02817545903986964
E1125_537	1.432419605105314	0.002525546146090736	0.0030525861640919	2.0804725580842227	2.0244553447512934	1.5797568209741926	1.9550088291256729	0.009296658826906841	2.302876977550432	0.21244078778143688	2.165560474995592	1.8419391917246144	0.1957444755121144	1.4476141376140332	1.652513250417071	0.022814166475600268	0.01655850805229146	1.5209631087895152	1.5526904775623214
E120_696	0.014861035314616569	0.0068836077119691814	1.9589829830724952	0.0219709940264566	0.005671776972336655	0.02676260842983104	0.03744950736176037	1.9507845052694508	1.4821261679019082	2.001668758387702	0.012922291561454044	0.002017721611586229	2.0697384759789577	0.020681840923595627	0.0055285454249985365	0.0058658023301644616	1.9600626132477	1.643994553416538	0.02016286441190768
E96_777	1.719968140030294	0.002452648720294448	0.017497471359111418	2.434625722869493	1.708211726511144	2.193821154695633	1.6216261249840955	0.0011236344013696381	2.0513916807811325	0.024938673966149863	1.4309391830648173	1.818357098595821	0.01067409509806699	2.250346840535782	1.5803776228041764	0.01169081260472471	0.04099544676637743	2.282655431627439	1.8830647857158789
E1880_83	0.003947387671207068	2.578431263344476	0.0005819927015824327	0.0012110592320989384	0.009891465745798212	0.00034068419606655455	0.01030501866564805	0.05682459251932265	1.3547996246848009	0.10660690840121076	1.9300437610066103	0.033123933508590664	0.003615760302468383	0.01156135486900023	0.10629037460850868	1.4693921440951128	1.4301570796746832	1.6103678926417406	1.6527038563608285
E152_542	1.3730216570249278	0.008683918910842628	0.001963707129214304	1.9426610234979784	1.9316262228040693	1.8318121832607352	1.263566530952063	0.014245978326796322	2.3010807267362265	0.4774453227901418	1.9834452169149297	1.1319975964292643	0.01815999893000341	1.2973889686427371	1.887140252446484	0.017550761456543575	0.02051567249312488	1.6332301693800917	2.374986366366433
E12_319	0.04835062792092847	0.016469955384989802	1.9065309955296497	0.016848385906302006	0.04626028047733303	0.06834555952690513	0.027157199974468714	1.5750261006071948	1.4771422004436299	1.908136032072834	0.06225402944092099	0.008202443475201028	1.5236435648490143	0.13524683140102794	0.03607533825933044	0.017283224561413308	1.9132474212026185	2.353127325960313	0.2399638914497078
E700_294	0.039004205009112836	0.005237425031408467	2.314640238277463	0.03628426255344136	0.01808550808323706	0.013202257013608784	0.006631316514377251	1.8364650944177665	1.788334997398795	2.9728363606558497	0.008856617948139462	0.0005100868826007529	1.8490728009498831	0.01742802358971891	0.0041480002594476645	0.0006011557759080245	2.1537147827761616	2.424460082266453	0.15120379836892964
E1697_231	0.023041591492292127	0.000814833747553396	0.3602575894641133	0.006698465947282725	1.5345370392790152	1.7896787195906656	0.0018086318635736683	0.04996550083576623	1.6770829701854195	2.184463570894595	0.43080318329616063	0.029329447164579636	1.3754135137026298	0.19281755282404428	2.249946564689337	0.04482810093816842	1.4478310229210902	1.8606157803483967	1.4177140734989202
E683_227	0.010489371567111652	0.006017411683094292	0.011094882372956772	0.001474112982530883	2.3390473488720023	1.8172604818104143	0.0314199833564877	0.02887740533982025	1.7845220581661885	1.985782091577677	1.3286781763444917	0.03646541405044002	1.8622027360977265	1.008600627588701	1.9833093287555663	0.0065350512746648656	1.7455808043800642	2.023340746731124	2.5349062240535134
E584_607	0.005194137528807021	0.0011701789195509929	1.7864158691844712	0.002499632143157577	0.003079303611989228	0.0011808553655063346	0.013077656974333263	2.0072612955829348	1.6644429899211874	2.0697155658811845	0.08469897816709777	0.08065105540106526	2.150226904800631	0.001008274984655552	0.0286466206653694	0.0141488760673019	2.500697187279433	2.085203092081458	0.01723298392475826
E1522_699	2.131686623421667	0.03057616893765376	0.007220106590323145	1.2280399373733917	2.5800187092243414	1.7280893438718965	1.5944813620769662	0.0091755828338033	2.15756754451362	0.031148052454294764	1.5666996836826428	1.7159583187088183	0.03333446336802024	1.6597983508343932	2.0454558325574466	0.004061619051297732	0.01265219168941422	1.9557686522450213	1.6061671218827671
E1069_474	0.17702569910989305	0.012767966234311874	0.0018773710639628754	0.19916617475051007	1.4270142836463886	1.8612859579854704	0.15556794566079346	0.004208104315765149	1.9126277884979483	1.5066685926373382	1.7253755568517215	0.2566176298693054	0.00341053211460783	2.432622364230376	2.391559649884961	0.03861863004060258	0.16637005214508346	1.931048913315938	1.911407570117701
E1073_184	0.00026098112137847127	0.5458757478898629	0.4036092690593125	0.0034754007150541626	0.07160104150147918	0.11008326486750897	0.007890723932759929	0.06020196398979352	1.7721556051042455	1.3777945699176777	1.809270459951104	0.006249452895598517	0.6079314856561717	0.03125108832580785	1.2826185176333451	0.4648423881090567	2.0891512037408995	1.3256432975497223	1.4610398964524889
E1413_488	0.03910870238098561	0.0016114089456354505	0.08905686117258317	0.003500735043215323	1.811536569697631	1.5453919846783013	0.026687603258409204	0.024102661822249512	2.563529442044983	2.533350997698831	1.5325401247477743	0.013644466866162693	0.2059293437823729	1.4007805961507178	2.567227833455646	0.0231603560902375	0.02126962071211036	1.576461956722143	1.9432601415455444
E1070_753	0.001704526540063569	0.005841022935521415	2.0099716456673566	0.0717936023756886	0.004723718277165612	0.028031217973967928	0.027731536932827688	1.8815472880997317	2.3936701768401134	1.8107973927733008	0.011461724383784405	0.008957463498575421	2.0288361516326088	0.014500935013460163	0.16046448099998128	0.00035431510178186913	2.0216782770967856	2.08535232427824	0.003951738694333426
E1058_200	0.008711071386153459	1.0241597280298484	1.4404013715963913	0.002262207582758741	0.0071686567800568965	0.009064090338549172	0.008972123381930564	0.0014558934108956127	1.4837456930270292	1.6950001656913374	0.6188692536570364	0.09187750199807107	1.593938750446701	0.08797954932437786	1.5979715082477597	0.0061711792446775176	2.0408996477432693	1.9907636280119647	1.825943983525219
E92_516	1.4193119662774252	0.014240715080793047	0.005714187089088618	1.9497030497560761	2.1778527086952892	1.9616722249736047	1.7507490916307438	0.0021394977745902224	1.467126333225811	0.608913002210576	2.2047403587452297	1.6544360681328991	0.003245659285834518	1.649134552142664	1.5649437898640346	0.04923131243054537	0.03101126484095273	1.6392012466198052	1.8813088624650924
E860_124	0.06350129452722256	1.764358655746978	0.10893900368666007	0.003320922469805379	0.022153864888303527	0.04580904193827602	0.012381957184310592	0.002129592437875173	1.9674677792660464	2.1216202394046206	1.9719288069671943	0.041837261981066264	0.0003224682030870444	0.0045941444029816425	0.5289943356174327	0.01916262381756811	0.27033255324232863	1.3561548206632696	0.7420114123271371
E1075_655	0.13789153718529	0.02942633876349741	1.6304573028764868	0.004664453151172119	0.12421133962744882	0.08307816446248062	0.06863349096990047	2.5091623358676247	2.068192104954988	1.753990540836718	0.004933220045261595	0.016698739432032712	1.551762061693537	0.061808972167660216	0.0015910886230472373	0.03741470184610316	1.5783634200780439	2.0565279976671498	0.008549860543520945
E1337_564	2.0097650965563782	0.0973979162534982	0.0004733095661290695	1.3452625215904297	1.6086399166469547	1.7287878260918956	1.5573624770248424	0.0003037882175157649	1.792644643255719	0.03940763008237617	1.81677618724512	1.2367824861615564	0.03589777349201589	1.7975734788076023	2.081802005178476	0.019365498729862148	0.0034111743397860035	1.9979037079076238	1.133024187498595
E1521_71	0.013833684657339921	1.7001604809101905	0.0015349407216633305	0.004133002119980963	0.002150949310398467	0.00016014879546567655	0.009884602161340624	0.023544459103710745	1.9289305533428107	0.5341311791272535	1.7969642623824202	0.0774939007206633	0.06964129751183598	0.0019191184688499875	0.028300638525598595	2.2783178821824017	0.9037578173818392	1.7043638712695683	2.337598108040405
E1665_399	0.00029671955107237385	0.0006409575160102003	0.01793851754119153	0.006914768328940998	2.338002681981504	2.786397802483916	0.02203548654530851	0.005928925259850764	1.9032533525200719	2.1999598633885085	0.0139360141393941	0.01528306361007346	0.633761356431857	0.024049933689333718	2.2198764215878977	0.02333116024450565	0.5351967226648202	1.7240363329005148	2.3806943002406737
E436_740	0.00927752621534006	0.0019389619167896367	1.7165061339894927	0.005717963284904591	0.013677626805601695	0.013169768708774052	0.006127058813353696	2.1034164008538707	1.757702859748097	2.2399289030100915	0.028487282615730407	0.0023724630639676936	1.854827675877576	0.01088160578507279	0.0028204363532637364	0.007224460314683444	1.7740940624254915	1.885800443974831	0.02508248436258937
E1796_790	0.07043239751328706	0.038661358211693225	1.6137417301488362	0.1562542566709449	0.0008363332856013905	0.003514954641876346	0.05619971593517474	1.959239438176044	1.9244637221349417	1.923103058286976	0.012833827805376915	0.012546396077541455	1.6637767492959794	0.007165737967359738	0.02283047290891505	0.02590432897124692	1.7062140591366028	1.6110038432906584	0.01841024605223256
E1364_268	0.043060083905359016	0.02120172596328352	0.2127845737380064	0.0012378770911700779	1.3568322569286233	1.4120888390952036	0.06792957971351551	0.0023645484501218852	1.8133052247757069	1.970834640449035	1.133793563620168	0.00625678895574584	0.7089316546447454	0.8575178022126965	1.34270337669596	0.0015707309843645489	1.3691234075231573	1.5685108763029143	2.03521566157706
E1091_462	0.001744719704011907	0.0030420214613096795	1.876148830745784	0.011098093918908612	0.01128436938616557	0.004006569004431051	0.0071044696568079825	2.104385808102568	1.5558048960108346	2.3196344056844542	0.07952528767192328	0.03599807042913026	1.8865171685050723	0.0992280744469444	0.00896781811122764	0.08552217417129407	2.1098329454503038	2.409032846649189	0.005280994113898221
E912_287	0.0036175689444173584	0.090760227149927	0.007855887792622718	0.025018174460343105	2.006663475232882	1.5000465230579605	0.02093422615965396	0.08436437807794403	2.15245931966605	2.0015802792556383	0.18504799966595764	0.02074208068618435	0.8633840723254127	0.08416501446084959	1.9529855589426348	0.0006450902074280746	0.6410709673667097	1.924275722501776	1.9355987324553192
E1193_455	0.006387495910888702	0.008502934257542855	0.04838691820015618	0.00542752934713199	1.8865236063429305	2.17541177506111	0.010957405678106272	0.08993579142317032	1.9720988824979768	2.252676880013288	0.9636701242219532	0.11609400649712273	0.006211593919875628	1.444531065996069	1.478711362748482	0.01559346368089307	0.0034759981566529533	1.2842309638367615	1.6184764315743865
E363_91	0.00601175634120104	1.4466356474018685	0.001022821411305512	0.0196067268318778	0.018262399698881004	0.018561755038153303	0.021380529034398958	0.008572789212234479	2.009167695726947	1.3018748684677963	1.458608753303689	0.02868728081588328	0.016943165440504258	0.024178579467478787	0.14260826926771594	0.4897002534809221	0.8692007727281776	1.742092921020762	2.0228957156278486
E1469_608	2.070638115813673	0.06165541629952144	0.049727045648994536	1.4837952884260717	2.0660637065186296	1.661299080835318	1.7445402263036731	0.013869593439588558	1.7632653923912742	0.048321440634697066	1.8335451921249883	2.1926623547498134	0.022873170817070285	1.3521374277985707	1.847760004191136	0.0019873911637326947	0.007151495778453666	1.5790039601849175	1.737821592430676
E1346_776	1.792268679705259	0.0009403904277026981	0.01796580547417697	2.1200815114376472	1.6295473192232208	2.1020304452456577	1.8160407407602903	0.009463305636046464	1.7778986825658518	0.04482686244745741	1.7820446471264286	2.123616649172544	0.022176497914315925	1.9658821920926084	2.847863401157264	0.05455427685468863	0.011010915272424043	2.3167121229052943	1.757902681038194
E282_130	0.04639141496803401	1.8623861505832275	0.010130925672589023	0.020220299902349904	0.005439462008125381	0.0018089085427952696	0.16273865776993593	0.010727796978492084	2.095417973229436	0.3466789621842181	1.592778202814314	0.02281819204077025	0.007467484051478366	0.04234264241579504	1.0902573242795457	0.0018449765183087801	1.337415554449664	2.045131122325358	1.912297026540074
E775_441	1.2781011852719908	0.00020805362119452186	0.105444120932341	1.6304161929746743	2.1172687444261613	1.990551087903044	1.8899184092436188	0.01789854068022006	1.6059662963999215	0.78947284678407	2.028449777521934	1.7420621720734641	0.11389147512853515	1.831456566317449	2.552109850568602	0.02213503304569736	0.002722660192901712	1.7331373006844568	1.8851802690889683
E1885_473	0.014109663368141687	0.0014095425649988985	1.7925176009568418	0.0029181372826396503	0.02861683862328651	0.007073044344183498	5.770873820351054e-05	1.5986548590685006	2.0853036143222528	2.114599788508422	0.004718897142421804	0.007061624473421449	2.144978057004634	0.010097191324055572	0.013076273292652894	0.11046776515821967	1.902831580051044	1.6503194522294278	0.0014668454467912278
E629_562	1.3064887856959186	0.03801807044460218	0.0011450317059156475	1.8084407199154	2.459534331404292	1.437277026629577	1.4380152932289887	0.005026013645239032	1.9788614656191232	0.3823650147482008	1.5964618798445511	1.4732185756338485	0.06752214367476826	1.8911100467508049	1.7161688121049707	0.0006017825512623161	0.07047464926341447	2.3569040979713893	1.7407560115923495
E168_433	0.035259602500074615	0.00020579060665601096	1.7935351120381595	0.001254110099164911	0.06308106878419598	0.02822082164801538	0.002606791759827149	1.64727303437261	1.882038809426949	1.9583433271851485	0.09730583553736466	0.02210976207889053	2.124446512765932	0.022838818234143732	0.0011781666524656035	0.03489861423708883	2.0564670555236133	1.7196565056580255	0.06260030725316773
E1705_151	0.0003975495340333536	1.6053955246174714	0.165967410322751	0.00047930560164249474	0.011594869818469102	0.04052591291704621	0.005122990319870738	0.10596011021084208	1.7894279120317953	1.693894911798738	1.9533151114816285	0.0007690845753007177	0.1829669890508108	0.0038224041981333883	1.3570604733268312	0.019779234044276683	2.5833133179815526	2.221243572494548	2.5208451529432274
E1978_132	0.047049420059776914	2.2472716876050307	0.04465246796097338	0.020490850403866626	0.014978713074957168	0.028926055669614432	0.0003546939216007919	0.00044090037863053164	1.9398817949928573	2.040299944011258	1.8133453504965664	0.03087841498622948	0.0015131540815996824	0.00011552569833072006	1.485869604681404	0.6665319090997629	1.1556670305713057	2.8322567103131746	2.030646810118532
E1357_132	0.006590655218154835	2.3902715960512486	0.014984308486368478	0.014461029087033353	0.10180018094785176	0.0030989888339903807	0.004005484372279899	0.033933116008752214	1.5608980295133532	2.0528531337576945	1.9660599607728249	0.004410503285133873	0.02568900940152285	0.08883206273769897	1.7280624003636147	0.2559605600545941	0.5997552964354788	2.109495619515989	1.6921595640894556
E1349_284	0.013069923552239654	0.03317249294263224	0.01074723407279445	0.004064887092095735	2.0066396570395604	2.2422692951003405	0.002256394093356721	0.021721943277668763	1.312347237070815	1.9206027940045167	0.6660092327251053	0.010874922072543215	0.12206040349560213	0.818104081035856	2.2103843718960112	0.005905637929449029	0.06649200611905325	1.9778263448028568	2.045156946935197
E347_776	1.9114793723517791	0.001343083416495887	0.010929419477869023	2.3262899440320717	1.9827053720816168	1.968847581240736	1.5421082715271168	0.01375161259390234	1.5721438138213224	0.007049790697933511	2.6074092440078167	1.7273605744891047	0.05121704526592394	1.8433946030389632	2.163276923022525	0.013653831395459495	0.043498028246843935	2.0520498322888328	1.470154141375336
E608_682	2.1295146963064404	0.02192847292377549	0.01881570128380417	1.5645296515364266	1.4832822569472557	1.6598052090192903	1.877446895782218	0.008199020553806054	2.0827490618140363	0.0018644299373202925	1.4501254906188723	1.9165136547714081	0.00023826754101722442	2.0210429601480326	1.7868243532758668	0.10711025484826343	0.04304752641644166	1.573760970612866	2.4098840801279757
E1310_78	0.002857914592895713	2.08283929529911	0.01070866232713907	0.005003294136965521	0.009053399633433223	0.004516081247870859	0.03132898316097377	0.001822057698705706	1.9220671307808324	0.07418894371827862	1.689643700578163	0.016355662433768514	0.0017633862535033906	0.027602181154520497	0.2074606143505988	0.39006702051736575	0.09174393693747213	1.4958624365147424	2.3502909279270594
E247_348	0.028498363904960505	0.006521671862683265	0.1280282931754963	0.03306161337479803	1.8807747661687213	1.658647586436317	0.00464873275580224	0.02708623985683704	2.125999889262222	1.2793341179163908	0.9700147753978466	0.002004892277887506	0.005568801649348711	0.6955340363255771	1.741614798868857	0.013385599685120082	0.021847293751039047	1.8248026758772158	2.25440892268733
E521_685	0.018386364664435384	0.035002670923071334	2.383396462840704	0.039866207988160665	0.0372972885025458	0.061895284150513326	0.0009520869966800543	2.072186242873323	2.7122590063729413	1.7490390407351422	0.020100985247471767	0.040579781498924584	1.7189727554767082	0.012591904834972946	0.0041617900036557505	0.05822250460453057	1.7972452492703548	2.1050964024528933	0.01809735909127071
E273_604	1.9959223243962427	0.026799941588254	0.03492582050546973	1.991133551035184	1.463168945308124	1.8954951872325485	1.9876794514852	0.0054622181733616215	1.6133875195625187	0.021933929831707333	2.0825987212011063	1.3748903224715907	0.01101359985591999	1.6936196298273771	2.3482841148326163	0.0006506707435512352	0.035220342120296344	2.10644320493572	2.360618377464885
E537_497	0.007519413021485295	0.008662870703272919	1.8888863352958507	0.027157966185637025	0.00511504888060773	0.011220153270155188	0.027318966633331363	2.4807229048722865	1.3902415311564154	2.1027409131255714	0.05546719284242816	0.09684595908999503	2.60285224343098	0.0019634736562852877	0.016737799392731213	0.042303496288596656	1.9175524658625205	1.4587408980953198	0.0321801570977997
E454_112	0.0003670630203069439	2.0050273794874287	0.001780492208472529	0.02846891895927682	0.0212559524396076	0.003213633186789884	0.011254659346595431	0.028552547748123564	1.4766414014004463	1.1961346854564223	2.293316869119458	0.003394903395771161	0.07516457083039688	0.03358244638572213	0.9053302401703328	0.04222817468315701	1.00955410180721	1.7049157568459916	1.6698874961678298
E921_462	1.5195154600657823	0.0069669228571992035	0.008857290316909393	1.7675798388448969	1.9824178919028632	2.1697976123423452	1.9591749788356887	0.004543301859133014	2.3940020872639316	0.30759155196511545	1.5567091058718705	1.4868935051656813	0.02012874629721445	1.85625594307902	1.831767384388054	0.0666654777237987	0.005801926186499632	1.3779221344574628	1.6081760780884218
E624_764	2.5214686535071467	0.011255706613473124	0.0966562854595299	1.948309336367104	1.6616641130643224	1.8083588532487402	1.8417864129339687	0.015925214289888433	1.5094544805915522	0.0194357962045518	1.89750148007636	1.8740785223392296	0.001940609703032679	2.4346128187380547	1.975168707662048	0.008931936000092506	0.0013016131466967384	2.037414510607335	2.0761618839243168
E589_12	0.0004924707112034152	1.1781276224642705	0.029686219842323287	0.0053290167747836225	0.06215048759057733	0.013173455767260771	0.0088040361546236	0.0003748833442195412	1.229930654634511	0.009076211455574024	1.495043011897867	0.07301521445546846	0.00832831412468428	0.02424855909510353	0.033974551322499755	2.01334803898234	0.013403213213619366	1.4291971258874152	1.4847796480932252
E1515_406	0.0394882449007785	0.011039852003358216	1.8825734096059004	0.013538167252560202	1.8504926768842568e-05	0.02261867158088714	0.019836911203765784	1.2212570613054503	1.3488277853837627	1.8113432110040184	0.015525828033570357	0.0878012485769049	2.0186324504958213	0.021755834038640124	0.010623457806480607	0.03223106289033832	2.13144527437178	1.7828879247098757	0.0044744690041773685
E634_714	2.142259343906459	0.0021973775234632397	0.017952327107726145	2.4804518689173207	1.7144816247808878	1.9177846764421207	1.7907728009876405	0.017406150071450185	1.8885069906905	0.026048742210581288	1.6245316025215606	1.5727142485592884	0.036153519832851484	1.945465408167813	1.453766704783735	0.0429606686455492	0.007200838184832093	1.658842653209824	1.7466083408048882
E44_386	0.3927672765730564	0.007104894007343367	0.03488178736215645	1.1367494722815674	2.0176298958992915	1.9246328292040205	0.9208885730698516	0.03794925083323887	2.0502780192431938	1.766982907521811	1.857417348053933	1.2615619189042402	0.009487933220442986	1.509955855879831	1.8376000945399755	0.0042569040915679	0.1860375878813829	1.7036281374294118	1.373519930729338
E1640_227	0.14505695328709287	0.3949590934850949	1.2864959210102849	0.017671029103394353	0.08248126137239442	0.05002004129442097	0.030442256186382032	1.7414137260488525	1.9361985941178173	1.9997720295337629	1.5714451915272352	0.01897119321132829	2.4310024610644927	0.006707653642293307	0.3836552250698067	0.05821045301712646	2.0488356128130945	1.7537270412152188	0.4980041492933904
E1304_71	0.0018798861344196767	2.1437917701437974	0.02926155540833418	0.0122014335638803	0.005400072481635659	0.034435547470494224	0.00690444546211856	0.013511536947517454	2.0486436317916517	0.5077691098738804	2.3546068046687942	0.003426553819712889	0.002981912162957097	0.00013112240179205537	0.05322217663943152	1.5598037632516617	1.0597640642750958	2.1249068147766774	1.5971830842393453
E1285_106	0.048526683851349436	1.5051562203961653	0.02911588307772393	0.008741582024730736	0.001556212516378119	0.0015257951518542795	1.1676215335006516e-05	0.01357997072352813	2.28036844162309	2.0133016209185577	1.847132206765209	0.007882991694154727	0.0033425072325403288	0.002999048245204272	0.40255883952371146	0.7429611824622796	1.2206780694744377	1.887806440728856	2.257095885323515
E935_312	0.006632220101308116	0.0303172016689426	0.023502794888075558	0.004470297163417755	1.8109274292849484	1.906915312289453	0.014963057861020609	0.010315864847058018	1.7155332737299291	1.2679542775734651	2.1504453067198352	0.019430160123811747	0.006279377137741208	1.6070098629213485	1.8909220630424148	0.16231078722673062	0.12775970214435614	1.539052639683118	1.7663944145611037
E123_704	1.9076007434302968	0.009997524034309336	0.0135874071773363	1.617695438774182	1.9698450367793607	1.5450396785334917	1.470620164287785	0.05374773421253919	1.997555271286389	0.02868341009026716	1.9786613712127523	2.0350457126029142	0.04336430968211137	2.2222223694248378	1.915000565960673	0.004989766339125854	0.0200813415579779	1.7839382991631132	1.4856027753028274
E1952_540	2.0753129333246205	0.03144096907854083	0.0020815324965499852	2.0294837149749045	1.8273618779499945	1.9543987000430685	2.3535823473067583	0.017058235774514964	1.940214169590655	0.10305961194503573	1.9759179012537087	1.9288102375270149	0.014530643167927034	1.4556770284073917	1.672234947724691	0.0004982417191367143	0.009392230110701321	1.7374658438414767	2.35073553931927
E684_383	0.01040811286168877	0.043231842206783576	1.4203047802944335	0.03052779497476745	0.009059019282426159	0.05215512480343547	0.04146266371631313	1.9126786261638264	2.066173914091997	1.8371721691250649	0.008790390192403973	0.03688576394531279	2.282877919085227	0.005889362885838901	0.002712102061929891	0.03396723761558529	2.293544098972037	1.4714815520507032	0.03738502552678645
E468_200	0.013908374047272827	0.8396514051657482	1.6857546719290988	7.638454094332494e-05	0.2542181988544069	0.01661319498445875	0.0009347819225301123	0.06004909549584433	2.583805990747391	2.0888915404080275	0.8106904309493158	0.02512293720914327	1.5744124625607443	0.06058643464529585	1.2526059151624729	0.024498481198398446	1.3907161031675208	1.881652439166048	2.2583356042706524
E317_663	0.010653939576175437	0.04568986641448379	1.6310943512343001	0.00314991098696309	0.01137180347859442	0.0015829081564230699	0.0014422658052876435	2.120858938383805	1.6999116481043488	1.9013886737248888	0.002774579653579988	0.010748416747078696	2.130085058571142	0.0009228056468805316	0.04382046814114685	0.039913892308718384	1.5843544273958066	2.6423734083067414	0.014098895882132334
E1032_167	0.0070795556808307064	1.8493148969986482	0.41614714678490144	0.0038768403229896523	0.08829245496714422	0.057742472626787424	0.012155603322158988	0.020858279905204623	1.9836027909607648	1.1263907284864028	1.5201388687458977	0.0098940488920461	0.2543105239996649	0.16919962592181487	2.263883327573345	0.0949002185365362	1.8640557061145249	1.5586381732766248	1.915205523827869
E737_600	0.012486115327004986	0.011623279481240305	2.1092986786085413	0.005055709926423415	0.11023018168038357	0.009589786307299543	0.05131634253361622	1.988659201548476	1.8941792501010968	2.28594252736054	0.046962463322561376	0.013039309234845956	2.0440651330542035	0.044387906802625006	0.010411018134243671	0.008908250174181601	2.184943616171089	2.567476327979986	0.023983449342968657
E636_693	0.010228145739847205	0.0069350754164518025	1.7791578313644942	0.011653881760421552	0.007367031573101919	0.02738383837968575	0.012825757599692726	1.6657943987624606	2.1646496758263725	1.4324280481459728	0.061251328025781614	0.02271016745782882	1.381196943410406	0.11294762095297625	0.05412124824286253	0.02382719669200727	2.2426956224620103	1.9080299904550369	0.007155506659630472
E942_186	0.004533530674034825	0.14374786416339982	0.9239221998128606	0.02092550908213326	0.3665061861650479	0.3179771794671916	0.002979253014348619	0.03164848942715077	1.8482369518004187	1.8396669805423491	1.5055518772042418	0.08718321446599223	1.9495876953043525	0.0713111303611428	1.6143820482920053	0.022360465861881347	1.7910324887390123	2.0850781589313616	1.764728846146279
E1481_668	1.1433095421874555	0.004229584947607806	0.023676641797641028	2.0237493138708302	2.182126624596004	1.7736931975604364	1.4952197910361418	0.013246302374078743	2.085033978650394	0.04417052856568758	2.157243290516445	1.9384778463155536	0.05797850118500356	1.8170106756131088	1.8813105374129897	0.008590445641247418	0.011206258117959108	2.258528416089668	2.4941993496147843
E1560_342	0.01642332263005608	0.00843556428722892	1.248470375818051	0.043276314728525736	0.01623806053801011	0.07804164039652063	0.014825707609377804	0.9404434978164772	1.9933373735037447	2.1492230528517613	0.1939124646623369	0.032117850399330974	1.106414811755803	0.01736360982808501	0.023138601506785574	0.00031846405609035964	1.9905103978983891	2.803314514429013	0.9704844175982906
E1884_785	2.044813750575156	0.0016264138198617574	0.0030400390310075555	1.6419122906638908	2.432199788148663	2.10540489622932	2.3615622043072664	0.009434065907937932	1.6529250583719381	0.006979293280429656	1.9264838086109075	2.3946625879780967	0.0204124448214168	1.6871322813783418	1.835406371161778	0.02338919879597116	0.013691576689994472	1.6899572848119613	2.1073316541837084
E1753_791	0.026218673300623517	0.010936241605478965	2.2268406971797976	0.15622663364706288	0.043985941849050116	0.008928389645633257	0.07369883271430422	1.3830252977140902	1.8420734187758752	2.3383724786050992	0.0012229656695080153	0.011863177018551715	2.0785277140092924	0.014417678598980731	0.0018007341442350007	0.03129042304047315	1.8060687831033881	1.7222687439442268	0.003893411623515761
E1987_56	0.0012094629911837305	1.8339996235973304	0.00798156132308293	0.005124863336399806	0.00423037164605931	0.012218040333830792	0.00032807156592532606	0.004222108290169407	1.5955279762314707	0.003120832804189364	1.6679252878196462	0.0024736364483305645	0.01641215553537625	0.02643945228097762	0.0006160004001142977	1.7216070405832131	0.3992083674216208	2.0808930968651853	1.928773424399836
E498_352	0.0023046842599288115	0.037084943410457406	1.513191841632708	0.019210016147945742	0.0005114661890350858	0.012462987513120609	0.036910798662368384	1.0453539069296072	2.0788735210630884	1.6124942060345897	0.0560576107927596	0.048011358101046536	1.65278474510198	0.1172145163333584	0.00019422680074957584	0.004859610833948508	2.2918633757059426	1.7796136971607803	0.2273365363432987
E526_700	1.7834861650579432	0.015468187154670538	0.01857511498887801	1.6431536558343696	2.486591171337252	1.6295537539654463	1.5410108341775357	0.057439351699240235	2.367734792452247	0.02473268879536057	2.4939330367332446	1.894199515499977	0.0033798564013537533	1.6386658122859106	1.7971374411587515	0.0075306065741622035	0.00402807091227771	1.9016290390361963	1.9106951944661943
E946_281	0.029136167960565874	0.002223004165201921	2.1805874914527354	0.0018965145827905226	0.005475293752997993	0.022617277335340226	0.009256597264653565	1.5617736727852076	2.1063983545778155	2.3631671396235387	0.08237232484028617	0.04642023317790127	1.962742941171589	0.01900745930202712	0.018652831846083337	0.01006958418412198	1.9220893686363127	1.7568162443333148	0.12736249092539814
E1479_29	0.00010271050516407398	1.6904944812688194	0.010943988079038996	0.004470571165180855	0.0004674498067462245	0.03235938999640569	0.005811537789416442	0.05130427320914123	2.063965658955019	0.0009983670633954872	1.9289759788037648	0.0035398862081537116	0.028587317403184237	0.02178012854943967	0.005295682893264469	1.889511254533581	0.006709837548213021	1.9064085959015336	2.094444848213424
E189_179	0.010728981621507	1.5945399939819536	0.22699105197427594	0.018411388402412937	0.0064841329234016564	0.005403348708961265	0.008636757660445991	0.0026454325032664342	1.6125993688045352	2.0961025867045606	2.2702722763875727	0.0356776089953537	0.08329300401170768	0.006197470190194666	1.4159219328787236	0.009080309543595259	1.714922775785002	1.8589492785961053	1.9772727526323828
E902_740	0.013524279303309421	0.018077424739955463	1.884942063720377	0.14410090616724708	0.028906824875740568	0.0004195765015570273	0.005104841231369294	2.0281459789683893	2.2335688165414482	1.492450522059635	0.002291576159935584	0.019525427109794984	1.7207335993649973	0.003449084388462598	0.02340466649602766	0.010897389120039628	2.3009140264360104	1.42464252353972	0.0019432025290527948
E1234_31	0.01185566215910408	1.28871932936582	0.0016123838623955714	0.04189500423457314	0.0246865207434638	0.001113672856743044	0.00679076566588724	0.00011635128271496408	2.600125174710909	0.04638503056117257	2.7167158018624846	0.03596721868055798	0.008769960048223394	0.018132685033666298	0.015757299255564138	2.2719969489000515	0.023557913591038062	1.800384382691003	1.8699774366567787
E807_667	2.495282145126226	0.02259996531970653	0.028982397746512567	1.6402267529810597	2.23031860899508	2.6934660446362697	1.3418499169128937	0.011133158665441595	1.7776167702093102	0.00195522622675958	2.158726216736129	2.1290421736366065	0.002240107075045154	2.010764980182502	2.047395182320797	0.006685323426689554	0.011207194890488305	2.012323931986958	1.8529888646451853
E915_426	0.00037103859862722165	0.12376637135766153	1.9678075627773857	0.001506893961254919	0.057154879466530535	0.016365308076079006	0.0002427516099350429	1.812335434963708	1.7035614881864432	1.9226239189218537	0.03983290697122985	0.013831159861063648	1.775517490930844	0.0028690752965061963	0.002327141975634016	0.07245872124821834	1.5006500427121243	1.9764628619810576	0.1191414554006388
E1988_620	0.000378829085287041	0.010888862919343188	1.7807801118576594	0.005715979379784454	0.015661452038376215	0.010766397432744152	0.06492642556165573	2.012542870175201	1.91782410481934	1.4129925014604754	0.05541025395598824	0.009772902911747636	1.6535139912723975	0.0008085915922436014	0.004207527900508402	0.007827594671637805	1.8685442490965083	1.9782824288338807	0.034906641106932264
E796_325	0.0007601680004464314	0.024404404410381345	1.4517629729679211	0.02594062690679876	0.00856412361488123	0.0299754077713452	0.014220477599504629	0.030787559994992407	2.4230424226864264	1.7043037777986627	0.15992548450870453	0.0038505287369240545	2.0732697045233497	0.01043629959344574	0.014879458730888662	0.07456645795411734	1.284913726775744	2.2290803561649293	1.425036227950402
E192_389	0.008024111204511115	0.04345211366003386	1.7306035704227218	0.0007141331025777392	0.005474527496663707	0.0038561054669960892	0.0984468048228742	1.2641782532850456	2.058103550485096	1.828371901000132	0.11210117885705204	0.004226887751596658	1.5317656837802414	0.004734284505603103	0.011098188522360513	0.002727529442547521	1.4411559560910898	2.254298945229844	0.13391379964112735
E1815_268	0.013566996493451331	0.004201594504834999	1.52885155250305	0.018544027027090324	0.007633859497102891	0.002312760005384455	0.013773594829235718	0.20859231924374166	1.6524428862331992	1.8208904766973943	0.049508354604357284	0.0009424376545154377	1.9506191965886328	0.05079005248302655	0.051791246578584686	0.00616882772866483	2.2285757570114737	1.65330682659948	1.3677286587338622
E503_283	0.037794965138349325	0.039510156730632164	1.994362642350041	0.02443315450073541	0.0011215176868301859	0.011510070065027637	0.028786464302844657	0.05405181074515398	2.1123840644380123	2.3254477712805603	0.12896067100235895	0.034758968974702376	2.1741486806925305	0.013252832119457748	0.17928793363183498	0.037200670458488	1.8606197050780724	1.940334885749141	1.7197251622969536
E566_191	0.000228078853636988	1.5145184279409676	1.5902619678961107	0.0002734930320396636	0.006983875895922143	0.1167557908552214	0.02945156483601865	0.007195175593228244	1.3961176403350155	2.101681140323193	1.3527822298353869	0.06809561356736965	1.2866539220579	0.005769929974017677	1.1346358991413104	0.07514553831826397	1.8385811603320537	1.4746148814819766	2.084619158212336
E1403_340	0.0714448746600492	0.005390296312701227	1.6717585629365623	0.04654723122531927	0.007743848709471484	0.001121337012885581	0.001013314842797883	1.9947472064688603	2.2180554571048408	1.9526103440090663	0.03862404930016653	0.0016307372760830665	1.4099374433672898	0.02561813348468818	0.03666296862267247	0.0017109575260596892	2.0742607949360328	2.206848909033999	0.11949393012055967
E1280_768	2.0762954500627484	0.0350528038311423	0.005909411933129185	1.879537699802157	1.9331699086577687	1.5730129945811842	1.6951782820516377	0.0242710342709214	1.3892820470658276	0.013015341004643041	2.2209927542215286	1.7268104310807302	0.0009495035080771368	1.4721373052511266	2.257735594315855	0.005918658057434845	0.046085936486934466	1.7608929054495854	1.6083305659568798
E1778_642	0.01905895992209096	0.010326091514940407	1.184178209809445	0.003354564681498035	0.017369992631530613	0.0007435595031406858	0.040405579697969686	1.9787688927331362	1.6190824342342591	1.8544126242640158	0.03776616729120953	0.00419651994309915	2.0089997390942016	0.03482847448886907	0.013443605383486034	0.0005054844028576049	1.748065469529358	1.7580463193833484	0.03571242947610505
E1203_698	1.2365369005397324	0.021930588376546732	0.004512679321797639	1.8096536894339503	1.6844955154301635	1.9589459356539056	1.5346864715235415	0.14916533116289374	1.2312537472677811	0.01310114892187212	2.2294307394760917	2.0799649466833654	0.009616921605929956	1.9469901427067748	1.6375050197046774	0.06548200362380606	0.00228191438195446	1.9452691136859408	1.7007219418592934
E1948_715	2.079017549915372	0.015847920316803644	0.07916003840204583	1.7679748365429304	1.967824500176571	1.7955348079797944	2.2034780662154616	0.0007227016488837178	2.9031237786650994	0.013740827222704716	2.1935838136831074	1.7249756419489568	0.006695948823182144	1.9626877757467869	1.7595208281104906	0.0018085139639559887	0.00028189211949223436	2.217697451319895	2.0332379512413823
E512_611	2.5913064019324774	0.016419742578915413	0.0022146028990261807	2.018739150334308	2.054542069063559	1.764454119675846	2.2746664567248813	0.020718197082514204	1.6724501258279094	0.028022950987550626	2.106653516193429	2.347828333904489	0.0061391359557912036	1.5161088827036249	1.5708457439845565	0.0001352587371106906	0.0017054823869463065	2.1094488739295523	1.7015357650235503
E364_776	0.02384215164645787	0.021678476714991426	1.3958576021081457	0.010804110107262562	0.0024395380845568717	0.004083759698428828	0.033008238585419	1.5409471994095627	1.585055050896627	1.9794548199794844	0.008626928902575456	0.001980197379741297	2.284564779674441	0.00047789868318881806	0.004710333942329101	0.03214899257722088	2.323368880454004	1.9486974868905005	0.116046341696191
E3_694	1.586772507286757	0.0302223166923695	0.004790414525289818	1.7246310549594372	1.9206046496443159	1.8954423163537728	1.5748251076358797	0.002144495436435058	1.6808929740128604	0.00541092929297435	1.7422890615455982	2.170666565444477	0.08731289450941604	1.9907328088061187	1.4206042452543255	0.007038442189408944	0.012245427668101452	2.4561295237992526	1.2083530223556596
E59_222	0.0014315564142869336	0.7349935753477098	0.4334633407395072	0.002885185530249848	1.7649085625003262	1.4481719074009154	0.005468633906293626	0.06322019202382555	1.263179393806558	1.2574397345778114	1.842354767417744	0.010234110567527642	1.931573358027181	0.09758062044198808	1.6643819022404245	0.004014925691096901	2.2995666164098445	2.1061684432774377	1.917707192607612
E1578_532	1.855696989666244	0.004958327588911213	0.025677300132254586	1.960821396644364	2.0458203877804504	1.9659981195980365	1.7690927546526225	0.07290622308484898	1.9823637344198968	0.02440483633738937	2.0440634750381848	1.8772855757353728	0.0027661063495795697	1.7102318629178062	1.3235412837783924	0.0003639347031368121	0.003148198376832932	2.0548689585626825	1.4374589660079973
E1951_669	1.9218941033615888	0.02207679565853348	0.08202850811190451	1.4686871232861904	1.968335318940514	1.9764048716449096	2.4661924525495285	0.02707258565160346	1.7185948216831903	0.006800221464704208	1.77864431496618	1.9247687245281853	0.007202415343488439	1.5487083450747499	1.6751223480949986	0.006963620576558003	0.018776482527371376	2.1622954415567817	2.3141353786675274
E803_645	1.3440718127044229	0.03980945456472965	0.011432711493274392	1.6117930221180496	1.5653412884333966	1.7672424831744136	1.4505851073521752	0.010971906234773073	1.3949053655469297	0.22316232457547824	1.54958392143363	1.5122943929500312	0.010676719168018036	1.4985534816721466	1.7238544085536478	0.02084269827713076	0.0008566335365780196	2.68424474903234	1.755998764661408
E1491_179	0.03213255339960862	0.1636872515903523	0.08201274383169521	0.01218625589164753	0.1618112689027795	0.4769880492845241	0.021157048312508017	0.04105550768143938	1.5876920652624895	1.8918574180521293	2.2560209037094894	0.004079041224675482	0.10148493929468763	0.21411651491056244	1.5029598388080474	0.014080832750153937	1.736177642124982	1.936070031020077	2.000968368432528
E699_644	2.0258962727175582	0.02175251462693435	0.08068814711272428	1.9537673522486207	1.7524707846349097	2.268387829612714	1.6100315581063656	0.08609414172050472	1.84754478044316	0.035638972212685374	1.7872716748534083	1.795943539422973	0.01690816221802564	1.5467591391311295	1.9950401194259857	0.011607387772868464	0.046330544275932486	1.5265734793367842	2.261978547967012
E1655_290	0.06449067007900115	0.0906841642038053	0.7006274731010899	0.010232713046202834	1.324074992050544	1.3555056761913655	0.031082902719443837	0.015688034488800632	1.6543817829384082	1.7882510149560191	0.02825868497719285	0.006390285561153699	2.3770894338563284	0.0158534989637988	1.5122044974868427	0.04932248870948055	1.7736640453968384	2.3057622136835936	1.703001307536362
E1825_63	0.013169986276481771	2.1400611834801917	0.06756583582715764	0.031736979745217615	0.014624773992895138	0.14862487225291035	0.004389212499253026	0.07955727748485605	1.5910954670996378	0.003221898414821697	1.6995299304008529	0.00650131688290196	0.0401203865349701	0.004772283754221467	0.010661352352744196	1.8886651693297425	0.03156090749587315	1.8559562981574769	1.8011732513638248
E281_67	0.02584338964019737	1.9075048469861624	0.12152137084988418	0.00122392580143237	0.05706487514617031	0.02125303870741517	0.02853013095655209	0.00361182824832439	1.6530160126232931	0.5091552941152703	2.4355475736829333	0.03799147169079629	0.003228171641862045	0.007168119467522181	0.017668967354680317	1.062599321182779	0.04233461330976815	1.7701888036693303	2.04508188647718
E1838_558	2.155679991684873	0.07992137309602114	0.0019234854586688862	1.6287467561462694	1.7420663697984948	1.9525020704461744	1.8138125647633687	0.008075350052225387	1.6214489925182085	0.02473504560588189	1.7541686503180782	1.6215813522512599	0.010183325452883557	1.7110215198978391	1.7972185902846216	0.021424410395151902	0.004658175792372701	1.589246935541117	1.4265655473876486
E213_443	0.005888475842072125	0.004998442852684192	0.004200261538562112	0.0028568223276061373	2.406132678957144	1.8300595214544504	0.057073811151910216	0.02385185076065618	1.5252736435256509	1.6477748977627331	1.6767048478227469	0.0036989460006968157	0.0027707050147792764	1.6603657883490917	1.6346524181669322	0.008897494499414625	0.0169075112958044	1.4872407114883404	1.8279738862008017
E261_749	2.051388121885008	0.029638554471804662	0.016936955402273742	2.036036190941272	1.7969336187237723	1.7272786225534684	2.063417719519892	0.003702466078306872	1.6899553406367147	0.00010709879949679509	1.6175485326374857	1.9122969244054584	0.0005845497881342785	1.750044042917161	1.555123433475513	0.005852023027017099	0.04345489134833287	2.103842460775042	1.7271891031010085
E201_227	0.00591355044209755	0.019633900668298163	0.015920965172124876	0.0056992531530811325	1.4564435120245012	1.9435728677858088	0.00012759628254444227	0.006608345058976466	2.2710000795870324	2.5297901571201624	0.00919777919135448	0.012780328867354331	1.4187476631045832	0.1712591878682135	1.856902014698252	0.03955552321888825	1.9097180247886365	1.829490665479832	1.6675010766565728
E1347_646	2.195007743605595	0.01912104048990176	0.02538884346603995	1.8311916036358773	1.8079728948578384	2.0927108688519285	1.7762866249446716	0.14571816615599648	1.976105412061408	0.012955780824203077	1.6958034809807756	1.5221355461575612	0.014546735736692903	2.0932811187321736	1.5450061747363304	0.002431423298046606	0.005684488513909057	2.0401951968515672	1.714782470657119
E1864_542	1.5683144148309158	0.011108335574661263	0.020883232544869814	1.4520984960466001	1.7614319755680954	2.118385121049546	1.4439700769242594	0.0045192066873352785	2.107019744365557	0.0066771125960665215	2.058789413682554	1.9523203230044093	0.04009454954141775	2.641679096730304	1.4832661837639796	0.048038539129519636	0.003652726552235522	1.749121335998029	1.4745011265647927
E505_210	0.011918025015234493	0.027100256408705455	2.0152641775255202	0.015011109718848796	0.0937098463427674	0.1789683208077773	0.009306008805940277	0.0014787053443582445	1.388536643343136	1.4295720327017427	1.2662141529068272	0.04964252189133275	2.2474418362959314	0.06607363712929336	0.2542857491021642	0.012225320763216242	1.8556747621964118	1.57594797491628	1.6104879153484322
E1849_555	0.026956414747313345	0.0030071217311803105	1.7993738211455141	0.0008490434608674598	0.0012979478805312974	0.004897172289463321	0.006685774748917942	1.372372599483176	1.9582746381112544	1.9048295358693528	0.004975430514314226	0.13045019212014858	2.290629964926129	0.051545649851496914	0.04717881093361282	0.0016539177363625148	2.214011102423579	2.113765188729276	0.011576685318172549
E985_227	0.05504735561009017	0.004983322086923533	0.15646493692436592	0.0012011585028610314	1.5362375359961642	1.8257733062872907	0.010783138133944534	1.5887958016419617	1.9289797851075907	1.7402430034673235	0.027966171101892624	0.009864662725779823	2.270854871500101	0.05861213990766431	0.08046357910684661	0.0007176067539627214	2.1855792131496763	1.8583181311259809	0.1756892843284511
E519_794	2.4173583801468426	0.0010149425148994072	0.0013116231389499028	1.7246372044019211	2.0208678577501598	2.04949215142611	1.708945217611117	0.013832251579132293	2.615799109260855	0.02810397273328407	1.8943882132184424	1.5975139519184958	0.08224200744908748	1.6704764139216397	1.7136966696892395	0.017478975045436322	0.014461160937494775	1.7728242010740427	1.3402148500546056
E1027_448	0.028676132890274673	0.05319549948557194	1.5521505866405123	0.00025774412412833854	0.0009794849181432343	0.005695719473340243	0.009079394387508906	2.6153923856425	1.5028684691702314	2.154234236903648	0.04342514199640445	0.0065570340576295155	2.846873842637692	0.006072569290999172	0.05626202830952206	0.0018584770842612237	2.0160719402596743	1.7562838107953924	0.22142506881379664
E244_170	0.007480005916490021	0.017816195865038978	0.1091402536967267	0.016552544870873973	0.07044713222641502	0.02312384166440361	0.01695413561869281	0.00084308223430999	2.1696881082956887	1.9090806598860828	1.7569214051977051	0.05093049520521127	0.07330190721566986	0.03002907997633888	1.4315623839100409	0.022661077662213883	2.4556067971792883	2.037850358871674	2.0543231374858557
E786_602	0.01580902946872606	0.011745836844466956	2.3282139788989062	0.042108051701026564	0.0029460937809038536	0.00041693740749285113	0.0482174511496932	1.7484933749618488	1.9454093242224708	1.7146819593573823	0.001788383430931866	0.039728707788881566	1.4158937086034813	0.01812470018922333	0.0002168649052515824	0.00041289038366376126	2.5212657824715112	2.150191679852867	0.01900389369588362
E1975_244	0.015189920900829294	0.0035964810678894405	1.86640774556447	0.01598767038279868	0.0006522045882663202	0.003203664864446398	0.005377960951836374	0.4663622632576508	2.132607985928669	1.026748473338241	0.03515561624576738	0.0029410384298641967	2.0933375306174047	0.017109217213056534	0.04586417059519583	0.0011550971001682998	1.646117237108406	1.287853160947302	0.8540267360094487
E1074_527	0.0006220383608625171	0.007946451081975408	2.0443871727121583	0.014289836346018731	0.007496617131382709	0.00427062985445656	0.0015491333212610586	2.717826560512129	1.8052014144184487	1.7896849911358566	0.015830075018865134	0.030594244061514942	2.1235674672634195	0.021700803189585758	0.0005656798754596772	0.0574676422481246	2.1417859458627744	1.3538647284691756	0.020600308049990825
E1351_335	0.009726803218317438	0.007716458017014566	1.6642079157899283	0.02466566516889377	0.017745953557470925	0.005894358677785273	0.002309411157384641	1.6316134550057066	1.8497233015522787	2.0447228978761784	0.23774007343153564	0.01346781367586624	1.8543959155095169	0.03175685323379415	0.005923734111313903	0.0008051164329135082	2.2589971127907367	1.8339815158838355	0.2929788232297707
E1630_516	0.004571283064304689	0.0020795331178690216	2.044706487919568	0.047310479914331016	0.005193474641035936	0.006859868085089013	0.04197151238496357	2.2274216880544238	2.325625554306524	2.0410174700900234	0.1165084914709056	0.020273249753284026	2.2406920453813925	0.0417857500957414	0.008940924584239403	0.00647734486563646	2.9708448018834086	1.888800650637884	0.001782345878832454
E1508_132	0.011215630135583977	1.6960603869603716	0.03645371351214394	0.00022322721393611695	0.10331938103282083	0.014636820630437943	0.0014107679165365466	0.003468575198093376	1.804582944738612	1.7927458960391185	2.172161234774697	0.04009388092651627	0.037299457199472	0.006625220917249847	1.4560130712850743	0.2228261318118845	1.5706988671930513	1.8823628758816082	2.027435331221419
E840_186	0.0321513623739431	0.5918782017610853	0.9670990587368544	0.022707939603295903	0.29383188204360583	0.5129528954391508	0.02904738104181882	0.015193574100609553	2.2802605229026427	1.7164938199115074	0.9872774359227025	0.012413281871175495	0.7728140889219366	0.08059203719666327	1.8798530861907148	0.009916253604187584	1.533512907658578	1.6216163981618512	1.9517511661334983
E1031_253	0.002287829712990044	0.006429238485198293	0.5931682892283695	0.015244901542301478	1.134701861874125	0.990292790245886	0.008993792101181204	0.017711318609033053	2.09622272857032	1.9357508290598084	0.2496254366590853	0.008219753208214825	2.1707373289095884	0.002638051746241501	1.2301494246691569	0.013409943617211055	1.2213787590314922	1.7703905834202769	1.571566270404042
E1005_571	1.8614700403849005	0.006849822437400087	0.001210158732038091	2.206545788787628	2.5539005993248587	2.3142587739247493	2.233594421678464	0.04948582445108996	1.7614633037508711	0.054586608776035966	2.0624354659424027	1.5946099376863994	0.008683260687552364	2.55820159160665	1.2765019976030174	0.023273681366391914	0.020877857458716814	2.3428131749570973	2.1379952856350917
E442_666	0.0030197569031261444	0.03261298662996607	1.2145897320234629	0.024650361819995668	0.009726838414094495	0.06551795490181034	0.009979710817231823	1.6269707702906917	1.6805874146239757	2.2459538377420287	0.0021108577068762557	0.06617993807268747	2.1538170874924614	0.012611550741201849	0.01349186161586297	0.02459334772721245	2.213835744083672	2.4430831015374865	0.12443381998169815
E649_349	0.004604149362763821	0.02852879548309155	0.001918740297495519	0.0322689310590325	1.6507447124411332	1.7617451274985276	0.0126537670903673	0.050578918219357664	1.957421463061112	1.5895866423407154	0.026865803331840347	0.02825340985356925	0.7660817840731496	0.055749821482361295	1.7313208574429095	0.004378213316965984	1.0838168124558794	1.5889634443731817	2.0189939850397183
E15_302	0.08188586264565598	0.002232109542436579	0.00985642894115264	0.003347697724692969	2.315723953864188	2.042006820901791	0.0005382741091298028	0.0016449851992628582	2.0180640919681485	1.276612193988072	0.35393301412652084	0.011739631696015057	2.0038704554072715	0.1631550863295488	1.9992939361457045	0.049142700055709816	1.9571922408445712	1.5505633105619898	2.177710902896536
E967_603	2.0655953392914483	0.025782999597186617	0.0036581433065386937	2.3406268634825964	2.4295134939584324	2.0411332657748047	2.163692155398912	0.0013854770076274722	2.021565404486698	0.013541228151824678	2.1802556910916784	1.7585824078611298	0.01199226612437186	1.8602121379416945	2.1034120443193016	0.05762637618507704	0.010065011330318093	1.945578771123184	1.7696941376143966
E384_751	0.005074319440341978	0.007389641252662923	1.6872740378537432	0.005631285294977828	0.01941215504741904	0.004893880178578427	0.013262601051457615	1.5774204821122202	1.764365993987565	2.2910451699871843	0.010031242030956488	0.0013830245799837328	1.5739181843592909	0.011739347988905729	0.007888219837342909	0.003482628160048865	1.5855330291191778	1.595728038813013	0.4270266002733296
E1598_298	0.011572123346710192	0.010007550848563123	1.844798230643801	0.05506312121451943	0.014281463261856397	0.042123878971382506	0.006134161570881034	0.6093948731401788	2.021100976003305	2.096693880282412	0.004511890353227225	0.002298445862094497	1.90490209327769	0.006335557171890787	0.0041277259422344646	0.008605207807180559	2.6182594052711736	1.6138437754056258	0.8958037262823143
E376_763	0.004596813508475721	0.05787973021917865	1.8727933935027337	0.029578540532808038	0.061105126973762615	0.003823005760780866	0.010223214429542505	1.832154930617347	1.5577747310821697	1.648807166064011	0.02993037840171062	0.009895760025931536	1.8775567772232864	0.052392073750834274	0.05792740321586001	0.013308231375684938	1.4932106885792074	1.7742942570689018	0.013820876399182159
E980_273	0.012761138144617356	1.2172048981663697	0.6023444988383324	0.0008706033196072376	1.3325431898398539	1.6477961861110926	0.0009822038846857674	0.0042973889203313815	2.061006637048328	2.22955897172652	0.02345752554283213	0.06555147759231528	1.397362440089964	0.0007276378383442488	1.2809422686107044	0.01746098855152849	1.3710750742172106	2.05558902291168	1.6720113610811422
E1169_198	0.026122373882825255	0.9872663638324248	0.011918747729368464	0.02038605836703054	1.0179649296560698	0.3830887408857848	0.04783649594480974	0.003604053593586894	1.6567121941781204	2.0003743406147816	1.7678663145938354	0.007405297447553933	0.06806983679786885	0.5346518027423207	2.1776279420564832	0.03097343397630128	1.9143538017214965	1.4849037596558192	1.6865310587222655
E1118_454	0.03273874727400238	0.012282676858257492	0.01110253934631496	0.004856459428453842	2.311454781232868	2.0164583454519285	0.05294526163862776	0.01705902931388849	1.8178883674178845	1.9468403224923847	1.870212345559212	0.05596830526063268	0.003563562243475924	1.7716480027863002	1.9461480527682784	0.04416544964262893	0.014282340433686857	1.4772106593136405	1.814055504694556
E819_101	0.009887723791761038	2.0494580969643343	0.010656859156174031	0.006330910176365089	0.035185067921510035	0.002515107594435154	0.14085149552560866	0.0026933125867967217	1.7234635700780148	1.2139286187112972	1.7825220939037538	0.00773019751214349	0.0009188401550490818	0.17099551975445335	0.3328823064130148	1.592563670220069	1.39698011882288	2.024722162090528	2.0562324227143907
E1269_102	0.022471124362594158	2.006511943128249	0.014414365901798646	0.018591684228946685	0.0048099416466843604	0.04392123535838899	0.0012804124426758366	0.05917009130559056	1.9569751052000208	0.6682336290024712	1.8573240838851663	0.07082355429398401	0.003456537675324545	0.006858536924034295	0.3849748006165346	0.08620805143427304	1.2424303005547923	1.5149330087612027	1.8966773563212016
E1799_309	0.02475781108569352	0.019940860919411302	0.05190851145350086	0.002878358322578555	1.9991238645730056	1.6351426009120171	0.07785526787834587	0.0011173369218874726	2.0252977849811984	1.4301490986116918	0.22583740909814864	0.04307052148376818	1.473098615819979	0.04265219595122648	1.7330836343034508	0.0435495836743169	1.3088771271552069	1.5381558126570882	1.8540163505909368
E1571_6	0.0034998864985516954	0.5332123070675313	0.03286172514501675	0.02876195143480975	0.029242203225752817	0.0067598955235409295	0.0006494190606444182	0.0035223255509420717	0.7331287397595329	0.02482543287296727	0.9520600547992021	0.003715425736578475	0.002227257593996028	0.050163904447526914	0.0015541146564875142	2.0276845795597214	0.012607320498327614	0.7673403754872524	1.1119962614251038
E603_271	0.017387846554575787	0.017735656043247776	0.11196994805190896	0.0011566494714369848	1.7285218920785836	2.3542808424300583	0.10054431132873644	0.05436397943069194	1.3417688646904082	1.4128000198665105	0.23332610492572906	0.04673009457311208	1.469778622849388	0.3325042916732048	1.8592133396055333	0.002944222989087571	1.3722442585365222	1.633802019605973	2.1825387223371053
E782_507	1.3448371379552924	0.006230157392901102	0.035919288814204565	2.4417826817011936	1.3974943759547165	1.7929432685232591	2.2573551742586844	0.004153228787882686	1.6596472567465534	0.37485782313471455	1.9497821067214207	1.7523436040320028	0.02663687765810625	1.9388246928724464	2.1205758584375247	0.006924975576195107	0.00032297491971138167	2.320854146710896	2.2355190625822137
E1068_568	1.885149150649308	0.0134271363752377	0.02202072297699894	1.663884617065221	2.3471230932502154	1.8752998680857345	1.5467276212047216	0.09452473868077273	2.1268137549491373	0.045260648950354	2.036875978266268	2.0033205714178965	0.0013485590338808873	1.8439170451996871	2.2577210098831326	0.016549165165237103	0.02224592612763237	1.8339823876881969	1.9815822043901088
E1332_15	0.0066093372243311715	1.5915800300731806	0.0008303370455288005	0.050960340829168435	0.006366090360930562	0.0015174151506499858	0.03202335157438591	0.03015325550025126	1.5142525015406505	0.023040758032827496	1.120444247277321	0.00559451119729835	0.0015883731333987394	0.00761337731172635	0.003531963247602918	2.233607061862657	0.048837611709603074	1.7548435651400116	1.6950048790960628
E743_486	2.126854507714384	0.06771685787055165	0.0512203640583416	1.87095096391534	1.3834256439544377	1.751548895080384	1.8265657546848517	0.010863696298092005	1.5432372307235265	0.14517800497372568	1.4220724013356447	2.11180955218639	0.006159541046024957	1.3979236193354974	1.866342000058451	0.0035907245744364377	0.020986924154568515	1.999234525942616	1.9255922019352585
E172_584	0.02303596424436819	0.008045694808350311	1.585972561302481	0.0011370432903927885	0.00738928710539913	0.03189683430129665	0.013209731187714959	1.7833244790196419	1.9298957861150157	1.6504645717570765	0.00994506472174142	0.0028391164200239787	2.3023582895506816	0.00819430525263878	0.0022342266442609386	0.012915375149392273	1.6482758144484153	1.7709110869781062	0.03734026589901784
E900_237	0.006704550352942374	0.009925944856967402	0.9696062174303413	0.002462278738189791	0.005594134112711752	0.04790508249093118	0.005190608414564644	0.0108995641879188	1.0482068911718427	2.419080478568024	0.891444091565937	0.039433966743565314	1.0083171716159507	0.0037899371760771773	0.002021544810796312	0.000420517906644706	2.248570179921007	1.8684228328826933	2.2165182440418247
E844_281	0.002898250929679877	0.0023309203436302924	1.7579423104355292	0.004351989607663067	0.004295886863593038	0.00016023702563083838	0.004128476204053033	0.2862582280518764	2.0453209430684107	1.882223854987373	0.08779128014031577	0.02365310198395156	1.760142820264008	0.011206249648376932	0.07266344539576207	0.02576444336624369	1.6972627447640964	1.849325505200684	2.287808942974399
E753_565	0.021979909956623533	0.004488447050671532	2.051609686829423	0.0091840851651986	0.0104962250368702	0.006982855594531236	0.02200177692429553	1.7754943738167634	2.0755660046392768	1.6885237899853045	0.04386669618427577	0.002780740108248454	1.8991800057511643	0.00021862353851825048	0.000317526609306506	0.005122407704250251	1.955796215388544	1.8510670177208357	0.04416477503349737
E675_471	0.0031979646422928307	0.024800933686144395	1.6980847413353726	0.03204218558989835	0.009394495914651337	0.0033969478264942498	0.033591678300412965	1.5845346882970264	1.7047113138315813	1.837043365514579	0.12182964880515215	0.03365096578514617	1.9069033874749568	0.017318026014909685	0.09935852525757777	0.020383424108316773	1.8061761192783088	2.1963979974535133	0.08188256569193154
E204_721	1.4204124381235232	0.03046279615430432	0.09164882716969322	2.167908937855594	2.2319958514394247	1.9415852819274435	1.7959887302729538	0.012090176700804707	2.090132490524068	0.08833398304233397	2.331875558411058	1.814668131340892	0.0445837007659718	2.0541084836377435	1.8531988430175208	0.004253439493719295	0.00022063748517207402	1.7912451247689996	1.8403958692493882
E1358_450	0.016607623009509874	0.0018805115945521138	2.2549350608878367	0.011459352702611477	0.028156592928896683	0.0008838870715149261	0.005293547835351228	1.3698154293701006	1.967685909588606	1.5845909800110094	0.00010378191099149997	0.030718787642352568	1.5989147307568432	0.006521097625367169	0.02811676995697722	0.0001133528191079765	1.5071732762010424	2.141144496044754	0.030891658647308636
E210_478	2.528442868299209	0.015051299034928602	0.002896901331736117	1.5226491100301969	2.110235053160581	1.6650541952670102	1.5337600008076884	0.007885254762383703	1.4276658954182628	0.006620467682515514	2.333935256240121	1.9248342458550964	0.0646502537696175	1.6098631326498907	1.967799742101104	0.02291664594266491	0.05015098414826112	1.4445465129601252	2.1125920631314328
E795_429	0.06606232759310382	0.0017885244222946477	1.4800952132490732	0.004753544841851548	0.003127500819214294	0.00971645970537225	0.007776313440552562	1.6072427446474151	1.853577807895576	2.057302227479595	0.010662007910226241	0.009764219985487713	2.1663916352402457	0.0206840585418477	0.033191278007882546	0.03685137507237698	2.306536861696412	2.007881376223261	0.00011351569831197662
E80_559	0.022133936435419315	0.004700358993916855	1.7178088563702854	0.0377665331679216	0.015917366861515354	0.033649614280499604	0.02894828797510858	2.0447857287175517	1.529331251000127	1.5929859658117071	0.032802335088743084	0.03549362055604776	1.9547077171688496	0.11307356013682915	0.013400916313743304	0.009780851762612005	1.8331754571473624	1.9094225995050176	0.051553105224134636
E87_72	0.019167640347897242	2.6618534629800505	0.014089778508837946	0.004333095110281807	0.032892438936244835	0.030134038715895987	0.015006782619943666	0.0006826716444450417	1.3943388920133286	0.10465703680682244	1.6535104783161918	0.022214343421169947	0.017177925659305624	0.0013366423350886958	0.01447441241472179	1.848389844853127	0.04203605926818425	2.252389899716716	2.2595300323649714
E1322_50	0.0034780682680498084	1.956528217824232	0.01658110145733946	0.0007880833868650264	0.0018865634022305442	0.000600253290108307	0.0006048801001525069	0.002182757701422817	1.6179937522855292	0.007421955172938224	2.1720628182998274	0.03059665045118757	0.02683547352250725	0.002629803737065797	0.005342786325879661	2.6049299348229784	0.0017248985523978884	1.9371817508031524	1.3230443157368497
E625_300	0.00038070141950479413	0.032561762618816416	0.09265680104822732	0.05603678272720759	1.960172688774865	1.3667534200509313	0.03246656686386759	0.009229917613028441	2.4330759323363527	2.0031415247326345	0.0219003922692933	0.01361518118796827	1.6313923340556975	0.03914740157729732	1.701664816916156	0.005857071708324172	1.7771617128282935	1.876100176240812	1.2836839054238742
E259_408	0.04298153335705451	0.006198304241041383	0.6427535882069154	0.011734860312356286	1.4027805411959693	1.6695194524629593	0.004569631820909137	0.08113700063483208	1.6295445220526823	1.7742211185059429	0.014553593049395071	0.00550859962401865	0.15540568980847075	0.0181645878405468	1.3379234052268842	0.01290812956610941	0.08094944883937	1.7899231089184833	1.483103081533809
E1530_253	0.005785777144484743	0.002220060907527103	0.5952249816268982	0.010215032143288935	1.4071748134760391	1.542732116567395	0.0075713012486797624	0.3869867349610484	1.4392190886138785	1.3094625814694647	0.2686803991204893	0.001118549840805438	1.2771963609448749	0.03757274971660147	1.6164898315845042	0.08315754701188874	2.0145049814656653	2.1181735306184017	1.7601960753638348
E1832_576	0.03666476735141539	0.002982497142101841	1.5721696087500252	0.018914665132998332	0.04021980873062367	0.10492996744393718	0.006462891512067657	1.8348078379821453	1.922156779011893	1.5944369701149457	0.047909767642367096	0.0077194370049734565	1.901792286577904	0.010501928097220541	0.028855839623031693	0.024332547453760463	2.7126308772587784	2.0527777839888905	0.0763990885040533
E226_725	1.7194874277487142	0.03235902150071692	0.00234221510662632	1.4885003671633374	2.346481127648531	1.881612120797036	1.9184844647343784	0.06031279079029224	2.4619259876575468	0.01247300847198424	2.231285328484874	2.158398826195134	0.001833458090739806	2.070555387905513	1.717240823163113	0.035471563461996335	0.006256555886917666	1.4033974891882133	1.8362836313376816
E392_66	0.005846644709576438	2.161058319510825	0.007769298610415656	0.019225130902966608	0.0009874801783303787	0.011895136757798871	0.004345142380548078	0.009719586691051907	1.78284570833958	0.04905274869757323	2.0573338289859446	0.009888284904470808	0.0005267482747517781	0.01759308053760577	0.002871608566506815	1.7962049149358748	0.2763494955817754	2.5945281211087505	2.072661625387807
E1147_644	1.287964019065365	0.011300401579687794	0.008050106446349726	1.5574852492762443	1.88071364049674	1.6008935615020818	1.8544100113923567	0.047434613328675414	1.2300790932518375	0.004406824309090786	2.2830552749039628	1.6936043214922205	0.002570539196230261	1.6510854451158872	1.8097477248824188	0.014644012407126985	0.018835999307665937	1.9137305523023689	1.8195175903132697
E1036_482	0.1976892317054239	0.004316432072392812	0.014886841961604443	0.8910988957917712	2.0994948346142737	1.6535179716405648	0.644263812496597	0.016282688920713148	1.6006549193140178	1.540372922474493	1.4406705793350056	0.8959879356222024	0.05997092016778116	1.741387978298772	2.0630266507868096	0.029060369569794218	0.1899746635053185	1.7950777392049406	2.0408274042110577
E143_608	1.4526622831685658	0.0051503745807511036	0.0830858665163266	2.7772473065562355	1.6872402289167392	1.4632569862370768	2.42716253042103	0.003127506877186868	1.5548102156034285	0.016018935440570096	2.023635253534867	1.725752232002738	0.0843492385721262	1.2225181654194517	2.3573517156991675	0.038438364360337235	0.0018690662559787648	2.1429627315495594	1.4215648303693882
E477_639	1.60205976774744	0.04035314577395202	0.01042309475645487	1.6130958356187322	2.458666301080667	1.7109907171464682	2.0466304385508343	0.04411500310663405	2.0178986085368065	0.022274474932871758	1.9981238498902127	2.079028591005186	0.013053739013364759	1.5964565512079736	1.4600628647957996	0.1021659685308845	0.09609729652829876	1.9768760098456482	2.0632789429569423
E1822_383	0.019263549810809456	0.016689301579618038	0.09320445454271953	0.015856111782720294	1.6766735426047852	1.7550531755029335	0.016103361996976946	0.00955335115788601	1.7891341110670984	1.7883106340598576	0.19984404292889985	0.02443672231417653	0.7841640722047992	0.04634479314892535	1.8317256550143528	0.006507849143352375	1.434448278050474	2.005196582438336	1.61014794496993
E495_785	1.6788358453920602	0.017542860729142372	0.011376968591102349	2.0357384589749463	1.8730817333579484	1.7101444728553044	1.8842445816430056	0.02558967850876533	2.145146726321266	0.016232831652574338	1.5269885839920272	1.3479313739487988	0.0004624657414972963	2.027620802124156	1.8405788229723763	0.004091616039825736	0.022521969468708426	1.8962329191630776	2.037637830298832
E1048_222	0.12420058047058954	0.04152142546744113	0.7220377827635859	0.03937085445662086	0.7935554852013968	1.049563290440443	0.003174321866070871	0.043933231197668114	1.628207597863767	1.817652952520027	0.21429168035199725	0.11102774433333124	1.589780520475076	0.1960973279600424	1.574322546448812	0.0007077247377155223	1.8236632508002757	1.6005117273143168	1.7317688592794165
E1438_465	0.0005233331357268238	0.001098434635525284	0.02051877954305244	0.046324232999897526	1.8125933470911844	2.2900672008782026	0.03339651635322932	0.10357605764370126	2.15329364221908	1.922359909709052	1.9908605376229551	0.04603329468672263	0.005379946993933934	1.3246128982520708	1.5425965174020404	0.00034653462483983375	0.032476229498002065	2.1699077424670805	1.7500352433028383
E730_90	0.008135942483332053	1.8331390871331408	0.0010318538325975576	0.015796334131079927	0.009284175544686309	0.020526515156314963	0.0046566344527937216	0.015799679032501474	1.6135612474121384	0.6467881725656287	2.630386521326434	0.0009852724619458981	0.013622311228940951	0.010848131313658565	0.4523022396612837	0.8100693349205795	1.140356178483399	2.3303396389032853	1.4224534959680206
E136_475	1.1205723968750545	0.03869949969081196	0.04276614806138165	1.6721574455661	1.7015426495285189	1.7053420377572164	1.8109468509483668	0.0004913843573373661	1.9530356661233568	0.6160393482681249	2.633153263117414	1.705989137360076	0.007447907467232361	1.8417742016935688	1.6977343612316471	0.01899437658887787	0.030427385670530237	2.166645867411125	2.408704984595998
E243_672	1.9651147658148875	0.039728550538324116	0.038910291867307344	1.4389464489193755	1.9002998188768536	1.4604007384373796	1.6465523683055745	0.017992844678279496	2.448465257619977	0.06868966553979022	2.023793777795192	1.8267995238045125	0.07178187257781518	2.152119736280849	1.532688359911544	0.03241898181471886	0.00743890547380751	1.9919649149625425	1.9811419124485088
E1728_219	0.0016717150835679102	0.058678907400638726	0.20080913284485424	0.011347154783501224	1.554669047427321	1.7732075760863582	0.024334292140117158	0.014145199810509169	1.9196135031793669	2.1471308391148987	0.1401040009219992	0.013884021285701787	1.480312054362868	0.00022294455515637496	1.4686680449580527	0.003993816559569355	2.320646413684292	1.5818092999598743	2.1126079466587
E1100_709	0.0945141542070907	0.0018856212983045587	1.9880344816486977	0.01896286659383476	0.006795151548889551	0.003230028942668507	0.028652911009151495	1.5701855356449759	2.0220710048321133	2.224195842540176	0.0234136086075422	0.000654102785677153	1.5107910338586517	0.013223244633651692	0.01853067135167864	0.039707027945821184	2.590848512345015	1.6172950060223934	0.0052908824911382935
E1604_343	0.010154348439126494	0.01947931622786424	1.2681031743477051	0.014251142425392532	0.017933276005195085	0.005664046127116478	0.0016901050342690987	2.04306876355602	1.7336707979450992	1.7979386090670229	0.0008388928336531617	0.0005146100930702331	1.8042481576465208	4.711416564462529e-05	0.0007619020078988771	0.024256773381278664	1.8308728152366731	1.8705329008773783	0.012570050961223676
E314_395	0.0021398349550437747	0.050859627120336176	1.8028097089109527	0.046188782358236896	0.04625402601256913	0.00829298257122662	0.07818456519332195	2.00174315432396	2.2070515851022714	1.7546761936764472	0.020719500786768014	0.030786610573696367	1.9333312920783663	0.03876001453986029	0.00905472206345034	0.017871127050609375	2.293226613905795	2.2758343721251144	0.04217653213416669
E1378_743	1.9188097749430817	0.009170849677611071	0.005439037243101743	1.976407236203706	1.6157648342229196	2.112758140135599	2.3906827058011078	0.019088727256693826	2.4520514826966253	0.06840704073210065	2.0661855831957388	2.3842382186024693	0.04964485513508375	1.8641360598353072	1.499577536265721	0.01135804185631308	0.021439436168002327	2.0833754271023763	1.7473999729011749
E701_501	0.3831311985658703	0.020622736024264628	0.004897612033235478	0.5078836190559582	2.5238562079222047	1.4272713752390365	0.38739286526560784	0.0030682936103763147	1.540787019626441	1.3735690233762017	2.0659793653912657	0.6039225401275155	0.0009659372719685613	1.477449956636681	1.4593982305782829	0.006591299274441256	0.001728909910826684	2.114798318539351	2.2697151389248176
E1786_64	0.008188037163688721	1.7773088869984766	0.01627961862396466	0.008924740589600948	0.010072414076176879	0.0043613752158413715	0.0073846571232365765	0.002836142745537548	2.2714220085063084	0.1852352791726085	2.03586764677044	0.0014828947536783404	0.04168683401743395	0.0004238136647228541	0.00729826307586223	1.9556290996748624	0.1139067425141167	1.6804569099296347	1.694165674352677
E219_446	0.0011699077969281257	0.1919000031446776	0.0012420193867455295	0.04608929597626223	1.8621124218457183	1.453864371448531	0.03599354509574251	0.005732709033181233	1.8374795039366127	1.7052712136233803	1.6462091128588834	0.04259106279369012	0.0093971420423542	1.3158474620611418	1.7937899899669585	0.13051439383441432	0.001250034875782692	2.553340207906744	1.4746441929856722
E1432_256	0.0029478010432186967	0.022118817528501644	0.0035747861096222648	0.013819558463982915	1.736061596352542	2.1772265772456527	0.047569097692867636	0.06453741707341172	2.040830491502584	1.8109543110397863	0.4197872204037365	0.008349037185378065	1.6923018680039332	0.4205973661846712	2.1670226342080685	0.009955334682322757	1.000402724833476	2.0787065800890545	2.0166682603779917
E57_206	0.0015897395383644534	0.17334186028924808	0.6135834290851963	0.0977719877231132	0.7069750154339716	0.6110303952862973	0.011532711821368296	0.026063770715632158	1.6303854005220333	1.7295124299217002	0.5232525718592823	0.021603672319595042	1.15689001931906	0.009251990474563996	1.5373245690471569	0.000840765726461426	1.705564551594634	1.3327022951742526	1.4549663018472432
E1668_665	1.661849094747136	6.328222259923896e-05	0.08373134689590646	2.2463978683911243	1.4137017096704927	1.912549477064792	1.9129300830924751	0.009134754698990107	2.4387063321725253	0.09949851820061872	1.7645819495642237	2.562490042608839	0.012817431434652695	1.4799431728841332	1.7987998956922178	0.011885115111769495	0.00916353271094935	1.9605328033480405	1.8986799919823407
E1365_105	0.0043395261396704035	1.726065230409746	0.011368790540689231	0.006876645374189652	0.007263225603139408	0.008796281701513217	0.0017416615432391484	0.012886557050663508	1.299739573828027	1.5035902189553187	1.5621787933460682	0.0051970246066889115	0.015393251365636794	0.0018682532035055829	0.2095126828496272	1.0070641345082103	0.2075429553576922	1.7249671852042887	2.1129132219345195
E1643_526	1.190937654021091	0.03606243717794341	0.0050695070403934785	2.0301097556722296	1.9399592678506696	1.5930072989429331	1.6898205349720992	0.007388055814323197	1.4968711811488222	0.3527715052432785	1.7275470413255345	2.1399739721817665	0.06822058696051242	1.6467817735876775	2.1126209763325137	0.018708747612406644	0.0005975405809505317	2.384544712137333	2.028333274128971
E1431_397	0.0019720040285214433	0.004523859298208056	2.40578535515344	0.024428618593768547	0.028167896289514133	0.02272003513682269	0.016031329370596786	1.9909030757508293	1.8314749876350689	2.072787016097955	0.00961308407165084	0.0042733275384701066	1.8632188661779685	0.003894054323878156	0.026760842569918647	0.01974646865853135	2.4372283388805176	1.5448727572247718	0.062116742367348675
E1506_266	0.08596553131455087	0.016455171149744274	0.005793409267454299	0.020977709913090704	1.283353532267137	1.7697105480179771	0.027974572702694087	0.0059033751098729464	1.6823687425605955	1.7768581409666595	0.2077205653674893	0.015325965972126054	1.7119933960777831	0.0257668277142169	1.674416440261405	0.0091777055325615	2.069675567100953	1.8005379502771277	2.1100631447359564
E1396_429	1.878888341586516	0.017427955256647417	0.0015148516097722045	1.4170893632175738	1.4164202452635142	1.908605076541788	1.7342902583888766	0.002592806193722298	2.371648422941236	0.651186286907367	1.304916493138617	1.3911541856856204	0.0017533728205223235	1.6564685067075249	1.5892075238528176	0.1009799847462327	0.04335536760677899	1.7206810034934303	1.447529486740624
E488_727	0.0338259369471299	0.12945389470571084	1.818265217479213	0.04348621319482927	0.021707207268715945	0.009309033959434316	0.002410370179209074	1.7080959740302624	1.7806039590277796	2.0468145545244347	0.1585257529311625	0.007503466840622788	1.531684238202929	0.012737713220321608	0.002494697962129776	0.005198193364016176	2.188306687448544	1.4972597204942806	0.013634083037366644
E1086_749	1.7475917645096506	0.005638794090386156	0.004658660329584294	1.2830338239001515	1.9089826145584443	2.0861301325946044	1.5987785698640784	0.02219721133293092	1.7200239969975972	0.0007571741736967941	2.4957765110633123	1.313643282489245	0.0010691759866143687	2.112303282833336	1.5153128824415385	0.004328653202552265	0.017806372367080287	2.444993869915018	2.1609235134439118
E322_569	0.0008751670098522473	0.006286500014190337	1.4137258086225546	0.0037653395443900135	0.04567130812087434	0.019523422123819446	0.02447697164658222	1.9270577789051897	2.1812446045532443	1.4283230916280658	0.0014638124000686792	0.01540857814440119	2.1132015295357967	6.056300176459663e-05	0.037882061086809464	0.0031754038460229178	2.0470647036776537	1.8504008358596853	0.002420910856645399
E691_572	1.9625937777045463	0.007982495369948099	0.02663500272096204	1.5853093029026109	1.8658932964368296	1.931974007953144	1.910645517877887	0.014439180053955015	1.7463282282771704	0.13166843796047806	1.500480063602405	1.5049693039913734	0.029461651773517825	1.9221668592673808	1.5869369398579507	0.013757725577448084	0.0006839241427213147	1.8020916196451136	1.7186942023015386
E1453_486	1.7800539303389586	0.05526895895694413	0.0010672108925401293	1.7767417630371605	1.531693649150894	1.325853732860948	1.7397361128850155	0.1748506104729377	1.7824987922124285	0.5588818230097635	1.834164452871132	1.572636276075878	0.01335951378737258	1.860169252609593	1.6748829515307977	0.008073030000377023	0.10605253107630837	1.3334549422535102	1.768164746396908
E1093_677	0.0010886658480536396	0.011320189467420359	1.76031547615343	0.04651466827809346	0.007160037585346152	0.12825400250066366	0.03782678680936595	2.061497634164517	1.819145850566431	2.073239233641189	0.0005813144802505668	5.3847730178328494e-05	2.084622398758929	0.00961336345063664	0.059015476054986575	0.02214861509292029	1.7226522850068489	2.1051209833638787	0.0122384353169908
E1319_678	0.021966467896726842	0.0017858222945504672	2.5626695989931183	0.01634103876085648	0.012432352162425437	0.008344923785252175	0.0008898902228247912	1.7948989314224135	1.870962990846556	2.127410107629008	0.09927592515004224	0.02588822804293511	2.151906617792291	0.017968733613656442	0.008564213064349527	0.06590353040398758	1.5606757934435738	2.4423288514495742	0.026940047806749585
E1546_690	2.242234734656716	0.00038118871418224787	0.012996126138931656	1.941232353804213	2.132225297604782	1.7380783924242638	1.8765201571776797	0.00290743510091536	2.2506664364540474	0.010776453971858049	1.887824329748328	1.7255789142910398	0.00876283240406053	1.89073592017704	1.5720646898450954	0.00017838333202297232	0.00023846897476224857	1.5070021271340803	1.4534987424356367
E1669_480	0.004341851238116404	0.022253932192308267	1.3112058892949947	0.00047811952744371153	0.034020928279041726	0.0027318936904500678	0.02978972222336452	2.4624247730010578	1.737922575675443	2.071595087713169	0.1681177006393255	0.009401557811394552	2.9254413492631035	0.000809406210392821	0.05792301055590781	0.0490458601602494	1.6493875291632103	1.984458468045293	0.06211485420422753
E1891_729	0.007406046537119619	0.02391573727627544	1.5516178018187197	0.016680950593087118	0.0068635031287320155	0.0008755182402698617	0.003422857166020723	1.833551266363377	1.7367864464868668	2.069573042012608	0.011633972170320207	0.00019999834049813788	1.806268759684448	0.01686693029894391	0.013244490255745051	0.01650992010350921	1.7788395705746542	1.850592208193387	0.20912256641253926
E455_493	0.04644970554600093	0.013480031997303651	1.89730978600042	0.08266371681812823	0.0017708166301976418	0.011809116727163673	0.0010602555922858956	1.7953492605512336	1.951518237007386	2.7650772603778857	0.02654306407789543	0.004173248587468904	2.063581113195844	0.0018076352525665227	0.02030318863514427	0.006600679041881705	1.4145450376105408	1.8326001926828668	0.020329360296823903
E274_277	0.03748932697875396	0.05182245071701158	0.08653228302591194	0.005609934068217611	1.3765721810217275	2.2669067996984884	0.020400357458896068	0.008792883857155764	1.6470817333905363	1.620804175591006	0.8416668736980333	0.016395680696827696	2.0635263557739534	0.02915466123127762	2.094494783645385	0.0034620691437086022	1.8999351421664568	1.924733013310413	1.6041385763718063
E1172_369	0.08746430094215138	0.0012366767004849705	0.0065975930042858144	0.31352470851013714	1.754894725147128	1.5972306935305107	0.17760464385606786	0.003416564400196071	1.8152480018624109	1.52803892079894	1.6328954945711212	0.1315462757554587	0.006917378710781959	2.173301032408937	2.0181546061065267	0.01001890310920626	0.002641206816087253	1.6781628343718968	2.2383823837358507
E849_687	0.00923722129128906	0.0026273058369542138	1.7083268002699936	0.0012528265987071484	0.07748756308995393	0.0348049896929091	0.002884381927851032	1.8575687591405137	2.2640374275184216	1.5754624029726896	0.07310602870126631	0.025082280335797617	1.6139786740996276	0.001634855953706551	0.0255961640350821	0.006936002962702777	2.1525440491298364	1.8073254613479264	0.018523766924225013
E1776_379	0.02693928891329688	0.006843498519426573	2.279650933638014	0.026212292882858517	0.09393167118187942	0.02117552070333512	0.0019527058093816688	0.9761648778606858	1.8119529893113164	2.0204793007067128	0.07574782110605785	0.03004653427767427	1.6945643387621634	0.031021560793082967	0.0055225486587152355	0.004045980077326749	1.98666190308394	1.5587500931328315	0.829397302341771
E729_88	0.010981934899897941	1.7250473391875736	0.003159082875230141	0.01685005546315949	0.097526827216593	0.008894873663855584	0.2255375032875657	0.0029677429267307674	2.0833931844943367	0.6355685144479226	1.4131728845953606	0.016253697299688768	0.000795263458045129	0.003762812814468835	0.004387006284202293	1.3679265265475309	0.7080756806205784	2.0578329354738067	1.7394070989213428
E139_721	0.04089055192123325	0.07878196384849426	2.1034312423881643	0.0081169860070421	0.04659782271827386	0.02757643357011406	0.08846584015438486	1.783684433216584	2.068995321292095	2.0951417617897534	0.030994822796902508	0.00751504177865068	1.3463526901005742	0.00677664337537875	0.03230179064172525	0.00032200845999762797	1.3667642507382771	2.31210667207504	0.006661846864719814
E1003_386	0.04023899017113766	0.02407810722245181	1.346654072704833	0.00907324091185251	0.0616462357244354	0.03377251428487125	0.0006115142840740303	2.2143845942462344	1.8389742918079632	1.7181843360686986	0.06373583695813431	0.017352089400019984	1.7471286979608345	0.025766546762888136	0.006587414252847364	0.03066667188483549	1.7834639380528197	1.7356048666614468	0.06302407341125581
E46_511	1.6156486522428692	0.0003648687870423991	0.0022364184297276194	1.7722338972035474	2.3130980808753345	2.4838995272838766	1.953592717729859	0.02539306932087913	1.744939538797083	0.03810391378566667	2.080230748089694	2.3826812465985765	0.009080750891909135	2.0312597358736024	2.062792182848532	0.059350512147926485	0.010232715747292764	1.8803813061472685	1.5633049219904935
E202_387	0.006226867578714736	0.010043992414962177	0.0008201792738417684	0.02088976468553971	1.3167865634364857	1.5414961455399785	0.002070125311659698	0.053987258676582696	1.978175458319719	1.3383334715146389	1.370173735432732	0.0026349544382923	0.0036002227947702493	1.5717486148107982	1.5968405559022831	0.0013155848480351435	0.04511452643630996	2.1762280438008585	1.6564715946229156
E1563_68	0.04281324032569615	1.7852836591356716	0.03197806513293938	0.011618546375368943	0.007854729908999897	0.03227740590441426	0.04072761683505207	0.002253101901853149	2.0925185992999347	0.18139401496678784	1.873524351154955	0.0016030673679633006	0.007024239664096122	0.0016044500954818259	0.0026877094085039216	1.2419250111834692	0.008741424197137714	2.1897848954771577	1.29277791303533
E1452_769	2.130220996324507	0.015082206818158438	0.0007718866185660261	1.6942546491874602	1.2622585205377443	1.6181555342128204	1.5691403417316905	0.039545360068277684	2.165155790290898	0.0046779106747985464	2.285868021180734	2.3303683904757704	0.009853343007024295	1.9506884449748039	2.0099139173603784	0.012121557356022607	0.0008160041334761402	1.750124246330636	1.4007576250605618
E705_149	0.15723589154527404	1.066186024899518	0.011152500159891074	0.018513211688386055	0.014769935912178385	0.0015690183115517446	0.00196905599653678	0.008019718246125527	1.453354735780218	1.8955386280373527	1.8503196144535288	0.005726961679608644	0.16679142903027894	0.006406088203206515	1.6562387275950914	0.016082743014214175	1.3054364452862697	1.9580817740604084	1.9770735975212697
E338_315	0.008975446701557973	0.0002165243706168697	0.17497970597830498	0.0002901335758270404	1.8233509968548949	1.5952563996260145	0.002014144069126563	0.00604290006763359	1.6172401322733143	2.20878496532405	0.6884269832028099	0.017518928656709728	1.6826299687430744	0.31013744841094265	1.647997981002752	0.008150643188825184	2.0517865264078448	2.0550401686765407	2.4033534939102545
E450_332	0.006396660778789907	0.0010344199759672274	0.011061610425079471	0.005081809457231093	1.7926078668320913	1.3501304293113108	0.050748184080510114	0.005207756647760786	1.5609763799723024	2.649590324811449	1.6740026143698894	0.028135188095540525	0.05556977968858945	0.8632518243499772	2.4220572408377268	0.04308922307510772	0.08972077890671963	2.2973414037927835	1.909646049888294
E1912_670	0.01125796445865312	0.02935492223999115	1.7658465002918171	0.004640486048729026	0.017370492193460547	0.005410774207964517	0.0043407770979186355	1.7820593585733215	1.9479414729995583	1.5279365805194207	0.01819942383143717	0.00855888475161355	2.517101441773685	0.0007918288654742579	0.020188746817288	0.019649482455172042	1.8122831416169385	1.6828306717750583	0.0029382684490863275
E399_220	0.011051678559397177	0.006283828824224322	1.3293482771644072	0.0022175874365838928	0.001628536024425914	0.07132313737974949	0.003673811989790725	0.15007996968067744	1.6684679797924853	1.711570343710058	0.27751978324039145	0.0030739324237856365	1.8340931297410719	0.0023773593450981357	0.0853080115578395	0.01263423551340369	1.5244020300387702	1.5375988489652996	1.6925772627846287
E1101_131	0.022844573823858055	1.7189022390126671	0.02618337062291521	0.021618596831394686	0.048377200439978486	0.013887318791357708	0.001920040818074864	0.006289592178221285	1.7826573021404952	2.2318870083017748	1.842124976141492	0.015597531814527268	0.026587073355303883	0.011590597392175592	0.24067869533216196	1.4259876039274335	1.478179190559903	1.7454886160289218	1.9396807781563312
E1420_406	0.03940301797417698	0.002145184487848835	0.0004398974581955129	0.7564986229804519	2.074142889925541	1.664474547542271	0.8549449485359196	0.01726941741993978	1.6552770682987463	2.049070056495709	1.1863836502258176	0.6345297093437495	0.015417926883623432	1.88091729153072	1.1926531461312715	0.003617217874858064	0.032005005392284645	2.2408386669689992	1.4270615133456561
E1182_565	0.0186247019370513	0.014939371191360863	2.2511104936739272	0.034132909581069265	0.001689397289486349	0.04817350244663028	0.012796229298855669	1.6286215541159832	2.056324472090551	1.4936724558738677	0.011669741162654129	0.01505195962864845	2.1072465444158	0.0113832728089664	0.03569701584326679	0.013841392728352156	2.227449245656831	1.5712883241397575	0.05651038618624956
E1813_154	0.015311403601317771	0.01065082501613792	0.7320831890474851	0.04339573232405574	0.03138058682021468	0.02843826994370179	0.0012481882645982542	0.0056391839369600676	2.0118626903893952	1.9357217032903968	1.6964437534443064	0.0352415978015778	0.613502191616879	0.0042395742130185475	0.8111673154046479	0.04888979320092905	1.5405979620150425	1.900252198515329	1.7196539503202324
E1096_359	0.02344598944505058	0.018616886416889748	1.7246030351558401	0.003793095301620465	0.017864728973804082	0.005789558694234807	0.0023609224733889787	1.4318694505883198	1.920707041857945	1.2752789263754427	0.0033978952508593053	0.013625727025999816	1.8023809280349408	0.017715616185667003	0.004227417719340532	0.0265756711431459	1.8995520929796423	1.58224899763356	0.14202098360044918
E340_770	2.3357073900480465	0.03126654365415929	0.02432088734840119	2.24748747543006	1.7813545914884708	1.6812716795500378	1.7423153347629194	0.028010064498374662	2.09713073844997	0.005600010025141742	2.0813929698124545	2.1251835517198785	0.0011065410563724973	2.2787565305902824	1.7613870839798609	0.00039848852749655334	0.00043462684852042327	1.5587925148554622	1.985873354518904
E1676_439	0.0911497289415662	0.04972575213914548	0.02414764414361009	0.20330187933631969	1.7241086587562755	2.1431491984869	0.13654660647821942	0.028063045814419773	1.567300925769014	1.6357247999629068	1.5061565050069283	0.15518646395491398	0.033225164428657736	2.0901579021025483	1.722944207338936	0.007504556932639739	0.10183010953172493	1.6760113662749616	1.5959476275520563
E1395_576	0.042153635807788935	0.007919054499512055	1.3732498217050324	0.03218336118575353	0.0008279487894605682	0.005210058453042482	0.00028531766189869454	1.9352881364222951	2.1564924674406813	1.5380350504219584	0.015089128239040331	0.00762689573731723	1.7410459255419333	0.013652890510590364	0.047756058186108334	0.0004884475855370349	2.3356168438511355	2.1209345043380115	0.08614420307974416
E716_198	0.003509801497974693	1.6527349877504731	1.4272218715809801	0.01742012591119789	0.22922516263584564	0.1416964626490474	0.1168002288463661	0.007420650038537624	1.867154175164968	2.443440333976244	0.5855391527134569	0.003071382738039305	1.525578587416738	0.03694616451167719	1.6817095019829482	0.09924939182961302	2.312270480316413	1.8547283738464204	1.7873161581615968
E1360_250	0.014631256017540485	0.1983163518948829	0.26471191692080376	0.015533956680464353	1.002206924873526	0.6071181069401129	0.02089883651364062	0.012203995728472106	1.4523547305147264	1.8741882482830825	0.7786036484685653	0.0052629535169891	1.451397657819128	0.34512889442835826	1.220106021084739	0.005466000829224734	1.5362309162828454	1.7465249326498151	1.4943683064031352
E112_439	1.9944141492585576	0.09817219914964928	0.007331758999774986	1.9291149149932247	2.3401739328772115	1.9027001193423383	1.7639363320597743	0.05525355397664671	1.0616332943502644	0.1343903152083918	1.6423843470237351	1.7070540225752522	0.022937148548686868	1.2776474032872858	1.851570400502312	0.03496922935381902	0.03695567593726131	1.7862862364524204	2.2447260219455085
E125_161	0.013172280239379778	0.14338292013378268	0.02041155651199661	0.08537248295300584	0.20160910115368166	0.2455629692176769	0.04163714766133207	0.00030407733701970103	1.874602358696413	1.8890728260734821	2.276210763149475	0.026996694588590213	0.0358864245515518	0.3506247702682756	1.7719337861465343	0.04785450838935768	1.8195448023715983	1.4305117778260974	1.947933517356579
E1842_338	0.06601386155206597	0.002757656610351584	1.4285349689605351	0.0389276720393794	0.07398407958989084	0.22716657071462576	0.002233148240140732	0.2744561765841983	2.195007210213536	1.4548300219644632	0.1369277974446407	0.012055471528486269	1.5873434796632864	0.017412932189849517	0.1684036518128738	0.0003791520875412041	1.3772668915026505	2.0513944632083096	1.3996356711005915
E673_410	0.0028679209501254405	0.016987830175469773	0.06200459561923768	0.15241615898560787	2.160790015876557	1.9826355920972696	0.001178644731735878	0.014632721532223288	1.688544960335876	1.7173356071777977	1.8132371143799848	0.034243705395572484	0.004891741287347268	1.5032068570089567	2.199806951623187	0.0016162101335827179	0.005881104666744233	2.5746825572552527	2.0171405983949118
E1485_752	1.6823744442842918	0.010451545710034016	0.0008558664463028488	1.6519858117241324	1.0619302131862003	2.282093112570542	1.4843956673983507	0.00038936340298221736	2.017657260382692	0.13282874466916214	1.966934018444496	2.256971603453005	0.017453065586736958	1.3790252300184724	1.8814948360746664	0.003286843962852627	0.0022999036257111034	1.5926182382842184	1.8157161243806133
E742_736	0.048728905627889334	0.0006831606115640588	1.8033143582278897	0.0026645959980305827	0.0016125445257456075	0.002964991571220074	0.0030668117303622373	2.066896550055744	1.7734909174646851	0.9929377972618499	0.05964891972299152	0.0024977315667039147	1.6229644832288883	0.040705184970952636	0.014309263962610798	0.002426472628426829	1.584158747246844	2.1048528934368296	0.07697849079849875
E652_393	0.002856065188108686	0.02035115634564284	0.0063331596305194774	0.04029785619362032	2.456291778370125	1.5262587519218682	0.01080613960143843	0.0003362849489480822	1.85921166247502	1.7120292191992954	1.0091990592166495	0.0038365961947507007	0.03392911612593552	1.0860941232975203	2.3328937181789327	0.0017234672545597214	0.09681933155841103	1.6157118406937856	2.179275452460085
E500_493	0.0304147549307901	0.002710944390299192	2.4165980098699325	0.1000360697842714	0.02143496960598596	0.03464640732900737	0.09771811124354307	1.4785967416448214	1.8210499406852632	1.7611372336534996	0.08801151033320354	0.021451974686521973	1.6225978900388436	0.018272010451396342	0.004766231522573768	0.01339709348897654	2.105580282430916	2.157309157300567	0.07615106648445777
E1980_28	0.020953202984519668	1.6192647130801792	0.004996378195333886	0.0077887381950952905	0.0014396082852451367	0.0010353461820572804	0.200691010598752	0.03608645210906301	2.4068038895782204	0.0761502219590376	1.4740948504487927	0.008613940776864788	0.01664213555005311	0.07783443681733901	0.00020358544811226696	2.125431094578149	0.08082380436456238	2.028475358625356	1.59008284667611
E697_402	2.0485166699007404	0.015984116758841826	0.19524000578996548	0.992205804834246	1.883222267991029	1.6634332338560038	1.6436189015283391	0.034491543273928865	2.062432786360307	0.5221590556683712	1.9283001819336485	1.5358360301407843	0.0022565403256361114	2.3427421428406525	1.8159125052864884	0.02025126766774181	0.04574794983403284	2.2647354063880005	2.1338061062179587
E1931_364	0.02225307864592953	0.0020242141449971105	0.015096456816045722	0.03974405202747136	2.15525184866687	1.7560756996661062	0.0857238731921633	0.04084294246011965	2.195415107622864	1.9201936661961936	2.047657045959644	0.15174899992572316	0.04153300302881149	1.707739357779792	1.990664937492296	0.0017419029449259305	0.009868559251692086	1.6739925629151364	1.653951525946222
E476_410	0.08340237845588214	0.0055186633661450215	0.033112851795355815	0.0036416898059120884	1.6190305165935148	1.7173394185891655	0.00782603343200448	0.014022445470538679	1.5880652263833153	2.369449342594898	0.04631621494528772	0.04032817006576885	1.788943513125316	0.005768032143623765	1.4182841763111562	0.007482338071075086	1.54532568438955	2.015307859423623	2.3160140016618413
E1879_711	1.8828125401524127	0.01632197768472638	0.02692529753243141	1.238500108750257	1.957358112060578	1.840554460950424	1.9656984992352509	0.013115940294219194	1.5923871319702152	0.14270246629891312	2.3697745043160228	1.866356310401745	0.006235105225901086	2.0112457456231283	1.9245515187003503	0.031064760616697717	0.02252581172780164	2.6991829351804983	2.2926065159093474
E1859_590	0.0013532661338581456	0.000910775792768468	1.956728745506846	0.014818078228438326	0.05111611974113582	0.002513161587866242	0.002580438981056626	2.9626091453083236	2.0288763391784452	2.142213886041218	0.019209679654488544	0.012810423890349292	1.798171839777827	0.019092891061017896	0.016255027635257296	0.003470598206597825	2.101219887055049	1.744976298136956	0.021695813717818
E611_788	0.003549389235335016	0.035305160980788834	1.8251485287145064	0.0041117391260744145	0.038781875318629234	0.006633335827609038	0.010070053402572176	2.23249343329487	1.8153139440867558	1.6331644937999867	0.0009640004216803783	0.0024912617035904518	2.516213024349008	0.036689104230218664	0.08539605421484814	0.013224483542903166	1.3964486641875666	1.61805084264181	0.0019562283268526287
E1989_105	0.0016323075548038196	1.7219255666734878	0.021972013483414432	0.0043150986608296105	0.06363363913029338	0.016772385414106746	0.006225519828134531	0.026851865634755768	1.7863548363987551	1.0786873481841488	1.6130716002332783	0.027398115757712192	0.006109426798780977	0.0026601045453081523	0.5763919449044455	0.2526075816921654	0.3255641590364001	2.143794573305085	2.3738805200204216
E951_130	0.018140829743485628	1.766318812063151	0.0009920110698514275	0.011115786921263929	0.0012331574079945708	0.02523278484226382	0.0004615786518896289	0.00259632439567418	2.1303094236908344	1.71429515397263	2.4666338321487133	0.013712804099555984	0.0015185679655697086	0.0072241181593745395	1.425714064122218	0.04686138831045236	1.1247459673758735	2.262380829664583	1.9264953534053124
E897_386	0.02152770093844826	0.00010963215736674038	0.006996913949301141	0.005349874246270965	1.78071075930576	2.0877141478420187	0.06878754006481189	0.25365844617702465	1.4591431455410169	2.039575606105799	0.7218010004997928	0.008958300167327236	0.0744420409580947	0.3687866515089826	1.6654788756002017	0.1761114930204084	0.012195126006740484	2.033077496691132	1.6505983461046438
E656_797	1.8575721106876841	0.007960135578880943	0.015897240969735518	1.4679375622756203	2.052269137109151	1.8074723906992527	2.387430187503299	0.0204962188140844	1.8440665397606704	0.013408819361838823	2.2276478112569342	1.4609013000948383	0.0013092851322810714	1.761143708288357	2.033526844631736	0.001537954852524559	0.0025106297776830684	1.9150044107859576	1.8303853142302955
E882_785	1.2774470623005247	0.004794557152278734	0.004273361529219632	2.4485735911202537	1.936938007207924	2.1721898598626472	1.7265203596378595	0.040950062943596384	2.1885162118278862	0.008554094181884095	1.8781306426232696	1.3355638587890286	0.0004407595270566818	2.2295705736624667	1.6879978288339974	0.07653889463461293	0.0030819686044873725	1.995652621108224	1.8755896148796327
E639_372	0.0027652038733880337	0.08903784675254793	0.17590043262904884	0.0028917890465450795	2.0040501787652065	1.8311254950452327	0.08777144553512982	0.01846698833978188	1.2233724596399744	1.5272707471445277	0.7740513290904961	0.000454924293380275	0.11689741806473622	0.9541084685256292	2.245385648870396	0.013790619046562348	0.2828027964289368	1.774571951782639	2.3619809935296145
E1863_416	0.34929624666662074	0.13035925453103464	0.05603464742478692	0.3865802813611584	1.3969004655453752	1.7640675699499493	0.5223489075644479	0.03392678230453078	1.800034783562897	1.0882862586661692	1.600096828104952	0.32476451248374383	0.0008206815086825215	1.5213930345122042	1.6715750871378685	0.003102545318197282	0.0067014492307511395	2.443285118488536	2.340327744812351
E288_286	0.1623824605142126	0.1006163509895292	0.007054850522941006	0.0064869488527373575	1.9010896528302241	1.4645231455162069	0.09446571071184533	0.020659078733771027	2.099778985444896	1.7784847935517767	0.3316906402010643	0.002035419868840125	2.256188810795194	0.013020537002664787	1.86394926626229	0.0014383956760751133	2.2514808179294823	1.7321508509816483	2.2336961076643664
E1915_363	0.02283537560022504	0.011230271047732356	0.051274996609314005	0.02689115022124197	1.9095110961954482	1.816491011503918	0.005201110793012134	0.04328123792989208	2.1234141210424857	1.893001611536708	0.28716346542705706	0.013694837198983376	0.01076056851500614	0.3122815004437279	1.720103587058539	0.009882115649534862	0.22385325788676425	1.5725456873258383	2.0998198462117834
E137_425	0.0014528511329755815	0.07643695381429777	0.009383387715612515	0.012342844527491372	1.5090919007111476	1.388079040812114	0.04533571670933212	4.934137584144369e-05	2.350838329184608	2.0362281313577406	1.4562868272743903	0.000459429725294828	0.006405513537318557	1.4848659080742457	1.6146377428545822	0.000557931042311575	0.22126039504977013	2.1991026190411964	1.3428517428221085
E896_766	0.0035937621141080875	0.07065980299891786	1.8857402508590693	0.010520116854648412	0.015786166980055763	0.10664750331669216	0.036863688370214316	2.1444738221398665	1.8009220551783152	2.0322703524783416	0.004915595343724424	0.012929103382484666	1.7452887856751234	0.0002199640592128369	0.00334222539493682	0.053112121769221504	1.5063323399822814	1.6707115359493203	0.0049152565042075
E648_681	1.5471097524362658	0.008110321162257673	0.010053118150699616	2.1366148949950947	1.9007438923507936	1.64494025278992	1.7338766026578138	0.045526335883141734	2.118393179799445	0.05376891574016168	2.29711190887675	1.5882462943423712	0.013313633602369188	1.5105614448163658	1.7978651738422076	0.0010141756087014293	0.002306218452057543	0.9248429442071954	1.964542380115732
E943_126	0.07516333955213994	1.431760746276112	0.061105502703936325	0.0055193587291481215	0.003636764974087974	0.004578443117627753	0.06369810783028178	0.04188704745217503	1.8114336349015718	2.150463510027348	1.6204261368667623	0.010198072588223412	0.004793984782324521	0.041041872038055295	0.6813815614903559	0.04233831635245538	2.016281601238095	1.7678679170451468	1.550305727817944
E606_636	0.005025603747255946	0.07243437920611785	1.9002050889725708	0.009368372602165009	0.0011855178211474134	0.008930916947884386	0.0065749928969208535	2.0836797442322603	1.96513941322122	1.4555636818362188	0.02340099163687621	0.00494107327488401	2.251775559583275	0.04511276140507022	0.046089670111967566	0.011838021270974813	2.2622629311299898	1.7654690059969502	0.010553039581532182
E13_142	0.01437560240426616	1.5469370760686385	0.10265591096490916	0.004103569748649948	0.0012480675524845115	0.005132285713801097	0.0004947433445600161	0.008290673671190121	2.5897669147358378	2.070096978691406	2.2207514515793703	0.014724647572409962	0.1553369224188035	0.059331688741264814	1.6469347090437811	0.022775043272480026	2.2638811759389665	2.1862736944543864	1.8478052865358936
E141_667	1.9994286434285928	0.013222336787586542	0.010824221868562918	1.7692926422982838	1.794904740573325	1.6656573663484595	1.7010699663148063	0.07227226730063499	1.9271759745978176	0.0051579345345061645	2.2162437176059764	1.5004412356738637	0.02292554033969976	2.123478025619432	1.7563424900399736	0.006002365005874168	0.018533048019565457	2.141124454672423	1.8434214869454928
E383_496	1.03268881034233	0.19909322510132169	0.031828692246197984	1.4240914896900878	1.8402572131498312	1.7628849383263256	1.1048567148424084	0.04568388769758387	1.9493964806746813	0.4344183657393512	2.105441444979771	1.0455160292813477	0.01991698446472459	1.6600142840412582	2.2097185737823253	0.1205061870394834	0.007354709556674214	1.9544406314921647	2.2417080916284573
E1505_689	1.3071309676063307	0.03299042344096968	0.0014292766944189275	2.063795015514513	1.6847502765865452	2.2038904932547663	1.50021279475718	0.003007729614689557	1.4545836023981067	0.07552732557071437	2.0550326179999443	1.566870258910469	0.00860762011393735	1.3971839719511503	2.136842603265204	0.018429063421341787	0.04528967119845447	1.976053754957375	2.304763995322791
E926_154	0.007727299827640398	1.643550534404781	1.125127770906021	0.007944381511960669	0.0010283307765606574	0.010606538212923856	0.1224146924906337	0.050151041692038816	1.6533633723519532	1.6461929929426489	0.9165111153027518	0.034424409751187456	1.3553744126340603	0.04584491088037517	0.8455671179312371	0.11832859408918142	1.4629578659213955	1.845139307861324	1.6679214092515309
E837_591	1.6378668974747976	0.01989695089482917	0.008557454697806796	2.509874468629749	3.0847273822616024	1.70737419510268	2.195704509003319	0.016709413060034282	1.8032908166864745	0.005662833845231139	1.9412213789394228	1.6027212250289509	0.0053262153209917605	1.974384313071244	1.3543366333666815	0.02051079619758328	0.07932796390159966	1.7588367547814518	1.5624737356652374
E1229_114	0.002933438232125338	1.5003708863003855	0.010866449843410828	0.016660197932073073	0.07592974866745343	0.0038841225945554655	0.022825709968581645	0.006103676446277166	2.0827351401024665	0.3666244670224163	2.2648781656986743	0.005110729464889139	0.011279621592149788	0.036008483846401165	0.8101257472216018	0.05747475755522913	1.7511746347002524	1.9009037796820487	1.7974657889549779
E892_719	2.3384873228984224	0.010682200765899385	0.003538597346212364	1.6167985018758948	1.7365218479084432	1.868918207469998	2.3406474107641864	0.015178144749574782	1.6377787966165227	0.04433797582620033	2.382502195853379	2.145424465798484	0.0217015809728749	1.810863678327827	1.8078108609824068	0.07585641295204926	0.01193672032154173	1.6404875516351711	2.0305821190695816
E1573_610	1.1714410403309925	0.013617872653956531	0.003931011093339548	2.246601993873015	1.916586813990084	2.5298805522813788	2.084634351216065	0.0144816211956596	1.872922152590296	0.06614343601889816	2.0281861655504554	1.8447617687509	0.021320321106949747	2.10114602311773	1.998573528674551	0.028711491290332576	0.004093848542546342	1.7617562579839408	1.639291924649556
E216_731	1.6929404181198646	0.005356980011421443	0.0032078025222409584	1.9859082433938584	1.7710390238285199	1.5382551482516449	1.930956210396144	0.003258469956856723	1.5403861244206911	0.0018420625598601621	1.5024590387698882	1.3210479665044863	0.025008311790414704	1.547077950263546	1.8867436218334759	0.012150681440224766	0.005416109076310339	1.6389844806515093	2.0915742158869017
E484_590	0.007855983221206161	0.0030503766430040593	1.4704490856055143	0.03820347740428608	0.015402673853412438	0.03061335943925618	0.034473464692831524	1.8509149646776308	1.614144651831605	1.7455239318212787	0.010378493772128657	0.03464421259286553	1.9045736671983364	0.07143657592870008	0.013079032572494759	0.05140128952038985	1.9486333121371762	1.9742416813892527	0.1079333745229894
E1501_252	0.04988545739422346	0.009102460123957802	0.4118931290142816	0.04764214486844552	1.4759515801084122	1.4927137489505091	0.0028396301636201444	0.04990530883679276	2.482511279712705	2.4878915623914546	0.1983093670474044	0.0058563552559215	1.640953911926968	0.02734672168065633	1.4296229623930194	0.0031527718961475845	1.749659043479291	1.8635064069198548	1.974302373205648
E723_694	1.912004315947717	0.035246932816328826	0.00800559344754195	1.9560988567226263	2.62586424740866	2.5677690443086307	1.1826912292755036	0.0028910302915391393	1.8865017670641968	0.0007885345769405756	1.7501400922118877	1.7232053676586268	0.04474560645245498	2.1109888188772006	1.886980250843853	0.005345628361093428	0.014411783455048241	1.4539328259505666	2.1429106613687225
E1924_779	2.3769250376111084	0.0038014113453474045	0.009125403641597541	2.9211629882685166	2.3886587319291457	1.4863304780354432	1.141237381402491	0.04299345312427137	1.6481707875071356	0.02900081044277893	2.06562077350368	1.9975549105866963	0.0017251599147147176	1.4097898279550516	1.644057514826886	0.021142023014796302	0.000544879709292853	1.8570611193815758	1.9723819984561592
E1712_85	0.01799004667050734	2.046143312919288	0.0009134520014827984	0.1275513940241874	0.004414502347661801	0.0006819141082804343	0.039676034597446085	0.02971311256125529	2.1757024281805	0.6809031764786047	1.2336269505958066	0.012171865352943786	0.0009794553938000088	0.0030508014009632185	0.04826905142094128	1.036287321216451	0.3855512629131356	1.6340064002734005	1.5371431914740634
E371_766	1.3733271235900768	0.00020940116468497132	4.016543498484923e-06	1.7335922694823835	1.4769684080907215	2.011641183642781	1.5012510545758326	0.0031872042657570287	1.7606813636520742	0.05877127201153753	1.8449597734662613	1.7437242547019989	0.021005001424812358	1.5195759597865346	1.6430411003581862	0.022392665974736454	0.001146691720712782	2.0308541148234567	1.2392294978932712
E1999_477	1.041953063869541	0.0007458023254149077	0.0017526331281691593	1.5022666669214408	1.8730775244098217	1.5469574353851552	1.509645993746476	0.0013667050643799172	1.846676976062395	0.5815899559852422	1.940132228177316	1.3230322131425434	0.002903104364145672	2.004645878777331	2.090429376743439	0.016536966205135218	0.0031635142895984967	1.6981838359163963	1.6076712825554365
E309_45	0.02135179242378573	1.4918710033197522	0.0162093354809644	0.05268591526916802	0.0074771232226895174	0.009760184869912331	0.005403084091709904	0.0027714352055918825	1.5436987190722558	0.004830235807790899	2.0839937556421977	0.005580418770814432	0.0024588817940676385	0.0532070746926879	0.003220846028389559	1.809756615912228	0.008957135044952514	1.8016367939669504	1.3163802854677171
E894_92	0.01997966158010137	1.948057836720949	0.004684195098658455	0.0028747419377766733	0.009756289734756323	0.0042259856591714585	0.04553718611018144	0.01931693926132009	2.110814131909399	1.5908770158964685	1.885172333083183	0.008179682655585014	0.05553400935285515	0.0075153927408753065	0.2266218741386114	1.2966146253036488	1.3646859972556469	2.137131700124078	1.423616538769272
E1584_423	0.003150681725496288	0.001410621252954023	0.005006051819313796	0.038163445789732534	1.6262645688023434	1.9520229444799744	0.010739365608654615	0.004070308014402835	1.9161299052632328	2.6525366002171813	1.7640246522262717	0.02500405953595251	0.02676154285775416	1.198546822762349	1.7678321648696806	0.005892497250806301	0.030336251899099317	1.6561817631576052	1.8507017135783648
E1909_670	2.231389223321016	0.02104330635705784	0.01432891198418586	1.9568182088786203	1.7488404868059622	1.925460789951344	2.3498655850339563	0.030581236258060782	2.1157211956101207	0.04837850768260033	2.099933554459293	1.9886758665117048	0.0016845238623941765	2.5289685846884704	2.010785796566992	0.02682504925106096	0.010684423524694779	1.6681844188990604	2.397933741288546
E618_86	0.000304725604857551	2.099272858233416	0.009789520548174216	0.005132610230411205	0.006614517202358311	0.02554909796456204	0.011385938187281407	0.03127490874541447	1.6221727545183908	1.0182002550655502	2.303436443190213	0.032503514252416994	0.01832618609412715	0.011043770638468613	0.14901388333561993	1.5345318419039735	0.008769506243017405	2.4411204904911954	1.9572394275529936
E816_728	1.7059862115614466	0.01797597907967538	0.007987267599165777	1.8370532319813613	1.5482700431957876	1.817219045301408	1.4002162867204528	0.0005420741225901662	2.257711644078002	0.14906863558829614	1.7230957196169918	1.8483865815599767	0.0025865832112559905	1.963446439344924	2.1957557701291295	0.027290031688199733	0.01885220638191	2.1892249716403307	1.9839346846216204
E1128_387	0.0032884789713086954	0.004842397649520481	0.056011912495144665	0.008643186946747225	1.6613870428094333	1.6784883771941757	0.0005271996733252763	0.006774471575325164	1.7788774748308065	1.8678252729035605	0.4958111911179668	0.011204732044253369	0.021049592739774442	0.5100146664554339	1.6199410728246568	0.002709964315848243	0.00039320222051309264	1.82019090910624	1.8869580561094963
E1080_359	0.020794044964140303	0.005748843293054863	1.9181598147725647	2.6423382680170675e-05	0.005621441069403505	0.06259688567389518	0.007158563065617744	1.6252615670094084	1.6584888201199042	1.6516590093673522	0.028988732405976023	0.0030493963110142268	1.5624654369201516	0.01239586573245265	0.0006584191495198938	0.009402454242272231	1.4375174829123896	1.1806759037806651	0.04263614268100163
E1654_630	2.290478079591247	0.002743588539589367	0.00011790553517254222	1.5975505487586552	2.069296228378588	1.9832531180996409	1.6347018116431844	0.01490601193578137	1.1975445370892557	0.041861942454700034	1.8184836878777872	1.4674788754918118	0.05238744205535055	1.6721195211386584	1.6602243515543242	0.0005272103972389731	0.006798429233588318	1.4874967669853725	1.8858018741445148
E671_511	0.002755535265808177	0.023967436805102355	2.2446732939381544	0.010197883005208784	0.020925492829790168	0.015851856839012073	0.00575670190777677	1.5834291587925071	2.3074810500609773	1.8894647970803875	0.0057427658637682144	0.02782387595851834	2.1566320901485025	0.0034999181896671764	0.017282791838952673	0.012422050336037166	2.295722990574359	1.8603502275873711	0.0008092038085256379
E1580_374	0.9535833837444104	0.0008275511609795415	0.04593742822303384	0.7604392096439416	1.727721015207571	1.5902708252314532	1.039888247633935	0.000374788092442719	1.7277531283279433	0.8449715666926659	2.3243513344987203	1.5793769166865292	0.059379022056604364	1.3860411182576329	1.9491756476332085	0.011070595151073273	0.13975531009427405	2.098979147049836	2.4938638163996747
E138_415	1.6813823392410143	0.0538075427009822	9.291349999358216e-05	1.3208927157758112	1.8808823593809187	2.129054756137532	1.191743181208338	0.05595841691548581	1.837441852961296	0.27383638130184523	2.063593723201619	1.5056228386661017	0.007026525782551489	2.181713730216849	2.084663375814656	0.0006285446721484343	0.1002036075292116	1.7365508385786577	1.9225435298392888
E1981_607	0.004570631511520585	0.018027446113154082	2.148940780357832	0.021991779126071268	0.054363003596928326	0.002277011689850672	0.001481472312267095	2.5451153316427337	1.986161557013439	1.809640992182791	0.0060367441991724035	0.006811338681709925	2.340204694202385	0.03878807905209415	0.00514040210477381	0.0005622245842090362	1.81548589552602	1.4663412315590183	0.011268517827555169
E149_427	0.004205585498462013	0.009801714821432156	0.013851829224858529	0.013168411285206615	2.2223985092800533	1.8789250561025084	0.0014821224426688892	0.01489904930831191	1.9939828210894968	1.9788081797444224	1.703443702932182	0.029133218051583587	0.00024400385474254962	1.3599405584472044	2.1151266951598524	0.0003392271854338408	0.050873279918137324	1.737710372987331	1.4027037084228509
E746_694	0.00319170986051408	0.059182198388790415	2.214217336581207	0.0003233521596559953	0.007242638597833166	0.00031109771504390585	0.03676813005535784	2.3562740353241227	2.39747483881704	2.1733798232901997	0.004533392816194618	0.004835450416491468	1.865853613063396	0.04307084747352938	0.003198175950716957	0.06282858838971225	2.3848996154891338	1.9052352390466696	0.0001205530543573626
E667_16	0.0014685118096143751	1.055809156086068	0.029512713140863588	0.0005945388553193437	0.010750786393221894	0.036329714428858836	0.00014271902502432238	0.008876561525698424	1.3289567372207391	0.02528653968046864	1.405380579943902	0.004442256492009613	0.13978846011277726	0.008545382819024932	0.004572825318118493	2.1993039704100257	0.0817446188509375	1.7657488324240371	1.405032011319583
E794_61	0.2281288419230733	1.6075747559408629	0.0036312469789050077	0.001422854345990313	0.010434912652808824	0.01597283854486331	0.004234833032743666	0.029358860028813383	1.7912239630911868	0.02676711227598217	1.727275919711093	0.04765227366962395	0.05816078975244573	0.01825156382041629	0.0029123620580214626	2.354167753622101	0.21745442535717205	1.912176692747783	1.6937101383726187
E1684_485	1.2196627084769098	0.03962620033172646	0.011102252056072015	1.2293607727371765	2.0975766044721493	1.7723624140079657	2.048514465753699	0.02036117808494118	2.6411277853386097	0.4529627123976982	1.7258700864436889	1.4491916812413708	0.027993388536854832	2.043024634827334	1.6203179376000143	0.011246401713920252	0.0003662911891064843	1.921202114373925	2.4978053322280616
E280_260	0.0007720419775913383	0.00716492435249946	1.6525852629064817	0.0038764731090424735	0.05312189816545335	0.016464312383934417	0.014210398437505432	0.005642903301289496	1.9467219694931184	1.6508940361395614	0.2982611880395232	0.006921984888833188	1.4490014800914826	0.014752658306862603	0.02212235106370977	0.026825818839036026	2.2981100865196984	1.9086258395525968	2.1893700567496786
E948_325	1.3219861751829796	0.00023300102545879657	0.005647795502527888	2.570498797051308	1.6005816829566193	2.0636283236325506	2.1861335408007614	0.006528294269632131	1.5038312252595945	0.2836315741234289	2.1861475747331145	1.4713967254102611	0.017799510957665875	1.9714874714768027	1.6107777583955691	0.04708060276334439	0.028296949745479295	1.4784842668354563	1.8927229094586209
E1218_680	1.309505645772684	0.006817950155321176	0.04282878583886325	1.7719750192067143	2.2578354315832643	2.114391658743833	1.8647265038641048	0.012785756987894834	1.1793367463171276	0.05493796898487828	1.9035375020070813	2.198622114837083	0.002332059833602732	1.353473735792273	1.845221635192498	0.12667934568042086	0.002139257309022133	1.943474248911352	1.8686057252885016
E1911_609	1.2633809787819137	0.01886664483224864	0.0003461694091538413	1.84524342877958	1.7564408614201519	1.6029638929351042	1.7127788888192856	0.03537621155099037	1.59037417189863	0.049305432346051004	1.8333805245928128	1.3932804545586983	0.022421293053413432	1.8550863721358848	1.498409806495531	0.06484357399837115	0.005016086504222857	1.259677661332952	1.5611359337190187
E1300_376	0.021490416384752718	4.353794905059306e-05	2.2585044207609184	0.0004490935772234535	0.01870816885139178	0.0013466833734430636	0.012188984123608292	1.878402083338184	2.0727914500938516	1.8208109141715887	0.11849210338536455	0.018852681439728857	2.11894053795583	0.03076609069145377	0.10854808746148202	0.005606163277834788	1.6048897432953688	2.0922657594600858	0.010478064462000185
E18_554	0.012220395636188592	0.002765087172088666	1.8129290930432167	0.0013391416448080493	0.015280123248791237	0.01073602446847362	0.01408348506536273	1.460601859176772	1.47871423875242	1.854337981552021	0.0005684867858557028	0.0016299756176862028	2.100569100747292	0.004199399337868746	0.07033502599754236	0.0086499925449655	1.6820595333725386	2.0222134451072566	0.027439227871463884
E1383_708	0.01362970311851368	0.04400860443701419	1.881660626898896	0.008252896516037245	0.013034212138865157	0.031448411426154885	0.004179918983939025	1.7921167154682578	1.6912779400220248	1.5396500017079031	0.04185751424910883	0.012630364869272413	1.9889846947589904	0.013282833811738686	0.0012614575479201586	0.0006658336022513049	1.811597461015276	1.9235975385184008	0.008483232308427513
E939_525	2.1473686448725964	0.010938479179458505	0.001353935783344344	1.6970210830506036	2.073531837546185	2.0672158866574497	2.082760527199324	0.002106754295528694	1.85298320396207	0.0826700117125358	1.7528916208385903	1.5983900015908588	0.019698733824544755	2.213408756206573	2.1660700786647293	0.027887909644387688	0.04114935633751517	1.9469226825924149	1.3653496582457612
E927_578	2.087652045856958	0.05844454599918018	0.016038318761993887	2.141550422504341	1.504902327600898	1.62831307171985	1.5801655795787526	0.1055577214600899	1.3856216059428077	0.0014484117361198807	2.0404757522842307	1.9287915945589569	0.005244475620360015	1.0971614934117249	1.942734679702788	0.003832265022727353	0.017700312219515926	1.7783073271167096	2.025085419157404
E507_158	0.014225990851978725	0.34454540917343657	0.005702646175140108	0.01915764187461297	0.003984878849274812	0.0007661733631864302	0.02937437493701846	0.004248366089267176	1.1544885821387068	1.9885709211735256	2.333732947921346	0.003175700267632583	0.05862231126175607	0.006134508407007014	1.9658267764957569	0.0004945227852096686	2.1471025011094613	1.4491696687985314	1.3613259357323966
E472_502	1.3663520803834477	0.007659225919993949	0.06304263316514441	2.20777637396338	2.0535759465568293	2.4267068455261347	1.5668749191433822	0.04911695003165402	1.4468090506672406	0.018020474260219688	1.6971092238199346	1.9298883808161096	0.017790193282591096	2.071397249883588	1.8065164663100224	0.028657014089089026	0.004596153367880893	1.7855830513202005	1.5640980512865243
E170_108	0.009868329298723085	1.5610934600847806	0.010692570350493856	0.008255251494975066	0.02839367042965948	0.045826069062733316	0.002149898070265872	0.027862946632179274	1.981659369895984	0.9796741967221604	2.184052966499917	0.027085608848270742	0.011303370403377578	0.021150099785644097	1.0141250701867757	0.03496451839578681	0.4456585648864068	1.4915393503400816	2.195128571292752
E956_110	0.005615319188388243	1.9210452763354957	0.05669669643593725	0.02822351386211722	0.0183982294313634	0.00048454634101004765	0.002899086692967932	0.01415357752947665	1.2609283156546165	1.7101124128387413	2.283131879034584	0.09217613287938684	0.011453427773356893	0.007866418359193621	0.9788978243657438	1.048385316434396	0.2550921091604988	1.7288060563049623	2.1746629293313315
E545_609	1.4898104737523823	0.01056571173282745	0.014991152646010019	0.9701307159894692	1.6872911572720668	1.5626884954169495	2.1499930032134777	0.005730834924192786	1.8948000414113333	0.022004323514097653	2.202985904975049	1.4276718063226308	0.02482966794107019	2.1745744313005844	1.8498246224971784	0.012447028330082256	0.007649553170306536	1.7952320670997357	1.913344923134544
E529_354	0.032305785882477435	0.02131347250746725	0.1631818437866536	0.0010695772994621213	1.6583367587203552	2.1193763009367523	0.017829460905097263	0.011859566638579087	1.8141845695588	2.08622171344396	0.07601402095937901	0.0058563454884765	0.14607149587106075	0.05544325594370183	1.6823078860588985	0.03411169691892521	0.32433442452301	1.9990773181228167	1.6679172669204223
E1402_406	0.025187834060832002	0.0116703833313694	2.179142340386768	0.010049903850679276	0.13742225759123045	0.01958181390339625	0.0002623376421291169	1.9055139809377424	1.9174955310858441	2.287866336214127	0.0064533116913008965	0.005041206750595388	1.1946012520014764	0.0124607050585124	0.000539480354284735	0.012997994596816779	1.6658530558183224	1.976760941876266	0.007920645086011832
E1766_195	0.0741269736563086	0.7090928688072705	0.02794765334880852	0.008416862602523924	1.446247555018453	1.0808169747949012	0.009248014310196213	0.021325055527495376	2.0879168187886665	2.035715357720898	1.7985928266484166	0.029366839323407837	0.1665768266527756	1.116997955361667	1.5845577897204417	0.014156805145316068	1.8506264611647485	2.047749941875204	1.4954385890489812
E1278_783	0.1487495163567085	0.014879899078786282	1.8808490463189784	0.0014256468674251322	0.023592657693678264	0.0068023078060675726	0.02319148906751187	1.8343098614903601	2.581707824112271	1.7899471454620066	0.11674751400455903	0.04929716894325671	1.7491497752992664	0.006429008100153375	0.02300917601677682	0.0007690731941367321	1.6998167440088867	2.097497896429517	0.0062149794829614285
E225_465	0.01345471894046139	0.01822065870331684	0.04073277186984076	0.01579236159735023	2.071353211159332	2.6994223044447465	0.010851825793355963	0.014558261591875529	1.6339509068717282	1.9415095427145201	0.964601648108202	0.0294512798747451	0.013249881883107084	1.2421277200558665	1.826762682463246	0.005841196803186577	0.12819348360087598	1.9107516740800976	1.9835390487689009
E348_489	0.8688486713790669	0.0002897753026975574	0.002862871029964853	0.852628395266944	1.63445909598334	1.366458500551622	0.7373783476825863	0.006140335362942026	2.062201028714714	1.4329453979432711	2.612906716717527	0.7218777705826496	0.009229293743968523	2.4595450003180623	2.1056612078464183	0.002483424714729013	0.018364113128570843	2.329337755177688	1.6214850776499428
E1433_59	0.012504533518104304	1.4564357011697708	0.0534936435011654	0.00662235362500415	0.007491951746094239	0.009779121100314713	0.059736040753972076	0.013023686370698577	1.611908022430903	0.18782447992182427	1.738953845649387	0.015966245747061212	0.010208337297762628	0.07440421471838007	0.08577523399292844	1.9622080364803351	0.06124037224085131	2.392722410148044	1.8595072411078684
E932_542	2.4139365605555976	0.05825776749707361	0.008623694889785798	2.1912864692995315	1.7709695094222506	1.8179882947187955	1.6635608311626662	8.390203497841278e-05	2.3183234472004584	0.0011990832014493642	1.6417845676617666	2.3062895024876138	0.00013707875759856014	2.1974745502556505	1.6439326737547282	0.006872537259417058	0.02785534229640713	2.0374144475790485	2.065727717173797
E695_121	0.010536976148915259	1.2294496759540483	0.059548921838714776	0.04265623508696434	0.004450855064744261	0.024195013757713275	0.000732069938101122	0.047842712634535	1.8031980438869104	1.019861405538451	2.074761650121603	0.018419991843409846	0.013113215910640408	0.003572134685407361	1.2416182448204502	0.14731164996938542	1.7483422108315727	1.2791183305080944	1.5192403739575346
E1593_182	0.04466049394922536	0.01532560300592541	0.4726765963669932	0.01022032909553507	0.26610730580606223	0.20452323972934008	0.0065932022178353	0.0187348204788016	1.7008825063920714	1.5716498261791758	1.3429061869443155	0.0016112039486866124	0.8440126873983267	0.4767853140920072	0.442014561523936	0.0014010661041435153	1.98011869423455	1.7448388487567894	1.959397363638509
E305_754	2.3133051190358143	0.0423993185483826	0.0007165028342074231	1.9870524940898624	1.859575301693677	1.9468443136985447	1.5944390077383397	0.013121870067867707	2.270495540061331	0.01642930215038138	2.4597966845406605	1.7926148822089905	0.00532066844358705	1.9861474029796224	2.3293646163484047	0.010382577269883177	0.011877065688688026	2.2273256586608183	1.8078835843499848
E1633_50	0.011479293169889809	1.940257706319045	0.0050546755813070145	0.014924014888082225	0.007764343937429525	0.008195859952519365	0.018828942605767014	0.014173695465687404	1.8373052986823704	0.014803671550191353	2.1189330837321116	0.06174055743001964	0.004496055107795157	0.005293085246730714	0.017140847189439753	1.1480032276761345	0.0394026578363975	1.5392114257296008	2.5152377616009867
E33_371	0.001611233410332492	0.0001776714938105592	0.06440605320133874	0.024117642007131585	1.6504004914538448	1.8052562584982008	0.08634500560264237	0.008921320538975245	1.7171183831559431	1.792545851792644	0.009235602517866395	0.026648675954792256	1.4611715255661148	0.04164743535040552	1.9862913922421293	0.0059508410884978975	1.1353474510219552	2.343149310501322	1.3112818791755099
E206_418	0.004319862968939235	0.013004749287446124	1.2868305639167748	0.0522044386734422	0.008647121293538292	0.0042485133535188095	0.003268472161523464	2.158172097396992	1.7553148566107832	1.7312685480175476	0.0031400590294589303	0.03271804832520772	1.5677025359527064	0.003090797436009473	0.03853592866906762	0.034942221094373366	1.4588642312717928	1.4435204832857065	0.02283671720143144
E1144_612	1.1778842589458984	0.024207200951116892	0.03163627589822731	1.2239565591433634	2.0340529745609097	1.495755811753124	1.0104200294972152	0.022384415115765152	1.7031900407046423	0.4641310909986137	1.5651011544723574	1.1386213823780955	0.0046091069657338895	1.7106090829856426	1.7339802618374276	0.12797534386358994	0.006721906330540017	1.801536073011458	2.315153754874536
E432_469	0.020256786040448317	0.005284580024880559	1.5089740000471328	0.017725825736881282	0.0005542556549203055	0.0011122300939218504	0.004594811949378245	2.327542400212568	1.9718610043033	0.9474551444249611	0.024221693839698195	0.04529963294628941	2.003930459515491	0.003676247019106928	0.004724214362893386	0.00573357301762265	1.6898511862063006	1.7703278803492208	0.05292214606254799
E158_113	0.0542080601469549	1.8327978418378488	0.002195506064082826	0.015229111432204682	0.0072473945315229315	0.0066568622776232	0.003320910513774957	0.005372391682166175	1.4412480364216578	1.3934001837639984	1.385483110290774	0.005856247187474916	0.019719456028669025	0.017643773509988313	0.8644467283600269	0.6903839095433538	0.3856775560095555	2.08010270168478	2.176355395790851
E779_777	1.6277977975496458	0.03949981434500188	0.021084080181789533	2.3080771313014954	1.8004214872563515	1.4722138328788497	2.585996609390226	0.07888265644831498	1.4620558409699065	0.008345010584025116	1.5371245793158586	1.9230924706218169	0.008319098001890261	1.9062524581230005	2.1147465169834923	0.001999981928978224	0.07996263989149233	1.8303647772085727	2.4403942785723167
E908_766	2.357192438993253	0.017353164931828573	0.009739951067340212	2.078020181900877	1.9747831633239528	2.2070889598888286	1.6114955736748855	0.02956982024311876	2.227644040938909	0.07951078825440053	1.8952569704696192	1.3360578978804059	0.027689054864443858	1.896281341051668	1.9632140455665363	0.00022254160449309415	0.010522968229970644	1.876426156671153	2.462181256415244
E621_55	0.010980157451361005	1.8920689567779096	0.0072091313799244406	0.0012248095042016634	0.0011096943346706415	0.0044805564634253815	0.017964983705784008	0.011290112823525808	1.4322781363116988	0.09544094771844004	1.7612744400194744	0.018960689712541067	0.0019855025482031718	0.0003945892942745313	0.006578044738858133	2.0677949961869406	0.03924840722278013	1.8770404655678417	2.1755881483376265
E670_560	1.6005823241329888	0.02892390047534205	0.02386772629248092	2.2143538081872918	1.5687477009458022	1.4210194231649411	2.564192376991256	0.009419195425051657	1.934156044272717	0.042588079902066346	1.9534868187072232	1.7960911104001058	0.0054730328461248786	2.123642647289393	2.6953246862298883	0.0008666492018745563	0.04224476978428124	1.9127061005411987	2.0482037577172125
E407_459	0.3840629669524353	0.03446677473170594	0.027921626670814208	0.9090593268754013	1.9461208643448449	1.5661672011392158	0.7577203340560085	0.007146762079860403	2.4664505311675096	1.278612773375023	1.4922493458739958	0.3480233596314636	0.01380362022206806	2.1712039060830466	1.6553850221805098	0.010333712727880293	0.02300484856104161	1.6593924076845623	1.7078165783959347
E1345_525	0.006590896882754204	0.014430167734289128	1.7370387721838143	0.026016780472538668	0.01622613244031815	0.06575766547147592	0.04449772526689807	2.1065383628700585	1.847121568444376	1.6220046389614609	0.2172354506140232	0.007296235333569181	2.0636240809616995	0.0011072444600000867	0.021199687811494675	0.017580816320361355	1.951153634863769	1.6789934741175163	0.05134157384758716
E1779_617	1.8536622598297887	0.00979902521214896	0.01471516072390526	2.098829109404794	1.7580531191036153	1.818870535362672	2.302546823055148	0.010957587965540055	2.561610587064393	0.06738947929675855	1.996623327559508	1.7479746915896135	0.004187365497523197	2.189094173044094	1.5114432082825169	0.03835371604275272	0.005621206910826342	1.7017847105305546	1.666779610172018
E1416_4	0.012616768475956443	0.6531009972729772	0.00025702451653623025	0.01943470789212469	0.0051644493545153535	0.04212357204797836	0.03476807442897091	0.01811943788369657	0.5743794825599841	0.00302708038434116	0.6183795640384125	0.004311536879354687	0.00986923782758853	0.02717710803874098	0.0204706532490574	1.8336248142570069	0.011466177068150238	0.6582299067051431	0.5849868753492976
E1724_61	0.002859187574293757	1.6411908394233117	0.2643183459416459	0.006325387759997619	0.0011853220101109233	0.024426640864240456	0.005743232703699124	0.0018534717270067289	1.630127529982607	0.10226256040761736	1.6387705977428613	0.019449310806630662	0.022788289074365014	0.0240210653334534	0.0015064181372476592	2.1609291801124657	0.332559283842491	3.2176943984249062	1.4043826328682232
E1487_379	0.011778867187452635	0.06393729137606134	2.027329730240011	0.00596504574152751	0.0001738834679489644	0.00020298547318896022	0.012985893290587294	1.7648890123346532	2.0878512675644463	1.881707235743796	0.001555800625875567	0.02399183997503784	1.5582003044850632	0.001929334205330888	0.011195419506847716	0.001893764573107736	1.7818733846475203	1.6474987034710988	0.09605742298264396
E1723_104	0.12724296111352731	1.6109179717436608	0.0016672439079851054	0.003231029666489189	0.025790831703891542	0.10946749980893623	0.11933677216212925	0.0011039113838588485	1.5455222956662846	1.7005152547424391	2.0056659145519764	0.016228328694596953	0.0024651329247096605	0.008387676708221686	0.887240145217838	0.17321570208614276	1.884465128056696	2.3385978912362204	1.9210944451951484
E415_758	1.8623604209582243	0.0031359790027443964	0.0019780671464046	1.883893997183832	1.925018334158748	1.8071661382504227	1.7213216956321833	0.17031238806128074	1.9190503430515184	0.05426019927558797	1.4423620162215145	1.70090558321439	0.002583874016829277	1.8779536794377032	1.7036526050628715	0.06237439691260727	0.006928186482195504	1.9235485299427304	1.7430241939073734
E181_12	0.01898041053643549	1.688915691403375	0.009468821724601196	0.002330940402308095	0.02168406947694055	0.04593550528135877	0.009814377552053031	0.02991399000404548	1.373863300732998	0.004801069656727269	1.2888880311845674	0.009739508459173369	0.002188921605950386	0.007843952686611737	0.022763916998213327	1.520709202405794	0.003885475663519383	1.1622062436931389	1.5494134374582889
E2_352	0.001794082564051925	0.06640338434620817	1.8301645183807835	0.0010708205555828947	0.01970108464693911	0.11215784467408836	0.0023931963527433955	1.9817796165647736	2.1067359918167123	1.5304912047640782	0.09215774412450953	0.0029399534054007485	2.370342418770872	0.007744532664824728	0.07182380592981227	0.011106827848129162	2.676277287459583	2.1521714274782044	0.021074888689268045
E231_82	0.0003833426702587519	1.8514134034481144	0.004878302340703947	0.006373720551354927	0.010615783864651096	0.007663298733038281	0.008548414423869615	0.018302278607124647	1.7342835716469622	0.2861199409847369	1.9738168028148448	0.0061379454598206856	0.020757459139473654	0.0013149086753449664	0.02917926454410728	1.9579808021546472	1.5346190729320341	2.2624249075133167	1.2871914243037288
E147_140	0.009132952987658708	1.6084616740065458	0.006975238381909787	0.0012108045617281336	0.0015797220372813189	0.04483850798126277	0.03225729210127207	0.04520780628230302	1.2038852632343882	1.3868782339957333	1.876037309434836	0.0035269876679226717	0.03734853264047566	0.06395284314457242	1.6738099768617258	0.007711387414726389	1.532581956302689	1.6103778310052017	2.3976518698102374
E1327_449	0.009765861319980612	0.001968596776949362	0.010213479522980531	0.051767135016433305	1.8130636496279564	2.28041141385309	0.06631708816972325	0.0003440061844438733	1.5927258451455766	2.3083075382975897	1.7477032234254115	0.001835942185581613	0.0063920015272239256	2.127948421927192	2.328420323495215	0.0053580519043013725	0.01334075141060768	2.3922074760009275	2.1232724223012256
E248_459	1.329861087034912	0.0013263791643137776	0.05162513516814793	2.1121187107169908	1.976609030608328	1.3872683167457032	1.8918011266452093	0.007696443668049627	2.074522133224842	0.007524660484499861	1.1015928110157849	1.6182012169775457	0.0059634172872598465	1.642865671640163	1.949543891274848	0.05991653307908239	0.01317777853257287	2.2453710769661988	1.695943595522365
E445_87	0.029342261465866118	1.883428102375958	0.04684140576660032	0.03555142482975405	0.017411980806879473	0.009533826485189377	0.007005374064772243	0.014068937467694338	2.07330785376282	1.4937558926519334	1.5353269994187042	0.011529179870556062	0.07330578959946868	0.08290733397748827	0.6343097648247384	0.6565095442018238	1.2675915737946202	2.148505219796723	1.5172295034676144
E824_252	0.007754620132612914	0.2645779154187583	0.06329872787851377	0.06474630262548338	1.9726417581149749	1.8833566255102725	0.008260361861419053	0.03727769731859877	1.6304056268229143	1.8825937278094955	1.0393889462996722	0.001178947560435353	1.8206792793468267	0.009779978700748529	2.0947852768754283	0.05916680731304104	1.4133661869772003	2.14162760380812	1.6786274153186966
E320_66	0.01952285761866173	2.158356121056333	0.003405773892887676	0.021758070579187855	0.00034886726565091803	0.0009881065865309123	0.014647528153035596	0.0184514348551884	1.9828334029974912	0.04057578795812291	1.7851615209351002	0.005414992068405472	0.003707138030990041	0.00040612353809797366	0.009435421752425012	1.4874210769096394	0.10343348631778633	1.835041849917726	1.7698935992817997
E1320_587	2.0847736888865604	0.0071744479827665795	0.035063599754903814	1.5894280711841475	2.4049338747376656	1.3660085781770588	1.8485819818044265	0.0006621371120060082	1.727461414653081	0.3030736969030281	1.8707586707070496	2.0275767552627704	0.005292383066258742	2.5310085634627013	2.299101023415953	0.061099871269789226	0.004725443949248584	1.8409838209137384	2.0432470368301083
E1690_228	0.02908418962808001	0.5207104960623995	1.2139375823440202	0.0017278376981264751	0.1440661298129734	0.1348731633618504	0.01628793008247096	0.0010001552277651786	1.5632265940587315	1.8688901254045545	0.786589355202163	0.01597678954378591	2.494553146669855	0.08494018575734562	1.2269387800723708	0.008707266081047394	1.920160958175703	1.7294984352525078	2.6683724897792174
E511_699	2.2589806887903374	0.00099963788817182	0.014259385535691591	1.8835289044826384	1.8756309582614383	1.9347395114746888	1.8859673686894272	0.006353544491874875	1.5388531733869668	0.02696931534707793	1.9982285141249208	1.5789469388789994	0.002979649500016379	2.01029813307915	1.5891268463684731	0.010577595660318472	0.001192846504539448	1.5581231693258997	1.8675044769186773
E1869_553	1.769675930484946	0.002709617864798227	0.0006909624923793434	1.9857290929714613	1.9472662833775387	2.320668453898836	1.4139420838255	0.008065189842368413	1.8636098762899225	0.10283761471863978	1.7586632464606091	1.5455253482767315	0.0010643287691799572	2.2632134424886856	1.8603102730299657	0.003257090491371913	0.025591780799546764	1.72371021562964	1.7403834326037737
E441_589	2.483805244731836	0.07095731749856726	0.01036541747829692	1.992038033417612	2.3770580322973762	1.5669412204852342	2.066361939447827	0.008257355130690106	1.845620916317176	0.01239330071800214	1.4825854187410763	2.271477192081208	0.04109321470335296	1.817486392459415	1.5197541030092516	0.024878168246229626	0.008012591520326559	1.910974143846808	2.366196091510841
E715_5	0.006564325600229425	0.5676163657888584	0.019561382452928447	0.02707127308984867	0.000709171225874581	0.07834732043232444	0.0019489220350393023	0.007912674955075302	0.7794904813305371	0.011483036335917674	0.7011070306728692	0.04150382572458401	0.0009448123325410273	0.009567842291382987	0.029812323748223405	1.90518082555554	0.016552869870201298	0.7497272515134739	0.8297823016562272
E1843_89	0.005510001471412182	1.7741512550279188	0.0024582468840397237	0.037106127256803526	0.004727146229523611	0.004139146341181946	0.04380274269525977	0.013330016390768244	2.2430035167152003	1.5146655256836632	1.645315644653371	0.005508433058951921	0.017450880061926313	0.02124702419476046	0.1961875164090985	1.0504268399636751	0.5145215803269417	1.908006018322592	2.2338630918241686
E386_585	1.6856716568348034	0.000807685926357625	0.08835539871311622	1.349445147539674	2.247062151710137	2.1204687475193587	1.9407271617465391	0.017715305825795388	1.6540976330930068	0.056457496874669125	1.5411390781605196	2.4162429094380182	0.03818200967549487	2.6639165801933222	2.1916109512688333	0.009905619172151377	0.00337394618113412	2.2084772583099186	1.9768925914414688
E744_541	1.3732251999420335	0.013643672758203494	0.002449925537080882	1.4044547175336806	1.3406416246418615	2.15836230903108	1.6057640864850349	0.012015937018155051	2.036295086377668	0.2147348160637713	1.7137125111887312	2.0261324853274174	0.15462530300178945	1.8013179234784544	1.960147972388	0.002814141203080057	0.021363080446462675	1.322938003994093	2.329911284125371
E1354_79	0.001914009006861962	1.5389272534774774	0.00520645171313621	0.003408569682677301	0.0007620779097749916	0.0077857102135122655	0.00016057248969182994	0.003833424284375104	0.9891447984569932	0.8525830117216904	1.76277756929172	0.0042171951748312215	0.019980158992264317	0.008371370107313269	0.02495139144264769	1.034658151334205	0.0013488405818530098	2.0035981117004504	1.9694694503629588
E1154_118	0.002764201531605907	1.838522565808807	0.0013963860615359366	0.051996254163547896	0.001126061643887795	0.07014747325117303	0.05603581938804987	0.015576089716439331	1.9374756533916482	1.6585848301456068	1.7408658275954387	0.023265219339453063	0.017084744980991308	0.0044578296662868494	1.0837630711783917	1.0393053788166255	1.8327569143004887	1.7771241368660395	1.8144701009950943
E1059_297	0.005237167763794748	0.009734193524112143	0.6199940311109478	0.18860778112934065	1.545566630874739	1.8127894272584042	0.01449193607692608	0.048277028676662406	1.8041129782314032	2.139248911435585	0.01517342367729659	0.05660444580662422	1.7994322715328168	0.016963349339306162	1.1350636610060314	0.00425845258257722	2.178436443717123	2.349686617525726	1.5569559163283804
E835_662	1.3674607395562302	0.10393831876554516	0.0036894180763330452	2.27439092437347	1.8692615823182783	1.9116008922663563	1.5669711969039437	0.03497728026987396	1.868981369742637	0.0332963358395893	1.9027525720948881	1.588562700282539	0.05395994957425149	1.851116040910224	1.4744305649291671	0.005355804272470146	0.006499853052302477	2.295384905909969	2.120414920670136
E554_710	1.468887884839414	0.11640991430840808	0.0029287442492070604	1.9250424597363347	1.905335869932791	2.4002803832219555	1.8099079478568527	0.029206164458155576	1.976856159795808	0.0034804912406285198	2.1872518872312154	2.3881843150872366	0.031679713747150784	2.6903570677596496	1.7066232093448446	0.009644814903290106	0.047786104887853016	2.0290742108502684	2.271146486001495
E1638_720	0.0005239988456356591	0.04884374249215507	1.815980465885674	0.0015877934720669267	0.0020886091557978767	0.004817953279240249	0.01763008480414149	1.9172018020100607	1.9255619854549897	1.84070366406414	0.06928313228059649	0.046358134441815885	2.272391574361824	0.03645086388438075	0.0008814598616121932	0.016673061158234668	1.7985947901689887	1.8124857111717896	0.0015024323391016458
E1296_435	1.4968227597749395	0.01253650954992393	0.003159905620577247	1.8307353329539124	1.7811892103571296	2.0455968223320617	2.0261718179861585	0.0021889156876249366	1.9998783213489613	0.4759978754201688	1.950477000200892	2.0537909335010744	0.002690352490144658	2.0475932135279518	2.022878669967062	0.006847300279110562	0.16706424397308434	1.697129990709597	2.142562717198204
E1324_113	0.008974647477408186	1.753810793985988	0.0016978136728589856	0.005528447911223899	0.023758225983026453	0.004004851904232431	0.020927307028633168	0.006444555036717174	1.9023396199958944	1.3366890695978215	2.051431970225599	0.021489089562909968	0.027389496817432683	0.01827595204790826	1.4875045412758647	0.553860898502021	2.05485801992891	1.835602440165879	2.233679515632661
E1558_605	1.8183079484308624	0.01630614371550661	0.005792317893026847	2.2281330956390506	2.2893980212683767	1.932579443952806	1.4066935891141068	0.01452201200188194	2.463676250664929	0.011414811404906395	2.2744887650060543	2.3909153903320464	0.04186319639965566	1.7787279860743996	1.9768452107992096	0.03305386954027978	0.021247035290389158	2.573871065290227	1.5906300544046197
E569_461	0.001783707568073669	0.03852504030210554	0.0014716720445456838	0.01264439830380029	1.839486346940016	1.6900206932738937	0.02603537809391953	0.034469984375530865	2.0654809903808458	1.4806957084572008	2.068071688132836	0.02724765861878864	0.0025525340470470845	1.245569692124583	2.140700303028476	0.005073376674168767	0.06957109204305581	1.7651882631299398	1.859504164519815
E891_756	0.029201759719320507	0.001707792178559351	2.48451351447747	0.027974927900442485	0.005477518485752657	0.0048219346449300685	6.706085039063267e-05	1.2207657644843568	1.7544181605534508	1.5177788702488861	0.010157201633275308	0.031745682281118716	1.6759992702708382	0.0008061511898794022	0.012090208763340271	0.012252496875454237	2.1423197717176388	1.958279891567794	0.01841091163450778
E459_261	0.02663699865307328	0.03380252117029979	0.23276030844868856	0.008585124640170378	1.6575048072501102	1.7706419911972275	0.007913589540686907	0.004331681720997587	2.0835732835342533	2.811962975682404	0.11482307824593364	0.006025904748563422	0.249528258722169	0.03832193949951082	1.602252058760291	0.03830615795805727	0.6875978448898793	1.6797798568971944	1.826491013711548
E1587_376	1.7595561954242949	0.03006807353269624	0.010552763668261859	2.0575664985053588	1.9603019604869687	1.5817295676317449	1.9149210490459097	0.014277803993781125	1.9811274221613109	0.20601159928715587	1.6992765423799066	1.3256209667568233	0.0055252646107927395	2.142179857317648	1.5649953383881827	0.0050179084960146605	0.02460549662762469	1.3964925467211535	2.1517255454085467
E711_791	0.00010653941337654578	0.00021759079794783992	2.3442313835164166	0.003432044405093077	0.05862169199910805	0.0006684725569573412	0.007346099657549085	1.791919958014086	2.05296252750158	1.6203264289911092	0.013048267288872113	0.0018155328595906644	1.9464533449109551	0.008663929979211693	0.016295535920065746	0.005207363615852722	1.585591141954733	1.6451236980533477	0.0699421435655698
E265_763	2.3710765346732927	0.04308531973819471	0.01837982141680839	2.3801640246873155	1.826589893948894	1.7232784807004518	2.5475950725063186	0.039577512457996025	1.3270571548832952	0.003241876746165669	2.2513225516683875	2.021719538921138	0.04403710249648742	1.6194751238056655	2.1130105906233747	0.004732267842256943	0.01850382038313296	1.5837708366165342	1.8821343228778853
E1703_396	0.01313567884087247	0.030600327897910583	1.7479354916508132	0.01819851108953244	0.022359774036822253	0.0013332221562451759	0.045877589796202926	1.7382772258487231	1.671726765859214	1.778908670643114	0.010731843545140377	0.006175852000191497	1.918141837467933	0.05360330719096848	0.009774590966708905	0.004324579976418665	1.57989117557183	1.0915210306389014	0.02410374280184933
E1311_4	0.012725910083507486	0.6453453543451646	0.04678860207138115	0.041054141856411264	0.004182545673220317	0.007284787396983962	0.02123069143019043	0.0006685238337177336	0.6991890263588161	0.01532102464731115	0.6550209523807642	0.007105282574395422	0.014339417516673747	0.0501920516676424	0.0016014933275778132	1.971625737258608	0.01406891820133679	0.7336828392138981	0.6038421149455577
E301_426	0.031124830383733083	0.010654544387390498	0.025323534388311083	0.0520833364232161	1.4284526517279437	2.2213489323472757	0.0018492397225868974	4.738980453898389e-05	2.0407869066608697	1.7479691008693146	0.21071509464483024	0.02229582157548456	0.00988403786078508	0.18819424339954527	2.391029001220069	0.02813345714210864	0.21228233219717507	1.4329570321292135	1.9738245569794082
E924_717	2.2072298094316194	0.010975344110378036	0.01808521437898353	1.5929353284212762	1.8284120156086208	1.3762843869533847	1.688986648735409	0.006014360208801028	1.939014886413561	0.03595195420610117	1.6539363502342386	2.1094858556212683	1.3541702738818485e-06	2.467993160557599	2.253374744635899	0.0018136003677132887	0.05752967127002441	1.7703492867968982	1.491350630963532
E1562_278	0.009053211101489515	0.0036028713891888835	1.144105264325223	0.033326268464986174	0.3004154990056776	0.2811573006472348	0.0035734391212782967	0.0053705199518969396	2.1607056398513538	1.984556980466088	1.1922527563943788	0.12184470938136588	1.3078559166678223	0.15156711356236366	0.2099228567829069	0.050409256640901456	2.073241931516628	1.7060240582584625	2.131674727476728
E443_375	0.04608982418222856	0.06059278248606185	0.009655910295998492	0.18092087094536105	1.4407663376783708	2.00411245125714	0.13506976199895293	0.02042887073745207	2.2844219614255974	1.78404473304011	2.241524297558496	0.1906078792271756	0.004913598455015794	1.802929167262002	1.6342809411348411	0.004147620720105419	0.20767562652430147	1.9784079637679344	2.7002100597626257
E1390_482	0.0004990569629905861	0.0014111396410780345	2.073433883521348	0.019152314874254363	0.04235147769076249	0.005058570539585297	0.01953704835080373	1.8988652070140002	2.006995528526834	2.16350832655994	0.010601007167714309	0.0026382669121602946	2.1493742355619943	0.011210489187480558	0.01696383145518416	0.007674471291766288	2.1665512481451152	1.9248290915354496	0.09561159597143797
E1290_384	0.006518347078580164	0.003469235614700945	0.004631843790094299	0.09593440114691837	2.0886027050262794	1.5726722308304402	0.15727790083009618	0.005267443528816051	2.3307776093340467	1.7110764016387998	1.3070567808855589	0.04654669160863127	0.002568659700094197	1.669435184084554	1.8368310525507232	0.00042845004668640814	0.008428117326793612	2.115815502806155	1.9662408751988685
E1486_674	2.1103340927920367	0.006019669178250118	0.004280448636064898	2.0985492215943995	1.4592034941610763	1.9642820064763131	2.1226823565929567	0.0042308108145542095	1.5444210070075708	0.07576809865488066	1.7524268823509113	1.5072143432765783	0.07885530323822862	1.660135086439556	1.9144173957514936	0.0049616077973249	0.0009677119363600293	2.197884514494895	1.5389376534984602
E1575_312	0.01572364696136051	0.0019172422653859925	2.1537075294800765	0.0004934555684806698	0.009467110818377924	0.0941534427008312	0.015887917093669497	1.47085436115594	1.9024225561925927	1.6478596085504074	0.0998796954593355	0.001487496014809875	1.8112309547387748	0.011556873888147015	0.014450734852166656	0.003043744949924914	1.8409440380084463	2.3673941039534605	0.03257482664176138
E1848_643	0.02385654830155161	0.01516225483845744	1.68983085365939	0.028723928498944163	0.07582437323564227	0.0015124612916444006	0.01564474889346955	2.389467377600976	1.8666217221915005	1.476654032527586	0.05815910438285786	0.0037558683980379007	1.6389848346813434	0.0017840831453354246	0.016805990332047743	0.005848826548441353	1.7700256350692425	2.3447682181702407	0.03942578385301463
E1138_703	1.8865205441038448	0.0254652896935801	0.014659942822852696	2.7735650014486617	2.2369670253934566	1.9930510155843888	2.0787695167009184	0.0006112000654785624	2.118919025742215	0.010263150195964698	1.8993598806044392	1.9137819428758391	0.005352244618820209	1.8851630687677072	1.4923489759626596	0.18235924935084047	0.017791318125228432	1.7845296588262205	2.353839737064856
E155_299	0.00528699265638909	0.3130374353776225	0.3225072118249439	0.11004353203405033	1.5157404454079098	1.860382893943044	0.0009699947143189363	0.01050592334346798	1.840099539223212	2.1793631638285995	0.02593395157802401	0.009841346974107892	1.308485407038435	0.009211080834584724	2.3285618442810683	0.01474092383294959	1.3687844911994005	2.2821839969001965	2.0877817193701595
E1704_308	0.0015558106841154422	0.0033259587311063768	0.032018089075605265	0.00300424978771159	1.4329565688471413	1.938877709791874	0.0032411520006919324	0.008958950304547006	1.8742842800770407	1.7550991436936718	0.5850589326536405	0.0063492851267186855	0.1947211521342209	0.31725815822506004	1.5061757988473272	0.0014600749304283546	0.11162341591696734	2.2913775236144884	2.47639996162291
E635_151	0.005106070479463864	1.862401693134866	0.3910666950529334	0.024748078884148608	0.0009209308752507199	0.0023894620369978503	0.00023186752129769126	0.010424885767573729	1.9952422487023416	0.9877909841940328	2.597950762768753	0.004504756398195036	0.3179996022100712	0.0011032661077933622	1.3047030337834808	0.07881259137969109	2.171664854473176	2.3552772808156957	1.5229808507674891
E1772_591	1.6868910604435636	0.007405324651796092	0.00757907833280136	2.025189069221656	1.7303244363948702	1.880730125755072	2.0773663730731897	0.00772176758171568	1.8506332527585547	0.3560835438952417	2.4365058094560914	1.6039020826471777	0.01047144306273988	1.4182394571929475	1.8530163751384163	0.08572484486322354	0.0062932738295492785	1.5273939686184757	1.5721098656144767
E437_200	0.009878846868201849	0.002362227128988704	0.07661163583576255	0.0016934842217364561	0.8089880973204356	1.2524828931010918	0.008865235410202385	0.022378615321081603	2.229842094471125	1.7292400825587726	1.8009963209051063	0.004604226370982739	0.3563600707054931	0.8792782914544174	1.2258594733459092	0.009463593445604377	2.0438658021418417	1.7950203191988858	1.456315941632164
E1153_687	2.017850165080441	0.004148500740739424	0.002268485698501324	1.8577274168722768	1.8458453909028865	1.5312601344466719	1.7862741862381402	0.04239846571841358	1.7588923902493157	0.06715338298882666	2.058946796889636	2.19831070044409	0.0012686700283140936	1.7836264818907914	1.36592990584666	0.018037299918694245	0.008938517437672199	1.8591317582420213	2.4713273948031547
E1908_663	1.588800807357169	0.045640212965443135	0.003834700287046862	1.569400621078057	1.3693791920420617	1.54022857912082	1.8037227002848124	0.009519934091416968	1.8606026307503123	0.014394115863675241	1.5209230389610149	1.7082242359328257	0.009642368914499749	2.085474494868868	1.8458830941255635	0.020669886960591112	0.0005097945180932953	2.497316557920588	2.4420469239418945
E1579_191	0.006458749941858821	0.008543929068446341	0.004218851324546618	0.0083426813451436	0.05784862454351655	0.03768633953745567	0.0026431004085387035	0.02474957178912493	1.9762710383904207	1.9021782998314352	2.469948481841276	0.019289960637109086	0.043758456026083935	0.0048309775259135655	0.6006018253239487	0.0028391769219091377	2.1077191071470582	1.5393612961177274	2.02070602223221
E283_639	1.8756927836546908	0.019141000570341	0.00918379844677045	1.4075490037275402	1.907947986326328	1.8976436513920785	1.937477690387975	0.000838549228690421	1.7201254992281283	0.01732861352871654	1.6441886892601414	1.441190848939693	0.08390291212498431	2.421927013303934	2.6676233126109232	0.014347337335838472	0.006942700217006562	1.585443739359902	1.8943032839754923
E1901_209	0.10473130844122608	0.20508307257698247	0.9128926237384786	0.0050227489382876035	0.021163851216269264	0.022375565140358	0.0275319944054258	0.014350165271907137	1.861087205899508	1.7417545464543	0.8631831118124383	0.003807700322218486	0.6417276523831457	0.003975534638901743	0.7745037538918743	0.0007757915856586238	2.1622339514299744	1.848644553027456	1.7468461501880321
E575_450	0.6771685729389961	0.012840683217947657	0.012047261208765337	0.6286298315776925	1.892907897140645	2.630734632272927	0.8390360401826104	0.0012902479843272952	1.8619578514626025	1.6195329593521086	1.7814681021505228	1.3211996991259345	0.02461338072910854	1.7817449791516222	1.6232558319226793	3.746617736850261e-05	0.25442411986446845	1.78584935624125	1.270999759313535
E475_458	0.0037933153448710725	0.0284193301073927	2.3334424526740127	0.04084823919431554	0.002215778213267941	0.007800766914903562	0.0006203788547321194	1.2445722459362962	2.1469483212525087	2.1461150535917284	0.035671654409707154	0.13064006780834206	1.7793951636214582	0.003347893252665872	0.010192880791835664	0.017880703891863758	1.378179807568699	1.6222627342341325	0.0328156819089633
E1761_607	1.4166495967757609	0.0030807138971796232	0.0019073613516787016	1.7984130291133775	1.9300646500383705	2.1922399815365448	1.7764020759655372	0.012318445962221364	2.063903979015691	0.014984769632073538	2.0930626409716195	2.177235244918008	0.022470266509533567	1.4216475081903126	2.2845832707963947	0.017950920000236327	0.012560808401260122	2.1373522622616536	2.3187343487730656
E215_212	0.0008657242271986124	0.03696213165465733	1.6581409707349912	0.023141591571429008	0.06902868602480802	0.2116104263159113	0.001691825764422197	0.03119364874891425	2.1507230796766006	1.9165883216510664	0.8405479093347212	0.002243014206859878	2.125794474452116	0.04040006131108806	1.1265901025801879	0.0012777531123730555	1.9553123823659777	2.038197428088593	1.4790323816494997
E1030_347	0.019134185330752517	0.01021505110957443	0.02399995959966795	0.013497813029051377	1.9337417243936408	1.84880275739147	0.00274803672946098	0.015012509716967085	2.4250177000232886	1.7611816277328642	0.0505123712988252	0.009295532097919886	0.5655466859851643	0.08619285064248597	2.21141239419606	0.122415956850994	0.9237968587347476	1.1773716233784268	1.2032194024950351
E1423_643	1.6028094521632437	0.01040583861712975	0.002852028274338557	1.6531774390896032	1.6557967043833248	1.94966097338213	1.7689108403665532	0.0012069625574223034	1.6643483010759583	0.07417417025036227	1.9329205114793016	1.7862450501213842	0.0011126094629492556	1.6262274393165848	1.6723567348305306	0.004066754049240969	0.0028013780896348358	1.65787984915815	1.8640539290918912
E1000_3	0.0106000121806874	0.5548119612881024	0.007481066031529023	0.044240519190220866	0.04324468038218677	0.029766224706750687	0.012379957105870773	0.003394950371247693	0.3861527928648384	0.004906392179811718	0.6584241891519685	0.05109969172863142	0.002778570216231963	0.013857546651487244	0.01542678573664247	1.8425522678944848	0.04955302369644078	0.6342699257197	0.6348874072880577
E1794_7	0.0662301799759416	0.9830656322591834	0.0077348036956088545	0.01024869918575302	0.04890821889953647	0.0010233912317994583	0.001984956858140653	0.025927597458119296	0.7312939091335623	0.0008424295206168838	1.1231869803540109	0.047434045622597364	0.011678259273674552	0.0025590213004782324	0.033411552946082834	1.7483222996464065	8.188619251117356e-05	1.2892940121356251	0.786843684711946
E564_251	0.04709945802981246	0.16066409714718025	0.6592695963727597	0.030464534516466173	1.3523981512983312	1.288391437021033	0.017894656431633144	0.0019352962914393648	2.027219468409458	1.5498262931874345	1.8915352986176688	0.013066223975617977	1.6399420349652374	0.006055610168536034	1.948330398526887	0.03871414649785012	1.139257911844504	1.7276986425560308	1.5723804969544284
E1047_220	0.0029231477085668854	1.092183947169777	1.7772581853245966	0.0010712074881897627	0.036380052210761835	0.060047441484178427	0.012137014508177179	0.017671467187489742	2.089990672746638	2.178959662212192	0.05197124844665283	0.0040580734412726345	1.6751832785592706	0.0010998493230738279	1.4060215741319362	0.0011947956805510632	1.663515607556285	1.7097377215043683	1.839374848262728
E1014_182	0.003306260743544117	2.2359373917191965	0.013267941107790022	0.037123167730381226	0.0037747908947351814	0.010512560016378406	0.011202555523049992	0.05912801410290808	1.5154092959874033	2.0756926438969807	1.9229569161137081	0.021577837034502955	0.08448982523367378	0.06458183692859358	1.7839644045355991	0.22971701053010696	1.6777383665398793	1.827387939461476	1.3904907376558804
E538_400	0.014245444826594556	0.053924945895923934	0.04648962810909259	0.08062876322929341	2.038419143978353	1.8520168832107968	0.14973308386059742	0.005487547100742366	1.5898923137514944	2.1191488040793804	2.2673490078834178	0.08996284003775024	0.010580018630886869	2.4076961472142187	2.169028883902107	0.025471571975400883	0.006790939560933812	1.4582826705779837	2.08118717178598
E1258_429	0.03953768180317629	0.011893140880813915	1.8634834558245497	0.02740758863715509	0.00796627674831868	0.012848283871457077	0.007447901181943301	1.3704204918556315	1.4212839135207864	2.3115888148045567	0.30024163448242724	0.006708263865161228	2.163173999224699	0.002722441100845057	0.007057462503922653	0.008419198589224424	1.3815625790743988	1.308083048061259	0.18803170084797327
E1629_143	0.03149625450054209	0.8032788578417756	0.4146892684521528	0.008698154644255706	0.002217421088942364	0.04316798345930302	0.005196015544686116	0.0038207898773486132	1.8477441541880448	2.045566195170027	1.9981104896597068	0.0036457312488886564	0.3046672348061765	0.000444234596440613	1.4551119342782333	0.3426571597451349	2.658924348209506	1.9144117869206403	1.6860777044289081
E1739_723	0.10857477262101747	0.003941541785350139	2.0086192446984743	0.015361382546474463	0.005030264970951368	0.019782154273886285	0.024675188955162287	1.9786264557981368	2.0623542746624435	1.7952322221785049	0.030714079558112083	0.0161137163051269	1.5874287366565163	0.029015731689454725	0.040491530010501715	0.08673724637394516	1.5405132294527568	1.871696025471836	0.07456939759034725
E205_32	0.019889531753864948	1.9627226996626048	0.0013251877279035235	0.03652158439280821	0.0003629003788453366	0.01971545112777446	0.00807950667567477	0.01411571272143379	2.0273614470020456	0.009987030261580264	1.4532130388003226	0.008078397136713484	0.08376124473035254	0.02957126941421435	0.018038500271693986	2.3605901378937166	0.050177835607442815	1.6600216960768728	1.9653682062888875
E179_322	0.007169676918740452	0.0019715008956022267	0.002981157662444796	0.0629747800190224	1.8582471746428264	1.9732293241292491	0.015375136138385337	0.007490936276632931	1.713017968454162	1.8797832735289453	0.06218575282939519	0.017944128799756782	0.02444106069046196	0.24833379965799496	2.1917695067973613	0.0018249138458373405	0.0160764409733319	1.9487026493183728	1.7608603963326337
E1398_134	0.02519628810829624	1.1704139383527714	0.06343005243335942	0.014988836271891622	0.002403012179436714	0.0006696164223550626	0.0001164347623523413	0.03871536960998954	1.5519719179113056	0.5138893502795117	1.9573872517702868	0.009394678625130116	0.0006250323578528665	0.0069874753190259905	0.4384339779576448	0.08943253892844441	1.308693119977322	1.6916670344021263	1.0685825356193221
E1388_169	0.01434202029510167	0.23381103005677645	0.9115117001426528	0.0064975142992282405	0.06540516211835669	0.0798470689075295	0.02906179778309032	0.006584059077698434	2.3719694802876674	2.1890598231547758	1.4099062690977242	0.016216971305227215	0.8996773311152261	0.05336692721243315	1.55633832140638	0.007273935621799822	1.8751384397575828	1.419877035848681	1.862962280533312
E1241_689	1.93955285408403	0.0005505083363912865	0.09460269867232513	2.2981068338046318	1.4167278473900522	2.0952635022978874	1.97493094977256	0.003482303815495829	1.8063556824377718	0.06842132712662828	1.5760064739781297	2.0268455220316515	9.86794891929552e-05	1.9576001119229482	1.3255297906191654	0.049518621108936116	0.018213367931136256	1.8441351575808087	1.5947828746150965
E1960_95	0.05304618684851843	1.923525325597136	0.007751416261551986	0.0007385135989474228	0.002979610903252829	0.012602525000752892	0.013795358929644723	0.002335820857314417	1.925791913938662	1.7021812820758535	1.9600956018772453	0.004994887873220403	0.00477964446126166	0.011644000416608062	0.15656890541715973	1.7395077322119716	1.9295650935715711	2.2791892383899177	2.2120151771080243
E1503_597	0.4144749003701469	0.01580958271002109	0.03383958335736963	0.6722316285443026	1.75004584016113	1.9671572473040293	0.7073211624110346	0.04820803379042296	2.29364542550742	0.9384989328465116	1.9805648977016763	0.8235023149969322	0.0009824154744491598	2.122021178375912	1.7180085585599119	0.0044768489022194045	0.028529343490604018	1.7473840166199457	2.070447384969348
E134_606	1.7105698600272297	0.0003714458429255956	0.006927521766090433	1.9336566675510016	2.0234498520559456	1.4190018622771956	1.7975301523075466	0.008826547747462611	2.1919715864675458	0.021534236880776127	1.9397879849136368	2.068015648284756	0.02590635838528881	1.6671512637036368	1.5676241236466495	0.002730408760779452	0.01562332130615376	1.2060424005619292	2.0294297857954167
E861_743	1.9920294880543727	0.00172056709930472	0.01772857990913844	1.7906969771850356	1.804665858067931	1.7817454647742454	1.973282622204755	0.05861722698347105	2.9019630138762853	0.002607808085058982	1.7382378973366397	2.0119919205493155	0.025169040873661414	1.7038062388938755	2.038433441935384	0.04125114892199146	0.01870276591511795	1.7597230809581932	2.101285118598839
E1448_477	1.4125869357269778	0.01862020226059192	0.001890674953972568	1.4477681685344317	1.4794467069271076	1.6580979723137852	0.8545487393292805	0.00010105363919487964	1.9326353454229783	0.21661639414691908	2.1348486954528214	1.8878825473353564	0.12021353728278585	1.1122973721072478	1.896130468284188	0.0010110601044171527	1.1234009790015873	2.0261144865456164	2.4608020271241826
E925_50	0.05270465238060032	1.9070136430138112	0.020430903934279702	0.002862639642259513	0.005333842330973558	0.05843384669966891	0.0005645066699348968	0.005125588120953523	1.8581856693939345	0.020248445704378948	1.6736759599642728	0.009839919470974658	0.0010052790344616538	0.031173856751301837	0.0039166292688001605	1.6366721127830088	0.0014665483453730733	1.526543260449012	2.0252888538863307
E286_88	0.00817666051183528	2.0198815381083794	0.03746227678457432	0.07077410158212362	0.060919488687743835	0.0010050384725597827	0.019745780231888915	0.0024611229445029173	1.525194417228551	1.1556577785433921	2.0798867624592505	0.0006402145639505742	0.005982363267749107	0.02812682452945124	0.17429227130393	1.147813553167035	0.2329439159009166	2.437964073672567	1.3012644947782597
E293_17	0.004365439013321565	1.100603060864426	0.003560533695765485	0.018553980599485858	0.0011725168371675605	0.009956247331463832	0.03075659045591792	0.009870353957629712	1.5079162401997301	0.01881746587025225	1.7907811970689482	0.009037272625925644	0.006189910426303952	0.00074368395539357	0.02947431634956453	1.9687111133830413	0.0025887973937245537	1.760938811640331	1.7725345103354753
E349_527	0.005842610780929368	0.01125718011807232	1.7605867344950483	0.05897004858063658	0.020352715330859368	0.01587453643483773	0.04099626544021849	1.7534345201900787	2.0065699372058887	1.9013652881575769	0.017359514483850147	0.007175842270174189	1.8210376869973737	0.04874639927376601	0.005022659960235107	0.003462621183798845	2.069273624889644	2.1074503795417168	0.05315506844635125
E132_558	1.9198909306986809	0.016145461558866987	0.024353454085817138	1.7296440561172544	1.826997578125496	1.863300828394876	1.8964226588186281	0.010924049584720466	1.631529023567161	0.08872421903101127	1.6835952590124657	1.8422508711093588	0.0001141339682702632	2.1872692590724623	1.7396641733896776	0.020359024914140902	0.006616542735766074	1.865768753247609	1.873009305666652
E422_461	1.3628036608314928	0.044901351160606416	0.029931762970322306	1.4281157672334446	1.804912545489916	1.9038957008743165	1.1008329789141906	0.008563775277855642	1.990100149750132	0.31385871287411377	1.5204027597172742	1.502486032994896	0.10607739734493493	1.5379682729073525	1.734556434681878	0.02200055148842042	0.20539752423812352	1.6248209512752736	1.6145649257385042
E1440_9	0.01828607980428578	1.3125581321458708	0.02365538815252892	0.03390759744625858	0.029120101308704637	4.286264131317342e-05	0.0013896190511102206	0.0009748322722156256	1.0998641113961056	0.0007767075162683624	1.34087221704894	0.04200832411118192	0.0022056738797631573	0.0015487886596192608	0.002797844417240765	2.0871173767871705	0.002255285318994255	1.1522077122255059	1.358493028393992
E254_354	0.002569719368602173	0.02270666067992148	2.181094803290427	0.012031094599737566	0.07538388818111827	0.13524049536070615	0.003283500097430651	1.4015496915966574	1.9138744335558493	1.5868593578872332	0.03682670687845528	0.008047547986847203	1.8316693597633007	0.023071405362660696	0.008207133710061298	0.004650152152254678	2.0180992544785257	2.4162886737808282	0.8720814450357665
E898_547	0.007466646169047261	0.07097842399325023	2.0503383347230053	0.07179557382035616	0.1239749251488253	0.0019612167062971137	0.012343088462082765	1.1521950651973225	1.7649176392493575	1.9652128093736967	0.0009202435353480707	0.004759238428238524	1.839535294984476	0.001178404234996216	0.01385699526504536	0.009297699239411287	1.4631006496389598	1.411219643186438	0.0819444217172343
E478_112	0.018806684791256432	1.7821218698303267	0.012352038460639793	0.002504816472872911	0.017786648989586082	0.005250830236169516	0.0487425643441009	0.01752361447408943	1.6790574217150809	1.0709661702493634	1.9838390626834208	0.06291043486013341	0.05701324928435179	0.10121303501378193	0.9521979262390272	0.5526029832061148	0.7324861692132649	1.2500795941699223	2.1913227582385573
E1612_241	0.033076838900938016	1.5351191703889469	1.1846680255761752	0.007644136164707828	0.4757718038270209	0.5806873097053382	0.06401522800869355	0.006429190228002252	1.6952767220393137	1.9739193827643884	0.541725012551405	0.00771199842549071	1.5750594510394789	0.0727354783146918	0.6657381405807882	0.19372384444986315	1.8669347057868635	2.138810043379741	1.642601197194169
E1079_411	0.015225670300867338	0.013325807898860814	1.8649491408660104	0.0039252576372934	0.003490646214055617	0.031064153270920738	0.0008236228173298635	2.0384444225830505	2.3996448612342767	1.8536848594853002	0.06918341625157905	0.0012379935841313572	1.5116483572137924	0.0061979334768650545	0.0007200085496246737	0.1024073826442004	1.8118403182878997	1.7386600457468682	0.04224570984247628
E931_116	0.0059560400485228395	2.2785872712577424	0.021414164672727026	0.0009787791154167963	0.04636548338994274	0.014930577822136071	0.000357491229605567	0.014593959911741262	1.2632091735756636	1.2461013140152328	1.8847063096299712	0.00980368104258153	0.026196281819029568	0.00031987194837630826	0.7432723273562657	0.8448993818425009	1.78357010842323	2.5271732879430284	1.6268768378854075
E973_559	0.014125894782002019	0.0008990807561763848	1.5962753566629713	0.05641420400953636	0.018392610672108213	0.00024694646869728845	0.02176782196020544	1.7508717006741303	1.6522579545120686	2.2301566457772526	0.020021936383628515	0.035780176885995094	1.71698348598399	0.009959016256405412	0.007511055016651051	0.013205444890891165	1.644616910361862	1.9246436863193217	0.003944131009998041
E727_368	0.006868260295176716	0.0006923552454086978	0.002434687651348401	0.009583036539256651	1.9104160515709456	2.0508602929918562	0.0020533910966878174	0.002598542226469684	1.7187941030866185	1.6649167248645331	0.5689556477339176	0.024937061946963514	0.09654414807734583	0.3618375328115772	2.49151398734344	0.005343406750218703	0.32116019382820343	2.4770044416711134	2.2214896052890776
E887_433	0.010273349524567918	0.0030310877145492987	1.4515869619312367	0.009719662902245869	0.019419055096657704	0.008580456334918933	0.00839635827887031	1.6413135911194474	1.5527918317550613	2.4511323620334085	0.017355098687332347	0.003114568675550725	2.364506886334173	0.003439827880512305	0.004558131817785544	0.008332581276596161	2.2428533567653157	1.9154966959770603	0.06435571694066995
E269_432	1.255421770060533	0.007933923315055706	0.00035350643298077576	1.4411500894907099	2.2449162356582906	1.476267647678248	1.2401083035885745	0.008973002370126344	1.9276622017103517	0.4416471285818809	2.4432819588243797	1.7759637620907351	0.0622453092733035	2.0056089905712646	2.19056124967035	0.010055803218435284	0.042775275154106174	1.8754400179196813	2.156920077837915
E411_490	1.1786548214536317	0.020559905581927617	0.01575353402962491	2.139991228167232	1.5984407099178033	2.209678330382012	1.268257421562063	0.002919508538208661	2.1314827705250092	0.31121726286331675	1.803087301703329	1.3218297147160982	0.023845916027990903	2.105912447132652	2.1857464946277863	0.008002543178554394	0.001415010738839432	1.4535411089960213	1.8763361219357682
E1098_99	0.039986268882014925	1.8743124832678104	0.006411912583375505	0.007687193245973105	0.017699746522790414	0.002455794842096245	0.011265277199531146	0.04358835611470172	2.449885609276143	1.1780761433691005	2.011394803277006	0.014162135166889118	0.0023686648260015514	0.014194079404243078	0.38291890424172936	1.7363042405506115	1.0590067407904962	2.263152329224811	2.0300657046847213
E653_521	1.3463124533161075	0.008716445046322279	0.010311565219386849	1.5243506911237148	2.571417573596647	1.7468781894651282	1.4218892758018755	0.004822058231924373	2.1024667510841657	0.8474991366330337	1.6918530314347255	1.5299154739463665	0.03331219855143762	1.5838444711777278	2.0000322873898626	0.002451598890768686	0.0293048454238432	2.0576729454834743	2.4736010480264543
E1845_531	0.22005517359333995	0.06358616606293506	0.0003135155342401012	0.8956960719928261	2.2072755456421485	2.146919130776514	0.6006390983112334	0.07927404426786858	1.6669718390407535	1.4323606503025783	2.1978552055282186	1.0300894342280371	0.006395843229860588	1.686102900283351	1.6827222214413662	0.0035986872445811008	0.0462110611520898	1.7771388271841753	2.0744391435727048
E1659_174	0.010714252649072241	1.8678565080614729	0.4821836425955178	6.524179104589432e-05	0.08710826207342652	0.10253880061493767	0.09705818579360656	0.004511589840515857	1.821818955221833	1.8346807383236103	1.970120028318061	0.003310092391167765	0.5085061843317509	0.050084965358458834	2.141317591055788	0.1092237982662138	1.7959488087163826	2.0544259765503057	2.142990111463396
E1393_349	0.0004901404973134676	0.032795593206253235	0.011898110880335594	0.0025851144183795085	2.1059576683960013	1.5108910864283316	0.012228315313250587	0.028502927942604943	2.8393741204070952	1.7017840329646554	0.35409393980829473	0.021299149583993426	0.22482710877598786	0.1592673598180929	1.5461878233781234	0.02000052282714521	0.026274600087131242	1.9937590076609488	2.3745918689444045
E1721_268	0.05599014186847594	0.015266147429493459	0.5208440423429114	0.0015985719640525461	0.6764950207244201	0.962242849827748	0.0283158978782236	0.08705323270945098	1.131804684001422	1.639723915284715	0.08800355300668772	0.08790934583287471	2.4396202517162435	0.004572371436875064	1.9042418818014013	0.0032511325933912445	2.3781212678915216	1.6517001464182153	1.5397945843638754
E1709_138	0.04617742690514004	1.7721041744525543	0.15630023900659534	2.841917793114032e-05	0.015133772016340075	0.0007159901742188233	0.0029449395772781807	0.0017592117934486116	1.96214246793454	2.2246979169692223	1.4258084415579395	0.0016211550726539948	0.10115854446741196	0.012428460821505184	0.5796636360725606	0.02197139928398598	2.4065699373181406	2.6238390943257643	1.947653348626252
E688_201	0.010443035030386186	1.4189339543065231	0.17174529237794167	0.014903957566029363	0.07923370624948126	0.039119630707897035	0.020806852224275568	0.014997583525566531	1.6811004048824256	1.5724831118576792	1.5716957821714397	0.006110144339478314	0.27891660690679976	0.04291460924256825	1.4754677423087836	0.13675736653360793	1.9070497754415487	2.076958943897888	1.883740428325156
E494_324	0.047448768065583916	0.003621629980666446	0.013211707308863369	0.10531641073909737	1.6532306923488715	1.4487022852907845	0.02456399347300541	0.003930884533496678	1.156842168604623	1.8315969170617608	0.5525996932811412	0.1437092501768869	0.15533951707469662	0.6447677539620189	1.775890082936537	0.00035677377783713206	0.16215739109385524	2.2431820332887003	1.7240724172047048
E70_286	0.010666978657353759	0.005350057879551834	2.133173776860722	0.006528333180685729	0.03859775930720749	0.06339115411450598	0.004726117726981597	0.9366492909857466	1.2920781346963444	1.528577184066624	0.10900593117700497	0.0004343237631839178	2.2768960898813635	0.010235126690928437	0.05247690806389947	0.04326138506190348	2.0099799000045357	1.7255847716356951	0.6051693277403988
E1846_218	0.021595874064291046	0.02525997101557073	0.3620228134443942	0.01792359085087521	1.5066864191445866	1.298209708533645	0.003900701224446145	0.00027944531310584867	2.1844732506303037	1.5758665382384942	1.3613298065937511	0.011131125137915232	1.4972777041663776	0.17890433479608256	1.8069491976343968	0.017557490758140344	1.4095091453022757	1.8851675934786205	2.0998953651079533
E463_705	1.3026871583995012	0.005978071413735032	0.0030078929491159662	1.7869019904201688	2.3632641698654457	1.330271206146306	1.4532032672585615	0.028856695693579362	1.8159135877935784	0.007969069348587158	2.512901240582696	2.101055260785744	0.020328041683472103	1.5555911006599599	2.029339271071278	0.06035646302191794	0.013120641801417546	1.49427971331441	2.4078803497013666
E1143_699	1.3566843818421117	0.0104277243934895	0.008959767155021083	1.1061889570794985	1.8653939978667096	1.986426270145269	1.9801474241515828	0.05104297521511345	1.6605385225062288	0.022111116844498447	1.9227698384818128	1.9907581284022933	0.00638978057334278	1.9408889420344944	2.3483276743354646	0.029835001032939512	0.021580797716377748	1.6641205969957062	2.1624355941006894
E318_29	0.04772137102441682	1.6126772589925145	0.09038250854659076	0.08435546763901622	0.004959271223818717	0.002033632026942872	0.0004007130284099294	0.02803558930974517	1.346986969024066	0.009958464803267343	1.7157476091626245	0.11045112970850016	0.004453711411785815	0.03619903235035312	0.016961060510931294	1.9932528222286607	0.018881649058705104	2.1112806044207018	1.7678806560495042
E1391_382	0.004191630645679678	0.008558794749728984	0.002959401657805101	0.024194368571090745	1.4999664985628969	1.5280174610503314	0.01791542126373294	0.0003598073898535174	2.5699618751523614	2.0382001696234284	1.5038380524529658	0.00878585087092527	0.06753966333975342	2.1751630047801496	1.96541196930408	0.002435186430132182	0.010945402369795087	1.9856155477924795	2.2132427719435297
E1871_608	1.335278715356724	0.008747077737975308	0.011314806780548959	1.8562196355985283	1.2056577929377563	1.7388445512433643	1.5893868846713588	0.03333328676439507	2.514150951507755	0.3469383531326585	1.7957333482840223	1.8159266466667	0.00907405510515236	2.32593040064391	2.525830221373338	0.017790994571294343	0.004730020976172901	2.0847974545203987	2.0579762163136768
E1230_113	0.045838142975482166	1.5844723673543857	0.00944900471846154	0.010023175853121818	0.01428502155500051	0.005436266206887445	0.0004525684997400335	0.007375884596271753	2.07142153279284	2.0320975297928445	1.9194032786376425	0.007903949179623867	0.007046017831206951	0.007373001813926464	1.4095034542201057	0.5392798215043569	1.6177353672058945	1.7462388222402263	1.9394857711800555
E369_114	0.017668055895290052	2.4918338533342803	0.01660237254218086	0.0004681913679876865	0.03293368725555798	0.020281175440804128	0.0069478927815008655	0.009398378829510749	1.4123441318951675	0.9290805612114033	2.22912872953992	0.0001340493914023782	0.06863302509769523	0.01809356121771173	1.5956455721221754	0.25749583508968904	1.5398775143274162	1.8515061770679413	1.7886677986249382
E975_695	0.0007861597602729885	0.0015401599825898198	2.645509987500565	0.061752568971517	0.04086450758081449	0.014134614122294619	0.027726596086048938	2.158013460576897	2.566305423264624	1.9616777774455472	0.015375840301986753	0.010530366587056791	1.3919856737662768	0.027201407532842243	0.008042825701376361	0.003831871790536807	2.0885286545567467	1.8296988196712456	0.1027892991115507
E778_225	0.0027056435871099325	0.01640204913738979	0.4676735713522957	0.00784520682962204	1.0859844329923145	1.256130566122238	0.0016101574024442724	0.02136001841374493	2.193828014567192	1.672921509450309	0.06199839405524577	0.008465166862474052	1.7951613188884432	0.029612325835478983	1.6503162494724268	0.0018099881716853621	2.7874478368535365	1.5997340208115327	1.5718983969420677
E873_167	0.028181236595809126	1.8408101669177483	0.330570261921787	0.0033387301712447465	0.06200051241246905	0.06451113784620463	0.0010380044533969926	0.0010855891621781297	1.5876697292038968	2.0586138262717624	1.4531444048222808	0.016419680233150404	0.4126559584170007	0.017594736806138912	1.5106067461628083	0.2047242474296984	2.0416527891971388	1.5169400059269371	1.5300475402104468
E1240_419	1.2512803654240707	0.0009700107989201877	0.0009959244252394084	1.6481171422890573	1.5073646800996416	1.5285920018349657	1.67558567646032	0.014154061127688425	2.5316717749035282	0.6422677704319472	1.6124291851209551	1.3624257484472426	0.02773390028915851	2.066688306772379	2.0789561833477133	0.004095315933373882	0.002329697187552343	1.5585343725907643	1.5629428987946603
E615_468	1.2469003896624264	0.04590114156459296	0.005956284943408904	1.633000685434133	1.6965757777334156	1.6242794003086958	1.4946525631840826	0.05317604270617846	2.0845968192247133	0.534403322484844	1.7950281759529536	1.6308319343334712	0.053782126986037015	2.4459247810604317	2.5660767375806155	0.03407696219202688	0.04674026331521748	1.842548086491864	1.944435348192096
E1771_84	0.017108119651052786	2.2812117896914685	0.02056981386845216	0.0019684164611135434	0.026698283330691804	0.022690331312735186	0.17759035581417082	0.016967437155685536	2.0940416764472225	1.4075848144835756	2.268217380469748	0.009499888536410392	0.011455654592099306	0.042932910904139095	0.31676713590508143	1.7479588808727955	1.4401293906183894	1.457833401506885	1.947442180984806
E107_184	0.01495457030752042	0.4463445291670147	1.7010287914813973	0.007491759084155116	0.4762922038571639	0.3955850422172407	0.03121839864901138	0.024163526461474016	1.4082881290070777	1.8720864145665148	1.5087947024012205	0.0007994549198075775	1.55735148958548	0.006806040134241664	1.642452813400899	0.003505348005467577	1.7934023351581965	2.577042963577426	1.9380634110780857
E1600_49	0.02879602531266607	1.6694279803947492	0.0007649410156321187	0.002284942410051317	0.0006184484997650028	0.006306101506825236	0.0016538922136643645	0.04299015731179756	1.8643622502866288	0.03410313546587865	1.7506023247585256	0.000598020414345226	0.015636733258399385	0.06185474776325976	0.007005320434184456	2.108266331069601	0.04716798033241737	1.5330673024098274	2.3764649171845766
E1437_106	0.0006585411651583714	2.0149795355120257	0.0037673746356146243	0.0334628305571088	0.007295300514562992	0.0255381230542611	0.04994175038062424	0.049033393428757316	1.7875284814143224	0.1657507175782056	2.5245461714533692	0.0023271520430578076	0.006731982052221037	0.12393908490695955	0.4149969518213621	0.7799777867105817	1.4753355453915322	1.8707680484368767	1.4458217724204845
E375_378	0.0028735320207194533	0.00018982060463599475	2.20936058910212	0.013532022172440449	0.013773781959946708	0.016544429427142925	0.03961054910377546	1.5028784037244185	1.9002375543418424	1.8390323877899084	0.03498962966613131	0.010706982710392127	1.6813732879874808	0.014591945060623225	0.012202331741673577	0.026617208561684667	1.6136635447678616	1.7408477693807316	0.1391978726319332
E1224_19	0.09915184562350413	1.5386830812922885	0.017936957478144003	0.008354771121158556	0.0020681962722723466	0.0006364567938147885	0.0026673665359537857	0.016442982193674432	1.8373982767578263	0.03306352608505112	1.9902644958196896	0.016644963091927516	0.019286018945984224	0.013844171414208059	0.00981138224533266	1.7316674564415329	0.046038604448434266	1.566314569687833	2.0589981886007767
E1204_776	1.8536643823437864	0.009838408050693566	0.010521051265669537	1.838786942926996	1.9802995236195056	1.986901607764588	1.7868094096927083	0.00237614194723313	1.6649925649438435	0.0040616208810676895	1.9095543218595787	1.9975023226963515	0.014114123678088885	1.4208145787700217	1.5301285985689244	0.0371089334834586	0.0004080378857100695	2.1863501701440886	1.336046729493531
E552_177	0.0029808561114370194	0.03482201454563758	1.0217223439051488	0.027088422935128455	0.9643781266813296	0.6983178933984575	0.0011382888020382564	0.019485979704886358	2.142322684811929	2.083245234190302	2.283360379408793	0.027758028015624624	0.7265201322366435	0.2594661709178268	1.2546392638807868	0.006895252157080943	1.7969014503302254	1.5292231566257994	1.7808477468112214
E822_85	0.0015144146168519221	1.594163023315864	0.0027761969536082643	0.0036537233223928453	0.0017896610725860942	0.002727664637188537	0.0004140453676894323	0.0009350175181789316	1.5773468265530284	1.0086564364040198	1.4600025911149257	0.0015719190296716145	0.008475277169472271	0.018389374078948032	0.7950029929013342	0.9255847132885008	0.09384595693499112	1.3966875070908047	2.244746384624304
E420_432	0.016568897568826027	5.6664553639199256e-05	0.010200089589541704	0.10492587717604368	1.3339800963022264	2.1995259596457486	0.36824989737209296	0.004474958001821662	2.0134742082035992	1.908529963287884	1.6915625414693882	0.18781602985971912	0.00465703159860751	1.681414853978476	1.7854086916761511	0.0862748539672558	0.01569235375109693	2.191199282296165	2.2744099874620427
E877_573	1.3747562181155892	0.009823919266139996	0.04667818743072428	1.5811966350158038	1.7334431314645249	1.807684823381968	1.6299142495316132	0.004839927724934934	1.87040342741204	0.12645100178311705	1.4245137378475947	1.3299223036419394	0.01537496445652246	2.044130767871036	1.7970316645334152	0.010935196881998795	0.009089627260522351	1.6881214609745518	1.8175559592785082
E1658_584	0.00324682177364945	0.0180190310215976	1.813136758110193	0.007440480304072237	0.005703211479810176	0.05344791698789071	0.002886372538908893	2.257594429301202	1.6307711371231823	2.0140960680691733	0.09514287792750033	0.0026500007800453035	2.233722538090769	0.0014159773850736849	0.08562544302811367	0.0234320749626814	2.7140535775898087	1.7267805036315675	0.0010113755625139637
E628_267	0.0060721844204254605	0.032050139586500666	0.021407633074846784	0.0014041443901480705	1.8371607036943731	1.3507344415689368	0.006566870184062779	0.0374198404210129	2.2042695129966146	1.5007291707338717	0.19803316175373992	0.01873817192598772	1.4276381836795138	0.010964437772260091	1.6461423342409292	0.0004341430270734105	1.1175374168256096	1.8787937009837203	1.8785554722140712
E365_286	0.009900321080914494	0.007018572006225887	0.06078565226378003	0.006714631774717533	1.538727770506234	1.8270761720916482	0.0011138810505336924	0.033171795787242345	1.924872587259833	2.6012481153345983	0.8108360864675236	0.07103486305733428	1.3834542231841185	0.10760936020775964	1.9917037457243607	0.04469147474967794	1.2042936127779895	2.412705044476557	1.8577460594595767
E597_719	2.8748501921295864	0.003418514388021895	0.0014570421434095294	1.579836477957232	2.030347141942476	1.7474927611293132	1.3609783778679254	0.011423211443729282	2.4254885640279094	0.0011787983075291714	1.9074516266790489	1.7429417616157703	0.004915960724755864	1.5806559286231132	1.335675249005824	0.006257572634745411	0.003175358349958957	1.8236665675059207	2.1325205120981137
E944_754	1.6858798738524512	0.0011921037097743716	0.03153986644705066	1.64154617144336	1.586330065226924	1.7836125048039193	1.5909624543723937	0.010090231138211812	1.7482921432373535	0.016797056926813554	1.8977313038288952	1.7969798230488123	0.00935955073093387	1.964750482557452	2.4014479566526816	0.0007084925651678429	0.0114002188248135	1.5318999825959732	1.9267391310662312
E1868_799	1.4857333379584146	0.03616442660429072	0.001904900293274163	1.605685954957346	2.147609166387394	1.6260029319847271	1.9733326007608205	0.07493831622839217	1.8814725524881093	0.010454311217524284	2.060197096013149	1.7069248497251397	0.004596867691226517	1.9682093210499167	1.658037842394248	0.022691816201706568	0.049827169722705185	1.2287131537978997	1.5810362864908851
E1467_145	0.045337239222724944	1.9590009383282208	0.03883321335789132	0.008678395397141691	0.012952627673564173	0.006319754156521721	0.0020948535214721647	0.04073876499223968	1.4692246287738693	1.5933467200935514	1.8238185731724763	0.009805619107430543	0.026193636771516392	0.06599794476776849	0.7783558344176172	0.04873914077554697	1.3205231812856169	1.81480058186629	2.245855630481622
E1356_360	0.01899649416027744	0.020288523125376063	1.5569386357109585	0.006246611117269946	0.03746764188370652	0.016014017966521604	0.024034515165173426	1.4133997384665586	1.5089499179108874	1.8365479472193185	0.12804411616338485	0.004803030525224017	1.9320256918058487	0.015380777235025025	0.003967772603427107	0.0003666897558606448	2.4924555186932085	1.5157435189485482	0.08320817385404368
E19_356	0.02998322924893459	0.00011947223474954186	0.007783363459366265	0.0016550646492483126	1.5370131246681151	1.9107943205955813	0.012817262178796873	0.0015860875209242555	2.1651526438776374	2.3641517955285085	0.8239076492935866	0.07708780828304959	0.0026100775309089892	0.6772145719263489	2.2006885944628456	0.052609998529101816	0.011142286106745395	2.3480530769473136	1.8581841441080604
E1435_650	1.7281538167672217	0.012260056499112838	0.007553961506582992	1.6029209867194671	1.8934624436816785	1.769483100888917	1.8020869550975096	0.007551204318226508	1.9632120758602607	0.031843501125771945	1.861655599480435	1.759279421875549	0.0036551724481215186	1.7569934085756729	1.7421250951990876	0.04705938058069351	0.00938582352681915	1.976821662243692	1.834520126013114
E1757_113	0.01682596948640441	1.991271400635425	0.007482631931224405	0.08603208404219026	0.015710209226444984	0.004236308269872052	0.010924500308270706	0.005424390606653824	2.205699636127265	1.1726894626630082	1.8160935057049543	0.015706939694789708	0.09717444507214353	0.003134252505342656	0.3018861466443448	1.1024182294300762	1.1508613645039651	1.8772901234816928	2.1925643669603607
E1910_43	0.021585132280190784	1.187160980066456	0.040725770585321966	0.12767827051323516	0.006983058805354225	0.009705658806803935	0.05009062795245172	0.06524777164297306	2.1299943453074053	0.05144336853430834	1.9098019050064268	0.04760018371801236	0.028534754774941013	0.001026921292714535	0.03974229787538392	2.30949846130406	0.03326091472409664	1.614289912504425	1.8827301634297091
E517_763	0.019863968059179917	0.0005849929562723185	1.7694466704219916	0.007292707551512941	0.07284705403406916	0.0900892152725884	0.007064318247986939	1.8016358738721128	1.4198495895652985	1.8538627764056983	0.027561643441671464	0.003266165775456505	2.37914614423737	0.0018647895378810203	0.004167829447752149	0.003297267475291021	2.1307601767554942	2.0340016795947107	0.0663578658215538
E144_295	0.021365842088621072	0.06803212851861733	0.4576588014560408	0.09521892735183596	1.6826116974578096	1.7297488560099326	0.007168016259246966	0.007893460712618813	1.9329315113644645	2.4351483746696934	0.02663346303744684	0.0010422914335637924	1.5397952536160002	0.020929145555133567	1.1963583497548624	0.03106524880888189	2.4699308034858456	1.7107571392290133	1.5985129377230438
E1647_96	0.010885062568508365	1.995663818098982	0.013175200894990706	0.006658664301759529	0.1142593943662513	0.020112631250087536	0.14816818861549766	0.00653586181126075	1.5130549852930335	0.7776918752829272	1.9991976618788432	0.013206912351393294	0.0037290240671829576	0.00465433050365968	0.08422007057282704	0.8490244024187982	0.3026442798311726	1.6726765002078978	2.507162931496133
E1084_775	1.5005674389334789	0.041261892285591295	0.008557088068448612	2.30103021019293	1.8093257137983307	2.0075138829427663	2.757851987561072	0.003678166372234704	1.7935820251007892	0.08724503876284738	1.8759113231113282	2.443353782820476	0.01995508347833349	1.8821782945281629	1.55412678078384	0.015497143637942884	0.013803400506627577	1.449294442908613	1.4587189085994678
E1746_359	0.007904625401999784	0.005924264206530278	0.02250069103777809	0.012108209141842435	1.7030661258048132	1.6395718563152823	0.0031482624542253624	0.003526286048561657	1.6947860837179378	1.5330310343175704	1.8980078929875728	0.002264792310853148	0.02452550353808036	1.9168882188555296	2.2096063937018737	0.04264129824664716	0.030923184127173587	1.307137838396494	1.9250122445171949
E228_542	1.3786638245166385	0.0033177183956858464	0.02607037605519459	1.9268895405768247	1.7876536312799465	1.910810671170124	1.2641886870767889	0.011768991182496084	1.9278822274087968	0.6003920006204448	1.9215283824004528	1.3968015361367652	0.030245886355280124	1.5151777013573802	2.1131492786043595	0.023266104118503703	0.07016377958069367	2.4526900593875416	2.2369006382840206
E864_716	0.0019452809206606	0.02030483467006075	1.987074234242053	0.002102105171436463	0.06757189782251903	0.0018152832388222961	0.015258236654637103	1.9074719646228024	2.5116910709878417	2.183022083209224	0.0020744906733137962	0.008280756942497922	1.9290998709837919	0.000419816233197489	0.0025664548058678487	0.0018110669712417642	1.8974867604567844	1.8045025182111945	0.003798917140868095
E1410_209	0.006428533004186711	1.6367584633968972	1.9504833274743625	0.0056966903180517324	0.001996792771494045	0.029119044731937164	0.013202104914396377	0.008888682613945105	2.0685250601857987	1.4423695598541983	0.12396221393239833	0.0030851828800781762	1.826526531532584	0.03390864003181407	0.5629268746837355	0.05446888301977513	1.931283159087944	1.7760704509100806	1.9523285390503025
E1682_445	1.5195469206898369	0.02228872957353466	0.002830937913451317	1.1955166757176745	3.0006556899309618	1.8672856065274253	1.1167540673469123	0.04059609966047052	2.1130735249428567	0.4271038161542737	1.6200658182978558	1.825839955402441	0.035421522196356275	2.5017878840937127	1.939473558287856	0.22296083075592896	0.048783467859690635	1.988540447416059	1.711319499854863
E373_277	0.08122411600151537	0.06854592243801035	0.06212864476150685	0.000196369794755492	2.0065718143476485	1.9624148159369748	0.09927525058824034	0.007721191494231166	1.8973744740499736	2.0746769309615605	0.25358021381992896	0.009828594819682174	1.5388341047031355	0.0014148179771809582	2.0141964903421488	0.016949016964071667	1.917773056220716	1.8554045816071882	1.5153638442015986
E1524_773	2.154948825544184	0.18205494846282985	0.002559512649279222	1.627843408528768	1.661116978231864	1.7031822313856546	2.050955382738247	0.01773304335958216	2.3644246131247613	0.013848991489265073	2.0693648898083987	2.5768951426631554	0.030770692203261764	1.7134299221646696	1.888303427990417	0.0005197262879324737	0.0203447267562109	1.6321816407636582	1.1944547540866797
E899_71	0.0007883610413188071	1.8178664297113285	0.003474704294403523	0.028163679471027693	0.0024326679085016865	0.012376347731023864	0.010569146809622294	0.010872107200604938	2.0657795812210424	0.04941645227931872	1.9625050222399048	0.00523865966027338	0.0002629278888093901	0.00965726604475386	0.05835819296108001	1.1365704557037133	0.3176436300819893	1.5673100433114848	2.253242559506745
E1275_602	0.9324074596419624	0.0006505962210878345	0.0062795383694842465	2.079014863560817	1.8531418229032632	1.9457606686319882	2.1890612467497115	0.016368448347797052	1.5547666215842524	1.268247016604192	1.5110032719315414	1.6517611156182326	0.0008479476638794164	2.575655714680269	2.6437485896455417	0.0192455744454312	0.00278352561619772	1.9720002817078084	1.8076664570064005
E709_535	1.8072652342012807	0.0007591346333012032	0.0042535124569384715	1.463393845619218	1.4768810830493602	1.8519421176002373	1.7741488761880575	0.003378970727706794	2.1859823513755523	0.07225404498023535	2.4009137752679672	2.2316366368882896	0.006549238439801325	1.7642819908663618	2.1324192477888326	0.022390750330875984	0.10819173334329506	1.9550658051377767	1.7686148304877458
E1708_380	0.9046280786863136	0.0035248117110033717	0.019487219956874902	0.9173697161215564	1.959499784360096	1.8977274920501777	0.7081049336886456	0.0029260397265170593	1.446238663749566	1.1424307634538042	2.0061951084200484	0.7422118469657809	0.01861123025242941	1.920614955757295	1.4169519389461869	0.0037368848753531227	0.026046314787632373	1.6863676863794623	1.4416122332729884
E1737_274	0.03341085652762291	0.052173015147165484	0.021153553135086448	0.08688930456722142	1.2305356992744851	2.4477172742314286	0.0226843975594586	0.008744457378258306	1.8484942065166257	1.8600551957688016	0.4457088030913289	0.029681733232364838	0.5480718708718634	0.3869461767293621	1.864635038201968	1.2703039566391862e-06	0.8465284770609602	1.8099761570129864	1.9932977573727744
E1455_13	0.0010057175992272665	1.3541751577619392	0.011989473482341093	0.03096563792621632	0.026838049061064125	0.00758292001266431	0.019499621164346528	0.14843245216266154	1.3348228291827244	0.017987442068403987	1.004306576185126	0.04231073089781565	0.01733753926210918	0.029879564359306082	0.005617884881642686	2.2609107686919843	0.03873637998890512	1.1811041698145586	1.3948674083474402
E1872_387	0.008207745388643795	0.0391218464752248	0.008731183122595177	0.027564303832258254	1.2788365597037257	2.077324896953151	0.0013045704924918248	0.012800676565845423	2.1255829034295	1.7583266102053443	0.02800228329743082	0.0016541111717752685	0.004017117689832117	0.07574090560049596	1.7768289945511841	0.008373895902488255	0.0069424470876340615	1.692326983462913	2.195467688610001
E1628_385	0.0012241520742369881	0.0017151570227878742	0.015441242878415569	0.009240667834878707	1.7188428337379038	2.0983665390167974	0.030480468040923643	0.001870457885947657	2.2291817566539454	1.6792124005418485	1.6531387438215506	0.007308653714539825	0.009331456354291605	2.2126644357169702	2.0650465692678983	0.013023752097925577	0.015096866609970488	2.155911533859363	1.6881458734795098
E396_745	0.017101188656838587	0.08262410316097119	2.145157622609186	0.015280481973331875	0.009071629927716207	0.05067410525444081	0.04887651741515248	2.048082207325487	2.4891283490433453	1.8740477526643016	0.00366471561102071	0.012951860417860398	2.403540382341955	0.011140738187998815	0.012351305451043413	0.0047466667297013975	1.7504785838020869	1.6866571445547358	0.01052969496072962
E351_547	1.7763853284261557	0.02413050090439936	0.07226607054541777	1.5689177243312402	1.8294606547616183	1.5536016187889123	1.8923546925174364	0.005997959206650321	1.986812859728373	0.028397098193779613	1.7758141469694415	2.250216600570852	0.009892546791519852	1.8024792184661045	1.5019984229232215	0.0004912156259833717	0.05185973078093328	2.427861806592404	2.043210077592909
E1291_341	0.0383138806358055	0.04354937188416523	1.3212611955828826	0.009797519101427387	0.01547056971004318	0.07228259406969809	0.009242719930129588	2.1193503403772462	2.27426769776785	1.7365787091985925	0.013352164986698323	0.016500840938033147	1.8816046910822284	0.051520665641141945	0.006476578067837647	0.008403208121277865	1.8831954598400773	2.2387420225188013	0.010097371211275552
E770_301	0.15204461523349033	0.01497598646496988	0.0037559666828222158	0.09876431297134164	1.2903377180489677	1.9437083349249729	0.027501101054230058	0.11413199787606178	2.067556388538696	2.049346390718367	1.1350294703176134	0.0844148795488757	0.17367769975455746	0.8888998635756942	1.6499631074614296	0.009731776127202722	0.3221458870165653	2.043222249923064	1.8855449373726745
E299_551	2.1509124510016124	0.051116785667669085	0.02058374623504736	2.1184594022063243	1.554421870008665	1.7513092426214194	1.387059212741991	0.02798755370122891	1.9317021705178867	0.008071208854906786	1.5677706963179554	1.9022561515142364	0.009302487189385223	1.8621592782196248	1.6031824961062062	1.5255484629102625e-05	0.01075353722882375	1.9799144052016002	1.8964322718479067
E665_471	0.06926905042777391	0.00951933419659911	2.405657984172453	0.038897145200080835	0.0020164169176166667	0.00039025130855619697	0.03093327285014972	1.9459825655408558	1.9705454145157608	2.4760866380339963	0.007894862795983833	0.0185100121890589	1.4960577410418998	0.015874204606411542	0.002954169276721852	0.0026332385000792037	1.4337823644386327	2.0377326472879767	0.015482441279048896
E404_702	1.6042074144621767	0.0007325597209439383	0.014435191212450254	1.3541091039883164	2.4588920860523378	1.759845453216759	1.6571746792660331	0.0006383474850172108	2.03912604775086	0.2415545314197517	2.443629613196692	1.5836220584063692	0.012719053300354723	2.004369328597281	1.6230111423716531	0.002430227338264149	0.031883879914159946	2.0228609925777303	1.360510922495278
E324_306	0.02980639687045928	0.010206423292652778	0.009336430619302248	0.005840641975745784	2.01405238452087	1.8630712063719856	0.0032318817467309672	0.001073823872317528	2.093228915759247	1.6741402391406544	1.7431893075046705	0.03683674326664691	0.41882861106206026	1.1777030430499165	1.7962067287915755	0.015557145378724876	1.3377996342947138	2.6848528886817324	1.4566065072912708
E238_556	2.1711326105364304	0.0012049876697202758	0.06339516498851593	1.62366206262148	1.4769543902657682	1.4228696609763785	1.9793618418688916	0.003730309988328632	1.4101896557334943	0.08019700013863433	1.7335005420152096	2.27713491000635	0.008681452289073188	1.7013194846689517	2.152862966050164	0.1309348152418867	0.017591358100156516	1.9016969763143885	1.7712987397894082
E252_479	0.002823605608551225	0.006116622491973861	1.891798187541493	0.004068833919569532	0.0016650882730723606	0.02773726245306607	0.0027882971366886503	1.8559934881432816	2.391879676612355	1.8915975913757104	0.0057476719219322825	0.004460825952202494	1.8524556802916443	0.016612304208503487	0.006017133512700155	0.0043091344712552215	2.6663085921816023	1.993826558573204	0.024956406117401558
E0_729	1.7719596302957967	0.06955537999939401	0.0196278131873082	2.059652127858068	1.7869208870036355	2.2787567840074745	1.7420777520112758	0.01987010158987241	1.6044771062366134	0.05942965405295255	2.1766501497546806	1.7134306642474084	0.014404912971615634	2.205967007759388	1.5778269396249969	0.04329455768022472	0.0011331914096586444	1.6794786734465923	0.9737948543637316
E1386_567	0.004557487295464008	0.015210460754345963	1.732009678344148	0.0034771762786604023	0.0074853997458967265	0.006324236072812597	0.003640550031310915	2.4047883168521764	1.802198101460884	1.4546367996558969	0.07216709655716873	0.002536080770696763	1.944761956617064	0.002239035032003169	0.04915100725471022	0.0042877336169382255	1.7195284732342335	2.227059574511772	0.012478510819107402
E1959_428	0.60355899790079	0.04784631201055586	0.02744060483903682	1.3824571542346802	1.3356283713320103	1.7056386244834083	1.304717800494698	0.007519422385390169	1.5392112932013626	0.7092339463385977	2.045291282823149	1.3043395692655697	0.022592420318051358	1.0878448620665429	1.4949908415298985	0.0011184825421311213	0.06260850964924396	0.6883760002575625	1.599502043039298
E708_376	0.009512956307318226	0.04748454145567898	2.105018786283105	0.0025245882071624147	0.016771965769382082	0.014044510697008005	0.012863269998470749	1.6758944502794435	1.2323411952317616	2.394171967562349	0.0024576868980301725	0.11072909629168948	1.939246726233813	0.03835393771939097	0.019270676150823684	0.0016828957402067707	2.1392447960533345	1.8285273384568768	0.03701416616424707
E1998_462	0.03687003832811415	0.029529444200624613	0.0012689930467758982	0.03193919945320755	1.9356814962779527	2.4491113084150373	0.010503483383322944	0.02515334981152572	2.0620095502720224	1.685342657592738	0.3497314410117289	0.01352891650426546	0.001271004230192082	0.16580197740191982	2.0542695267881155	0.020224779404773463	0.09464594765385964	2.6383736638019952	1.8264192869965457
E1663_152	0.0014913823157732802	1.6783631982384946	0.5931442189365571	0.0010958630769425373	0.06069739600498637	0.13572667550872913	0.012440700122301432	0.05407584283151908	1.415751709802712	2.14474569023703	1.5441973307652666	0.003006504201948137	0.2915522347817052	0.04250089761026719	2.578120871554737	0.021564309172646026	1.4434648784649355	2.5141403952852195	1.879963682793381
E242_693	1.6897155610864192	0.047154023621896406	0.005628290668185707	2.0563032005159942	2.07590509626637	1.8416737599931448	1.898460147099608	0.005460720998572199	1.7371274233052865	0.00867530431636938	2.168941942910131	1.9069724562679773	0.04627491456490677	2.083832103858516	1.6265966889735914	0.0004814166853191501	0.0011188268329455396	1.875674242056268	1.903042030272663
E1965_155	0.03863485109384848	1.2487141113360491	0.11243737158543196	0.015755759015020108	0.1817064075473856	0.20573302044964287	0.01609615619420977	0.0034158693463610004	1.5307789151417628	1.2147768411343365	2.3099154562421487	0.0027152220681488284	0.17564916463403002	0.26967806199250577	1.6105924165913452	0.014172598962649663	2.8495979915553837	1.960936348875772	2.09108714631594
E1057_64	0.0031083105558125683	2.012372137995317	0.02784402621806969	0.011805535066256614	0.05039846718873918	0.05754185362156272	0.008430152997020117	0.01274929009944513	1.8041798977852108	0.18428124892259384	2.194931398808888	0.017181335638152873	0.018556667488171388	0.0019039332164350238	0.00094408756261849	1.8779152516444757	0.027441795513357924	2.0067403313283974	1.598129108836833
E1631_18	0.01316912686892715	1.2932882257550684	0.04221708914366374	0.010478960975144535	0.002400292627959276	0.016889651276133462	0.003671983359509887	0.018283801451540013	1.3049313356029646	0.06183317480285516	1.8917492738559247	0.0029221402664554204	0.004872239891158752	0.0553849123379326	0.011487947864290159	1.846411738392712	0.011695341228815171	1.175298830630383	1.7779651789929654
E270_695	1.5582761820490654	0.005291837009954357	0.007959587269990943	1.7747110314573882	1.6891430093320083	2.2867241117635744	1.9704610554074715	0.047926827665334466	1.7873312454095776	0.1439416627039666	1.9053785466449424	2.0820181005467613	0.007524018140664925	1.94889760706794	1.742374868474588	0.0037886155420275157	0.039915534945949134	1.938825366448502	2.043574687142737
E1456_163	0.0004399236575760208	1.9303674600268688	0.10134740537911333	0.01045428856044212	0.04893396367240715	0.012989688486852462	0.016118465569334762	0.014489417348286772	1.7502609295199107	1.3881546455445444	1.9519863373000312	0.013046763496164652	0.06686723584792648	0.03262742516729334	1.1823120157174194	0.5422756964710452	2.1365280790159686	2.2677460845137243	1.8476336466683336
E563_186	0.009884344702477848	0.493708488594241	0.04329895133700351	0.01386856187423952	0.079116673436012	0.019650443351403767	0.006770966506360144	0.013775776364311222	1.8140279640933523	1.4274485337541751	2.0318823730066167	0.0478542618441838	0.0027106500631128416	0.14675145945784213	1.7406377615732689	0.002936203688000793	1.73368407481788	1.5076122411616515	1.5586545079158272
E1103_524	2.3946024019574126	0.022430118973560103	0.004527795461592193	2.148488270437021	2.382837477457276	1.7088262285875244	1.9803551703824842	0.10163236952782062	1.6929357071172992	0.0021825118178305397	2.0913447725235663	2.164970963356009	0.0011872776403346794	1.7352858807698033	1.4180721313146365	0.0433135713737588	0.007702010044609991	2.0993769748682736	1.7632703794919098
E1206_209	0.01717784377182919	0.13014113506131958	1.901799292996113	0.029109494444476768	0.007812890804331656	0.06459538386612594	0.0008272288822697638	0.0016564357615422342	1.7403900094034204	2.1121312894754847	2.116946198440896	0.20029567078342328	1.639752113213066	0.005528171086384245	1.133797671866875	0.0028106875100851326	1.7608847604025764	1.5843893738415828	2.571447505598061
E200_740	0.03395509687966898	0.0378154934284661	2.002396619309223	0.0003787747396259397	0.009645546776493314	0.013811483049621756	0.008779597326634732	1.7956418303315664	1.940734569866479	2.3385257819219403	0.0018715569789954718	0.02561908804825269	1.599180967099639	0.06076290208208528	0.018522031705934118	0.005598670615796041	2.4881817612330632	1.6927940493489628	0.040872368757979054
E1928_448	0.01996585561014821	0.007699163751307447	0.0024541169073160197	0.034119168857945976	1.7298136580797958	2.5251199889909657	0.009973549938813756	0.02668068471105691	1.813053384814576	1.5926498144381993	1.6411719218258567	0.001619053536713826	0.006665662725878966	1.845279335725441	1.5550815208659756	0.001137541962715886	0.028436096964005744	2.134934565386905	1.7206222702021678
E1695_545	0.8709884267848009	0.0018754066233146079	0.06813740446018005	1.521588067905632	1.8704780012205584	2.0961288331627217	1.9605195376229585	0.01448084682366126	1.7901986351411987	0.26454606159350585	1.9584274399469928	1.5949539865771911	0.007070181466671487	1.8682297659742109	1.908444718262516	0.013039449629342741	0.01846226760816797	2.363832783364201	1.9632137416740547
E334_198	0.013708624910271272	0.9599735569058572	0.3311506265806745	0.021486750943382683	1.1885953373704954	0.7981674834684079	0.006878421468837788	0.00765179811926231	1.6099290083780478	2.400346709762	1.0804199037310822	0.028317481484988367	0.8116621921854837	0.8265250024901144	1.9440890425998807	0.0017927376577580984	2.4179847281140687	1.9738734440372616	2.4552158201344847
E1282_253	0.04198331819835102	0.5541634190367023	0.2714602025844637	0.02446711924467253	1.852401146208552	1.7418144174356651	0.018050779907636608	0.008101826591946552	2.1791762188986916	2.1324410794702757	0.20534805466544792	0.011269027358756182	1.3304018219755511	0.2185123486926274	1.9220078588429919	0.00046965349073848457	1.638160334120809	1.8370992164197464	2.1729413604621373
E316_332	0.10777395073571576	0.028417034336334374	0.0011621304016147045	0.06174946558645188	1.900326131646712	1.6890784042899474	0.036378304359037175	0.0031113388730777693	1.6993669375742677	2.005155703932516	1.049872748473504	0.10493940336280784	0.017472360903982288	1.042027481089488	2.2365432861754884	0.005574559241701546	0.01659792241581328	2.1759643870965992	1.6446050360791322
E233_388	0.037531260455929916	0.07754702613179021	1.5957915721710023	0.03690487246386222	0.04135255329543282	0.0018002349888257948	0.005961025780650196	1.7495640308905294	1.4283172882262494	2.12956766179854	0.00011737929617727683	0.012910528497466328	1.7249259005505042	3.27344863892522e-05	0.009265064003814437	0.018725478879775662	1.9927250978527216	1.5764501262180637	0.002392478680867524
E1758_257	0.04601059094761062	0.04052054018481663	0.6597635263638513	0.053263526298636184	1.1776875232710506	1.086308805564566	0.04085386723778467	0.0817735688389293	2.1705205211164067	2.5076656043006738	0.3305682541948542	0.032034338371877566	1.619365507504935	0.010808755787924958	1.7420809881300798	0.0038575886788901545	1.2159435074748075	2.1655752795218546	1.6475420059140906
E1129_454	0.0364562367724531	0.014130254246957982	0.05140229534101605	0.022541606418577283	1.578948626407047	1.857005262933712	0.0014468062597186172	0.021810675565889108	1.6816670730751635	2.0127639416466367	0.3729102871861441	0.002621339957333516	0.015419377682130904	0.30611595160276983	2.5034163124040503	0.009030037775065166	0.06028183360013362	1.9139981040281435	1.61742968777162
E922_551	0.015695691343051224	0.08363628404517119	1.441008673574432	0.0035785227658086147	0.006899492714222988	0.003267030494586201	0.019937208431754457	2.338913353686625	1.847006790121636	1.8157936456150363	0.0645601109738865	0.037519587440842335	1.843308275042012	0.007891484305342101	0.033364907012710734	0.05042452304252516	1.8035201441749864	1.6020743667513924	0.2034648399991401
E520_486	1.7954258175767326	0.0012346832228386866	0.02971005503419983	1.5358911885311026	1.9672016219119144	2.2781781728050823	1.6445207905113797	0.0021041328141460573	1.7290925511657298	0.043558870370379206	1.8115397680518317	1.4643334508443329	0.00033711625633006426	1.6806087351230934	2.041713767618405	0.006686318701948186	0.005206930017879368	1.6400480245605145	2.4977175102711966
E54_449	0.04913255949160902	0.003428672030075124	2.0865185289348847	0.003671502754682332	0.028937214817567777	0.004232249144717189	0.0017305113625085895	2.3847356294988256	1.8526798051423272	1.9667009565970663	0.002313234356290339	0.059627044254277124	1.6119799174945248	0.005965252369415723	0.0002147870301806933	0.10795327600202764	2.0443516852885444	1.8090021606380144	0.029021274707692887
E574_674	0.0340394416031678	0.002461457271338305	1.9312344834873505	0.001145275236291896	0.009312121896330577	0.015230901972344009	0.012613642893303287	1.8924337676967469	2.2039320515133904	1.86731467594518	0.015192894214305353	0.005584494691760372	2.083253291822392	0.012072017296271187	0.003163010665486358	0.009558036734113606	1.6422474510650944	2.463125068519663	0.001377943318291875
E1644_469	0.00042770551675652517	0.0003343315944767805	0.0019212770960129817	0.011094745902318024	1.3474855353194446	2.066913203805888	0.010276446735097807	0.0040247183554746775	1.3353492341172608	1.7891080773750712	1.7219811245143704	0.0764969827027816	0.005640803596651971	2.4578020637705094	1.4486177126166344	0.016288772053462634	0.02668874308637477	1.9368276878801671	2.2745799559311566
E95_266	0.007005327305768049	0.04848834119097136	0.0022300559170460865	0.0009190223984670316	2.1769035022364984	1.9245869174602408	0.0014866737259166965	0.000449157955353276	1.9734948473568918	2.7724716053711016	0.5217614602762731	0.018391498552206148	1.2172248899697016	0.3352905317646219	1.5941526589807316	0.00773508123891123	1.1769962588738998	2.189495624790264	1.5218059462751534
E1509_223	0.0011539987444880626	0.0199338007913713	0.5876120279647608	0.0080290063284906	2.056514488450679	1.5673123159833908	0.061234932490510874	0.048974724091233886	2.36481148694961	1.7551616820792475	0.12631095870414286	0.0041242352313480965	1.8182335495174664	0.033981277361289634	1.594489662072978	0.007176123932811048	1.7792612049837118	1.831365891583774	1.7015630256873333
E474_332	0.005918498309590391	0.003860788218151298	0.006395142300231504	0.01828914204144509	2.0735530129076367	2.096476055776982	0.020006923516694752	0.05797029375508745	1.7622216048995727	1.8795109191020123	1.663659182850178	0.0031255614722255323	0.07099130603508798	1.7979401975953604	1.8397485737376829	0.0009848351438937403	0.040041748486127966	2.2563971970263	2.232406249052524
E1699_245	0.0016960029787377155	0.07846437673392262	0.4680263370461978	0.006195991335172381	1.5958140750200531	2.165129510367517	0.0010780162111770075	0.10204475955086327	2.194232153238663	2.459592716139658	1.0149869399507363	0.003749613081356775	1.2385885296481758	0.022326336092664475	2.1472879233445044	0.008183151741255605	1.4205104776820925	1.8419567184893293	1.9401477831283849
E610_286	0.006609212947237621	0.0032969959266169863	2.4972642976916783	0.003369939005011277	0.014144997343827688	0.006464523430097978	0.020112723305350855	1.9009565278012164	2.1972700114551	1.7223748917829615	0.6179042341812342	0.02009039153659067	1.9528743437985163	0.013218266113564688	0.004084442734888997	0.002118552495067269	1.6846066293984063	2.1790966481938225	0.007017194385503833
E1235_757	0.015786385797978718	0.014715852281334306	1.5649126953957484	0.01726896421857228	0.010430530600544021	4.583889495412023e-05	0.010367797193132666	1.5010427579976775	2.0054420950150726	2.3569526714173703	0.14861372714068236	0.15604013396949534	1.347589941030788	0.0019649845263791056	0.009798462347639736	0.007176341526490907	1.4585733042822169	1.9178829715973087	0.005773800577753733
E21_195	0.00035670283967192403	0.20885247892491496	0.3621603108665938	0.005565197199399454	0.005551034382745556	0.02160854144723688	0.004172860803277657	0.009598647634293762	2.2781338924670096	1.7555182559757716	2.068218031153271	0.004234439599104274	0.24072275194058304	0.029881217336839745	0.3961463244040724	0.014493435967366628	1.9696518860075245	1.836635664598855	1.8231101075279952
E157_105	0.02018032199834709	2.6568123034935223	0.0044060694413375215	0.0017144021558938346	0.03897192698254868	0.0032211957100343564	0.005774127968943554	0.0056975565075561676	2.0934791570788738	1.5644448913008198	1.990017184242432	0.002717582074348269	0.0419431004723476	0.030424395696418062	1.2288776720496624	0.1388307002528657	0.11810240591477275	1.4608280796098438	1.698862118103884
E929_680	2.1883933681086414	0.019557939951429026	0.04849903036329728	2.6517775777861408	2.3918378597489176	1.4898404198875066	2.4610951630760822	0.022860833006681625	2.001533998397288	0.0062409683217340755	1.5983827551116383	1.6254990913895175	0.009862170890565784	1.918551261071648	1.5327929773490545	0.019487600330441817	0.002994677195237672	1.6861251952965883	2.1546724920773968
E7_427	0.13218810465573927	0.023219996747148225	1.4483360237395595	0.0111750719590057	0.02054116753821749	0.03541490608164328	0.01545335240130381	1.953230618053147	2.0277976351605456	1.975880880880098	0.015453316021635728	0.0011054637065927753	2.2061120261301777	0.04835870929700327	0.01960131365138748	0.009233546461543986	2.207727665667753	1.4682581497795963	0.0018300474938098047
E1930_1	0.01	0.1935417476018413	0.013735186888862213	0.010582948192656866	0.022850908087928282	0.0018296887093626	0.01582661772079205	0.006459458844365507	0.18595485363777087	0.014019071167148804	0.19942394824129425	0.025488851239066305	0.014703406198995891	0.029671760000190506	0.002485838481971014	2.02618365630113	0.0129606618612586	0.20393342637831235	0.1845287529185463
E439_231	0.011401877074169335	0.08725630474065227	0.07412612768237949	0.005703864043869925	2.1057062548252845	2.082324352841919	0.06473063231588473	0.035329905869649965	2.070202262266738	2.350367017732957	0.19772150065054805	0.024021151162345742	1.639738149689956	0.3495225595214694	1.6210046845568429	0.012132304055247414	1.8764165792429528	1.412845309817465	1.5681220085283631
E429_734	0.04689960610727953	0.0002044226262186109	1.340579431914499	0.004776942503860025	0.01421446447113336	0.0006138078547166037	0.0047283207053728255	1.5873512446478744	2.023615767968331	1.5475258823360454	0.0007322462382792673	0.006811806110235601	2.2916275172809946	0.034057891896289195	0.02011070922232821	0.01923990988428136	1.809107427618987	1.89174271958092	0.01696769432769113
E263_443	1.497257113335903	0.006126560169412987	0.0008137304825590371	1.9499206325388647	1.9928036267396485	2.3041509334656367	1.792627884895266	0.0039768481085023545	1.93106640949716	0.2222792059550695	2.368605181226683	1.4831386978485737	0.0008228943040775688	2.445716672568452	1.6344280995749965	0.0016199993954341273	0.2675377752633835	1.5756644763137488	2.3168476735478123
E178_729	2.0897954522881794	0.0032245959296514273	0.002950763656815556	1.8106917629308616	1.936725377045843	2.308275039202359	1.7330906982548913	0.007190046168612028	1.497672534939444	0.009738235926802159	2.135406404319737	1.7208429925157536	0.07280895817454681	1.8460057268866032	1.9372268256681773	0.004049188017782148	0.02064222928581561	1.4198250752855357	2.456524653856104
E672_57	0.02085696062183072	1.627416714020555	0.001195747868726494	0.0002230548751617808	0.058050419153063325	0.030377078054385564	0.0018624347177932	0.00467021873686659	2.2506891163308778	0.007158920671736973	1.4709339969963249	0.025464175864633738	0.024019193155062558	0.022171971741948373	0.0019149990367584649	1.0840719463427573	0.013144501565580858	1.5596270231650635	1.5228924427727517
E64_464	0.01668331316816874	0.007200629263175717	1.669967794249076	0.012338459909336392	0.061414572202329674	0.012055287341648306	0.0035510635222448994	2.059963588399486	2.472006599561261	1.6782861534690123	0.02854115274701448	0.006377166175311108	1.7007405452374504	0.0031972056357797178	0.013763366746092388	0.049682549960791855	1.973308595156593	2.2063041910437047	0.012356007257887231
E950_476	1.3154049965327488	0.0192830061996524	0.005339003275327518	1.203175344834696	2.0508356031874704	1.6720723523976326	1.3895313691127582	0.02945758586445	1.8793317587253864	0.7140973319620462	1.519831937676035	1.1739805826292498	0.004713412424367252	1.817454272783103	2.2055313980498257	0.017295034119919173	0.022511683256912263	2.311616198909496	2.397687380972644
E50_483	0.4679195224436594	0.09246095783800118	0.004227712322825502	0.5898654660668469	1.7623700735904697	1.5855617489093656	0.4110043226468579	0.07517668497894843	2.1607699413022945	1.32188250122645	2.395751582051292	0.3300210111041673	0.022444698676513226	2.040977764044408	2.1756102239488984	0.01538930364666278	0.019192181093876427	1.6608142323132176	1.9008919349974367
E291_243	0.04239890017112556	0.0017574895732894585	1.7572060441089934	0.0007108739754497731	0.02617024684652224	0.024771128900672342	0.017906012509928706	0.015773810843068836	1.8010180662948754	2.3148984162932407	0.4811752541286154	0.019223664758762967	1.5868119725055243	0.0185876869558103	0.002317232818503693	0.06361584123620984	1.4560904838142186	1.6140882300016277	1.8257762605286103
E1244_104	0.0073414967148974705	1.708029963568887	0.026941506393856708	0.016649881801955816	0.010075177559986758	0.014958605705517181	0.00047594519108731716	0.008937663201536166	2.066886772199205	1.3536312767789722	2.1933618406979054	0.021625476308947147	0.0008897315354304545	0.016841652632793826	0.2373380377281265	1.049862276719562	0.6434447272281488	2.0703728744946988	1.7058442204117987
E1181_6	0.1141362879702816	0.8664505768127169	0.0008422114333905733	0.008280067546975009	0.002935536996711843	0.003342737430573861	0.02173712096148753	0.004635506813001237	0.8398508026707525	0.0041789258231145	0.8617410689944657	0.007428990326123727	0.023738548097182142	0.005335872102962146	0.0015597294721595505	1.817754034311012	0.0034619068976895163	0.9669615700301332	0.6760182937868755
E258_430	0.013070503655797316	0.035074675958502166	0.014568013864500419	0.0003885968166233598	2.5013436664876565	2.515395166106808	0.0024726425839768323	0.006253160936697454	2.063111228892869	1.8004215562208632	1.7322485860971213	0.0387050977081923	0.1104453480630058	1.6391294218630994	1.7117774449793055	0.0208053178845424	0.1435061272720639	2.383192116018722	3.167982263676996
E1847_133	0.004715737431605425	2.3941169005227785	0.015373852448487657	0.0011888340629336227	0.009036955008490293	0.022519221522866045	0.01190170479471762	0.026304171129959343	2.1370125846643084	1.4554563585375098	1.6545362063676283	0.02336073639716675	0.004967516526398764	0.002852760923367409	0.2853881292002957	1.0893463061847086	2.4451289445268576	1.5428623193713766	2.0865143562148067
E1735_481	0.02575176917671714	0.007687858201346544	2.1692209151371635	0.00852257749530984	0.0033596516393535037	0.010380779391985015	0.006648193978649797	2.1175032464752297	1.5900887155627852	1.694525329426965	0.03382012813561058	0.028834983155648093	1.988498953734596	0.0006206332279548501	0.000503475657062262	0.009399001250942594	1.5990252321480132	2.110463701017388	0.033803042711273185
E462_532	0.0034985273867489466	0.01906416611235714	1.7460212582422747	0.07237823248716438	0.008924209127356291	0.002377336932552536	0.010168890728148946	1.5619402296828575	1.7151373353299637	1.846201156218212	8.609310708819918e-05	0.0025820340978242504	1.95416958857142	0.010283640224392886	0.018827920285239608	0.012100752698356882	1.4242519094325692	1.947138816441059	0.07501978504866616
E1642_267	0.011513498878584546	0.003669886289968612	0.009422800803109931	0.018102582202370245	2.530969597291188	2.2527840557616967	0.02168666936785333	0.006861806763686986	1.0567186021314277	1.9470128708212004	0.5756037293071465	0.029920797585818937	0.7483854974846521	0.2617751208056021	2.1744974613999064	0.03431696830233491	0.9373204012471468	2.2520932215709517	2.1578623164204918
E1375_154	0.0744665330561492	0.03646502394171692	0.018894862099541082	0.13031756689452156	0.00757068310402038	0.011196088560623835	1.7944184968459592e-05	0.006145575614942162	1.9838459851842427	2.0706684340062287	2.154196834700888	0.005140926627834496	0.0015053839985549409	0.04140557111944694	0.2537592958948423	0.017983083561260698	1.6828375166380776	2.1623563857321995	2.010253427449473
E237_70	0.015250936845392178	2.3690823551138283	0.02489162712435368	0.014105018609413312	0.005372979467879702	0.02363703837695495	0.012857768563591915	0.014540051644069085	2.159280312055156	0.04588693628837947	1.7454808025431665	0.0034968577210977023	0.030761768003195487	0.025520074435030043	0.028761959794703418	2.47386247531915	0.035933702150022236	1.865589658691452	1.8195457507726136
E1610_755	0.0032047647211219405	0.0012392496897888426	1.8665373441702708	0.0036416604166814243	0.008661179265166432	0.0558779462892812	0.03543966027246022	2.2149929196460643	2.0406317195245163	1.5528787189659945	0.06317578774140044	0.0009815471066915982	1.5563160073276168	0.003951459831838093	0.01202562089523089	0.04726719571036032	1.860684903754595	2.1903663821983828	0.0249393509449524
E79_691	0.00023182962866544042	0.01786893935709847	1.9801353699086324	0.007514277625259555	0.0007904850730615191	0.014343845841909132	0.006372345777722946	1.7965614422537333	1.7975576595147649	2.0900239618897856	0.012114604730157328	0.004757194066307341	1.974717233059612	0.02387537097932088	0.0015546820194379796	0.003940791598331567	2.130837770218068	1.8207900327950628	0.007185996032914106
E1460_462	0.015171028941778087	0.01860038504569062	0.06686211927645014	0.6077110562563671	2.062209484525672	1.5899214979391083	0.5679457269949261	0.002733691774356566	1.6495162223935491	1.7881365323837666	1.943091839825864	0.5152635350110635	0.02697547052569573	1.8170046812268248	1.9199310243901329	0.01431529526027465	0.7312755401455364	1.812452515349105	2.152046767213248
E140_156	0.016551864499286098	2.2318690242900434	0.009783140058044416	0.001709483183506617	0.003419588085444349	0.009299629785517176	0.03111201419274465	0.009417497198163838	1.7894854190799176	1.6088298894371718	1.7643309519954096	0.0019929648488143494	0.01562863332629487	0.007853305717376264	1.7947729385590068	0.01199950917858861	1.693920107268618	1.5878280071054434	1.599863753001712
E69_262	0.001358137752402656	0.02601809773098525	0.039618240008101685	0.007840844006585706	1.5975738672746	1.4057555592768192	0.017877588596062446	0.04197912140447791	2.083746948663781	1.7209345641852718	0.9610120802811104	0.028589674431735018	0.5239317787657503	0.8279622453982638	1.6271930434969817	0.012487164129233782	1.3699584340537097	1.809775969840938	1.8211307832507722
E1497_183	0.0027128188462238077	1.1687851064704424	1.1784203582670387	0.013948178150863614	0.0452985804792444	0.07100624410330714	0.020731190432493288	0.024584693164155454	2.4453842616759807	1.8096996545837645	2.20814660980496	0.059642611910942236	1.2340947084994005	0.05165757939507367	1.8154975764311616	0.06192617023907696	2.4353164755057746	2.121529754588558	1.8393921958732768
E81_486	0.03629816469097631	0.0004981779338919085	1.6739896360243138	0.013757845940825096	0.017679346248194533	0.05828442154708158	0.014022064409382392	2.1570670357969957	1.9778726139886995	1.8663658216324497	0.17653937577239606	0.04962660816351498	2.2397981694003417	0.0253693954223756	0.0264194680003763	0.0651873891942676	2.0307030683080103	1.9747651489058038	0.07816549558416909
E73_139	0.03722644970483857	1.856236388714665	0.09592240948701156	0.002855129503242457	0.0016649901780112035	0.004588690553134671	0.0011107673446380216	0.0018277998376325048	1.9301100260696864	1.145213378281521	1.8286314904757488	0.06318276579963808	0.3473957573005172	0.005152046617180332	1.1850347158887693	0.7747907089953279	2.012313615925059	1.913940097548276	1.7961408503167542
E1953_383	0.8192326806963057	0.010540222932516006	0.00478831115807004	0.7421278554427819	2.0036698180037016	1.6791245952724332	0.4478967397270829	0.01990921327623165	2.033067283024203	1.1367357988093094	1.123685420034615	0.6222156433637741	0.05767583574190501	1.5762772790282022	1.7900795388353	0.004408561575298742	0.1534375941921462	2.3802815892247327	2.1803954936921053
E1051_126	0.0426906329540233	1.044252060930034	0.028533967628195624	0.029961889643441094	0.00015027923653683365	4.260211205338955e-05	0.016074533210890123	0.004907582014527828	1.941199962436124	1.3831407956340471	1.210472586378485	0.01138129897178096	0.013654247996529879	0.04036259506680585	1.5609241030143175	0.14767904237764473	1.9705691229141773	2.042618030765572	1.5855024505567092
E1110_178	0.010259638967907922	1.6978925541696426	0.15390828694468492	0.02941487017943603	0.008724045720987278	0.1074855127202419	0.056914251010888275	0.028368880486019283	1.9582795378030269	0.4347410057045147	2.1755049548906	0.05500723988442558	0.15749875761652427	0.3669709324240088	1.6370621970540429	0.012583521943508057	1.4370691696257434	1.6896868531031268	1.8664194456697305
E514_667	0.0030486047622374783	0.02417853745747964	1.9657502827287667	0.00543249597710548	0.017746700762913344	0.01929281816430252	0.053174366019359216	2.0297841255149667	1.6514074486636494	1.7301428671281616	0.2215860953344965	0.009881313822609194	2.035990757786747	0.0010557651054963386	0.04687825536036105	0.010448896564797548	2.566571559877097	2.4856159290149287	0.02139660011751469
E1574_217	0.07446777361522745	0.3386702506499505	0.006373463238732468	0.0011828351932297722	0.5717914345052044	0.8079623466326621	0.004286212151937932	0.005348198522410072	2.3353742298690854	1.5244760972062277	1.5975476647899622	0.009738015728204506	0.08944379317470785	0.6850369307561005	1.5193284956565525	0.016301563259410533	1.4123622294607985	1.8171069595793536	1.3939244858223303
E540_618	0.04275131758337673	0.0205240078484982	1.9905655582302864	0.002242340947509652	0.019794037100582945	0.008089341423788596	0.005126727510151393	1.688459084851606	1.7404115915475709	1.9159648435830752	0.02527483409531521	0.0012364144092710143	2.462725195951717	0.005520501120105985	0.005378860388205985	0.05211387130830302	1.5394661160383498	2.3336236028419237	0.0020545511255215853
E738_654	1.5086443641399825	0.005677337705466533	0.004308291006543475	1.9570670885361472	1.6016583853999082	1.59479283590144	2.0376774532956965	0.03472126128036858	1.6253424186817784	0.013064640996230708	2.2840216350062796	1.9551639285974909	0.03563215037135658	1.5957708020057226	1.9620443363467468	0.03257980653026283	0.050684900419027366	1.5134889099801332	2.2953029421864093
E1922_193	0.04254189469653516	1.5988897258681236	0.7952171636409271	0.0009207981734892276	0.5462515690665875	0.6918465942375622	0.054544758660511575	0.008699897183863825	1.6990493922336671	2.478648213724402	1.3759089995294822	0.002736205515747786	1.0178198316580611	0.30477008930105765	2.5953972455687606	0.011975845755800728	2.126339784684246	1.2759996038079606	2.200646501988328
E1701_327	0.002943060032581987	0.10289110528905476	2.005771368558253	0.012563867728103884	0.0006190834750183853	0.004513607427215368	0.02501210315288617	0.5694906574134514	0.950392033769022	1.6255166226050892	0.8978256135592374	0.027040155137974604	2.1509158774836092	0.005030953025663088	0.00506439959091831	0.02530823924429592	1.7339588937956636	1.4791707082658585	0.8443674550153297
E768_170	0.00042884961730867165	2.2994514982816425	0.007845151886509218	0.03223402854106902	0.010008822284797644	0.03943127035830755	0.014430903556615759	0.008938315921916296	2.1442573190112566	2.000074260817974	2.011200704149625	0.004633935776629111	0.0033258271584380977	0.007951371138287991	1.151529318638689	0.5147731401277178	0.28935112412079256	1.991833562898964	2.1914223422832158
E292_157	0.0007128060672383992	2.1728584361465195	0.21664080562278654	0.019691683755727368	0.000670823261954492	0.0009166871473324439	0.014766603187986624	0.007347170659678347	1.6395669628522644	1.6613433836645204	1.2624868150707569	0.01036131562657797	0.4998271652700852	0.004052101309589332	1.4564160214957942	0.2866221321128504	1.5887670934828348	1.9603852980349967	1.6687404814195428
E1552_210	0.0021562987910968504	0.011070326129464006	0.09349326906059856	0.020936873803231733	1.257972178304016	1.4752192395717811	0.06996267510153137	0.05193970825720373	1.7719368642546802	1.765895462988001	1.0730902475823756	0.07784246681002814	0.5008949383709821	0.7534348271207971	1.635957151743446	0.005261638816483917	1.8594364211845889	1.8171790661979697	2.7078967311771542
E971_747	1.9451210700107373	0.0023388543732981363	0.07058557166469583	1.6941727581961592	1.9155744838991808	1.4887877658871735	1.6299343517093916	0.0023997576616975077	1.5503993149455673	0.008249252007934079	2.076315885352838	1.9068476187137533	0.012133993177287328	2.0594903599890317	1.7015812176744476	0.02738117579053109	0.0048055566263806564	2.1178520863206387	2.0915243066675435
E234_674	1.7680815523429068	0.05375215311515233	0.015660838205789843	2.0724238887806505	2.075637008564544	2.1097205655471605	1.6220036474459836	0.0004070251801511823	2.148487099132794	0.01809483651503857	1.4488011231145652	1.9239474394081368	0.004887135925359757	1.7493530115288218	1.4010970918901464	0.009984131407017809	0.02855668668116885	1.4269214224360809	2.3002111507712444
E1722_772	2.154966222441401	0.013789304572579831	0.0006258481066159236	2.13585991273985	1.6205108753909028	2.128026350517596	2.1969775996938026	0.0046193214433676655	1.9822983559656	0.003467289177315497	1.9261226905491764	1.8708880307324665	0.00567449014931895	2.1778771937794925	1.5009070220921503	0.058839911930971524	0.009530235117064571	1.5868167924824896	1.9779408229304791
E855_770	0.0026462504495360357	0.0035883459635760546	1.3153372021574248	0.017517930658318068	0.024649284059382187	0.008914763286531376	0.043066987911752785	1.3051699738978852	2.146155748770504	2.1869490719617857	0.01396591976759525	0.024576045851523492	1.6867170035026258	0.00014409087172493826	0.0004213336818627703	0.011759052962739202	2.519322110541003	1.7451405762906211	0.03569077767897561
E823_682	1.637539165546149	0.044245224812017266	0.048974598125853655	1.964190388117001	1.5693216682897837	1.7945335887347662	1.2098550801728076	0.0008413203124542718	2.1604545288755164	0.11019052155994766	1.799476990953569	1.8102760734229344	0.02621741864672533	1.7037549790056894	1.5353044543810306	0.011916551495385955	0.04973577011222066	1.617180423714458	1.790565657617343
E1213_577	2.5378317864105377	0.006058944734086219	0.02499562778397145	1.4535802980333978	1.65423514334736	2.2946766487450887	1.440448925739353	0.016000433315609186	2.04177215075844	0.1676088566362346	1.7713921078890165	1.913140123821819	0.0005681885850572638	1.755664277954417	2.037595048698725	0.002251465126631785	0.006702567223618447	1.700739684441693	1.4165708334047535
E1688_163	0.007982654633080826	0.12111904536557568	0.494849330810462	0.04824854207919963	0.75532135490255	0.6883359446358024	0.0010009290875711706	0.0014594121053908126	2.321117550883109	2.3410858748644108	0.8765425212216796	0.014272588082768952	1.180746727096366	0.1328263194931401	1.1299325127840265	0.07753986811775812	1.7721312275783054	1.6944935688082354	2.1313559602744943
E1135_219	0.1359659246625251	0.01908389015533495	0.27335640270158496	0.0012890711917507847	0.1877685374437631	0.31451742313694303	0.008070394724654671	0.015773958590372415	1.8582657387897423	2.293425779815246	1.3046622329602489	0.02925718680892062	0.31593859005213903	0.27018984448068484	1.394615564692654	0.0047487870554872155	1.5705080272732206	1.8174283893307368	1.5291492202740953
E591_145	0.01010161093345435	1.7966440322331083	0.06643705841411808	0.035126925712742084	0.00010652583901544794	0.03358458688591246	0.03096922464059082	0.0014871270416767573	1.7458560308483706	1.4807770478310591	2.118381440266228	0.0020841007894428828	0.06445600307066078	0.006921610862674745	1.1879090999800803	0.7536987112222384	2.258089206900596	2.116477378668372	1.6952006998678328
E161_347	0.01648888862942631	0.0011949510432778135	0.4808131684496417	0.12375531341973442	1.935079444784005	1.5564642906738488	0.0017814731351005586	0.0008508106777959457	2.480715560634755	2.0591675115273773	0.07074013915037268	0.013156962556515292	0.025503489101953013	0.04995725101939528	1.4586613216513564	0.01937768062501345	0.09073182324241978	2.1982818452429345	1.4115797290106582
E323_537	1.6692987841690448	0.02171719094641144	0.0569478107184517	1.6168175956553186	1.7746270771907962	1.4745938175642506	1.6929065356949042	0.001148071655449443	2.2997055855149933	0.04171479916403603	1.4635295786326945	1.9040070273369625	0.01401918493524431	1.2279587608572948	1.7361308834003253	0.009034309658744136	0.0006899243525376823	1.7713417256607218	2.166024512907196
E162_289	0.004110297982185523	0.03446590253610311	1.1361074604969623	0.012597956520400027	0.4428907977140405	0.6248235080509864	0.02220141075856961	0.4386731393872392	2.3329942198004057	1.9088451340807584	0.19658485786148933	0.014601336102091796	2.093569203703096	0.04819391929912655	0.8472584020262206	0.006222609391358002	2.1963202002769875	1.5845001692266454	1.4728042618108808
E1006_792	0.02445335854994021	0.001472864283879374	1.8128492065571529	0.02263477826148125	0.001159907330790002	0.021753730448171485	0.00017148625427585449	2.0638595357209804	2.0088689060440235	1.7929428476849834	0.02403990957541334	0.00029228301714418403	2.585244217627425	0.10016663398827312	0.004930001127658583	0.005765357063292823	1.3480831364851713	1.8118338945300712	0.05659880503474096
E327_62	0.011508784025798977	2.2983890745069524	0.005215377390713554	0.015577855732836288	0.021314159260905317	0.03361036840216998	0.0028227768568662307	0.009062098219314791	1.870459126691106	0.01450387112151495	1.959314194923336	0.02292951630988242	0.00800643657378785	0.056461409677195325	0.0011807527634874367	1.6630039391771505	0.10573372237314532	1.9141429439817803	1.6591930949547704
E66_116	0.020609975637164005	2.119106718059724	0.06521189747562492	0.027102784093648132	0.0008728681329031983	0.004290249421457536	0.007919074335846522	0.016316305296387914	1.8439681083020063	2.3558080928665954	1.793039123332032	0.0002535282371268215	0.0009292282617219867	0.0026023047048278807	0.9651173167161216	0.36367300275349695	0.7893160502434899	2.0115894693259566	1.8241154047068944
E1173_81	0.018025935698781824	2.0816269491863486	0.04061148986961041	0.02357023750731316	0.0039618434735964585	8.847476794781239e-05	0.04307096588347892	0.028640733675526237	2.4883852718405977	0.7201662402028246	1.889908300271924	0.00551467314316065	0.0011522008616214672	0.02183514040503289	0.07286497959054565	1.2898209858691154	0.5015951375086316	1.4850247832433	2.2347913623187137
E1719_356	0.028303415005073537	0.00457531759530191	1.4690148912010041	0.0014085083766472194	0.16130173950207985	0.2345015079940951	0.002785628606374634	1.3595084408334166	1.7121685820271997	1.5220502989483295	0.026463140137415846	0.013262938938280226	2.094198552247052	0.02080688718041139	0.044223692471996034	0.1874867819059832	2.055689179039926	1.6690557456917958	0.2402637603632671
E97_752	1.5999973981740456	0.0579215579599912	0.015483287769067596	1.4733756397350226	1.873586290586156	2.1435438760461643	1.9958327455770888	0.001884793180806601	2.169359694676361	0.005962586651505736	1.9785429058904729	1.0796372404524706	0.0010287802653682642	1.9434832270618847	2.3053705616443514	0.014142265212556309	0.039247749910863695	2.069553567849898	2.30541921719996
E1800_551	1.4653437917677137	0.06149640167738767	0.0018403603067889032	1.5280671805179382	1.8998573158411705	1.3230789094106379	1.4007106035510748	0.03677931144734069	1.4223033242511804	0.04225200976495035	2.04595430156898	1.2078756597208502	0.016805326695704146	1.6377050221201268	2.0921957514398484	0.01440678758189638	0.029540861271079983	2.021748010287034	1.9285413660356192
E185_606	2.143001601484895	0.0011565200667478259	0.003198508705590543	2.170203235943805	1.3792766808525785	1.9497835645894512	1.8988133579318889	0.008203139139704033	1.4044570818409388	0.00630056849624186	1.5604107706537034	1.4200273987374024	0.012087935550512128	1.5393054726953304	1.1677148158189432	0.028483908721742824	0.007557149270475433	2.073385131634612	1.744355831917781
E1686_186	0.01546288271472121	1.7273368976840269	0.7227461916402005	0.0006468655815746044	0.05009555351658315	0.04089054634224045	0.018385702559871188	0.03161351300210734	2.256453336824641	1.825294502330064	1.4040665781787898	0.013602791059903255	0.4559008929352907	0.0012785723825900234	1.963217130083584	0.2378411924891863	1.468136533226062	2.282016636074493	1.3978915872547353
E278_316	0.020330487929293883	0.002745200957746557	1.3631708546140833	0.002942762312939052	0.03788546239593117	0.0027411444491732377	0.029036589297768967	1.9988486660816425	1.7168623286805489	2.2247814154880734	0.02711194626401295	0.010042639684512914	1.921736420327612	0.01980002442122036	0.0355175387796173	0.002894257057133392	1.7645994479009002	2.361150752521154	0.07358629156228427
E1262_765	2.5630531454339183	0.033581209306399365	0.007328179430298396	1.5488796566702796	1.5836925708478	1.46922818057686	2.0046359485220977	0.021492673951350457	1.9639862812505264	0.0051528678716059005	1.8071445821485057	1.9101210707628038	0.0070674107297069655	1.7242851085697088	1.8780081317311432	0.02702313364667796	0.006009676493349764	1.3256548675362805	2.25541198645968
E1019_414	0.0567696230689484	0.003534317014151287	0.2669953282006188	0.0022925265107611803	0.2207053457992852	0.15874486581822886	0.0058253080440186684	0.002681058084512443	1.335672294789096	1.9290214258096767	1.4634326615558355	0.0006843011733866452	0.10594825650500587	0.10935115229210207	0.35888290893464525	0.03565920257209285	0.9774019309970972	2.359146876721166	2.0455011788583075
E1787_251	0.045708697804243775	0.016053528559413426	0.610536269790385	0.0011564756276135615	1.188857931891107	0.8328871599836325	0.005541265312686018	0.0028997022135138226	2.138699848795804	1.9192261994441	0.4413563161129522	0.014685407936270309	1.2498572926334142	0.2556324867708005	1.5899537084798243	0.03885539673637499	1.9755336825801573	1.9456453390425943	1.309403449789625
E856_193	0.002943469358638423	2.2889158837180554	0.05621100097381752	0.012603260065877765	1.5880137005355728	1.4361883632190608	0.04287461402631091	0.0124025005753994	1.806767116564953	2.476130827576801	1.5186121841785831	0.0006818185838644245	0.22363486699482849	1.4233609310940871	1.8727287582779857	0.05588497667325211	1.753437811159834	2.0281893756077567	2.0282814764220163
E1430_712	1.7055052845455998	0.03558238346081497	0.0613668399750783	1.5127503602985892	1.7664046279240777	1.710156963817942	2.4425059198725565	0.008442740720714683	1.906573353870548	0.01510945080407779	2.320791564001966	1.6724675963434563	0.011361917154102277	2.3703852683673827	1.8693672037361384	0.02969275217367221	0.0005456331540222861	1.7368475624047413	2.0887176232846185
E1318_329	0.023489010567499517	0.022430634635342152	0.007855648379951487	0.0949762663227028	2.470632014619966	1.9048327194954653	0.012090581233927884	0.00863587261457092	1.5179686605318614	1.4132325914215935	0.1095374625193527	0.0036054573990339576	1.778539387045093	0.032553133773585166	1.7513808571982712	0.024077859047987697	1.8603683721495488	2.173119552455689	1.5277828745296484
E1619_200	0.0013281137472638835	1.9099163192571569	1.3325181433713889	0.000549380233329846	0.2511308132705528	0.10586644614394612	0.026056118450341132	0.008770672834900134	1.680204779570763	1.7660863623264478	2.16662324029557	0.01687854627301345	1.9585515488609824	0.024338105534006872	1.3382422691817155	0.0005748079715955786	2.2934622335979657	1.976817253701708	1.4185898455360215
E31_91	0.008244201707252015	2.512933970992333	0.015293029163177447	0.0008269404755673944	0.0065178045616384895	0.0038088065175675046	0.011791095283127093	0.006344624538576402	1.4303693133883122	2.012596379416512	1.926215869252705	0.01752021437982169	0.006655999213384633	0.02104155662646521	0.3800908163336889	0.7313023318070051	0.7426756396294457	1.7416818992660206	2.147128617605083
E1167_637	2.2947063968029786	0.0029444914917916482	0.002129371251638128	1.5970606982190056	1.591394874191535	1.7106889761667128	2.566102185379211	0.0011123939430342528	2.3453460891317603	0.005313481226469271	2.2921417807643616	1.565112984283672	0.012889925755949588	1.8784971494539384	1.841590304115748	0.02420394877113229	0.07263018118422741	2.1189656334403777	1.897436686048032
E847_347	0.6778897908923849	0.03155351883938967	0.002807361613633041	1.8201904539281475	2.1621570210095413	1.6871809328215015	1.5493088481597928	0.011038903165164263	2.167307566263504	0.2453603298978297	2.3838416684759918	1.1264753329214126	0.004264057649457099	1.9430400990556767	1.3257375914748044	0.031615141365096584	0.0005597488949847088	1.69337606155183	1.6129064424487831
E1553_155	0.031952978179646416	0.4702612445932503	0.11553633677244585	0.0036249478611104975	0.014314373026236097	0.05469750099487626	0.032392643513730106	0.02629043646856296	1.682113746793188	1.3714685905405244	2.013615380077431	0.015050520796410546	0.16950239183605753	0.012183928959756576	0.5815345889109722	0.02322062905448181	1.4423990440429948	1.6077478459761914	1.8171061791603749
E1264_213	0.006460546859526834	0.07151568172712426	1.544994901243346	0.013491521598463141	0.24611757911860024	0.21394840362073106	0.0065461493934596045	0.0003649856603825842	1.9594436450442847	2.0301737172942467	0.14670433036342226	0.014820884979537104	1.9077748191392456	0.016337513171238167	0.13799467155053835	0.03140583822927025	1.7816641080873907	1.9395181098804364	2.1363888145890937
E344_3	0.014300988728583775	0.6371990083068979	0.004330446766053335	0.0017528409178569435	0.009434919947006015	0.0027883341660878127	0.014040948674004187	1.4531642112547946e-05	0.5767290882673682	0.007800239782562287	0.5031019728965463	0.015535719430358318	0.0006812639022554817	0.009690225675903308	0.003897320581473117	1.8920519044720063	0.022770909110010392	0.4170711781186101	0.4801556377103269
E56_646	0.0031777508589595988	0.0009837793641456704	1.9994047098090515	0.01349097755829984	0.03730535027588825	0.01085185034780797	0.01002264398686868	1.9639133601777568	1.9251097482292727	1.8484848393168447	0.003373524928077902	0.01890123022551479	1.6208299821258756	0.00017153138106580624	0.01841328594614287	0.03251782494521566	2.0283249969383856	2.011428862247289	0.03208408753380946
E295_224	0.0015725357837057894	0.2111311718749549	0.10631705395978397	0.0030191417830156275	1.4184706810139074	1.4688424628959624	0.012206712352357894	0.0006362108156717957	1.8520102346737557	1.9433906492882127	0.813754881471577	0.07900863828299506	1.7270948297708713	0.12438641815031075	2.0440250608343407	0.01820644544008897	1.888118913977204	2.1552749800059865	1.6889361175286963
E303_246	0.011847667456003458	0.00686808975315654	0.0795701914259071	0.021274340947055888	1.498046307375391	1.3602374482710686	0.003278609519585154	0.006891183009727174	1.50779469013673	1.5193302190860067	0.3486360971647777	0.0034186468654801108	1.3814331885259228	0.16648810732938812	2.505891765440202	0.002215409231867925	1.696189590146787	1.403655488008295	1.593011285259495
E409_609	0.0721963341947262	0.051652154083475316	2.5919173913005675	0.02294827842096122	0.0036042403159108334	0.030629683193483918	0.0039054597254832898	1.9420427181884319	2.064930967888889	1.861275220365404	0.012274236765879031	0.022788635577329432	1.7435191312519511	0.013857396037256114	0.004203892928394053	0.002505083129967806	2.0935186140169333	2.2070648735125307	0.03634092502322635
E1693_648	1.5804685915348484	0.00022786405805164155	0.025781031011537787	1.7828942974862263	1.86508418508468	1.5489819129495823	1.955326387727603	0.0006842351694188447	1.9052692817595984	0.041399465420970574	1.5302033951872005	1.8764579678168376	0.009107544596258049	1.9251891413382207	2.0718376482963694	0.011962259664504652	0.033321542051021065	2.3599075794143096	1.7873960938546225
E182_235	0.03016641018867928	0.02320946201437744	2.5064027641636937	0.027090695070193373	0.009110042578099572	0.003093513160904739	0.09420429804956887	0.9968615344279256	1.9901783363882009	1.4670876885065296	0.06334705505405859	0.0036927173638535054	2.3427964262350662	0.0036406561368468853	0.013920679026457236	0.027964972718343983	1.6126793447524257	1.848616872890853	0.738049719311596
E1121_792	1.6130588134565504	0.005191790614937521	0.12861769518198027	2.1520626961842524	1.4343743509090237	1.7868503724657632	1.775714105240044	0.037028527768473096	1.7342557989372382	0.23341897392226424	1.808296884406141	1.69687662546952	0.008889739151830812	1.7398534635951948	2.2634871955910696	1.1805312882598453e-05	0.19975765388995373	2.09858268146821	1.7682435760557798
E469_471	2.17954143069316	0.016124086468818515	0.0029527634180707197	1.6414933658351534	1.7193313554599468	2.494783383483618	1.841819866719256	0.0009565317489520784	1.932884409903613	0.031945720402385185	1.8184575955586464	1.4835645309346217	0.01070259559045095	1.5355818148847975	1.6081677648197992	8.243525895314165e-05	0.0029149106602237296	1.6405023925185431	1.9625933443324928
E544_510	1.839266528470624	0.009799678282959984	0.016352967516390964	2.1813918160131323	2.16911880098086	2.1522343282521	2.074377628835552	0.014929195803572003	1.4766368085573398	0.006707908035260632	1.7024547295914507	2.007726055712064	0.02671310060018903	2.301262775740008	2.2160802815346616	0.0006750390546481572	0.006462086128079671	1.9298475014368708	1.5413310027409015
E1168_571	0.0052399085853920965	0.0009812269933516518	1.912523627525628	0.005595158538939363	0.006804984983383063	0.01566655404520866	0.010541640628949809	1.7883830454882812	1.880264700364948	1.6939976302940565	0.033147991058673165	5.8586006966795424e-05	1.8933959709633807	0.021195293960087132	0.002864763671985357	0.049956073361913884	2.0751288935002434	2.147659801386661	0.03882162803887768
E1833_222	0.008401245009794094	0.21206193613047936	0.9205699227625699	0.06270251974881591	1.1677512965914534	1.0701867458595211	0.05676628351649659	0.02196754744662364	1.9227476360179767	2.153269230384156	0.4029047900410857	0.0006984129092277378	1.8644315237087488	0.0035226961745333045	1.8437069312301777	0.0087498397305538	1.8391599891134256	1.483974727442522	2.051911021240121
E1106_698	1.7450110982720382	0.010287788987757665	0.013063168947727324	1.4575430009099088	1.874938413656949	1.733326616576621	1.833026487805765	0.08213992198556029	1.8138656762424064	0.015057420463735269	1.9020417982291613	2.0098823190025032	0.03757130697037826	1.7078009982104867	1.6645509491039463	0.007423347785023942	0.006186152262342968	1.6596309935229798	1.8654509970728177
E276_748	0.00550852638859519	0.0361643754753465	2.1780861926749933	0.036765769452972635	0.023382026010511484	0.03491987669282332	0.008277381817624059	1.1867071520167627	1.6228979118115432	2.5404843545843496	0.2246599899340259	0.004628680921674358	2.1226492504447827	0.06301621571812166	0.01420713721253836	0.019998395727679263	1.9341912513791173	2.071060546066415	0.7770382733305653
E1806_23	0.0131105825100618	2.478359339485748	0.013521072018211656	0.008087950021904359	0.04778991223664841	0.009425338460325271	0.005360772024612003	0.0279182896762828	2.050754662668952	0.04073103163825839	1.7029857192368203	0.006689050325381168	0.00033480873303427117	0.0035869315535365038	0.0329038681740154	1.9558338531213404	0.0038758045586538225	1.8592198825826785	1.8426242519007563
E1646_586	1.8673945624727644	0.02133627170623353	0.028309696299867182	3.111885479798714	2.4098983280999207	1.7414491218237311	1.3153336160315985	0.0014930845249735071	1.8371950295028745	0.0071839618169499955	2.0123284918674442	1.6782316784871945	0.0012521913230993632	1.9587818167385296	1.3341649138089082	0.0028953805971843024	0.004397528294829563	1.3850812170629487	2.715218450176621
E1369_718	1.5129470849546869	0.003496257196246174	0.006036309419888732	1.9766543518027229	1.7599313993068244	1.696840406543194	1.5060090136066138	0.03862304365508914	1.849373087251776	0.012579508444387237	1.976777605392766	1.7258030098991144	0.01721139973953562	1.7229312680780435	1.3502963700286317	0.05791646071408881	8.103991720291061e-05	2.231325884102958	2.17981221292304
E792_337	0.10645520057630893	0.022996344922632386	0.0034666785033695443	0.00633510527786168	2.1806966023230823	2.0437020213851937	0.05714611118190355	0.00034578653998895784	1.7749887019667918	1.9612422328139008	0.20130948612690305	0.019371933416562136	1.9232263318301999	0.0485428350754887	1.7548587796800519	0.011600542840474829	1.050517843499722	1.8041961767531545	2.080514452758188
E1816_526	1.5010852609359833	0.0011879275739366286	0.004208975808518089	1.546525910776739	2.2222187090872785	2.057292528576115	1.898202291052951	0.004639622085433532	1.2531545336504828	0.3282723130761477	2.1527441512055363	1.8839401300967025	0.0018888295474974023	1.5424020480820784	1.7742539320281732	0.01492286499245184	0.015057793003525975	1.8161360507307656	1.79704142671009
E1017_129	0.017905364695566882	1.325329816392926	0.009223252340487226	0.0047621024416255285	0.0005504244691136172	0.05357373484344706	0.03106529004264058	0.011851595556981393	1.8269958299766127	1.4772928264235512	1.85990657050637	0.0031126528501445967	0.008049735661071295	0.015796048770160713	1.7152506204777822	0.4513547517705157	1.901897944720856	1.8875689587247009	1.5877965448490194
E1617_537	1.6578209580915204	0.00697304288913897	0.02451618477627389	1.7268938211076297	1.5918897986558462	2.3855099859617788	1.4091939789057333	0.04215930075096218	1.6647429810444785	0.05738085651639304	1.6154596415260345	1.88939763243654	0.029097138428206763	1.6959562020039205	2.075982302038402	0.001923554601816979	0.09627179418360747	1.9080334048091885	2.2867444923766813
E527_600	2.061994565494866	0.010697106834782715	0.037794846670043736	1.9849481403236149	2.3727741754819163	2.2850048087344854	1.8243000542975008	0.15998594496946433	1.8002568734488695	0.04202156539221682	1.708821297885658	1.729952776853925	0.12756464254176225	2.513209456863972	1.7352064219252958	0.0011504473243118222	0.060460099720770835	1.9368507054897897	1.5096733697019706
E1780_651	0.0019834566705904323	0.005566908089676968	2.117767834062798	0.01833896745190481	0.028098094353035518	0.02531447829100507	0.02945403875599658	2.315365327470891	1.4808904654153876	1.488906839210039	0.03920149853088131	0.022806745367474214	1.0636600513637984	0.020331563049941083	0.06518215605751354	0.00022995034194277748	1.8311476024115665	1.7864630689411545	0.061336301189205085
E599_773	2.8299425790536006	0.002345175766639245	0.021691976788684498	1.4421397179642004	1.7613166626809629	2.4195716665439395	1.4027608745617342	0.05829389556908589	1.9974752682367527	0.0137258282799501	2.0909196125960583	1.8010352363783946	0.01234067955162225	1.5500411559214415	2.0494871664891727	0.04750643140279137	0.009566584881790362	1.7277060535167357	2.025336860689496
E300_174	0.0019278528993803047	0.664232891429013	1.1224473221625637	0.0007526364713049098	0.21846426888085071	0.4185463039094216	0.005830396895405529	0.016875055259117998	1.067584216050644	2.018869507109564	1.4008710812601008	0.0001390054371567749	0.7324226781457334	0.16110874926852406	1.884489402329524	0.02706135703156355	1.2019008962113158	1.0030248522369063	0.8090105411190776
E118_700	2.03950060326541	0.0070279128616904975	0.0017985577584926204	2.151377085780241	2.4317938324150434	1.8668235155593933	1.8469260723733576	0.005931032801610438	1.8796709801919087	0.004523697809151529	1.750889938814023	1.3267304547493792	0.03341277072052458	1.7810619842607518	1.9724254097974896	0.0016850465516924428	9.050913747718728e-05	1.4905650592948143	1.5734316821161094
E963_646	0.033729972894096336	0.014914093991291382	2.1544268199793684	0.013228786790788549	0.0038252355427046	0.018496839491388768	0.030645541716714613	0.7694045094316807	1.361429477515912	1.3984520257858497	0.07063611351334799	0.021423772829751872	1.870178523671844	0.008444516133954874	0.007688417516780474	0.0030976433134839057	1.5809250465847655	1.691610259837194	1.121086762822349
E304_585	0.028049601247341082	0.010567524576514805	1.7646484989568316	0.005066352820560414	0.039530825238856884	0.00498853791642356	0.07220032323641794	1.8491965417933631	2.142070053826912	1.8449587178954607	0.010228439550883893	0.010423137096481395	1.7366192970731924	0.008953553797211754	0.004147367075151419	0.0005561031269005305	1.4351109026143103	1.793895382442904	0.1015267397823584
E1607_125	0.06827069115878277	1.7737675835390867	0.02946425410733543	0.0023637214648290173	0.0093662520328542	0.0026107754359838754	0.02751888041386852	0.0516481523734625	2.259272367023642	2.144431406406388	1.3089796419177	0.006554767965150624	0.02220423726792304	0.015888920416526658	1.290842150294282	0.27444043220736786	1.2983158235661605	2.014808822627569	1.706315124337975
E1298_562	1.6857987245675996	0.0125241148501558	0.0023896388917580393	1.4202302230203123	2.3980183099127417	1.255010146104394	1.279157412942117	0.005536808569387485	1.943459524056942	0.026277735655061786	1.7779273191050868	2.713112064682156	0.007827841850175151	1.4090321691318208	1.7210747432308775	0.00467497806237181	0.0021923280859703653	1.475457270892385	1.9265275094705163
E193_382	0.03871993503322177	0.007348210296492862	2.2653373357000817	0.045653395621588114	0.0042760711661301715	0.04003104420299692	0.01595575170818369	1.5207452748623336	1.9294180497589832	1.6220734016505758	0.11213291263202596	0.003869971480149183	2.0731341146238367	0.05419322730327353	0.010343986287543796	0.0002039710115928333	1.9736312919315075	1.8752328057572527	0.13798120088109814
E163_759	0.021601846171758074	0.02023926634003177	1.750686682650765	0.02419933553142007	0.04950766225305385	0.025386475392036208	0.0019989640199413387	2.123853405693199	1.6180602578154553	1.8719444736928168	0.0015822152771074536	0.002138694598942216	1.5415540280106943	0.007451568624102381	0.01594898275719303	0.01869630973781829	2.000369896188704	1.8086328334255168	0.004438451693944282
E601_583	1.7765822789960783	0.01329234946177402	0.17628210532041022	2.449062866965745	2.3585016998730053	1.7971498375489212	1.976878962671471	0.005477820806747759	1.4160234472743891	0.0005571385636193792	2.114117238358648	1.9012983215570611	0.015115628714880425	1.710019231309011	2.1071812716564167	0.010414047878099448	0.005171883150349354	1.8118821530376945	1.9038632306360213
E784_756	1.499816878183582	0.017822286429426314	0.0035007619540569183	1.5573318549704576	2.179049798044613	1.9251459941585432	1.5747022805182622	0.03972059204072822	2.627105405572809	0.004682326087798069	1.920508439337239	1.98771174919986	0.02082530998942306	1.919650726809808	1.6621590558725807	0.009284241705776752	0.08384101428849106	2.3931593642751854	2.028203412877803
E1829_264	0.10118024425498846	0.006961156706056139	0.4226408309539949	0.005510822512225936	0.8119676225657797	1.3268817651812128	0.025220454972013653	0.12006055227913312	1.9163914203450856	1.7344879643493378	0.2660693399442787	0.008129233201480937	1.9813707106243983	0.11754986267286716	0.8057752025257288	0.020594467080418385	1.825939531084471	1.3574043781860814	1.7866226146498725
E1852_79	0.018021041845494717	2.0205269879306798	0.0017631518955989113	0.0015744540864865385	0.12508712080885565	0.004480848180814645	0.0027205985184375163	0.004276467447080575	1.7574055948550966	0.3972307547964142	1.322654313261189	0.039961032124788375	0.03507033232331351	0.01578763595144041	0.11083216234095464	1.733518359274953	0.8695817339654379	1.877594983462488	1.6334326783042068
E117_270	0.028931403991823163	2.6095576286687065e-05	0.20932581008043885	0.0005376851388464044	1.5775596822711362	1.8983132788762016	0.08147032038390202	0.08864921694478395	2.119910213656687	1.6212409274585942	0.9162575254434578	0.051256085288620835	0.6772232208072821	0.8735192303207333	2.024670622386251	0.013436202945723612	2.0380815666631342	1.4327765559566008	1.5680186812965995
E1500_102	0.07298509331669675	1.6361847244448555	0.02783518062965818	0.007552414486034727	0.02396656281600045	0.008988298837727574	0.00918941325714422	0.005076310709004496	1.47123677239643	1.492217239739726	1.868620912195252	0.0014609941646260489	0.003010186257681117	0.11673901307063902	0.10634929870945872	1.5827941326361623	0.9714158318552282	2.47809065665726	2.032286199320639
E781_458	1.5641969207654551	0.007295050051063303	0.0010020574952586646	1.4671869974530758	1.7419330085681617	2.2603702912347603	2.6209313929314257	0.0014079641782423185	1.8280564076222168	0.06795068517690084	2.0687787015891064	1.5430367491234338	0.020272955737610586	2.228107291478972	1.614329851276923	0.0077127631454951455	0.2020397160867159	1.975012920739596	1.4331886394384254
E962_11	0.0064310138784790145	1.1957628655442099	0.011884240029447778	0.007615029541694987	0.0021273666387364135	0.0072970531651377546	0.04307825919501261	0.00756170351960863	1.4439452381670608	0.008268633419977963	1.6151123248874515	0.014254109998482853	0.03831749656946306	0.030779611418544264	0.0049726578478776476	2.443946999891263	0.006602784154096285	1.9454061158801117	1.3089546170298891
E622_581	2.22036162583509	0.0016953718462707145	0.0007311585833282199	1.7958390321699151	1.5433221110427024	1.5441804401279873	1.3654956854178333	0.06468216336141623	1.5848062682893214	0.09122035008582872	1.8840817605450493	1.5932139048684562	0.03877632658779264	1.731671955012314	1.618735258364991	0.007132819889215198	0.010814815314642644	1.3245064422468316	1.4804426470763008
E553_227	0.00023630814836805673	0.048031057874385184	0.09840826290135472	0.00010152907347484013	2.2037816657004825	1.7023826440240497	0.03826711199811348	0.018056349332727	1.8064713486004464	1.7144467043028135	0.06056833133197542	0.04976198038595018	1.6063662774907883	0.04243392599412423	1.8596204179605962	0.00587012810312371	1.6707611599252878	2.0607440568196203	1.5083625533532332
E1729_224	0.0014194615002190642	0.33370078732883096	1.312323621728808	0.0011983893595449904	0.16553533127958814	0.07882970290000285	0.003603389795390011	0.991266019859522	1.744889573475037	1.9420096216942129	0.04128507699531689	0.02172664747483729	2.5545318655263616	0.07037300467402258	0.6506223004150162	0.0007377806285678195	1.853377900993292	2.0469053017899475	0.9303786782451652
E1916_766	1.4353225296485064	0.009328144039522163	0.01882662947931593	1.7632208468973611	1.6440612306002669	1.5709549937296856	1.1753322068368068	0.0996996711284383	2.6727821257243254	0.010163146355288534	1.6016052211198382	1.5346687520913165	0.00011869430991167872	1.84193523313157	1.5079248113023154	0.005134592588130311	0.049861267063282484	2.187496567157924	1.8555403289757355
E1077_272	0.01720146417022804	0.011103246776933102	0.027387699602264847	0.038341970793138634	1.741844291312464	1.6704314987182969	0.002083663263324972	0.004952409930935447	1.735157501275791	1.8180918800223875	0.08286710559024947	0.01831162447507065	0.9867501168164866	0.010791927508919306	1.778711986925196	0.00105026579319742	1.7560910153460425	1.5987621897399478	2.0993444646791537
E983_201	0.004188037438144381	0.10573850576829928	0.5425511493765759	0.0014236500962852099	1.4695400262041398	1.2655672007995802	0.0022324777360201733	0.002908555849139301	2.0312837348164754	1.9574166931987853	1.2581507753017251	0.0005542704973270845	1.261620943853181	0.7066619329985004	1.3719193363069642	0.00832550103860652	2.0320970030582752	2.038084372787208	1.8293946422969365
E1711_429	0.02102913800301374	0.000726356422223084	1.9931075596379464	0.004308564854385504	0.031092590917615695	0.002925531280251745	0.05579500995840518	1.409173819775343	2.179935419389989	2.0528075592869897	0.11222431002998054	0.0019876446978034056	1.8467683560369144	0.004253448984691021	0.049099336048362086	0.013210902237564449	2.001689317156341	1.8121302665203467	0.007416131806882319
E1284_587	0.0020320658748224467	0.009271670015380163	0.017642842885348498	0.00194662728847384	1.254231144526281	2.466097998700332	0.03140139810390589	0.011728005530494984	1.940759656674684	2.138683424532009	1.1338559987953252	0.00779316851029222	0.0021886601822182663	1.1522158966714449	1.5985151592324782	0.0010582668234294826	0.04027365287102072	1.4184653421628013	1.863306805621905
E1303_53	0.02036856660553936	2.0212057651665547	3.1260039190050912e-06	0.02919094518688632	0.0003668401394062233	0.0009024869799222373	0.014781952007652815	0.011187909138836695	1.3298729278504755	0.0028669336631362424	2.2087259024686228	0.01621414465882632	0.0057902708379621685	0.002544677043070447	0.002678065644899863	1.6816277529225008	0.002335047597229013	2.104172049447542	2.282677018388252
E10_284	0.00658378347984425	0.004112853297003895	0.13627917416617535	0.022346729940165733	1.8796208842208244	2.263027320159051	0.023271961231956826	0.04545366485830578	2.052413993956722	1.4738431120240891	0.17738450815150392	0.05394475552204006	1.0780259101001597	0.06535748443787542	1.6555687125762069	0.01863659506165231	1.7404317497242394	1.9904917681191183	1.3827624963147016
E257_392	0.11533430355430145	0.0004063882805843546	2.2397070268418484	0.007842507475878427	0.012882811653215632	0.0019953402733382964	0.015562525916428118	2.3038081262233776	2.191943504694338	1.7312369359496156	0.014686997079977284	0.01867043446882617	2.3222126865711203	0.033597671249192995	0.05584677687400863	0.0048318405962369795	2.373218928021477	1.5664402384513698	0.0007236881699707397
E1995_765	1.4938254411307808	0.001414414775630262	0.005441720593333389	1.892999098736554	1.8017155951801525	1.8789416841221849	1.483950680856164	0.009466845599949793	1.6631340094086062	0.00126997373370233	2.2651789682847228	1.6303785747967745	0.08081379985359556	1.9708104854919195	1.7976805056892542	0.018083926703952168	0.03400533143511164	1.5913157465402452	1.6828961741908481
E1962_54	0.07552853976339435	1.6755376704041205	0.010792991652603792	0.07678186841522833	0.012059096722883151	0.038120138847150896	0.005947761863938875	0.010037062350548373	2.034682300987736	0.039269264750925806	2.0247556062013916	0.010505889171860405	0.003903706508099791	0.002658674735119337	0.0038605390727087883	1.387175589097052	0.008532044831636078	2.0179917212323555	1.6975917433722991
E1569_783	0.0014975888990156655	0.018034197349190186	2.1022748750419398	0.09182562110364123	0.005944159047977671	0.0001874402086816749	0.0017927748381144782	1.8612559754995504	1.431294683558284	1.6665892978463768	0.02238387635804325	0.0056719894428935175	1.8457942279030701	0.00382033055758009	0.007406160118168655	0.019882795973392188	1.9353320797927844	1.4560782492127031	0.1048746376404932
E524_382	0.6062744175182156	0.09605237643893157	0.024178804637648224	0.5793098162245996	1.7931850324284881	2.5992729099559173	0.8540338395124497	0.035840452420135435	1.5433299819132906	1.0838930411887904	2.3806676903175146	0.5008059880011212	0.009133979196884549	1.5773277171757172	1.7261998898008828	0.015660383027615826	0.014980225787324816	1.8836346941099829	1.9048990686680785
E433_15	0.02891357268341912	1.3650870716313124	0.004615146308428622	0.003635108121829445	0.07096021332994554	0.02734290888539264	0.004893759868478639	0.0030300029134674084	1.550269382998614	0.014456308858533582	1.4261436374671574	0.0010333947126045411	0.032867306967001464	0.020277160490767297	0.0045516214533889475	1.4345662515220328	0.0042232865432240176	1.2979803126909113	1.3613363480673422
E516_223	0.0004499645733434005	0.0120942848036222	0.8042254515136275	0.04832819822680085	0.004216228695705199	0.005439954700198608	0.0011873133305972607	0.02029009972248977	2.5649110346116326	1.7984281369831054	1.0304674505971425	0.0047850215386570786	1.3103695615477624	0.022734206444845792	0.006867353246163445	0.0695372662703416	1.6641497878706173	2.0518108103014403	1.5464574962346935
E1632_112	0.007966075350853646	1.539891472716142	0.013354494063919958	0.017551635874410346	0.0028496338915526237	0.001893776945214921	0.07038916059447589	0.00043786168997089135	1.7089735985984924	2.674414829064028	1.9257900467437103	0.016701899043147204	0.05981617642359096	0.007765199731045938	1.1773768070915491	0.0041020011818911776	1.0619760477888087	1.7358912770406183	1.951883345436083
E1052_613	0.026142919249617223	0.0011943958103189242	1.953257487417413	0.24901307374321066	0.01743125741784714	0.044656633610481784	0.004627695446160861	1.852195173002068	1.6254360170861355	1.7434290331171147	0.013368342404575774	0.0012604744432520255	2.3767577832093543	9.683755732749991e-05	0.0005524724710444495	0.042832829086477744	1.762599356617386	2.2208210896211935	0.01965381669633176
E533_733	0.012331802771054192	0.0038748790677319905	1.7988075785432256	0.026674518530578784	0.0048248848138607294	0.03313692498406878	0.0018255862058385406	2.030745127037613	2.4946045785505344	1.8824386306958119	0.001685896609627075	0.09557557784716672	1.5107282308017052	0.010851371318437102	0.012923862034045656	0.004790591885340471	1.9723983491315609	1.4886015030099786	0.0007500917705467217
E1253_537	1.8676944737064607	0.001262807923014885	0.01658549130231626	1.718056407922728	1.947426878130173	1.6885979925187549	1.7100999734193616	0.011710161836509771	1.884509845134396	0.029063304867008394	1.7132187572289646	1.9263698124284856	0.006052228633313365	2.222345626617646	1.1822891204319432	0.006664336249465701	0.006645534096810119	1.7259603279391689	1.5947806910455808
E1271_769	1.8735254830601635	0.05063447146853954	0.010125611922725007	2.0674934117035555	2.111611884404622	1.8927535695029631	1.7371664976562788	0.06465285598154852	1.6345643946551731	0.00825120866787665	1.9121608135763548	1.8024033566539424	0.012451578356423777	1.4397123346101826	1.6846654320193883	0.05668040052113476	0.014999100820863769	2.1138605996840325	1.5072607105752849
E619_686	0.029904815913094906	0.003741034360694756	1.7584508948138202	0.05369240400954532	0.02030487097722201	0.002765136033629259	0.005117193589904178	1.7342366226678858	2.0419544025206973	1.95454986186732	0.001249423245496733	0.014821959021445088	1.5849655895985275	0.0026366562466563982	0.007806450010873044	0.022819111307213855	1.9794277357233128	1.6211255174286034	0.02484535322196461
E1720_50	0.00047534543041469695	1.6378911486512884	0.004462433019523478	0.006787157378988858	0.01896389258771341	0.006972451906891865	0.10440908203682613	0.005460508550003833	1.6141549456746924	0.02647765766070194	2.540441754442893	0.03131257860691385	0.013728832329616912	0.033592578166946295	0.028221950088339238	1.830824777232404	0.06286868348120044	2.046522177065556	1.4909938197701749
E1935_456	1.61304285053721	0.0013328594216923536	0.009519907649583754	2.4137146088004697	1.6523435208424877	1.627316426003693	2.616899339961995	0.003246919383826358	1.5990585481838844	0.12111577469243308	1.8983424333831875	2.219814933353457	0.0137793166970934	1.6781264018443318	2.029812427738436	0.016596459502826313	0.001802960815760318	2.367737290185195	1.4461295349720291
E473_47	0.031866961176496136	2.147311775660276	0.012128823534167287	0.012317106002467843	0.0156919738048283	0.023174369650835858	0.006014670446772778	0.031205106177394762	1.9258396100965856	0.16023482565508562	1.4356777390580455	0.005913483729198745	0.014101163185185447	0.018762374237441967	0.0006976193728672092	1.71607653765755	0.024754649398157448	1.6401100373615547	1.8221075366779649
E661_134	0.00492975735804416	1.382713069785246	0.24082788836136096	0.003920793499658859	0.026284925695933048	0.016668046476649444	0.02861356397488773	0.003397554264023596	1.8115799189813089	2.2721285651799668	1.7593720390793255	0.004710934533241071	0.2928651335052004	0.009310183483888963	1.2642458128367	0.06212935509692849	1.9158348793428124	1.8842591632216623	2.101051970802798
E62_673	1.7075809242970523	0.024941937907642577	0.009052983398893395	2.0010293538064072	1.6393733416932923	2.1203441482042003	1.6719613406811316	0.03286499819164755	2.213471491015272	0.005460994607805443	1.4128811185023065	2.0040816488118938	0.06662466691523466	2.136594038668528	1.989533291137924	0.004137511793730934	0.01784793516032988	1.9314377705052013	2.6152038570190683
E1694_175	0.037889972236721366	2.02363092110174	1.2772467713065208	0.03729236966391463	0.07274071667669754	0.04933309384333314	9.852644334148456e-05	0.004644843844524704	1.8767377456819527	2.440565311074512	1.257457183897959	0.006778908454546667	1.0517878481410246	0.02187032515506876	1.4856052873855468	0.2554210618572777	1.3993262105954796	2.1439593138938	1.5802250440623773
E255_249	0.018577998765368368	0.07531701127565256	0.02428675280239529	0.005946813544935246	2.184880372275559	1.5075380574298003	0.0030724967734016787	0.0021429783136370922	2.1893400837529127	1.7254420553758991	0.18596920531469524	0.038182911904752107	1.563450582253591	0.06573941176140571	1.5113288376858258	0.03585065872660712	2.09718778141123	1.8990293018195807	1.4997566235420394
E1333_513	2.6977087008146508	0.00377646483729728	0.013669076995677902	1.7803757614954672	1.8587486781578777	1.641425326226572	2.409267379433827	0.008093623742133738	2.30130907690775	0.027712124099886187	1.855321125919114	1.7986669695799231	0.009608553313388644	1.6804151331157942	1.7365759932117124	0.0064833931384491676	0.10919992360730152	1.8762997024210448	2.1051719013744536
E1065_20	0.0006499632358049273	1.8665613752852983	0.008230090839879387	0.0166443978577229	0.02456425460792755	0.04118469527696489	0.006532378524119618	0.010833177447508852	1.401501050063498	0.004734848819688683	1.3782272800304902	0.03488307150935238	0.002248273871941164	0.011006514107026565	0.016022037253504397	1.8532274425493511	0.05804384691953982	1.9098096875026216	1.8957938596091133
E1588_761	1.9858633994034	0.005811523502362671	0.0046000274519356855	1.7298867266808724	1.583213067758566	1.6478710753763828	1.9779005369951264	0.0069081918159501505	1.8351003971727984	0.017789283302241003	1.7418563688747648	1.6612369206527169	0.018640813525702973	1.4577216024817354	1.2370514046401833	0.0037965344746474718	0.015979835651346287	2.023078706675296	2.2748439368695803
E848_665	1.7084313192075176	0.030631366705225694	0.04876102040973747	2.098475203442316	2.1460330815219097	1.8564977272599328	2.283228406348195	0.023773709083739717	2.362497301798303	0.023473231088718374	2.111175620624252	2.2147006996177816	0.019704221117661624	2.0204423664847635	1.7038337846333549	0.0016802080772097606	0.013167361436198566	2.4119732614394582	2.436399633952386
E402_101	0.0027378064203972784	1.7130992055088297	0.0011825336852377118	0.0005981081257199553	0.0039144820945402	0.00841413908218662	0.01900366796515631	0.020620117838329486	1.7665796168483738	1.5845179648235617	1.6962374434220302	0.032269592190832724	0.012817920388798636	0.0041371657795994	0.7494435401804153	1.098364131629004	1.8976067753781447	1.5263748104469077	1.6728618081739146
E806_62	0.24226343241980536	1.8169194025207285	0.002272782081375613	0.0035580874241566704	0.0067797856657200745	0.02145846375890147	0.06441036741416299	0.0007385245056000863	2.8581269751872336	0.2067941442135594	2.2026557749516584	0.006828116380530431	0.02546158337123405	0.01894366632535742	0.011199830075162762	1.5035431525959106	0.04273236879044466	1.6309178608717203	1.4486591663124753
E1146_166	0.036825074455597184	2.1754685645418905	1.4304683914181409	0.003450442013538319	0.0028952142932753265	0.04048012327599902	0.0097563111358842	0.013853650662745264	2.022742337348228	1.373234437626517	1.7074468207530753	0.00034830485207398414	1.3662420464951042	0.0011060581473648046	1.4677262602380263	0.08131698753096059	1.3107798814144165	1.7403706479026684	2.2531387867532726
E1123_563	1.8511082488687465	0.015570839570650537	0.001960040208006373	1.7863321891007695	1.5178041351983913	1.5320735417713156	1.997617145356232	0.0005979742692039136	1.8406564714132465	0.05910644738860449	1.6005999931995605	1.8269797944946689	0.014656248570390116	2.4257000789246685	2.193563190036501	0.009652144712722358	0.0023117263832599906	2.0879130081744623	2.3914900330170803
E1493_153	0.01476953565019121	2.191362271882272	0.0008137976001567349	0.00040589412480153045	0.005027742518536587	0.0023371283626608787	0.008569383339452692	0.034650022917587835	2.258571503365752	2.0505392966027745	1.4851479195564674	0.028339677190363108	0.002125490292973387	0.05315022851547276	1.3612912891054252	0.30939965822718546	2.023532197092245	1.7748671922417811	1.9703305017611623
E1834_452	2.0744599378507824	0.0015874934971567252	0.03230506461437952	1.5131500543118055	2.0980535184809304	1.8050537555122288	1.8421709299795663	0.004573620714418802	1.7503157461751853	0.006316260925503865	2.030820364292011	1.936234274756212	0.0024212779224440386	2.1525302895489533	1.7063948628135488	0.0438851452732108	0.002898516210812241	2.3571409996580432	1.7015773667953706
E177_449	0.000250027361237578	0.057080013818845886	0.011407570004093766	0.0006203367428354428	1.9240039567137748	1.6621839800386315	0.061584332468204835	0.002272217336346612	2.3152423258574744	1.3899662779803277	1.40144756554071	0.08274376780740303	0.02390071140483667	1.6321973537987233	2.0383328564665595	0.017003070528938034	0.09311661207087707	1.588200008651094	2.5888233835988403
E279_453	0.1642464656690373	0.03749566193015697	0.1431149545608322	0.9938763052414143	2.102966964331383	1.6399700967914124	0.5039615265622478	0.005846893596510704	2.486027863386266	1.8540611589499305	1.8684112229347687	0.9191265463278184	0.009866025712574972	1.6206875517788506	1.5646621260488882	0.01754605464789414	0.013531852165443763	1.5927525741404347	1.4958463372231652
E821_652	2.1924429701958537	0.004740207170794674	0.018235237270853147	1.5174857304027205	2.3237674766972654	1.7181337476413472	1.5328810828278536	0.03053233927361738	2.4617953795209995	0.14396449249581178	2.0699774216717928	1.803219413265327	0.00902858593024616	1.8870342553528632	2.8239371715168167	0.009226811930101159	0.10513989871731044	1.8031275105029247	1.7994747332257215
E972_689	2.026555596764565	0.02726401671694046	0.011375971025418895	1.6928454146167633	1.4750757810307706	2.1103198981508817	1.8104587561683507	0.014958132694229822	1.9135011874307504	0.0432020891501465	2.00425862588936	1.8084394736720928	0.012138092474421849	1.6502839425372569	1.6294595361642394	0.00288703254264957	0.0003517373100750693	1.5222505195086729	1.314352914444867
E692_741	0.003351428581263375	0.010328283509321485	1.5878918093533132	0.0053508519984489964	0.06828902191092713	0.01888021271942249	0.021695081055775337	2.3865664228425305	1.7526736844338413	1.811971017886668	0.003363603188746945	9.582418960418662e-05	2.1978892841933257	0.008514382029949766	0.028106255710679845	0.01118892818653962	2.21535958151103	2.5155176840085023	0.0003768189230433192
E113_404	0.7597825060682053	0.0074001063158765455	0.012295569946668722	1.3336658100215857	1.9581284046807323	2.0119928224576107	0.8593304119229968	0.009754756834387807	1.4906410453590209	1.0723371402495172	1.2772072313758829	1.507981034556347	0.006226814610392188	2.4641135315667	2.2387901325086084	0.0011214453480209439	0.007234221385971303	1.4062337678429404	2.6133746993172107
E532_793	2.1651926647635333	0.06040274436960358	0.019404025812096208	2.075317772658761	1.63706514392974	1.6318070934208924	1.6608117954123764	0.006013713815453967	1.579645196952007	0.032669551873452024	1.5045887713928374	1.874948742241545	0.034712544658618824	1.793330742530907	2.340757227143192	0.010514109413640449	0.003581746903492025	1.5393856614871084	1.836743462975944
E1236_705	2.1925748269853167	0.033747300992914744	0.059549211469495225	1.7780253920354399	1.9590793654652232	2.095947318024088	1.8933300398100432	0.022020941682477858	1.8473775054770567	0.06528459823720932	2.0027271071383503	1.4036697422714617	0.006836675090551043	2.737765270007245	1.8198978152917324	0.01307461239312652	0.03481893894761092	2.247023474726072	2.4022595919123333
E1223_133	0.005898873397300562	1.8310928471926853	0.006179325868832476	0.02408448650081797	0.0017623848809283308	0.1716745392504838	0.008102253292393679	0.021405639472968245	1.987392474964376	1.2682762860289152	2.286564301950168	0.0025469951529926826	0.0020494387975355625	0.013413245261271977	1.7363036247518897	0.0906482542295361	0.8767617691640844	1.6097218378473717	1.6325434021984664
E1827_284	0.0011266116875549188	0.5106004607002295	0.05401325137732643	0.016555466501939047	1.7856669087416035	2.307656457199792	0.00018141956029886128	0.15960706699474994	2.1825959515472246	1.7003653156829956	0.02198724680570064	0.00644754330551149	2.071040008288821	0.06808876434845698	1.9691810528350164	0.009446950468513382	1.8201139732677576	1.7421621465587576	1.984960190283089
E211_169	0.0032421083266830557	1.6694439428108672	0.059307935736165336	0.005144801423446331	0.030908691994692983	0.06443972728310242	0.06431082468038349	0.00014544280707422342	1.5936997057814657	1.3338091360932358	2.2268943878242298	0.005286680269993219	0.014338100900962578	0.022709760909089983	1.911268966977692	0.06632932280551297	1.2022298539285514	1.3496882564046089	2.1618476083513305
E991_544	1.7819114837042964	0.09555892460624256	0.03181789614714015	1.7223970766104992	1.4457992763436551	1.6106642516961975	1.8739326316630307	0.03473722980693252	2.1565379775965567	0.0138765098049869	2.005140059491406	1.1538616813806164	0.000183588153599054	1.8517842686434087	1.7455866887692235	0.0005362156973308463	0.0012746289652130118	1.7827817110370718	1.3958612205495249
E1094_622	1.2337636852150549	0.0014178942324047875	0.0008605775845051134	1.3167116433840766	1.612084715010656	2.08701501356322	1.5621297310081093	0.0034973820217967426	1.1290208888269484	0.5353105613609541	2.416284423018474	2.001606452569757	0.005424535266787495	2.320598912815271	1.676193736321404	0.07521960432992936	0.04664952899529957	1.763374654949082	2.1920347142045555
E104_346	0.01948283533603369	0.00736114541312877	1.3079979098111365	0.008839107418048891	0.03215543650540843	0.011566651643475593	0.015064625709624156	1.9263114822652645	2.31837512094344	1.4394271015051652	0.18574182106521853	0.05446732198674562	1.2970135454262866	0.002311292811122021	0.021530114198833272	0.014213196161652206	2.05092640969277	1.8541827175962424	0.2190773105659666
E1242_630	0.0467097557781419	0.00303072466751658	2.8704664571935568	0.005665417662476888	0.010953946124831714	0.002248136549747748	0.0419614290581137	2.0691519774924942	1.6999715806290026	1.8761402645653809	0.001834530582347168	0.007593197645770505	1.8223260327484032	0.006825717105167769	0.008114600246962528	0.02646537230263373	1.9709348879664463	1.8324791308387216	0.007172438426931922
E1819_258	0.03931042581038291	0.007504737541847598	0.0021611069808111123	0.0037268987965944334	2.498656509208583	2.015272916088975	0.0004570526852335637	0.004867399976197798	2.037784828985791	1.1333898426989228	0.008864050994362566	0.014161102427709762	0.922688660569928	0.2019269334894584	1.6504544750601766	0.0007369606683011207	1.3319086871019314	2.2213088957610774	2.4062963540911984
E1313_444	0.04235215685352031	0.003554433107331014	0.012415360056235884	0.0317336566901162	1.5383146636207363	1.8142084523619773	0.06937648191572973	0.011336535957518046	2.0278453120495943	2.452640793904839	1.7292330894535437	0.010135684812793677	0.011467860424966041	1.918615037937208	2.2824111004923098	0.02167489084377253	0.26970355099069243	1.393096507730596	1.713689425860783
E1336_85	0.06936604026974963	1.8459946287862103	0.0009423371649296364	0.028121079278595102	0.006792986831113794	0.03560447780667927	0.12809655493638544	0.016488315686154883	1.8459783611807168	0.3812859778653526	2.53792396286111	0.016331409267413558	0.005184213989206035	0.01059075497607602	0.3932315823767467	1.1423731861313409	1.0357882195930384	1.2757522244847073	1.5348547089744695
E194_614	0.04635270871657233	0.05924643127930969	1.5075880508678527	0.005386738247888479	0.01828783662149903	0.0046663146377718895	0.007284055938971979	1.5229424845500203	2.132697114617911	1.4444626717640576	0.01677570088372441	0.013070678668954415	1.8328188515962545	0.012770550461933695	0.0034085398611082584	0.02573528290301804	1.925630145538576	1.4725241859451923	1.7965756835638426e-05
E658_394	0.0003042422400183105	0.005885037640629936	0.001860777851397669	0.011837443609891252	2.163414474756705	1.8380000890611583	0.01610142701275125	0.04494817885471852	1.8363710053920368	1.6698856177475574	0.24278312349786546	0.007983272145726158	0.007829828344616917	0.6398982739082744	1.6477499663375834	0.007187446107704092	0.15500460674033956	1.9387189678504848	1.5337600718471989
E180_49	0.006729524273812187	1.5581967849537484	0.02372866570511937	0.0069176543645420325	0.0894771624073146	0.019176298332944385	0.0010990031799919782	0.004102111215779689	2.343675780360835	0.037899505405544966	1.788843097000741	0.018920833278361	0.02440741059463077	0.007523864729816012	0.007994350505613704	2.1726415933185343	0.009897952842708035	1.8032030390896536	2.132033581532878
E662_269	0.0017011002524685759	0.06450515183722824	1.6938181263554468	0.06074939351406919	0.002857788319028972	0.001408562420408193	0.0060891343422181535	0.04611804927315369	2.3302938057370564	1.0742353326767449	0.6115086653013371	0.0076247026873102405	1.4985216417923948	0.028802787526325164	0.04026641709710063	0.015317282231730957	2.0023573084525075	1.687109836243604	1.964693147249952
E1272_176	0.02211419570948184	1.3006866615106274	0.7141335535163893	0.009706803832614706	0.09994753864028556	0.3455132603653424	0.010781371892845584	0.006030036222272718	2.2645902567148264	1.6459676403509669	1.029219180364087	0.013728594722069469	0.8693242902235558	0.2468705054286742	2.0601198293205565	0.0018732533505712461	1.9040915112829024	1.830721543016084	2.1779534518902883
E640_422	0.9160070751320356	0.018093761433351403	0.04944510797059088	0.6322116413438721	1.7942905419337027	1.9137872198108297	0.3908334785814343	0.01037689599110002	1.908848544543729	1.4309290274249526	2.461563317241521	1.204733661379303	0.020130092897886087	1.7198593396517072	2.0771795160028	0.014376233594341504	0.12303316257860347	1.9355900510781283	2.169449891972885
E63_13	0.0024807590934346185	1.4188932461328008	0.014658130128748885	0.0034731879921586486	0.00863123527967547	0.02066067874881402	0.04131503354298477	0.0002367038749004905	1.0450961396651008	0.01784184311104907	1.50175038164698	0.0011155100948542906	0.013992780370643507	0.01635967861101531	0.016027497548545433	1.6554388990958608	0.012954300374291726	1.0622143702137041	1.589108708659709
E536_342	0.04054120394774671	0.0020891731953335928	1.5771793669309715	0.012714443852629008	0.01635144515604528	0.03127115779305638	0.002168763470430845	2.2531890271841943	1.4539889301032844	1.8816499513829408	0.0046819725920403754	0.016929975821773115	2.0497525294445293	0.04081359743270517	0.005393862218580488	0.010409490472776272	1.8571067701814008	1.5118314003169795	0.011524685693283344
E1760_685	0.03693640357562005	7.862513928633607e-05	1.3151680460724968	0.024325822163294583	0.001718176631322491	0.0025141874269263764	0.006092827192954265	1.423534499948361	2.0341710893750595	1.7701032799781364	0.009098798362793908	0.008724093671276939	2.4892949218188494	0.016244308486557682	0.009843368533130684	0.021738298986261576	1.6553633985041911	2.149067785393432	0.1215156316502418
E627_37	0.021296653695928026	1.9737933108853567	0.002900115824730102	0.012683898429725437	0.059943963673599526	0.00303952060944602	0.011797235194363816	0.028906273902974438	1.9516274441066959	0.002921262167063605	1.8785872791814517	0.0011882964126311865	0.000807360028105967	0.0064225567012454795	0.01486241828889274	1.8154280218523504	0.06682710883151674	1.9937142440755085	1.9908844739439304
E1692_110	0.003199307099988769	1.838362136711314	0.0007105408772952342	0.02152505964399681	0.0028611891551293105	0.009519868768238873	0.021610663116554355	0.0018157410792949253	2.0736639486078685	1.2382881824356289	1.7312329450643231	0.06687092595757611	0.005027672045010072	0.027250919520811108	1.0746671744987857	0.2827704461120251	1.6678414263588746	1.9234439879721696	1.6469228897773294
E994_330	0.007785972561528682	0.004999843848625926	0.019700950661957	0.020114833256035254	1.881062103592709	1.6528202861516612	0.002052510316124564	0.1686881891447875	2.1120498147668294	1.9322233973555758	0.009811653369990335	0.004634522242969006	0.3423031776052731	0.03550271770086278	1.815918398530848	0.003162854874222625	0.12284753097615315	1.973540764528556	2.2354878864488605
E726_296	0.020574979671662524	0.017783273720737118	0.03973561503279549	0.00924656727782433	1.875147667672824	1.8269589462566973	0.0003004317519266957	0.0048748615381925325	1.4854563795147642	1.6912592874277876	0.003951405844134438	0.018767899686201458	2.1035019506083192	0.0948238173123768	1.842352432631934	0.03006675591193848	1.971057355501329	1.9143206800866508	2.0698263545438875
E230_256	0.001362149800870266	0.006394041498418893	0.10680911026857363	0.002819138116714043	1.6824912119851798	1.6106324948116897	0.009109702337373907	0.006082648666451686	1.992764263462797	1.4841008956443031	1.560737367620699	0.0182377443839624	1.676907418062416	0.039470534372030616	1.8528480368559648	0.045062522883993504	1.271453909467021	2.151090864360772	2.4553541410889395
E84_737	0.04003791013134488	0.015538749984131878	1.7838285514154937	0.029197467592643214	0.00025957470085011784	0.001491232642913324	0.007970889426912703	1.5335199230885603	1.5198651716452984	1.6956857670197172	0.0020275562228609482	0.003723763551959408	2.365300801913868	0.0026018768840230517	0.01863526043339224	0.05308469036163618	1.6043358075533454	1.7449571815066205	0.008431898350525656
E1742_680	1.6768262482793868	0.001441480399000401	0.008175700067095028	1.6568029454941358	1.7902789556621683	1.9606702067253567	2.3938486980180853	0.005291172070045781	2.683779176691744	0.08596051386915934	2.1334289723271134	1.8115403712623133	0.005996118863847975	1.5944709954607048	2.188768735417414	0.062015712979010686	0.027044782188595188	1.8724334888290604	2.1864212221616963
E598_60	0.0035177426735107497	1.5058518946277413	0.002062525277892696	0.0011441911339331663	0.007255902778634201	0.03518388236903098	0.016835243916259783	0.002553901328203027	1.2425394959487936	0.10962462977790224	1.8830078780776187	0.017890994910091967	0.05541867565913877	0.0009112306858750175	0.012128819734207687	2.0144874448505514	0.01703717605556556	1.9316665001895288	1.8661259913938244
E187_730	0.009672636845767186	0.021577202689272247	1.5859645433691971	0.022037716424111148	0.028907571078140883	0.03520810622233361	0.0018976149977494288	2.378329308383716	1.4463253305528645	1.9223180990657824	0.007541093306323827	0.04028594394228456	2.4486751265690776	0.005210743673179798	0.01028900498481775	0.007478049075688439	1.7953904469056017	1.9375556420055715	0.007870850775409615
E733_66	0.012602563981365576	2.1621575063263405	0.02345042765819431	0.03156173593463975	0.0015995186738387498	0.005554841939526457	0.03719105675484605	0.007683716988636161	1.8411113360952307	0.026125576898081808	1.9184888183406967	0.0004494912081427586	0.0061877557644276935	0.017460859106382655	0.05214796372067325	2.4861784653557724	1.1593391181325194	2.1079093067183683	2.18055998915146
E250_760	0.020084541028286537	0.04229523099530146	1.5998754096145966	0.0652893242593307	0.0536597296002504	0.057410027212705286	0.005919973344078382	1.966640277587846	1.7826305553250583	1.7551900203792872	0.0209416293795898	9.2242415569801e-06	1.3745294862714317	0.034369601464139525	0.02335436366539656	0.0016418154931463846	1.9805800390242905	1.8061408959545568	0.003992969360172051
E1314_621	1.8925324575498927	0.03050759476334227	0.003389855790835557	2.6063051196055325	1.4864107659466446	2.0442021575034217	1.8675119305754293	0.07174558832628165	1.9296461007293395	0.09837657781544462	1.9655135756249118	1.6746193041201236	0.013260886651678856	2.024149711567392	2.2590096928490806	0.011733363469415049	0.020756714497091367	2.057170848903696	1.9340595371445268
E1127_184	0.027794027290822983	0.004392380116350722	0.3870069373348152	0.00858820746158971	0.9781465691526674	0.7481115783413044	0.0016654583109498805	0.0011475629534069545	2.4710698207509583	1.624530104577515	1.3781781629337957	0.0007799592161491344	0.6546465200776791	0.6101785162544289	2.034742902522665	0.008975042676552962	1.9505344915062122	1.238627482450684	1.5734927768977398
E1376_264	0.020519109000040985	0.5810472860547129	0.04574972692090813	0.01568155824086641	2.5993059512199137	1.3664660449513764	0.025767007572202967	0.024254245920838892	1.9100288882550795	2.253262725759773	0.5863408124307531	0.04541096913905898	0.5978588385112449	0.4715651149909504	1.721015505207916	0.027478878654725127	0.4653970844213311	1.7220678601195576	2.1052485293280725
E29_316	0.0220953471315076	0.005985752672088418	0.2308238830927424	0.007169638332052545	1.4076020556869724	2.2938342527703948	0.02145790562517214	0.004675850479734134	2.2875321224084035	1.7792372176310294	0.002405456239136393	0.0036350307285720335	0.3844554056520448	0.02528856821067918	1.6338231378662538	0.008297842644380108	0.3667367496085953	1.581629761552798	1.5880502095080316
E1372_410	0.03373975169860901	0.0018881877759779945	1.3962147978458253	0.012724572137814529	0.00211409017601527	0.003415468201202472	0.038644987125673935	0.4081009179882033	1.6255257784261676	1.1969555629920945	0.4119377528652246	0.013328841856235292	2.0719081797583447	0.0033134319076101176	0.06185359980341111	0.0024950592692689765	2.136438221482801	1.646323417409383	1.4313863448020707
E1544_106	0.0010386579462478744	1.5082420881162275	0.011666182720482685	0.015141861152626557	0.1277940935882176	0.007104793615300236	0.08663069020819415	0.037714260526247406	2.0564454519869546	1.6126736223193865	1.7855015422395737	0.009901962750358585	0.038105725061578284	0.00858170965219086	0.4754876763698199	0.564137474734353	0.8608504814444689	1.1389163390361028	1.9961712888023124
E1828_544	0.003719463775575039	0.0015224194828373718	2.387722081906995	0.01255456347198674	0.009834105859756637	0.009551099779398841	0.007198484734955922	1.9371225236792928	2.6211892713672342	1.7518967152391558	0.044541434378194834	0.07114447441640696	2.3696350112192452	0.026394644664497008	0.043505873426792026	0.026027400235710388	1.5015357504235445	1.7616605376952434	0.009059402975994928
E128_687	0.05295665914093156	0.0027182144162166467	1.7686116104155905	0.01467209059105099	0.025797659010105185	0.00741846452239292	0.0018047136527939	2.1068956096182068	1.7999491142042638	2.075695122507078	0.007193905722048351	0.009624117281242343	1.5578747627487877	0.005444777750694688	0.04629063019099357	0.00015323671223633692	1.7662581800030484	1.578600284170344	0.00538111508788435
E1092_250	0.018941944068441092	0.031205649026880056	0.6738557058050568	0.007403883463142087	1.572857648234796	1.4803325025722702	0.0065455754907717606	0.010753716191766821	1.5367940969037392	1.6540126419907766	0.04983022385945455	0.06883880953045712	1.6399437427356762	0.010655579355149526	1.22690275487803	0.005288280734018598	1.885382131973913	1.9453896931170367	1.7276962861695475
E930_595	1.7791076228370033	0.01939152055785907	0.00552923657343144	1.8624809959363424	2.0157624800788296	1.9799530156187133	1.7408451588271725	0.014096821580644563	2.050378129038146	0.02481240508086174	1.3401282619286057	1.8038739049910912	0.03350253159027626	1.5164555579169576	2.025049383459229	0.0139394806224063	0.000903591965419174	2.089642003314138	1.824533809923728
E1743_592	1.0412639767599972	0.017788890311784215	0.0006910912054044701	1.7824090922698077	1.5097255492642787	1.2629778336991213	1.3545520031802327	0.011475619635707382	1.9336669755237719	0.7171354153249809	2.2512450712609313	2.5832171302752407	0.05070244252365251	2.1075188912021483	1.4846838600745489	0.002833903610675688	0.013288557361693657	1.5809682053554337	2.7184049438489333
E747_274	0.022752244181584724	0.06931971445074668	1.6407039247149626	0.03980478373752836	0.001654202798224146	0.0011533297920691685	0.012917896779296018	0.07400485961696984	2.034148961824574	1.5737240633828278	0.11365664968900956	0.0009322036007337834	1.82615024297572	0.01406462798640998	0.030069653840390623	0.004901419244086358	1.8435947334282377	2.3231167415552827	2.0276986583635916
E1184_169	0.00020095463884851246	1.463558117461415	0.08142454869269161	0.018025121659620686	0.03036020886609348	0.06334817296738987	0.04393296645946161	0.012287981613828635	2.134334588567416	1.5021921896033277	1.878474689106211	0.06615295512504446	0.00722680654757093	0.02513772416716236	1.5734987063880672	0.2012195646397344	1.9980805081238129	2.1860224300747984	1.3118942588798868
E1256_196	0.015526150680893754	0.15190411430645684	1.448944202215521	0.0023678304465623162	0.17269448373670945	0.3541179648606094	0.017693943846061825	0.03544197915025448	2.449563571738178	2.381909496008161	0.1227791028383171	0.007332276277360959	1.6210956547752282	0.058953440286052726	0.6844622890103619	0.04243977688320005	1.5496514402334205	2.1369985900648225	1.6190149250519552
E1881_558	0.013762901225085557	0.01060358822139566	1.9053918608635645	0.03093918874653177	0.11048001911264506	0.009918831512001488	0.005551410241697659	1.9589505299473284	1.6088169118472335	1.7807611993182937	0.01768569178224307	0.0037282181809485627	1.3225342634914756	0.008697885685649002	0.020818700857449576	0.015815832234463832	1.6884246399624427	2.5949002572877173	0.014925580141295532
E1243_405	1.4620802292660529	0.022968291665637342	0.0003907897707044199	1.962918763009388	1.6672120721431951	1.5799203480465926	1.6406580926406076	0.0012842906046312405	2.158331544441288	0.3133822734072911	1.1562928078749768	1.5426243726503792	0.01333775468405398	2.3169990463214667	1.7819818047436944	0.0030223292284784565	0.003088634817950248	1.3724604248784056	1.8463194941596088
E1400_735	1.8541890632376383	0.0323945597414261	4.043505401649366e-05	2.0992230832429137	1.7644411971516196	2.310479266536332	1.9435332694339325	0.02419754467050557	1.492476477898164	0.014545743931646538	1.8557056970000243	2.178916212962464	0.0012341978435120868	1.8553490213237256	1.5699240757616673	0.016809042431087218	0.002857542666783543	1.9537522106968312	1.7513795754880457
E1419_446	0.0010153385351650225	0.00015404174909626654	1.6454561716997884	0.00219807934112035	0.00810835617686954	0.007935045777774659	0.015608500518955643	2.0401299015306846	1.5735284473263154	2.3202299362451853	0.00693803490258732	0.007042277943790906	1.7623291601328992	0.007450739269453286	0.00506519968316229	0.10498413984034596	1.496355017587589	1.907875130852961	0.008984339807994983
E1691_595	0.0012554113732119333	0.030553887511479687	1.820220462665029	0.016369747596314186	0.03605595397635387	0.0053161815897908105	0.01924468503030606	1.722293764911934	2.0313480702627564	2.132303518840413	0.00017941137510446028	0.0090477664643783	2.0208619691769387	0.0029897478231549306	0.0008328878192745805	0.003607298109237563	2.0597433177431816	2.0350712657907097	0.028007262158906074
E834_352	0.02081650586673817	0.02894004338295011	0.02850839846715428	0.002494145212167765	1.4420252009836163	1.7140516221046498	0.013843780534647831	0.03916736126832092	2.035662807900663	1.6890415260974958	0.02492943491445961	0.008296287841859467	0.4712656891039063	0.04085512368870639	1.1451183257357005	0.014831658806234906	0.6853916533967688	1.7853002619437153	1.9386705992533528
E1784_230	0.011708315574260495	0.015149013841347212	1.7583973757775453	0.012014444281528487	0.013063175146392984	0.017663529277539544	0.017171977872070004	0.09206415117184363	1.7734317239962465	1.793776353208418	0.8170080119767019	0.025725527740456604	1.9651040888118267	0.007421183989220275	0.06525014280424303	0.00027383846643024283	2.004198045681869	1.5234575187279618	1.9243759065991315
E987_775	1.8455137297220865	0.007203662530119952	0.0936661378022835	1.9202099080897688	1.9835345495947505	1.725597219983875	1.3062426065978532	0.007845897463298222	1.942073163838556	0.01373125167367694	2.3064544337563566	1.4495101322971098	0.06770410283234514	2.0035861471169354	2.414715523032674	0.000760741728746661	0.06782066359261114	2.0769432774751824	1.9511113629569756
E1288_270	0.022794669267586123	0.010280268896495104	1.6301030963403005	0.032011442272049224	0.019534935356408503	0.016351325841087887	0.010254620671121309	0.08115377913537047	2.1645099244987818	1.549516832267258	0.012261870925205287	0.027425217587708568	1.4450118784152115	0.004141322263739224	0.06454901405185336	0.0006520083321472067	1.7992534196243362	1.7555690021755144	1.2965017424815264
E53_559	1.6929756650361998	0.0045270806030461574	0.0018645799999521047	2.1418042910079285	1.966378241874627	1.9841778012810427	1.6728444638201705	0.008095172626704717	1.9715761855556544	0.017819383111690068	2.1254666583522908	2.169696331566549	0.0019923445714676094	1.6600515770633304	2.1859656083291625	0.0006939805244354657	0.003214067131776137	1.7744601149160737	2.955367422689533
E1114_734	1.5910824413937137	0.002300446258014657	0.044266958505770684	2.34672017473226	2.052728016631192	1.751706554018991	1.9312654584707245	0.01984325558156587	2.0296477483170485	0.07075570013871726	1.6000674122395229	1.1580073007549672	0.013706885938514272	1.9504542527398263	2.337563371342368	0.01068683007432472	0.011460896216087488	2.9041724032532885	1.4786342011843436
E668_251	0.00943860375004277	0.019935927285373245	1.5479099784820387	0.013793200475298716	0.014282624513445415	0.0494850596701949	0.00885167015662938	0.15979852142947834	2.1217069340014785	1.4938947313819726	0.6096447505024534	0.02182687805654206	1.3118235501996651	0.027789387940161524	1.0582093723766008	0.02531054885879463	1.5991483429972182	1.723400354086325	1.601636241767591
E398_183	0.03678203586383797	0.048615272734195934	1.1681689871610077	0.004901007738950989	0.6771136847847176	0.2272045980634017	0.056759522158824474	0.0009044687096636404	2.315566090006976	1.4995491795951803	1.4937683962446933	0.005403168185396252	1.6543590666392711	0.05071698379850958	1.2386674371009103	0.016710782277929312	1.811903699100044	2.2221778603059974	2.101011440850721
E1041_723	1.6694198907843625	0.05093639606883142	0.011617492199189564	1.7847512277117872	2.164745671836644	2.711663255880655	1.3698160270491873	0.031660174152383765	1.7677995886361877	0.05868703476923126	1.6851957910791806	1.7546176766851496	0.010897748787554621	1.5388809046135792	1.7781362904544775	0.05747916718361053	0.006635674938039043	1.6531128828380812	2.352114225715217
E1797_64	0.032359343350827414	1.7238011709331138	0.02788431364142229	0.0031199002690008274	0.0003722890465438603	0.01681639134564485	0.00635503623171307	0.0191023768230507	1.829516851989769	0.4094838167043605	2.165022006234992	0.004033938042920765	0.03055069326667015	0.04190488599721643	0.010770788779232585	1.8095073578465908	0.01671136778754906	1.6885840220274206	1.5600603008026683
E936_118	0.017647173751195632	1.0007072611489232	0.0005167526655516586	0.015888165340818376	0.02296224495946314	0.06941615547869127	0.005840252062474268	0.0509086235107007	1.6735353437692138	1.578806649118326	1.6591861053192982	0.0036621761564515905	0.015529332232588462	0.00855366943667655	1.6998223415706326	0.04962755140040123	1.4857195675333823	1.508293114534874	1.7072839729146785
E1270_634	1.5681830962752354	0.002732704585984841	0.0024628399511297324	2.029392285061194	1.7437336357947837	2.423895405470055	1.5400937573379203	0.0015073967579343865	1.7145824307435131	0.0021402668486387717	1.5308268310675712	2.282415758186191	0.001760574283784424	2.0616335255509712	2.1432808997807795	0.01282319922702059	0.015934225350223298	2.06977440568228	2.461821396614808
E866_88	0.06666280783258494	1.5639341734996426	0.00039616381979467463	0.01694368732017466	0.08381278350656922	0.021442360370935533	0.012617681174069431	0.0017116120853632455	1.3684680631903592	0.559349620128421	1.5904833161528926	0.016132381564747042	0.02416625344168001	0.00625684131145287	0.1088565724420458	1.1035762954762536	0.1305003950802432	2.0890482896869607	1.8591050880145392
E954_767	1.2715210225922329	0.008985973887374588	0.005701886218388059	1.5904971727362585	1.6329343683879756	2.1438588413375896	1.8396337018676503	0.08233243999981422	1.9557499607599305	0.028478626560113643	2.5657742660329883	1.702968199693588	0.015475563908656969	1.633290885078528	2.159387366416055	0.012918097344794176	0.00152779704473344	2.327055706845675	1.5229000922001454
E790_621	1.3459911716529132	0.03995073405945058	0.013695883201564577	1.9622647278220864	1.6725898546539817	1.6266498464701329	1.9940143751916093	0.0012776563577779447	2.226532091550604	0.2421217763028481	1.656902958699105	2.07141191318524	0.00259702609682822	2.28287080006781	1.9167319461456682	0.006661769239134125	0.010506047504011571	2.0152017015781696	1.6407275264309344
E1504_506	2.3856866080307366	0.08484861193451781	0.003148473128788647	1.990283085046011	2.188457228828766	2.110161514234946	1.4840881751552528	0.011680913494429826	1.6524386175575383	0.09037104813404262	1.8453028353641725	2.1132327036031984	0.002486834871530409	2.5688795939257267	1.102132901992874	0.02080904245251422	0.000547086471490689	1.5107319321292163	1.354416052409249
E489_203	0.02455609811441397	1.7949113927076046	1.5595996273551092	0.04040016090921456	0.003135184343833119	0.011501235189774958	0.015897594411757778	0.0194843210108726	1.9736274759751573	1.7289613292909705	1.4006319708556307	0.00935853965644982	1.8158488745482448	0.0021411255962631714	1.136873171314768	0.06820363025568214	1.4266348433320342	1.9892715820613112	2.095492699288454
E354_139	0.00105783582883109	1.650893419853079	0.10261603766391324	0.014564998259253434	0.013213801963833746	0.03781111591552158	0.008156496512422406	0.0003065006320886669	1.3011541601500751	1.8184162320668882	1.6137299202337767	0.029964566395699426	0.13042588670790148	0.2020100901959569	1.6662967909011643	0.008017514161588	1.7261475459433293	1.8753974352592369	1.9747210679187472
E741_31	0.003248632131519807	2.1058734468568443	0.008096690337868175	0.0012311032853286016	1.5906229019324548e-05	0.021953561084084614	0.0177337350499356	0.002747453821431666	1.4212364740705499	0.11129721663260388	1.7173677675280403	0.02103697468165316	0.014091460421922785	0.01845020381042173	0.027479420447063668	1.0384566639496882	0.0017354618272414878	1.5535885595744765	2.4092586443832325
E61_589	0.00785164454715682	0.012480691778590704	1.3677705572178562	0.02231460794466084	0.0022603791478257138	0.010423291843642948	0.0007478184115756973	1.4876659831817631	1.8040842155326169	1.6800869600615875	0.004016806242639243	0.0110138776522312	2.4178241736263204	0.031965205293050115	0.033003329044706965	0.002169096667059252	2.1627998404900923	1.7928170291739598	0.03349363494815745
E37_343	0.0026649367672128203	0.003163949538592689	0.06310462373205182	0.019274954570047773	1.7284047696630154	2.7436020512195096	0.007086580952127735	0.03214382219025892	1.5368395714195566	1.3775195705651009	0.7014015715883938	0.000773100018388793	0.3446348222265753	0.8232773029121142	1.372100431157555	0.016868648111497964	0.3275128497668248	2.1165299798915247	2.0859406239725007
E1009_25	0.023741539862660088	1.5036507356705269	0.008072361870508443	0.05379267994942085	0.009524022988848524	0.004130426533823761	0.06177367942903941	0.013432883030685162	1.781677721600801	0.001186252352142324	1.5993512757752681	0.000989767087035254	0.09742856468216554	0.002002219421263359	0.0021124592059284858	2.1360297935579005	0.004653601168556522	1.4875409852338293	1.6939223265124006
E1225_109	0.00043553785353224526	1.700780749567973	0.0004532639064342495	0.06369718887373158	0.01831219761657365	0.01158701257012884	0.02630628375489696	0.0011642709061569544	2.4548621760813774	0.2277711345440325	2.3337570229566005	0.03546272269983583	0.053552164343207816	0.021522800671219425	0.5055923763522966	1.0624432726736124	1.1952232216772891	1.9084565484598672	1.5864552120461684
E1835_341	0.00018259380237933503	0.0055246611927141755	1.6677627770656327	0.0017830395150521922	0.0759853023081061	0.015025451063969134	0.032114251565475725	1.7216421668528163	1.3449612336972014	1.8595168975359009	0.0038048771711083978	0.002723286013108035	1.8171676411263409	0.03619807268803985	0.017674482829937478	0.018129059004901055	1.6653077994898158	2.231197143650323	0.003899997258318258
E214_553	1.9810948317174648	0.06535203699909871	0.008072112408713021	1.769181735998024	1.7172831962870234	1.7905763329574511	2.2340097978210425	0.004830877634390397	2.1091261294141392	0.026653583780931592	2.6335398214539145	1.9885106172275984	0.00041060313094462434	2.7161667407087275	1.5034821765485131	0.008132212328716797	0.007115947737585152	2.44495913232111	1.7107095023406909
E911_456	0.030544161415545674	0.0017841874232927448	0.000155735627314999	0.007726177679863838	1.8761227868510533	2.037670575386358	0.029371783588463214	0.0023212709269585627	1.839186463189044	1.8554764237583767	1.770468450084535	0.012772206234727764	0.001510664939269499	1.9863112397987583	2.745791540702076	0.02429800677398504	0.11974860793043793	1.7105170606983302	1.9916769845956936
E1618_558	1.5633034064223552	0.010159328914415924	0.004452065691802578	1.2617402654792351	1.8410869742422569	1.88907987972933	1.3159318815899526	0.03154822299000827	2.5640946352028813	1.0860816963577098	1.534743539891246	1.5040233759768056	0.010507539939505012	1.764353105352379	1.6689693983968332	0.0044868365677799725	0.002298349152151892	1.9993619829329	1.4312299687793877
E583_748	0.0008120247631292747	0.00956373027754843	1.8001462421590082	0.00021836842437747067	0.05924293427313908	0.03224216022311612	0.015968785869913252	1.779262181366315	1.9943832358925704	1.6408889121049135	0.03369643482273479	0.04717857495576975	2.1431959969738035	0.016709078942824338	0.024998690553214072	0.001673159024620376	1.7500498393063368	1.3635367636552589	0.012348421581651595
E256_371	0.007082679239466017	0.006506583693634064	0.0022081539098829013	9.362029696587404e-06	1.7179921020372229	1.6275412094360795	0.00536239565531188	0.008878506418056532	1.5324291384576485	1.8129764328954847	1.6114793466925068	0.00415616521492784	0.04476953307926045	1.293721197120842	1.6775724638127592	0.003768635740403617	0.0671052015236484	1.5444470929888028	2.351005618073892
E755_196	0.003736478010701418	0.8388637965542255	1.078088300097605	0.02347804318492153	0.4935898453760746	0.5044887045003611	0.010214416552012592	0.004487579167515838	1.8520528281578343	1.5297102810705658	1.650594254929422	0.01658781899471417	1.3827085425128636	0.0156558944236378	1.983875758807356	0.0014560265639800886	1.9117483230394297	2.14381407431484	2.3432497191796937
E1850_760	0.00033633528134228497	0.00011503364387964794	2.044492806495401	0.010587249350995271	0.009665568101072122	0.0318839872066882	0.0007566361223420527	1.6380623735853266	1.5094042044357376	1.889089946478049	0.00913439892366678	0.008978075012340834	2.0236399823558338	0.006889345748369467	9.626601144382269e-05	0.03357742700547238	1.7477095063566932	1.884527125795943	0.0035740733344560905
E831_446	0.019882062565016352	0.0033630165869616853	1.5217709753825293	0.04728006637558097	0.12522115509140844	0.004415068770463161	0.04060079260595528	1.9033043683907664	1.6938857385696746	1.9547326187816425	0.009987941261548236	0.013991457104556735	1.7572283683067835	0.01186408922142049	0.012049848599299414	0.030976955627396326	1.4290760390306303	1.7601135923942464	0.02968625747836863
E1958_696	0.03269346944677252	0.03575905774088853	2.2013989841938497	0.0016963071049602564	0.0015709246603338699	7.899112101825622e-05	0.016195244163564024	1.9659004031683749	1.845610570118095	1.4347654085534942	0.006274898691749317	2.552554334445817e-06	2.0362408363486435	0.024314675601129643	0.0019121224109682965	0.015418082852145838	2.0951751949936805	2.022168426054868	0.01082673479225888
E1648_460	0.0009835039332011636	0.1432164264594392	1.9132771269026319	0.009082780018420021	0.01526207808806914	0.017172383504272488	0.06419687523499559	1.8034532338300384	1.7700195255185445	2.237694728048417	0.005949895776892715	0.005194075412539112	1.853796312747204	0.006975922902545481	0.0037216171419115493	0.01955464754267673	2.1090340861221484	2.2184049319721653	0.01687676730023024
E1943_159	0.034247314100930404	2.155873961624068	1.3106636897303363	0.0005362445306699395	0.0022201610862545122	0.05217021034565985	0.015248876830480216	0.0002671329872091965	1.7533293738147342	1.5480574721751856	1.3888975210125751	0.0015711655428850765	0.8493784326291944	0.006329564982769308	1.2185127332010228	0.044234954791479236	1.6538127885500344	1.8665754492648767	2.577581739184484
E1857_359	0.007467163772847778	0.0070169256117423185	0.00109485550328369	0.001651011904778086	2.110654463199148	1.7326741283443277	0.016970189246535015	0.023375917998504414	1.746030356464797	1.7374739096520984	0.04634907572004433	0.002660740739776568	0.010348026817070102	0.08657669325197348	1.841903973012532	0.006829528577063022	0.016954037223399412	1.8486287820906864	1.7601508764014286
E604_710	1.4939654311763804	0.01029624910097764	0.017258456461854338	2.357603705194278	1.8734085727858296	1.5038403934110214	1.5443718567485925	0.00020978091329497606	1.4996040407580469	0.00605159366044466	1.6801539222059851	1.6243859504968576	0.03980662739698672	1.9251208205221613	1.8881062983615429	0.003811003277787717	0.00038730411853528726	1.8873920266989084	2.080504844692696
E1406_39	0.02594661587231279	2.5645030583462165	0.03268202947840372	0.011565167109910186	0.008299391989163922	0.02494300828978821	0.03731607116823335	0.0013356697786030176	2.3485502900397672	0.0033147863622989444	1.7064544650986355	0.01523314419612102	0.02465671537977109	0.001176966376841886	0.0005909203531819226	1.7224425363931328	0.0053567162115601	2.230129879192829	1.584328452836429
E1277_696	0.05302260763021202	0.16910119758438824	1.5279959437559198	0.006258209982657114	0.045758774772493765	0.061116808900200416	0.013118059177183963	1.9992046659717544	1.7098624839156815	2.1141931316352203	0.014366056384297431	0.05025989419325028	1.7105954182033123	0.04428479314266001	0.008287158437081731	0.01684716879370785	2.3939850265845566	2.247650091186842	0.006639208835578199
E1355_470	0.0014367657665063439	0.0014052923382022152	1.7067730269632733	0.042713997658401996	0.015071556655366894	0.02124570421403807	0.003137409337598679	1.26759072937085	1.7495570003479717	1.75230759872195	0.027454943919423484	0.0017770714365204746	2.3778599507600298	0.0018553207828078504	0.061701467166071534	0.012619554352729687	2.009499533270859	1.9071981154718245	0.0964213521376136
E853_408	0.019251230657766863	0.010745597350168777	2.035964424494302	0.011702850165378084	0.09430096725254676	0.04199674580414412	0.028340171547112686	0.5406204350112744	2.633214559354751	1.8376197303103403	0.0587720257050066	0.06459828502985675	1.994446236320084	0.07081175304727823	0.003007748955938007	0.010981513299322437	2.3285090564365936	1.3744692021899951	1.3614760999631852
E397_120	0.013384064780644118	1.773350661081842	0.021292764734521224	0.0015193526483231606	0.049156516566057344	0.0036982532925462354	0.014258976528048571	0.003963915551705162	2.119145522009213	1.1863276646929242	1.3715893927651324	0.08013536066349916	0.013007851819681115	0.02327038745565966	0.0804347600608501	0.35661346063960525	1.8125256828858176	1.7705673167853213	1.7439454433271615
E103_671	0.0008596203586652267	0.012534069797269329	1.8784990122178238	0.0015303040783951505	0.026948747642443968	0.02227826728962912	0.002637887432646489	1.897006514297848	1.3137666050731724	1.6370838026740322	0.022734558488300118	0.04801653414185135	1.9760114572439889	0.04755325587254307	0.001729637772103871	0.06065038376458305	2.1721339055367075	2.1680809800560183	0.006550123676867243
E1134_672	0.005010940150942904	0.0053726290440448965	1.9757601117841843	0.017029957368149613	0.0036266406814288617	0.004754884713426582	0.02093072255994188	1.9333229137395151	1.6746392653572295	1.3715745631108545	0.020041137925653416	0.02383871162638598	1.9981323836100733	0.0034735426757433697	0.01441428358070696	0.015524723235547091	1.2395905885284988	2.244632584371604	0.013779827089649564
E764_301	0.04153038678156954	0.022284815830980968	0.007119251963932625	0.0019227139699353856	1.7997289329812751	2.331232745895704	0.007520580817092368	0.034553485010148696	2.2490458303165486	2.2152200046955697	0.11228259876331782	0.031797214853008966	1.566292571652378	0.02535106192964417	1.6054096677048462	0.006371195958097254	1.4673933128213408	2.0422388385828083	1.5743431436691058
E548_709	0.0007159398304779897	0.0071001144654993815	2.5651268438891344	0.08848095456998288	0.03219746919763528	0.0025330953708900487	0.011358761522316315	1.876496098027624	1.5123763026826593	1.775048722048482	0.071765004029786	0.005573370083269912	2.39148344917486	0.004582395599860586	0.0384808833040239	0.0008791309497095886	1.5312967415260037	1.72034851830587	0.0018185070696546991
E423_56	0.0007351979686618992	2.1850191706111963	0.006648459748171182	0.005462155817765282	0.061977727592840114	0.0017765652343708586	0.0008832990337404944	0.018858231221876454	1.8778396447421708	0.5810404548584913	1.5458278867098476	0.0011321498563695762	0.06128340645107884	0.0062883439231676535	0.017440225833023782	1.9747075368453189	0.008758234744661858	1.7548335955658398	1.6111679816065634
E1339_395	0.0057704144039141475	0.015282322623302078	0.01765797400422273	0.0023003654650958077	2.1069140680487304	2.104869003697428	0.0039445040716436985	0.0019941826507762213	1.8678370694973785	1.2506734303067175	1.5703148315011657	0.046899892368304816	0.02707746682963941	1.7715625165338076	2.253237306196388	0.0051013895795676755	0.0194840361277708	1.89115284499492	1.5936540945600584
E763_717	1.872462224443176	0.005487409052542201	0.05773827025771972	1.7709793796841182	1.7087059554715285	2.008707929936782	2.2774644451397354	0.0423107264795984	2.1338279795848445	0.007730402862876656	1.3155327476600365	1.9209932383483201	0.008580455392074702	2.111349871439648	1.9926137732039	0.04412096026111605	0.013199025078277242	1.9720622380697737	1.453972618987765
E1710_405	0.9357568985338018	0.004363282537136222	0.03752195549470287	1.1174671678210335	1.631822476016337	1.7922282646021137	0.9297000377119984	0.10264311998702902	1.2555008035163078	1.0693921323585551	2.124509941881456	1.0651690291954077	0.010546800919484116	1.7377142189239485	2.495125634555593	0.013063346825135292	0.039616650109653005	1.4979394305447369	1.3280259867467998
E1279_191	0.009022191922972742	1.403129127922622	0.3974087984687113	0.009940785133294149	0.016106636530963614	0.017201864357647673	0.014545311264754794	0.03695197292671905	1.596495536174679	1.5732303204019398	1.6691764738716537	0.025029668603290173	0.3070253052390373	0.021443145512601004	1.8538958395848688	0.04184215080534729	2.1332008911342832	2.0146256159397726	1.633597965820209
E756_469	0.04980410008213068	0.016408626706824626	0.0053659348132916685	0.11480987272185678	2.05901820114172	1.7574922853044623	0.01936024021906445	0.019361512053742674	1.5204532724146091	1.5643533611812626	1.7840034981573858	0.05400145926602738	0.007897701376856105	2.11954618606684	1.51124180393036	0.0020807430344905106	0.0007283019797195733	1.738262511439214	1.4785170569946935
E1777_122	0.01363032241964368	1.9223143479735032	0.0155520872154572	0.00021808432865522232	0.025872992451666816	0.004661002440276264	0.00117715588834211	0.02979951800930235	1.8706291157193888	1.997363810806292	1.865117248847742	0.004482857221979726	0.007177885448971006	0.020990100230068143	0.8517657763695522	1.2011777153806191	1.542318991059307	2.12401442990525	1.7647755490218489
E510_387	0.08651446496057832	0.1160403719659576	0.20531214957885868	0.009187185957189628	1.1342406879299205	0.9546951502951182	0.013111523919195886	0.016945936364883694	1.6841820007560817	2.456665641726984	1.358391946087189	0.011581418674974937	0.0791772228078895	0.9299539588989776	1.1926265222946395	0.007797101292016352	0.09536063632347012	1.9470275391421648	1.777194417439207
E35_579	0.0022656587022471925	0.007313280479275926	2.1377437194207007	0.010890915585800085	0.025889422672842426	0.011434783510545093	0.014326616433187209	2.1360615684105224	1.7623381484535463	2.1948738141392186	0.0325082407709167	0.005015827300428648	2.589454909001897	0.046086924794161065	4.4903545042995756e-05	0.002182169196973522	1.8756422806608417	2.3143457637994627	0.0067718867592528025
E1781_372	0.015807428138572666	0.020073007131132692	2.062700665856628	0.007612640341746273	0.014858294371111944	0.03543291182602201	0.012356122158800224	1.967657028064571	1.6020793269597622	2.434518148788932	0.049709753793963536	0.03178741924914867	1.9344526769382024	0.05501929658450059	0.0035451550532527893	0.003108401884130476	1.257630750708158	2.045175128814592	0.0029364489842857483
E1429_196	0.01333888307028352	0.012325430847838634	0.06525873446747599	0.007241399998071694	2.106086542816369	2.275831371796877	0.017157563379500394	0.0019410991253196715	2.1710659433770534	1.7677580777061714	1.5333291655821877	0.007260561621665083	0.08540458296686998	1.0415628668298047	1.6909517608417308	0.017929414963729906	2.137742190591197	1.7952045007448356	1.9919867985352235
E696_365	0.012896859148590218	0.008454667145280427	2.0526408413741533	0.03556938779654114	0.006779302161966228	0.031275648098812864	0.004944170813237165	1.9015795207629804	2.1544706307777712	2.02705381564656	0.015177906904289053	0.000970799406939321	1.917026796402086	0.008539071971634542	0.005860772712850224	0.012731723458040248	1.6959209905236992	1.7324977849308691	0.0309889094601792
E572_453	0.010846695267241142	0.000658370573014017	2.3635185588996555	0.0009984055628717325	0.04952762454577904	0.007822293051213085	0.003273704103390517	1.6595785663948046	2.08085875805726	2.0043430780827496	0.024897476572279847	0.037724269629398205	1.7455658732491783	0.009500041683639913	0.02298272902145261	0.02408750602034156	1.4174615201857592	2.0405404415646946	0.07356872774249787
E428_676	1.805331212319904	0.002835115024938784	0.005667017470635311	1.5360926886233466	2.2183994527459183	2.173323037173444	2.411202812856168	0.029616880150708427	1.8721691587540163	0.006135983856529923	2.1199482499276834	2.0362879885093528	0.0021147665632182864	2.6787575415496447	1.9704569355494128	0.018594103237210724	0.0005774244218186232	1.3956807464779697	1.2513743021454062
E36_260	0.013500631065744841	0.005254227337874157	1.7203713713049336	0.03112487908831985	0.06943016334427815	0.09331151868506683	0.003540250923188529	0.424177062556089	2.2728252448493182	1.5506958902840722	0.027369642464307467	0.004179187004823732	1.8215537954683287	0.03079080198434306	0.0947792311044991	0.010096534560502815	1.7605188898483175	1.1695537355381476	1.1124374251967948
E1634_400	0.019464265464224632	0.000558583287638221	1.3813318169113094	0.056703406600770064	0.09945588679169914	0.30992448637956915	0.009508862961469038	0.4142093704200484	1.1294980922286009	1.7493948433665734	0.799212546687964	0.009322417676048704	0.8138586067768371	0.020112926121440763	8.898564399096101e-05	0.05968640784292922	0.6867770397970573	2.141741085148133	1.068839727456713
E1940_763	2.3642560165885977	0.02714033345666464	0.004343405799054626	1.5837612903281677	1.7468376563073682	1.308205279092719	1.807036743588396	0.002723274466341331	2.1413758877395246	0.009208389297801428	1.75813194865622	2.1708309310105047	0.014067853529617407	1.9473469725524928	1.5374801042778683	0.0158431768515365	0.015513781114061416	2.503693599411322	1.8453462754307173
E1738_320	0.04641045042657835	0.03245356147252198	0.1344503168569415	0.0039845198783044905	1.847558795809344	2.3610492960228764	0.004906962814639846	0.05893988563924985	2.006512928196741	2.3244866978809	0.4780686575523189	0.007078420003637688	0.03695870837376944	0.6656370291030981	2.3128433635462216	0.101381909234372	0.06792343802753945	1.5299409752586068	2.0753005799458
E1511_582	1.6191426429343267	0.008767716037874195	0.019284694440310703	2.3645898499306632	1.5900733084280465	2.488279474537476	1.9607013759702143	0.0028016829110205643	1.7115901966265674	0.007028961691964014	1.7448708859897928	2.9641023482135784	0.004933422928751173	1.9636009967584267	1.7159452429043245	0.004695417272087228	0.002545558271237529	2.04355984031128	1.286765932526579
E91_345	0.1859592252000264	0.01261753715861216	0.008118150751295721	0.058476047857247325	1.6110819635894134	1.4902352408226494	0.09373115039628778	0.08434976104497335	1.7358602981997946	2.137251004245519	1.4890565057289815	0.0291521747551492	0.016557496336625725	2.1373016855018445	1.8821709716705728	0.042498326071138494	0.009488013494214152	1.6929905259564613	2.070172028387592
E1018_50	0.034167083263294505	1.6004991899963934	0.006047590952592414	0.028272052378412963	0.003956314031530693	0.0016015765088665745	0.0006962019584276229	0.007740376257207109	1.6391545653786002	0.03775870136958917	2.492228109251601	0.0875400924022328	0.0043192251368912036	0.009886855752346765	0.04384848694410277	2.3826653920830707	0.03073388793050937	2.1491889392591785	2.1881203604970687
E101_613	2.541659642366239	0.015791036524189433	0.0022446127695048444	2.178575754511926	2.6890531810390947	1.5873446344757798	2.190497512927976	0.020012388214846414	1.7521712085181798	0.0365317379637877	1.6809711008329555	1.7978526561751584	0.013177747239945659	2.1286893154120983	1.4852364091402046	0.009391647589011896	0.0058397894235864105	1.5050097072409478	1.4001233084993507
E1328_415	0.9535265054848756	0.01698568869877085	0.013299281153248878	1.9643940975739187	1.2357841323489835	2.3012259572943283	1.7314252111079749	0.0035353622450662227	1.6864160461791395	0.166691503476789	1.5355023683596256	1.338374622790973	0.004966964955420075	1.8936651754841032	2.310902268346372	0.004700767477304418	0.02188900779564629	1.7166434534449069	1.7050871517380906
E1707_157	0.01430363428213034	1.7238419378022518	0.8275857036449907	0.036400350101116384	0.0005157391779555922	0.05502270018756724	0.0014523971599440385	0.01830544373161793	3.456347698395701	1.7933056072725568	1.6808852051381942	0.013082710445752387	0.7510702816825281	0.010232527686364585	1.6370188745707202	0.17096062134439205	1.822349903908104	2.2143123459912384	1.7943235867147274
E1667_557	1.0232974678055462	0.0034619936549160697	0.0047280274756173754	0.8411504627904215	1.3176644173412957	1.8740573150354327	0.956525342898368	0.018410586851273187	2.0774349183237995	1.4743259892248637	1.5430007495569191	1.3446556153990201	0.0009989695600233404	2.2562366387610706	2.1060400599877003	0.1794847507804551	0.0003604062744115154	2.112019308581295	1.7634506274949653
E341_482	0.1310798189820093	0.0016305225583423176	0.010312103094192927	1.2913957182148237	2.0218660116571363	1.7233374334141982	1.2949389036482704	0.019595447400293658	1.6984611129017564	1.813609028591763	2.276153088171916	1.2443469739801334	0.0010709793866422296	1.9667504476402369	2.3957088100279917	0.0055812019620269035	0.0021861142596839647	2.0004240182552184	2.153062143582116
E645_159	0.05843139420510544	0.5583721029584694	0.012996897561495021	0.0127386812511448	0.02570317680457307	0.01828593541545469	0.021617691510748032	0.0009965941807334657	1.2694989406604211	1.3507546994545112	1.4924948331336771	0.046923123348106735	0.011796371378354731	0.03351922055337492	0.8185715533286423	0.02560015795007007	2.0203391797886887	1.966150112950021	1.5493561187654408
E638_675	1.5310135757974197	0.009489560974479795	0.001199006397795568	1.9443360767933309	1.8706059796130523	2.2120859087011735	1.815581609608801	0.0019728233859458294	1.4408520802814502	0.01772413692988719	1.3335118117006013	2.079764856246709	0.01076763795387884	2.2170845956539	1.818333801789736	0.00373721758678849	0.011695494841779128	1.6373261371567622	1.867035020991325
E1826_514	1.9744754291389648	0.014442637342775852	0.035953279106774434	2.401880355585092	1.931537927228252	2.2864341860205224	1.7500906960227645	0.024347510351992025	2.3024312452058497	0.019101080426735285	2.292086595185098	1.6225890368712783	0.010553458673892064	1.6388682706259994	1.8699551783362969	0.027199515291869	0.05041559841146985	2.2829618453938614	1.8410503842296841
E968_719	0.002034997141800221	0.008231978581449736	2.37539698842034	0.02898695126288673	0.008043750385793538	0.007300186710829031	0.008423339313297511	2.055103619758598	1.5150170035509851	1.4265907349064564	0.007844919862416914	0.0008349707988656186	2.1219850998025644	0.0027198577228993853	0.0021948929840043003	0.0014628626367417545	2.2974208106071345	1.787372017335649	0.004579098543281988
E1054_320	0.016655814151278658	0.0064861434051348464	0.05310224076450909	0.02269463967655691	1.8976762951007184	1.2935672279478312	0.062237779180346876	0.02251251299009864	1.6669877389200751	1.7011625472055825	0.2868985821601228	0.012952328099207879	0.7218269974939315	0.15353034444600705	2.4613646626245047	0.10229166912109183	0.9691789322899408	2.0054025137073297	2.1584365960493046
E1917_261	0.02477518493270007	0.0042598221994041285	1.8491206284661823	0.00038193401872872577	0.0017774654457083183	0.005920644715476368	0.013727175044150214	0.015705949878399867	1.7273181884764552	2.0974281667562	0.003853243988697754	0.001542064299921558	1.9860638134342816	0.005280951651563523	0.09171151349119963	0.014185478238053419	2.0601945321323774	2.0464653593503117	2.0154920372340865
E165_388	0.004962160370685089	0.009986293888669156	0.02526187840012934	0.00283360099663547	2.2794693910267454	2.0662045180210926	0.010584021556588368	0.035838750561642124	2.4270305548541384	1.894676407607692	1.3110087441191811	0.012958453091763614	0.011257160095814421	1.6425210282507057	2.2096036328347224	0.027722902354640904	0.05656542373754327	1.6493136216581812	1.4166725295556823
E410_144	0.010396149686075995	1.8552758563515657	0.0712777944798384	0.0118699669827826	0.02215683558892298	0.0689000685643397	0.06665832640498713	0.005759115238492128	2.0605450509575234	1.5099690327877369	2.4175996934204598	0.0053600006974274935	0.02283272613295453	0.0052924094675713676	0.7850787465212421	0.060864737619717994	1.811524971494335	1.6203752286877795	1.8182676813107728
E750_325	0.02442741025599528	0.0015598965938780525	0.0074465568000976565	0.003560817646882242	2.021357696396465	1.8930748718448762	0.01043076124705013	0.002232830433105441	1.919067021692054	2.0744336322900043	0.5915773958828484	0.024219176331739714	0.2995916676920637	0.3141945533541457	2.180484407712663	0.014795617659721687	0.3810237191361688	1.4799462064964446	2.08233587672657
E1131_519	1.8321637995948568	0.027577670099484308	0.04277489165163866	2.684441304817979	1.6408432572200071	1.527200767252462	2.3659593164268813	0.0018903452361157364	1.966829696260576	0.012011203065356095	1.7800893774110704	2.106165320096009	0.012487387904476434	1.8510070953709497	2.026379614638153	0.0046552459075789535	0.006941432045927964	2.2132135472920917	1.960046841417372
E881_210	0.04761022708996897	0.07895571078271482	0.4483877902258094	0.00037952536689827936	0.5074909266767331	0.2163948107360111	0.003643563656645993	0.06205015299591991	1.6874586562909968	1.1407228178999038	1.8376220060079629	0.003054262706399407	0.3239601658530058	0.10818917055003106	0.5948651194126092	0.00962720005180576	1.7194357434446306	1.6811184098335634	1.9383533868476104
E1266_37	0.002518816720079937	1.7264005146777872	0.047379390753132716	0.16359797314641694	0.0890440756518624	0.013015192973874986	0.002961675540079041	0.03293817414519098	2.130781805619469	0.01740884153753549	1.7456881574398937	0.004069730942780786	0.026091565020539484	0.06010927806691362	0.004441579719718968	2.588410743412572	0.009898031465091295	2.0360933341369467	1.5791291826532718
E745_453	0.5635046672707651	0.021991241947911355	0.004765044571353988	0.964083433661302	1.7543579792378752	1.7996342341467657	0.7825387774878542	0.003003244236192003	1.8112243101230148	1.6974356295175446	2.2996523478207127	0.618138210366074	0.008428720780687843	1.952747158650704	2.057386318233011	9.082664299781256e-05	0.004810820747069154	1.8092193610041447	2.5489863508833754
E1025_332	0.02462547924196669	0.7799071641008685	0.035837516781371204	0.00982319282516553	1.4874566452775169	1.5647311394439534	0.0031382688977649328	0.002444485126364553	2.3382952413933964	2.321968460894224	0.4526461829980613	0.01196917468493193	1.5394949046341937	0.03078176139741412	1.6987452607977918	0.050280411846791495	1.6621533733929876	2.0510490242511654	1.4313016580480868
E978_272	0.01519440567925261	0.0007368717833608008	0.1303137453805344	0.010129681352188016	1.5748451029458794	1.9719245552206848	0.0014285136587779774	0.04286289164809439	1.9705003032868071	1.6412351960847664	0.11687953725834754	0.002729413251150152	2.1393104333412643	0.013115747979700606	1.6232870697337454	0.007778905020426541	2.0598800325095827	1.8590131566675985	1.8755227746570224
E1188_505	0.564050688111723	0.015066583540221782	0.0019431534422543366	0.4084139232225055	1.8918097543405883	2.1638811561021565	0.31356645441983233	0.008718929175362091	1.4127920934554206	1.2350812285030583	1.7762680273714	0.5728532731912508	0.02625870274836303	2.0229726304755045	1.8072096960744441	0.006715562864565036	0.015321402589980384	1.6469607408514966	1.914638083988544
E1192_294	0.08395294703483402	0.021537396034726264	0.9439596792726928	0.006790386824429185	0.9428782135115042	0.8023712909498336	0.021783229027041558	0.0009784037922016594	1.7941712355137547	1.985244163551575	0.01124687584918838	0.002268948192132007	1.5998695519491644	0.006480269408714125	1.023494587031104	0.01276981028354269	1.6405196413876098	2.0810829427893256	2.081754861574478
E1769_429	0.0023107774935577146	0.06961767107516623	2.9487205453420877	0.05046259688908567	0.008090908175877409	0.006642637465181285	0.03944363209737342	1.9205230564613518	2.569676737378391	1.6170051867215651	0.0037115808952727547	0.013300283282233306	1.8402617833762207	0.002398843022140936	0.005689959421341253	0.0020325837602317414	2.4492815644897594	2.2861781503226823	0.0008610560307009598
E27_162	0.002698467807607205	0.16604437742700204	0.5510461497436618	0.023967940909667945	0.0024998730930686137	0.0266259410407578	0.00882341636788252	0.03857808758411172	1.8275516997369887	1.8732888737144004	1.630575305615074	0.017299281012720328	0.7994824901302774	0.02898357937074735	0.8959634353231279	0.03868037888505746	1.8850403438582408	1.8956711668934256	1.8717777775129647
E731_307	0.02342994652596159	0.03349109144461528	1.7540077437782335	0.04587872629263254	0.02106113663315207	0.003991467675580435	0.018608135191145955	2.3067250777394497	2.556787992923934	1.7838414427499747	0.007351787265346078	0.006124572606856353	1.3807831497928855	0.017964444731170603	0.006039782531547949	0.023370082354355403	1.9573146935049184	1.8632992064853449	0.01809342764594823
E1749_227	0.06738256464569324	0.0067912209351034146	0.13420266680541668	0.0365093347595408	1.4844972956964186	1.9244439222669656	0.007407504885835165	0.004420401795534235	2.022512237262515	1.8538202908739805	0.14572500933161853	0.014051169060279187	2.3536032600951424	0.0022607141190018284	1.7374376079080018	0.031186480092020862	2.1931829023606597	2.011948417784303	1.848022531362332
E1551_368	0.006731677707252852	0.0038234121143515647	0.011707687149994359	0.014121358245540824	1.9237333013681457	1.4419143313267488	0.004731865920733457	0.0025350837152485484	1.619079997048661	1.4347333693315254	0.6188222743448895	0.0009811562475785858	0.030390484767215887	0.7507286066841082	2.0234770280204457	0.15083568063874134	0.20229780619013926	1.965932510231956	1.8249704924289527
E414_623	1.923192309885405	0.050020294189797566	0.0026021240222240893	1.522604955752585	1.881406686665518	1.5935753871683431	2.1512141791126727	0.0004644758445973498	2.003062000326545	0.04746398485003847	2.0321861679160973	1.6377384859355613	0.012011003345871636	1.15129969530694	1.3799980290345106	0.0010455566372240472	0.0056019416640784745	1.8240004548000681	1.6024903143394778
E938_398	0.3319883107558008	0.02035583103356321	0.02693714592047037	0.5823996857174791	1.804114242850768	1.8593895728375045	0.28515210361028553	2.351490555572465e-05	1.3640643032355901	1.7046174022926994	2.0444332073256564	0.30598337268041137	0.010110923588688734	1.7783113794517342	1.8454313800735047	0.0413034946766201	0.00978211148067212	1.6043828339540211	2.055300633201901
E1664_47	0.027499245936630348	2.2762880171601814	0.06002474406324984	0.0016380022382216676	0.0039778351138233786	0.01123530278496792	0.0006382084724730928	0.00479995288185028	2.083474647988734	0.0191839025682042	1.4788109710321309	0.00405155492091256	0.023260790075997424	0.0019925606227547566	0.02554469859557864	1.8692398006809845	0.029150067499556388	1.50028673617973	1.9526420411041312
E871_787	0.03867752389455717	0.05164118869081191	1.6746358021210954	0.014822252821155794	0.0028035439197581988	0.01373500546400446	0.0033506790244729385	1.2038298415827675	2.1579554643664527	1.485976712949458	0.017967114588855946	0.057693831739031184	2.105259885317655	0.019195107869140988	0.00020363524284323835	0.04363907089547006	2.3092386811181767	1.7672208297254086	0.007838885080701598
E315_761	1.4449231012983907	0.004347238643867918	0.011338662256653843	1.5320111795789304	2.4387497831926743	1.7384517042113243	1.8294890540621649	0.02707736931774508	2.5604611824080847	0.0422067155198806	1.896972913318532	2.2942784298287635	0.0014251648218098314	1.9935395879403888	1.965083616627307	0.00925622012089265	0.08764774599688557	1.7972972516732568	1.8327825828444355
E1353_531	0.012433939009571186	0.009921326881274643	1.7537696351061842	0.11240813029033264	0.051539799526897655	0.0025080729276984602	0.010063644194196829	1.5882254885453349	1.933950889724911	1.9958312634045827	0.10143046394074393	0.0010357183731385072	2.8592829011102583	0.023360008393375674	0.027255842465479026	0.005039434561061818	1.9892919975609957	2.10354434239787	0.16271296293605686
E1873_639	1.2221101580373572	0.003973993572018074	0.012022558973871266	1.8987621378796231	2.082450622853845	1.5664453475537965	2.2566468403535205	0.0093712665291435	1.9156566116091165	0.02531450521806158	1.5477783278409123	1.7733689173425422	0.021837429758475628	1.7314169213123836	2.037778131279632	0.01360992023787111	0.002743061504355133	2.0601540407673906	1.89826877117298
E918_56	0.005396621314039968	1.7024040918559866	0.028864643048843387	0.01338925559476212	0.0126403216894659	0.047793053861682616	0.031986933444705906	0.01612676852531346	1.5330260082243945	0.01000903325120112	1.7724962121561156	0.009775134087599464	0.003539808708700679	0.036667340461868786	0.015835474231812415	2.1368675775217287	0.03679123062775543	1.9494846518657043	1.3992462234276994
E160_729	0.03285888381275738	0.003845900749820254	1.4932605196431286	0.08726452909368351	0.00879278662796239	0.022232860325744445	0.028922185517312536	1.7393385189427175	1.2831324332862333	1.509123251324166	0.0002881972001490428	0.01250560681981025	1.9186801025898688	0.04264823512300442	0.0016025105732555293	0.001929272633219316	1.5078580412363891	2.0834827906015074	0.11112184229899813
E523_302	0.008706846037877665	0.017214572745400787	0.044410010353312684	0.0322600776959005	2.587422567260824	1.7058500696690633	0.0008181224439074153	0.00901938910382365	1.8551285204726613	2.3611754479340012	0.05237890408318999	0.006362344164095584	1.5912487656731795	0.02166321708270355	1.9295823043333955	0.001326631491963559	1.4769845301425102	1.8190173376632583	2.264556636289559
E504_167	0.009307491455279985	2.4820138431328442	1.3406778421669994	0.0016189103813500948	2.9322185038224683e-05	0.012100849317825658	0.009286212030444569	0.04134106359607894	2.013497296355656	1.7345004343379942	1.7271437802324034	0.003046693612309741	0.5844229139944289	0.07008795735182659	0.95130205591855	0.20710386073863216	1.8435920292708032	2.1278222448261617	1.9686678484451985
E1523_442	0.02154017203197549	0.031056227863595926	2.114765164311593	0.0007946522743416699	0.0023692046519210954	0.015644802784433736	0.00771865809225711	1.5450308912598838	1.194323891145576	2.3968075965110813	0.034597898211482736	0.002156646722734681	1.7935982772979298	0.053977505323680494	0.024271209264360463	0.032219882966675974	1.5488370567994392	2.023786305621386	0.05059993852672438
E1478_35	0.0009864243446537368	1.8777550761855504	0.005437942514348575	0.015472159393273574	0.01026610569029647	0.03731804945786997	0.044871061123298576	0.00937009172386471	1.864464277557517	0.004663140640280488	2.070894662294278	0.021983069609486827	0.01949558212033543	0.004607369615259942	0.015701424187119013	1.475295296046806	0.02752481002265644	2.3224616462997743	1.8812414031475049
E1725_227	0.008314779148754049	0.009463188744961095	1.490100866022101	0.00498952297244985	0.04746254381432416	0.006714125740407514	9.219789694148549e-05	0.00719785701832374	1.3148440251435185	1.7716628458837795	0.21947714118935965	0.03214261031544575	1.5004907810220387	0.01940983285848388	0.040674307357271185	0.037163397186588745	2.135087972140952	2.070332776743377	2.0405061370945434
E712_678	0.01238417133877915	0.005471409313753441	1.7355111347327097	0.06076358538056899	0.047376473338158726	0.008349960853731603	0.0028728478252898	1.4767590231805563	1.5108826461373326	1.8868298819309643	0.03354998947528355	0.012078165854055078	2.069241665175333	0.0033587451522488626	0.06019401087127836	0.008503213826186977	2.2569270822876453	1.6078378806529885	0.04144395306784511
E590_135	0.07303274389956645	1.6237824312276885	0.018425190339884705	0.014377260728568918	0.005424274146885601	1.4638952192473286e-05	0.0176187255040329	0.0648829581944563	2.012936126467324	2.3340143119326053	2.174179847817304	0.021003793778871592	0.005385091886265767	0.002486860670104019	1.403346658690885	1.112950020888787	1.7553897053225471	1.5792315335755889	1.6067902750310772
E425_538	2.0787054475973488	0.08687782824189562	0.03468898999660648	2.1435430672710245	1.8000291022848314	2.526359984855429	1.6359250400743703	0.0049023374515229905	2.1277166917176387	0.17036494227675214	1.7696911214360878	2.907560957874128	0.006214524931165418	1.763928971552377	1.5624025732654343	0.049374409316988006	0.016248498566050932	1.6613687349941724	1.5153210204684455
E984_530	0.038672750791802435	0.020665895612174082	1.4848703354990622	0.012071629100261496	0.01981873989679063	0.05070408585715788	0.01384164412170531	1.7274793822313366	2.02570906135113	1.4436642714227388	0.03083987904975725	0.038612617182289734	2.0563619253940715	0.002496536712528635	0.007031337881772857	0.09239342304166703	1.3699955326683628	1.5723908064144672	0.0055153399848087425
E1199_45	0.028704846391496407	2.251212417129313	0.005160396585153909	0.012364658810788949	0.0015191695508892911	0.007139511571858289	0.000931750197860468	0.02446565912252342	2.2435954538961096	0.13841615675183572	1.8128589954865881	0.03045489505158132	0.009342651079328062	0.0035914282070859814	0.004055484549385872	1.5397459998111809	0.004480849618170725	2.18681877970792	1.989930420020284
E1445_642	0.002311458178080931	0.005744800505461703	1.824632813142564	0.06064811946659876	0.012549619222652358	0.0035529042698248235	0.004535478474438129	1.837587838418694	1.5838642529340858	1.6984695364810427	0.008633465732349197	0.010372192582087127	1.51373742630876	0.005155724722148333	0.01592029800555905	0.012217895081550544	1.8011584787711226	2.4362525129730943	0.015769607575019974
E1219_44	0.0026202193167892906	1.834129053193992	0.017233140255101618	0.05551177365645692	0.04556809676926447	0.00030116928191097417	0.0067201570087946074	0.009043137323321387	2.0665543752489786	0.025626923918498964	2.131379316126744	0.00886702693154917	0.0005926236103423466	0.0013906013716046307	6.27543209963669e-05	1.6755142685490407	0.00566920960814089	2.7837715613441927	1.9107241155612087
E1473_490	0.010832457338396946	0.0120965083151598	1.869002023892336	0.003477371075996367	0.005092764686523563	0.014168396757797446	0.0693195516543422	2.235088293684133	1.7419502526777733	1.7099863113368856	0.034632649458030414	0.02636167023258749	2.305435061249139	0.09136859803604999	0.01992335840166442	0.0012901487434905214	2.213496286617617	1.7008706645709173	0.01268346795526105
E1818_250	0.00024122012428090412	0.1115314521976742	0.2909500668523291	0.010791365115455087	1.2218530486730041	1.5061512362350016	0.0003784457021199939	0.002769962561741536	2.0595017055500047	2.0569471042565928	0.7013139738664055	0.0712391554280977	1.7963972192805602	0.017636598060445104	2.146394634617142	0.035062495969347775	1.7836388281959086	1.956076777757971	1.281403087263207
E704_354	0.005201628314543073	0.00677686587359505	1.9423975448054995	0.0038377789924463604	0.013401081155276957	0.04014327479302272	0.058571998014373274	2.5489094606493987	1.7502340309953894	1.9180695702866009	0.02328771028784364	0.0049218313578509145	2.159610657471656	0.0006971923761641269	0.008588655181781028	0.005641353017364787	1.6230608501930701	1.788251910154894	0.031998463262744845
E1653_232	0.021828367451990082	0.006783563868617028	0.04224853359360668	0.033256853602987024	1.0870220794198444	0.9552047001064026	0.000358090817649483	0.0015419267716355368	1.8722526947089453	1.9641517352842632	1.5311761468691991	0.010996558406832429	0.14707769979989765	0.624184125111163	1.26349401995544	0.003804938358008487	1.4533919719014583	2.120938440904804	1.7378124086448516
E1549_93	0.013030660604784637	1.9437887461631151	0.013285093147254321	0.07334572122141837	0.07969967971963639	0.028038719293348262	0.009986775144545063	0.015294778568220837	1.4502913943932043	0.5630041169177918	1.9185991139873468	0.002454683497178914	0.08197509445258909	0.03934972304194974	0.11633345662478985	1.02746730387089	1.1707894045135734	2.410893117405141	2.6109184157172987
E960_208	0.0035437289237606165	1.1534535178915264	1.2428745158553642	0.046489254046564336	0.2155988117770895	0.2908629812100809	0.02836998909070482	0.05437233021288771	1.883936340291328	1.8052321819267128	0.7242756431906447	0.0015281216198861098	1.9395685220769767	0.010317750948153374	1.958588212585032	0.013734458977170813	1.747685948033416	2.2795877720484103	1.7530090187068323
E148_277	0.011015914259873218	0.019619721807997918	0.006822021571873338	0.02007536301491504	2.4275548156507445	1.8633899653898127	0.0008878828607672649	0.0015422372680584493	1.9843491165973843	1.6596251355313196	0.2088095450021336	0.0243147061923176	0.18956387755981674	0.09586019845005272	1.6988595702237934	0.004369556865184124	0.530247948323488	1.859915892751859	1.7266030290047272
E393_181	0.07819390670626095	0.005396350338384766	0.016647705772234782	0.0031974569817684053	0.2107530798347821	0.15305388120491367	0.006603411972223882	0.004573336159746413	1.6876010013237932	1.5086294009768602	1.9577828514900601	0.00036272606401967504	0.01576459734996102	0.1831133461392008	0.6006305867366906	0.03638414025085103	2.1381114658933837	1.917325472065141	1.5713045293444137
E687_278	0.01760951027763465	0.014877816360068546	1.7431055786148115	0.021620518625484045	0.03611742243116782	0.06280186003470102	0.00010271757847805794	0.20936753899593288	1.9726801266505711	2.1658891909405664	0.004411803318334546	0.011492607803753344	1.9913412477384265	0.036606065545747364	0.28252078403836545	0.005364943158741128	1.6175809133993724	1.7032899226157614	1.9149327610825413
E1673_208	0.0879265343975765	0.01608480726963481	0.3768340035930615	0.007229343576189489	1.1482628545751306	1.6955817673162443	0.06683970676140119	0.0016887360321547508	1.5113322380603615	2.213402117727685	1.6067682552069282	0.019799964748544247	1.6846982386580662	0.03943607979846698	1.849428103676376	0.0015370240948471136	1.7315857569134772	2.153818669190663	1.5853887956686818
E1055_685	2.4937716827094936	0.0010071153051853486	0.002696187277833877	1.9009510724538925	2.4306181623092	1.731736782521624	2.2501858548124516	0.002687779423577201	1.45531269286263	0.030840841800576217	1.9046076047042089	1.9426801257465525	0.002267455227807218	1.6517709064414774	1.8156826229338543	0.009780568498929087	0.01089146403013982	2.336478007520898	1.522024895055926
E1685_33	0.00623376126159993	2.0757352407938816	0.028212990793940764	0.09557593376671092	0.017523180584696964	0.008917472116780524	0.009208266065093456	0.0026286698628864807	1.9163191365778227	0.04511363303818575	1.5627267532017834	0.007887933578412358	0.018206693113903667	0.0008388882761685996	0.002493529881566489	1.1523557244768945	0.013091982620955768	1.6747956512002982	1.9362650244452844
E456_506	0.0001100922682684448	0.007868180626764008	1.9575532611635773	0.032369048661720204	0.0031371923603943515	0.0014247979082129155	0.0055458569427245035	2.1079488378673057	1.3599157254950909	1.8660867921848632	0.04086472421157108	0.01984870799720392	2.216565740882764	0.011828601684043072	0.01439539505767219	0.006423357436592911	1.8909474038604392	1.6021525780405943	2.7255344491135605e-05
E1882_740	1.806777430821061	0.009589380531660084	0.048192392655390166	1.984584325014012	1.7454486263701592	1.5275315825842566	1.9596537728810528	0.014015162710667608	1.5548189839513562	0.006838086662685409	2.18071554426279	2.201577256140872	0.011687732290850185	1.3392799467449306	1.779241276470848	0.022033413923322785	0.009396825683734395	1.718723535926684	1.7920192923098859
E1526_705	1.8215829614503976	0.034873296097860954	0.0022142691788230077	1.8481376295272207	1.8081794531018471	2.2257287229833773	1.99311570158927	0.002883515372459721	1.6155697582404196	0.10828671850516668	1.3945404817991758	1.976042041533922	0.0029690622023259648	2.3793397554547058	1.8081680385702616	0.010968648783224993	0.05367692039230574	1.723633149596239	2.1678508350837906
E290_225	0.013547914458453388	0.1821331792530844	1.0132593798777076	0.0038233496883348507	0.7521226442345931	0.7616837878801626	0.021088623803110468	0.15583159295479065	2.0986697607294604	2.197388169949801	0.2216606411625721	0.03462302614198138	2.575610570139912	0.028550499373146625	1.2049853866516351	0.05123485391348097	1.873709422788572	1.8410563546029264	1.5673662870183849
E1858_2	0.007235558162041033	0.4230615647872288	0.011592126396413731	0.024357278939385787	0.0006506306585546424	0.0018277344411103953	0.02562120975115349	0.002519715013436007	0.3812256506253749	0.012071102493602522	0.4680790111999234	0.009264247394070436	0.013440597589046073	0.012881926731996259	0.0004792738565165457	2.086175786587202	0.02529968390991796	0.3203808289097573	0.3841802693644797
E666_165	0.0002649679601964597	1.9495801645453232	0.0260913470925492	0.0016914596921948546	0.003021293989770005	0.0004989913862447522	0.009755944784819712	0.010522016318119231	2.258547090963616	1.9187410692795988	1.942507357116641	0.0013517751467684409	0.031597527517439335	0.02467130178392377	1.4487952525968548	0.2290402482359716	1.7398364094632002	2.0736299977426937	2.097969969714537
E1082_317	0.01347214936088944	0.02919985752456268	0.3249242571211999	0.004243105655665734	2.2078755583741225	1.3939763135000849	0.014448248591656231	0.0057672729698950405	1.9634380487661	2.370980572194143	0.5095499384237921	0.03839124853680213	0.24995461878195144	0.4355806614368231	1.4621436289936816	0.03229188064825311	0.15846727502332472	1.2481326215927373	1.452872204844869
E859_100	0.03630862823086045	2.024414603141119	0.00512146903892175	0.005964221201173593	0.0016782364525605759	0.01498273962897796	0.006683738771885685	0.024388815584493163	1.4299991691581682	0.3317967862840396	1.79054804337477	0.03144540487688753	0.022185393717977443	0.028043406264131786	0.42360971785272905	1.0946152000339529	1.2647827160826377	2.2120016513095817	2.345932748740169
E1887_364	0.044978378823660216	0.016103116895747328	0.7694635345106285	0.0006751451106393747	0.8888074499874957	1.0633124436575867	0.0025197541302024768	0.6908067795692956	1.839743748991992	1.9002961123865485	0.015352272597773716	0.023673779819238745	1.9082433504110643	0.007884692743668924	0.7205768740715054	0.04846303789060498	1.672455274079118	1.9428630901160133	1.0169307935430023
E1021_269	0.004712603176554621	0.030239405239339483	2.2405125587477324	0.00365369730895129	0.028877659543812214	0.0049278787276263655	0.035431376662586306	1.4509223201926007	2.2697969810861043	2.23708111534207	0.1484762613914669	0.008795414741493798	1.4609856716231346	0.00657056560696245	0.00966011961723448	0.005377914098934997	1.5791475122503416	1.3954709854478553	0.4606718140611468
E1380_404	1.8736718192860324	0.012134272809213602	0.011105819653662872	2.0833904290546226	1.261411983170596	1.7956485855738875	2.0256686045832883	0.0038917457350087295	1.9288847945801184	0.14286192049375288	1.6972130211619965	1.7044690972363072	0.004672383123332064	2.4741920951071057	1.6848880486592177	0.014757825548006169	5.0957228166351176e-05	1.5844424520694893	1.7087921046320012
E965_768	0.013702781233422327	0.011765502571957687	1.9444505871846376	0.014381091654213831	0.002355019471056981	0.047947521893322034	0.002769675943151952	1.6126556417927018	1.2767689471704151	2.06321164773368	0.0009073364332767703	0.002106557713955594	2.0328927810516526	0.01792138143852189	0.014290952227437332	0.006232605464363881	2.022321597023009	1.6636894393396509	0.09294304881685922
E1292_718	0.02640353187237954	0.020989635479226547	1.7787414782362236	0.005184884841045874	0.033497664071020214	0.014438784512982125	0.013182396313170752	1.8655353236458507	2.021798195424923	1.7766382414570636	0.031204429538947788	0.004031774419737106	1.777987100603455	0.002865312605437343	0.0011385030658298569	0.004910434883232034	1.509146290860942	1.6723546882565516	0.04882109275045295
E1837_562	0.006720332452858761	0.006110585540126107	2.1423171327311272	0.002930360431639782	0.02369509397168096	0.006340570201457629	0.019184482949357297	1.332056624543546	1.5801039457710764	2.255465407006485	0.035086428537161436	0.0006505091981804247	1.8547419744487528	0.017131125376914226	0.016389116733841462	0.004834442665442749	1.7647062324777107	1.2807257770460976	0.00013137617067395966
E1577_30	0.033138638859912015	1.6159874719025409	0.0021865285483189424	0.027803675392973626	0.0001960775598792552	0.013646365178648735	0.009301021035927198	0.004379161290235589	1.8932677016990047	0.005447432082832349	1.7401686391100315	0.00872290803658056	0.04545214421713347	0.0244098075580694	0.0002862786759754163	1.580508205034039	0.021250103182267614	2.173745632490653	1.876747176400433
E714_511	0.15991418586895262	0.02210666102910141	0.0050077657466670285	0.8451108714258795	1.7685256046263718	2.085312172029904	0.7288084230877361	0.0008998030340389504	1.5278663636034981	1.8925804280024456	1.8729710306622285	0.9106132040387936	0.010232959122260092	2.015914235408788	2.023913497686992	0.004594226828784229	0.010252895624466102	2.1542744539059475	1.7013286543212802
E343_367	0.03883461760212123	0.027973560637892504	0.0005967477615697841	0.003458794476058528	2.2408349318272043	1.5284215958386456	0.011448349034531369	7.073131292320804e-05	2.5178923888766587	1.5481205640099511	0.7439159865800626	0.03428277998698883	0.017677025523463334	0.4181533383621522	1.8951410734288527	0.008383075751663978	0.05894301804302812	2.130010828722734	1.5342009866559316
E641_242	0.03949586935952802	0.0017738072849169996	0.17442361564753953	0.017185919524750383	0.09092716319378663	0.0020609417072516216	0.13103072824853834	0.04334719421608845	1.7757864194196125	1.8034720738777628	1.464211510236269	0.0658724428602555	0.4374877307751832	0.006089333802583555	0.29125456882654377	0.02221951635035592	1.5574226697510831	1.6478015528864782	2.030946176771432
E643_494	0.8957755426282245	0.001824205016242961	0.021760353111901828	1.3687412208222831	1.4936665378653735	1.977977551797932	0.8581932757565844	0.043726130864992704	1.7375000435379897	0.6454689671295493	1.6754810098183304	1.2233486608581414	0.0029607451976794976	1.38411924762398	1.6576879756499698	0.017046725643096318	0.03801428362315943	1.8618945721371416	1.7074401343019665
E307_666	2.0801922659198357	0.00018410970845461532	0.013415519103483507	1.5901605682481508	1.6035432464354331	2.133042619558152	1.732161639700155	0.0074317321314338845	1.8461332776659225	0.02846221449507094	2.319775597584425	2.5597771221771484	0.008909792455421686	1.9171313692053904	2.0747062081757908	0.00408241963084009	0.0180585448057366	1.9240797023620253	1.7305854300878831
E1601_233	0.015277069184302498	0.025059822408320588	0.031515049506716415	0.0036754513706936383	1.930754372403245	1.3490886066690633	0.020469140425447386	0.0012053420760342831	2.6751427042196534	1.7862429799163129	0.7371885556880966	0.00039549089428359766	1.2860632824841622	0.3634285674582506	1.998802051807446	0.004152411743240779	2.024434328252556	1.7149448890697263	1.9779420642969257
E970_199	0.004867513355652474	0.07242388841551932	0.4406339090460952	0.014778329012186137	0.4658808057981641	0.5293414949385693	0.02071285948627824	0.0031328006045372803	2.3501818703575243	1.836568714434612	1.5636783072997218	0.01919140633555671	0.635646550073468	0.2474986945366636	1.938702134505196	0.016163440776759394	1.967340809093952	2.3183690665597405	1.5729526754238616
E52_189	0.001458354266631115	0.23631850600232976	0.3207964174783652	0.0011722114953501856	0.1396001559728009	0.3888238489277789	0.0010363725921201297	0.002521299508440225	1.9438525347937319	1.927308654134788	1.6804706284833557	0.0045903513027299855	0.2337079176049581	0.15098200597832034	2.0740451432594003	0.00686929808659027	1.7175889000668596	2.2324141111281053	1.5337126908255407
E1540_340	0.03578935735295208	0.001111871386491243	2.2924347018070605	0.02730045812845	0.015233170974190012	0.004324566867628996	0.021425085661482768	1.5611148499378296	2.0560025430536344	2.0586685240537332	0.17549735921484555	0.00801761275090977	1.959603166448264	0.01321642710936046	0.0016345550636460494	0.01918830547923453	1.9048264030573567	1.7978047497241882	0.6954280059625109
E42_171	0.035969197277477494	0.5607774934806506	0.0688112346900083	0.02645107628435716	0.04811736728274277	0.006832242602877764	0.002720392858663586	0.008007708663071145	2.066077313380799	1.9494490023397764	2.0730391591941326	0.004363842792638546	0.0822628331007543	0.0050522078691324435	2.3986103558430365	0.13923019308105786	1.4368100160721784	2.225907981565008	1.1361416697212614
E1411_315	0.00327918142724252	0.00485508123057841	2.306383227348696	0.0027600994371992237	0.00523442837100855	0.02167042016410772	0.0005785002487331452	1.7363094042847356	1.8850436189468616	1.4698937917692918	0.002488776054238597	0.02628982719331787	1.8745861124686407	0.009417481178697196	0.00834641430657823	0.06454163449913035	1.6383492210816384	2.2044082209906013	0.001779774547076074
E1565_472	0.0013933803123691822	0.02004100004978213	2.139382504748938	0.0105540827314174	0.02723187928466154	0.02098269375851197	0.018494947662816952	0.9076587239092204	1.9871243525808195	1.8671065926946768	0.017047474411170674	0.0018548501423320167	2.039472240737406	0.11023616430109652	0.001558621342545914	0.08160406482443774	2.185333734564718	1.2740907646878177	1.2736148136336534
E1180_244	0.0099328701019025	0.0038065167917016437	0.08712327273275537	0.006193026858079384	2.338560457908667	1.55323446653648	0.01765037658476154	0.027448823533288987	2.0623669859188203	1.7052956041164755	0.01653488029723756	0.008440435437642585	2.504680193447232	0.013325824978870028	1.6646914333496627	0.0251643889072658	1.4630375477428352	1.875221009896168	2.1338877797971283
E195_757	0.00010647523593642272	0.008664177606970585	1.7608712388957282	0.014353744279442488	0.016529895471888628	0.0123294684661112	0.012396220876770959	2.17667925569142	2.57418007153002	2.084927764003527	0.0007920642714056124	0.018320293453842968	1.6655060186556891	0.0036890016427969423	0.01974272709701725	0.002231011420162711	1.850149282192308	1.8843622086706184	0.03351594835230025
E556_434	0.001746534245739639	0.002879704225191333	1.4167824186962763	0.03782353416176254	0.007317908865983678	0.005478568809705076	0.006120401683944649	1.6434891652055947	1.9259733408226565	1.3432403729455316	0.1507093295939283	0.03848144890557418	1.7935061560760477	0.035527594894660376	0.006348387596061337	0.007488553526709686	1.8214021700828595	2.212324547368851	0.1142014099032033
E1484_143	0.0007941194568595843	1.5079745428587743	0.006771984522798421	0.004643436486978099	0.013569584681174087	0.039534338416546674	0.01630253657235796	0.003923451086017157	1.8881789062851373	2.159059227974656	1.9905590474666657	0.008781247936580635	0.00030522925203771943	0.006527473046637677	0.7428324615872224	0.6107835634479861	2.071583763005912	1.955784818326932	1.5082577895605112
E1706_362	0.00241905065795487	0.012875394376419543	1.7970377604748746	0.0117132238821292	0.0006480181888372027	0.013855017899518443	0.056369891893191165	1.7602762984305194	2.1499612199720506	1.6421470226169612	0.010904810071341836	0.06857239653186824	2.3402921256291456	0.0017588812427355154	0.023580686702899808	8.083844511703847e-05	1.4174702451495969	1.8981596737028208	0.019770032606903225
E401_582	0.0013232838331614346	0.018617472625491203	1.3953525905149642	0.05697028941724416	0.047774064877139664	0.0040374859146661965	0.0006049526337934745	1.87465177370386	1.7199786573092468	2.082613260706912	0.0029663591264536327	0.019664060889791803	1.6921412280506865	0.018971607055160447	0.002210089401862297	0.00615207875679199	2.159917063927046	1.9244037524153068	0.07364108157642682
E766_728	1.4816525507146452	0.012602239556787232	0.019049991077686027	1.9728580635779118	1.9540516582588705	1.7051751493550702	2.105515069135486	0.012625102697926952	2.0678127088484595	0.016882582653277474	2.0450861012957002	1.105925305741365	0.0074160519715402145	1.2096700516709549	1.9363893180571696	0.011826046455293959	0.0001885366668189295	1.9399064154171828	2.0154952295610564
E1171_596	0.01978976917136134	0.009958078366102886	1.843215302853125	0.023682325084049258	0.06562012361112239	0.003912882114045732	0.004127576381088285	2.1085298167314988	2.18032694259298	1.852433402131325	0.0022558854715290307	0.011328186127856752	1.5464585613552833	0.006991590880251654	0.012395523745703695	0.0036102728601870603	2.4972688711157747	2.0091345165359744	0.03585090176060215
E124_316	0.018442042841325872	0.01384993621006158	0.21833021580223108	0.017340725401721182	1.429753811216935	1.1720826836041032	0.016515733617455567	0.011008405263666577	1.5916463688635438	1.7945139352675354	0.2963014111583937	0.02474186919375775	1.4802538471322542	0.014252954125206059	1.583357901023905	0.013425700031927012	1.1575167310553989	1.6452882240087805	1.9721780014597905
E1422_541	1.7978111778087145	0.007650151235146635	0.032076100584386334	1.3011897736743332	1.8040509778917644	2.7349485318208684	2.001423228790677	0.030859251629164468	2.0802294954947125	0.07819803884240584	1.784023414806194	1.98582482942238	0.053218373143058516	0.9398321075135734	1.8586549394502287	0.03060007979862116	0.0486360155747164	2.488336211461477	1.885761161437135
E23_149	0.0042825575652612035	1.4681353399770765	0.00823195222411915	0.0026638919717663703	0.06710751721821763	0.1430440002556549	0.0012923898938628675	0.0005528031988578486	1.6281961172004142	1.8593580430346868	1.6485853338440275	0.0016218853155612954	0.002568299189915884	0.2424699238935044	1.6205476265154264	0.04166491728933718	2.126568451061394	2.3149518280086934	1.912253871936432
E367_487	0.34132344911161777	0.04802146769254485	0.0020662168374975167	0.320284008463893	1.6097449916630322	1.8775691847003173	0.20338492889533896	0.0018677331026608914	1.6802233734624852	1.6240763934335694	1.9665508508540075	0.25684962608016243	0.006424972133801117	1.7883086616324992	2.178276076609638	0.003995596397776301	0.03860034440915607	1.6669880854473764	1.9368397003700748
E1040_168	0.0008168102159875067	1.1408417966453066	2.367816158371588	0.003228798172756703	0.014660135824718206	0.02447443838520048	0.07247982821549198	0.011538370186740513	1.4488250320906306	1.0898933444902508	1.5034181902343924	0.037802632931575916	1.8256660740278248	0.01636685732978747	1.714511348113736	0.0046896586072137465	1.7423970277820406	1.6260067414859978	1.892808619764424
E1462_318	0.002072459413771821	0.00980238558509453	2.3454777342793847	0.01236402780412608	0.010017769432945528	0.05357449339746823	0.00023662305433156587	1.3905100604867568	1.773741119527016	1.2345105178722648	0.4105642091281276	0.014025986885080277	1.7610985391142775	0.019262156015031787	0.03021069764696655	0.0006307964049919742	2.5808390271823827	1.9831958514671064	0.476158866381325
E1926_233	0.07410505143710189	0.0006912131958118884	1.6622606906079829	0.0035256363320200954	0.08344012412391312	0.10053757118065887	0.0009155382510215767	0.009602180648054818	1.71373474886664	2.2774962099190703	0.9990568603587008	0.00786372004649297	2.0136389921983997	0.022265549454803968	0.8839571593885667	0.008853679564743384	2.0302653183176536	2.2174274199480917	2.0430448808370545
E588_586	0.019920796692588363	0.006401675964414765	1.343034084557755	0.015560746398131094	0.05013199268251098	0.01545490832792454	0.000977429473162437	1.5255839249774483	2.0820290752376707	1.3780011820954936	0.09148704269729753	0.005051124845868543	2.2140821703520888	0.05817065999503675	0.059235939264793674	0.06749604641571211	1.9078162410916608	1.677272942970783	0.0616002377879585
E1352_427	0.03015274321224308	0.013915818911322837	0.01523489791162394	0.00037898446079081047	1.5285542840607569	2.482787954512685	0.0013238137331643028	0.003213639641266901	2.026091430717792	1.7916364377222067	0.5417564415307771	0.013138705756511382	0.4463013284999376	0.7189027135110746	1.7931692061173763	0.06785245521432673	0.43894259652960055	2.3610508603515847	1.9586071375932368
E153_457	2.215470987724885	0.002014853161523712	0.02809292942482269	1.7531277959558538	1.6597537858612408	1.2362298468446131	1.7214816910364823	0.046457687929808984	1.616978285462479	0.3905589700527345	2.050487504149277	1.9643373093106915	0.008630867554771847	1.6464549588343311	1.527614905832387	0.002212996303456811	0.15718712888974132	2.063079194843432	2.1063270895787096
E1088_255	0.031148118696537424	0.08656288004355775	0.017248787576933492	0.05529132584648147	1.9558239140950813	1.8398671411736989	0.0006129130068012207	0.00011569864734170195	1.7983143776197843	1.985802651167566	0.17007257336020484	0.023080305295831858	1.6037285271714767	0.005482348020927619	1.189293793804812	0.0004352369147898628	1.841883833913722	2.311946777782393	1.6024659005295163
E551_87	0.05129954851529151	2.2045425593628685	0.0026696572197154305	0.12476558672195374	0.011906172455492041	0.004220356111047138	0.02598717655780808	0.02858512884626487	1.4599008784361664	0.2348504534860009	1.756832244095924	0.0020420853243825893	0.014316951989201762	0.00015742132881523593	0.03588434372677965	1.4710086687636867	0.7507565230774711	1.6049094834663389	2.0606423336620883
E406_196	0.00406054057311286	1.00491832713204	1.5785635970165868	0.004739241133880941	0.04773218938582745	0.00938801606640562	0.0009952661277004703	0.005278688918211555	1.855269155864645	1.8970612892095693	0.3507333210570416	0.03409082869224542	1.235571192473501	0.03934591832072072	1.1768280248258778	0.002734818563590758	1.332154411787852	1.9317438017208188	2.277820546733307
E1559_150	0.0070492666655390095	2.1697732037133703	0.0015100401892991619	0.031312628467132744	0.015325395288498675	0.004040549313102897	0.014215096959441809	0.005813922874543452	1.5651135952656818	1.6426441569224837	1.8081062767376617	0.0012980687255665932	0.006766869487499889	0.005364262675946327	2.2450489977888752	0.1113305782607524	1.7823376357146623	1.7533459087484753	1.88810094169124
E245_300	0.0011969930121186905	0.022211548891200847	0.11291873354910224	0.14687573559814324	2.0394390311002413	2.0020348977375746	0.020332704685416043	0.0019702500446525943	1.6419970555761434	1.871837524943552	0.03843521290577323	0.04927016027710171	0.6660065332521049	0.00842218343583572	1.5177319093518085	0.04462669318000986	0.6316539929276732	1.557489308068789	2.0126597372042028
E546_447	0.08560989475975421	0.00020768419152389416	0.01047551788207109	0.050596122902002716	1.4000813146042486	1.9473363508511328	0.04741866698406316	0.016994115563822073	1.6701057228768232	2.215500765590705	2.2075966287564475	0.03339309416879757	0.0013777621758522846	1.8593389615543288	1.956186935818708	0.006148862754670186	0.04517617201500136	1.6838148038991556	2.18365659702122
E1408_35	0.0015963591317070727	2.045820174562228	0.003105263659023659	0.01736028718181766	0.0008628117579404324	0.0008329036408929744	0.0006785405476617008	0.0037519490674635045	1.8421754633294205	0.007509031915807284	1.979409867258646	0.005178926026669008	0.011593098988915713	0.00411595807714039	0.01952766610546087	2.266422590409898	0.008818888881636499	1.4831152653133362	1.747183737641407
E570_252	0.00916580295518795	0.01745631802347522	0.05010785150386034	0.044311552974077816	2.084066698714933	1.8642810837480075	0.017264651130056232	0.012071322001029613	2.1321458914179967	2.370962550085764	1.112776716441083	0.0013407869768573375	1.5476131536292763	1.0927348895530944	2.0562757343590703	0.003081115217794451	2.336409316178435	1.6809366542041528	1.5375946174205148
E571_452	0.03046895943466792	0.003872679554590326	0.002718737164191666	0.0072609670646593015	1.83222983886712	1.6657867856447162	0.0015680115339412554	0.01602190243916737	1.6747220278330133	1.5598343370225265	1.5628878366601648	0.11753101265775075	0.0008317283638310466	1.8340997199168176	1.9186220132028928	0.007240877046476538	0.026682087690285863	1.7724143735357596	1.5757160897281008
E1608_739	1.9926623479689256	0.005241421414973276	0.0006539422132569772	1.4233025095999905	1.9488367560925275	2.2268212811133616	1.5620525017877125	0.05207168258419082	1.3163243611375446	0.004989951335247749	1.7034845490278998	1.4496692614705848	0.001037858764367811	2.145153132084952	2.223711060921078	0.00039210022662006537	0.002498152725472256	1.5043636763503625	1.8277978282318392
E1239_176	0.0006598828805193692	0.01428739385619556	0.0042811548895714925	0.018338655726283903	0.020937409651297045	0.0007617105483777302	0.0443458610297592	0.013435236144774706	1.7957107612699978	1.4528862227166908	2.01186686639468	0.0032298861356691924	0.015512012231240066	0.005989264426272975	0.2810654941499425	0.001558287284620718	1.5406858334748037	1.1961835598343769	1.2575410621912804
E154_136	0.04886435769482542	2.156650086333106	0.02543359491028665	0.031495831601635195	0.018031777924164816	0.036615171834569166	0.00964943396094573	0.031222990401080782	1.5919020745934245	1.5822544315175704	1.3390425630003502	0.006739154566468972	0.020329769467421804	0.029851464945766907	1.4219992066660294	0.05947330556787956	1.5722480953571818	1.9407859949041133	1.8483132220644176
E1637_721	1.9924077130504445	0.011160983478288427	0.02029308610724392	2.0616156432851698	1.4880675522774658	2.68377447778394	2.2519349316526984	0.013437135634078372	2.169864388056701	0.031017835930182317	1.7837965949149073	2.1530285467789314	0.0695585184881106	1.4331557311697187	2.1331244019821414	0.017068809395512113	0.02386782633139741	2.0259802477352897	1.569429510850146
E1877_686	1.7016422367989044	0.0014317254445208498	0.01929969837870842	1.5784945309412937	1.6738071433714232	1.4891245231795418	1.967337344278848	0.018321849826322813	2.0448580349755963	0.017804111548463248	1.6224279633941745	2.22072123038746	0.005131540887895565	1.9457753045907569	1.9245966170240352	0.002579199874656133	0.009529419481988842	2.015725514768477	1.2146226119814298
E889_490	0.03983551237178344	0.018728986314028844	2.0059147928809304	0.013120503064344405	0.019886719733415683	0.046895672627956235	0.0008754276899223489	2.816256532205266	1.812511002502556	1.9224368066163813	0.07403559541227786	0.026785094826115352	1.7636735817215397	0.008507865277066233	0.07014299119337031	0.08771815073568139	1.844040172513146	2.5912360313163267	0.015848659814832425
E1177_359	0.10425621145239702	0.013576442727086354	0.002393830463553997	0.046359629693079	1.6492260883366248	1.4983598586849842	0.15801544590385228	0.048871615746853364	2.4119525876478662	1.7113463448369135	1.808699583903943	0.06229283616231428	0.0369274943336791	2.199054649667153	1.4754518540052135	0.007181915662774562	0.0220331145321614	1.7938457138809607	2.2249766019304533
E617_670	0.0007117717650318763	0.00453079562439245	1.8713297544640133	0.0483757716577228	0.013475889345363628	0.010961030422564362	0.02471701923392507	2.065824463728367	1.6579083835681754	2.2288877325572747	0.03460782159346565	0.033038801686786815	1.816134399664418	0.006974788150509417	0.005965826323757011	0.02063098940249753	2.215446859586752	1.9015032815973247	0.0010397561792871907
E694_589	1.7159079092081218	0.01800230689431671	0.015329492724389628	1.9598572084791943	2.254925298465332	1.79817930319124	1.8559615454327056	0.0004108186314271162	1.6783316575002052	0.006297280793207503	1.6290039113981578	1.8856612240610469	0.0021660110467089148	2.132982200730882	1.7105495223486462	0.0042512153635523115	0.014484797350477422	1.3367640239484233	1.1751245612286465
E471_130	0.008867820305012663	1.8224346699496992	0.002672552391776817	0.0001958249251381196	0.026743389978759108	0.00923575911261956	0.004113308395994022	0.004632807571757035	2.304184603934341	1.9681123253802653	2.3724103731057915	0.006030907476255558	0.037461987007849945	0.06134968601700848	1.828197098240636	0.29375227513837754	1.3793815467759278	1.6745974570170004	1.576452438513766
E1954_87	0.01402469856139967	1.8589444718067136	0.0668228498751189	0.0029972762991762394	0.02096930217263776	0.04340477511721881	0.004911238901939766	0.03827975564695478	0.9727068241661324	1.253884131937348	1.5766088262599796	0.034106969567713884	0.018031776544887253	0.0027583026993890586	0.541740154738608	0.12579149151272018	0.8373821725231224	1.5216454702241675	2.0430064551986944
E957_693	0.004689814462753569	0.0027505405718436173	1.9233338658419463	0.02443313154700491	0.04052166151244156	0.013147994626393794	0.025624381608563968	2.058506527509498	1.4595325403719257	2.229511775882268	0.000987459724601205	0.0034959941197421802	1.4013826900454132	0.008352965950923382	0.0010756442116665599	0.03423479945441519	1.6764594341677717	2.0430014637630056	0.041334760529242134
E758_84	0.017800023221643646	1.6633901728557063	0.007318226054408346	0.019974102057659024	0.0071228760912313595	0.0347395853974222	0.014044021068129357	0.013495636967521322	1.1403958762473456	0.00297100348631444	1.7293099138145256	0.01926376134704853	0.08201715238898162	0.02085275675534898	0.011424441290430392	1.191541648717272	0.7590166577398693	1.3929756371322286	1.53412736349165
E682_781	1.9837492393392044	0.007901570434121891	0.00420306962637574	1.9691234128861808	1.4841688841807592	2.165734370186645	2.5259206683675237	0.0042178412699934095	1.795091194342024	0.007589418845047959	1.7332160302456938	2.0579799197305007	0.0041140654447700134	2.400689790254751	1.695635404504185	0.0004300381139478737	0.013482863155683995	2.096860396045187	2.52070692577908
E1237_416	0.0033145044956501713	0.023378946025256482	0.0004902262308062503	0.016866041563555957	1.5172986935412964	1.8553859563665056	0.002239362838412894	0.009910008846061566	1.9834295838897087	2.2517655394004046	0.39507367438176855	0.001460020725423117	0.012478855787908028	0.26706366839491985	1.9618872753125087	0.07035446889780203	0.05086768847120818	1.936141094588817	2.190367112534008
E1251_692	0.05332051240251826	0.0020787441690044792	2.3188333577687725	0.003731437395149674	0.014071014459180013	0.0005011422151956972	0.022184351112885844	1.7421158145581943	1.7276713330403517	1.9963599170623567	0.08356976695106827	0.09165366782902133	1.8543239113514367	0.021899239247117046	0.053860827926238086	0.02747548732882429	2.8321189782924834	1.3124403869852144	0.013555754728849423
E1216_444	0.009136840400101662	0.00614154860969746	1.7825085013580493	0.00930434788955728	0.006595965646906192	0.030879279475893175	0.03922970176494149	1.4287738373076917	2.034468021027429	1.798367150229865	0.006901419831662285	0.0822976029498812	1.9876294062426323	0.06792413851138004	0.03650388244713233	0.0187930624717678	2.501020685937568	1.835314254673165	0.01787297703134328
E1805_468	0.003592227752534415	0.03000173207415548	1.4485522936806108	0.012316890653943494	0.003079086927035666	5.155283041729971e-05	0.008825695793261873	1.1438861302766714	1.7818048725689162	1.91704497776676	0.06512721170235977	0.010604993914485487	2.0607407328430742	0.00833276009167918	0.004887084719669791	0.01473345565431974	1.7257470197729736	1.5915990791708807	0.1860917956792961
E1116_60	0.008345935459068487	1.5235915629120689	0.03798704189557527	0.004787060730141652	0.006553959096802125	0.00837917316234227	0.019031807930434047	0.017416545362643542	2.083369806329065	0.012808763200624379	2.0769869545236848	0.0185349582710356	0.0328275735889715	0.021971017832620843	0.0005783418316471947	1.8232599614399208	0.10788795544363053	1.884128183544053	1.8137576103478656
E836_332	0.020913194543364426	0.015531110119389109	0.05111167412010272	0.07332087421826235	2.3873260423762064	1.7649799924905372	0.02838592163091655	0.011069062794053442	2.084982630841889	2.35685095945992	1.0989005393400808	0.003689101424102746	0.01466127595206717	1.096110455869309	2.1392540360656	0.007461059206041617	0.2517337153472637	1.4861639027118425	2.20407567853733
E630_45	0.0002795786525511937	1.948299169526667	0.0005962612145936665	0.015420580818747337	0.008623536757646473	0.04651558600612258	0.017561607184508277	0.017023166912331078	1.7196165060822541	0.007653051090486745	2.021997419358484	0.005068212069468339	0.0035278084663348187	0.00475204153379636	0.0058204970488754575	1.8293783921042843	0.0005447097155665573	2.2693071886663643	2.226978309357168
E1595_417	0.007108302752426652	0.0015436732245240024	1.9027747447238768	0.044277253896567004	0.010444252722416121	0.011502909727309314	0.003222157434018795	1.5482062559103589	1.5474013182122583	1.7175147771402404	0.0015458870573832172	0.03905467393756982	2.1284871103206338	0.09105623537605287	0.013305163996123665	0.049417427258549126	1.8355651023932973	2.0800227051812814	0.010950463930992471
E106_656	1.661851789475556	0.0162873763861434	0.026370778339728927	1.9960742421579751	1.2969488742624602	1.9822237762899173	1.9483865616293616	0.024251904513110868	2.1557662693473456	0.08312422757920768	1.7128489808848737	2.0776600835357093	0.008846648149962923	2.008677889266289	2.107706009571146	0.0017041355945815913	0.010580104027300185	1.6881672663930292	2.3892724901026106
E14_59	0.004488858966384758	2.41726665523442	0.025424825210953225	0.012144515408243784	0.05706471093479424	0.0019787229281695165	0.07642399493191036	0.0030939101501027827	1.295397956457752	0.018725137432044084	1.5727430496836352	0.0035862756308435452	0.009315974120196479	0.03485247305388413	0.02662800406544491	2.2152001503393537	0.05902102469872687	2.1509126460424732	1.7537090043165176
E1152_96	0.027757297457412244	1.6071068309435752	0.006655421366067975	6.517290713553602e-05	0.021666730857822933	0.010736959902874472	0.010848362488256384	0.00955383248131803	1.6946844696597634	0.5604914885727159	1.718348827085571	0.006210290032427757	0.011172395975495143	0.003656769405777656	0.03947892801258564	1.7992486798781382	0.3083649376794063	1.6512467416527823	1.9886992901698308
E1533_368	0.016849502109837825	0.011225064795169095	0.05199540271596195	0.02805654874376289	2.015847028255419	1.7632160331390871	0.059148656634395176	0.029284423794491417	1.9520019045824493	1.6491437393795196	0.797463450154107	0.009321935256869132	0.057165577220032016	1.4165449570323112	1.712544806004081	0.0033573470299170173	0.0725968969119408	1.9190951091964272	1.543225579174887
E164_544	0.9177809676268756	0.004174473840656949	0.018224192329911317	1.5618401154003116	2.063001158291732	1.8737701628156584	1.2776123782727744	0.009019713494407432	1.838373155617255	0.8409638590070214	1.8900871344692232	1.4222303939314105	0.002767327162391195	2.1823649173653896	1.2299396944395151	0.0020377797108768877	0.011512398318259351	1.5247223459091899	1.5908977849386958
E1677_400	0.02348503778763417	0.08425414389597785	0.03922483955795385	0.009320972808116655	1.8231123051706009	1.867955268332445	0.0002266379568108899	0.019321688117626044	1.8220669861321743	1.6700894845737342	1.441319177059321	0.003525013661506941	0.03242346104161958	2.514001597645353	2.430087220256316	0.003204407046860177	0.060851764291867526	1.4999684366773591	1.3408992655572118
E522_778	1.550875466340048	0.0011205122306080562	0.00699627735277091	1.6298880696789348	1.7239043225293902	1.7469342901180296	1.824635368487025	0.003796615838764951	2.0130498280000864	0.02299699496195212	1.7784727632945598	1.1268040735788083	0.00034424928493875876	2.034144654395321	2.1341533839257454	0.001163264091721598	0.014053192279750664	1.7326525466117015	1.3853523286725071
E1961_762	1.9724077446092616	0.01812732983584756	0.03727338079472689	1.7741000710315082	1.959093557022456	1.553329244502344	1.5329170779310688	0.10805756585427274	2.2849889696274883	0.010835216174559868	1.9701986117575987	1.8391522927806336	0.00883032553368246	1.8863563507444143	2.20614477027469	0.04666437471758627	0.003460878586099775	1.5064931568331916	1.6674310059311324
E1078_243	0.02033685890007117	0.0016262292415668265	2.361480352735667	0.002259978472332777	0.0408281520861146	0.01687707600342666	0.04215396654759729	0.09484447548380844	1.4650673072822267	2.3107661587800243	0.014360907683343	0.002258173808312157	1.9834658022164708	0.011907865038179406	0.05642451018468787	0.010211001527511988	1.4480923548353908	2.4187509243392347	1.9957669668306461
E1426_443	0.13330693395906285	0.18351259912081666	0.0006011753868129693	0.08872582315261368	1.2874458935233049	1.7471716956134895	0.07807707753154397	0.012523442462831179	2.6493184564468386	1.7274105097114376	1.1175503749614122	0.10941534020605696	0.0023782933655868274	1.8554558541985533	1.8401448116626888	0.0032363182359910264	0.028493184308115718	1.8657465990807158	1.5936318370910736
E916_376	0.003606503553540151	0.0006706040974397841	0.02615565890413616	0.00012677382197616698	2.696965617272293	1.9864399287924623	0.003980581894733073	0.003337333745444254	2.1902545750805933	2.091463173470253	1.2571889819275337	0.028626292568539182	0.0038487380838361056	1.5939795368040983	1.9242373438047804	0.007378259352297397	0.0006488651601681062	1.4361238779036107	2.1755736263643044
E1042_144	0.008261462955832508	1.8869674089565736	0.046522622591633735	0.046757168800699626	0.0017181720591367185	0.014175233846113404	0.01080855825704425	0.006062364314962029	2.0956186149357743	1.7983072144582803	2.184723401604665	0.004624783370421303	0.03476183564579108	0.007572487868077324	0.9760610603215456	0.7079010615163746	1.3596264436022347	1.8523787199800383	2.347673015215788
E1625_315	0.0015848200689488555	0.007471893513143305	1.8065450055782768	0.028518770491376376	0.005675762568319177	0.16809347402558142	0.00748117307561462	1.57981065882058	1.8287370094688589	1.6952192302492786	0.04561510441149042	0.002145385458756568	1.4718020291363438	0.0198708724951306	0.0009708180511397412	0.030276765482686374	2.039787275278801	1.6716872781565046	0.010847173900217956
E721_658	2.559861072068496	0.028963369663349857	0.01699250537782506	1.880215542598531	1.802441018553946	1.967349984302544	2.347551991157	0.001702936988643277	1.7656259144599005	0.06968370901242021	2.2197812319728887	2.1435411952624275	0.0006559513945456638	1.737656971890522	1.6466388080928438	0.0017743182955507922	0.017151978337090763	2.1731853273933868	1.8061258120736183
E421_554	0.008442597869483906	0.00637662754465448	1.9570581116032584	0.03511112368127891	0.0008970122535496332	0.003007134587848796	0.00948593798585489	2.4612566189333807	1.7643871892689773	1.6951478964938729	0.014149468670981769	0.010053602503024369	1.3632220758244404	0.0017866235880405004	0.0009494878123603533	0.012069918825499177	1.433132080241233	2.029566359485821	0.06064439916355741
E1732_155	0.055204276136453456	1.266646390733082	0.0016083702455678436	0.0013768601798370232	0.002951655740663844	0.04172171865036976	0.001968227115528397	0.010722222323190016	1.7589637881870814	1.5414792138791444	2.1733623710009504	0.002564529955403443	0.00991129368836735	0.0481775602950042	1.9032294102226202	0.008268199957710136	1.1271883547142922	1.3910323891453926	1.4551674215732109
E1475_434	0.0004892097547117204	0.0002069574570224943	2.178490958627123	0.014864074324110368	0.0118162312607392	0.013404916370322132	0.005949505394037699	1.7473928185464445	1.858833563354716	1.7789307765647615	0.0013218268297652096	0.005501247890361999	1.3496764861160684	0.00017628797928800996	0.0007495813176845273	0.0007967514145720621	1.9491552028686967	2.1669606801756456	0.00876211444591619
E1407_538	2.511890528128835	0.03931394761650324	0.000790226004997654	2.6100924682361506	1.717101566980952	2.159327446126301	2.2979085896305422	0.025046095328517315	1.6526035611142784	0.010594851951931434	1.5907922395597471	1.9313764595963	0.0560883685203016	2.31453845295826	2.007925720795883	0.0397040528423947	0.06933127218826117	1.873498818910084	2.9226765066332727
E408_640	0.00208766866706165	0.04066071165936539	1.6333026719951549	0.016809224471883058	0.0010311128722253653	0.0014842155156004821	0.011689616494841536	2.0494252889181253	1.999812552032296	1.9948379882136884	0.0036539702229695416	0.06056734760882576	1.9857068359035248	0.04853234412267991	0.09672699336750476	0.07855859673608043	1.784245719733804	2.2228931087652932	0.015987895720059368
E1923_744	1.7392068315430491	0.005552336002877094	0.044110095669318235	2.112315923874681	1.920149265600738	1.4662461137045997	1.6620312262992507	0.003356683593390525	2.3743067664625856	0.01096061589645085	1.6075514753266154	1.6731477401857258	0.01822448038083907	1.672671989663544	2.136285323229009	0.006726476528134944	0.02122283439766116	2.2848902932685182	2.0923425332226597
E1394_311	0.03286713420434638	0.009602707617566751	0.0011183729969020404	0.0005716281449031529	1.869675973033508	2.5397138667090777	0.0012074488129645085	0.003214514216036673	2.2598428953677168	1.772458778572495	0.04273911925229173	0.08334061008121538	0.8057220105139283	0.015999094174712212	1.4964348702625343	0.022822456241068604	1.1711884024733088	2.017113883386965	2.1907399087027177
E45_739	2.2318071631663083	0.0427882192217562	0.0004904875640315396	1.46527152765745	2.4879216787282914	1.8372029425109984	1.607809152463099	0.006699042044890267	2.3772009582521325	0.03298651405200436	1.3710253507043837	1.8117462732214336	0.02805879494414379	1.4745762025767308	1.9256387524097005	0.014364868647362491	0.0009494388313401783	2.1833673873146062	1.8071671748079887
E1492_299	0.02464430663943532	0.0074691190327227765	0.00027599275104070133	0.03218389828753256	1.6638205550082878	1.930270961612092	0.007243864289445658	0.028742847954073145	1.8815843425378755	2.3613837238244813	0.2255903891389353	0.06136615990276451	1.4011103758507402	0.2662867545464831	1.4887974671367579	0.012308298492376486	1.3557008558522634	2.505619395025264	2.2892174386952147
E1387_557	2.0135498079116303	0.001070707423481178	0.0073568057285666845	2.2367888713333124	1.333206241918906	1.868851385683924	1.4225220272387522	0.009755927071460687	2.0237600406490537	0.021318062874418068	1.7077852372448767	1.8453750421908504	0.0014678769782668721	2.1024387065659345	2.160354763125308	0.004737769674679322	0.0008988656205319516	2.267516764825975	1.871933780426542
E1802_377	0.06995914451567839	0.1038992807497151	0.006257562985620008	0.032683639260303134	1.6439253651483925	1.946359774855712	0.0029512256963158947	0.026931819483125098	1.5947417593819582	2.475507558431027	1.3006642194830809	0.0018286701271796274	0.012682511489324564	0.7955797423524653	2.5733380329360847	0.0015087979326274866	0.02671361680883705	1.7155979955274925	1.3756473129833606
E491_504	1.4246053166279646	0.0024642767502835185	0.00019905860011353472	1.826125687607448	1.7338239943314475	1.6279870863525778	2.0486445794539416	0.024772855730842185	2.135611034113777	0.005152291388406449	1.6476018481513748	2.5985914817304887	0.007362423462564051	2.058130346711024	1.9536401035705042	0.09585722304093454	0.11745582881415792	0.8079446481623772	1.5326971154992903
E677_390	0.00980905319174905	0.01763757632031962	0.0013584865979079164	0.002568058479559813	1.826419784859301	1.607670367387704	0.0004798533700150201	0.015802353549113794	2.171039719671214	1.7584410303132518	1.720132314230853	0.04059129900519205	0.01831490864285488	1.0034081060428277	1.7728464899568281	0.0005112643169089392	0.11074445695605907	2.023286615241671	1.5852761695070046
E702_475	1.5272037355867396	0.033957558271307545	0.008050275211842508	1.94778046355448	1.67479990045602	1.531672613681629	2.0793067685019704	0.0056404575733583935	1.9482849160700035	0.003633575170737426	1.7408632072385746	2.249495343297576	0.001769732648916046	1.8846868966301435	1.7474166774354365	0.004357139919193164	0.03220933696425378	1.3945019283094608	1.3224573690544033
E1246_223	0.04426311480297347	0.6151172568234395	0.013125986218106194	0.004238944702055698	1.7539959829020175	1.7589667615709073	0.011390692254750878	0.00011176954319575515	1.926842042990325	1.6023374626480433	0.6463346789965122	0.033475113687570904	1.7232126762027067	0.4459279027707242	1.4027570996294871	0.00704068705320492	2.2031508757762626	1.3608108740544125	2.5495318749581948
E1519_128	0.03052680658341812	2.2177549548398567	0.015051864890448838	0.015326050931247715	0.015777829944937958	0.0026404870273426173	0.17604524508858338	0.0037199084585193398	2.2588993951921705	1.4335276664510683	1.3957753077536381	0.049367671481684236	0.008978039521383444	0.00033277202450651434	1.6050951157244853	0.058245337374526425	0.5647113394740634	2.284875251457814	2.0237579992353116
E1905_93	0.006394363426635782	1.6446508427843898	0.0004891508448528097	0.0045886560535635	0.003497117443530509	0.024964252555606515	0.02056878496546028	0.007004162696779471	1.9954227069594777	0.2687554620607886	1.9698069599203318	0.010365732536538452	0.012189886149295896	0.01785887315986671	0.03140656484286785	1.0532745252671694	0.9411685664634768	1.842405125846404	1.6363763052553781
E996_765	0.006997938836391618	0.006040703588628847	1.8975798797354144	0.01118166063990826	0.0043837362007173065	0.02275908513650226	0.0020660917797663326	1.8539854790274441	1.6807971611474644	1.9481894789909648	0.004179904804996949	0.01331206195673322	1.5612242284609559	0.0041357227716260405	0.07876498413778835	0.00665471528163867	1.931196146778998	1.4119655776899378	0.06243033997712213
E989_511	1.0218925324139143	0.06463001093599516	0.018560006775991532	1.0121958670186042	1.3670891560354248	2.522361595966834	0.8726628650960829	0.0030888983337159113	2.3454061719017543	0.7046431331641406	2.1460528337275155	0.7594391009899397	0.0319061904438353	1.2387560833083129	1.870875237305179	0.010116295973797531	0.007564079735448656	1.5415406226143138	2.1738039450060844
E1198_702	0.008539036659278137	0.008983839970291336	1.9534715410090917	0.043184506354083815	0.013818653182734269	0.014886208568984437	0.0027923906481299838	1.3502761642124832	1.6979558234235481	1.6481516249739585	0.032651964368716604	0.020823748550200853	1.98164221140099	0.004007995985698069	0.005258602181857607	0.04330242817576778	1.6313025905452812	2.2400324579461977	0.031237522082184024
E1334_205	1.0822013831087926e-05	1.3799321681985133	0.12266551286116473	0.004789837198388522	0.9733754247326208	0.8044954240059325	0.007105882294221571	0.006376175265761586	2.1478584666957703	2.108630192258641	1.7276317370740637	0.003743203906862375	0.5700157916532852	0.9114641731653068	1.6062345299572325	0.02886596038685389	2.313848180369399	2.0866013864964925	1.7046794203561373
E1537_326	0.008642891733772265	0.006492677463711213	0.002271274186784853	0.0015433399593077774	1.7612431063189993	1.8706820015425425	0.03976659603926548	1.4298422879047281e-05	2.1614802730262066	1.7460987854492322	1.236576717021685	0.015780066573731027	0.06951711719055394	1.189146029714354	1.9061801334819442	0.0012044355500396107	0.041864121331955856	2.006950965247384	2.0735610928305683
E1190_476	1.010435398848454	0.00035898859682447415	0.0008346945000196832	0.8793521252053391	1.5521817511861815	1.8414662282311072	0.9897417515797649	0.0013888482651693355	2.306607579498186	0.6918800898641532	1.5428921234102342	1.0350644089238128	0.015073669930538497	2.0642539503694977	2.330638427000632	0.005381531666452953	0.0070207028753921825	1.965518054728008	1.9988908538299919
E460_258	0.0018843044118974945	0.0018213100170181703	0.4339277017465995	0.00020975479015715275	1.6869653582127158	1.4316921954908055	0.006554368761280767	0.015136797234051638	2.478025134023496	1.9662642912030688	0.04434570783777572	0.011250034943649314	1.4587250791413695	0.2077207715864148	1.3117988340938995	0.04558374755051271	2.3144144079535494	2.2454315210662643	2.1398916003107544
E1175_80	0.0015872127064148693	2.3488023214970566	0.0024278107376359825	0.006653417940464132	0.00865568385146257	0.06454220401516428	0.002870679718346657	0.010353498297242114	2.162378926363901	0.7909340884173692	2.0792960974203165	0.006038100845296286	0.03418023725753084	0.037321674293282085	0.003864497674804665	1.681250558286023	0.04659574535258721	1.628466489168759	1.80437844773448
E1276_399	0.007425913516846671	0.000318453698259346	2.3090185030850527	0.005334833313660907	0.002621387346022061	0.10827710327534984	0.002385008805213494	1.7003610812692769	1.7300025060069166	2.356302574976548	0.034505137476279785	0.0042796779824189135	1.7127564358524368	0.0011010601283508708	0.008059978565664715	0.019171958628193576	1.890663457257812	2.233073153377572	0.28214488360324524
E199_196	0.035782493754130534	0.003116674449769144	1.3567888876584586	0.005940576224299855	1.1388890296384482	0.8597623094054662	0.020201775062940668	0.10107343101348433	2.134729867169537	1.8053469309478576	0.11821250797614967	0.007566785640089058	1.8845305223680808	0.06306995680117795	1.2120826510729472	0.01199108726865316	1.7662247342261326	1.4915546136882587	2.227764280523268
E550_511	0.0017526997345161648	0.05232346751884282	2.350126093422233	0.005072746332016588	0.03269746783818827	0.03424001766811438	0.011849295884118495	1.0959880591306999	1.9709492511520967	1.5004916115667792	0.16491451216014394	0.005186289868329279	1.8165311872504941	0.009934943595474187	0.0004372700006253956	0.06741224599560046	1.9288633469893148	2.013083353712319	0.06343587708493054
E1767_149	0.07721195124896278	1.9115470250058784	0.014903656787849159	0.00788227136743035	0.009286262506164884	0.02194080739613587	0.0012847299760088652	0.001158515190661174	1.9124825535815009	2.2136788290313696	1.5181604738024443	0.0244012801539356	0.011190590006117185	0.0019469490021520079	1.5992376992573392	0.2161071576272236	2.2625773268999723	1.4333330120922214	1.5659458189922288
E793_159	0.0029611684536474674	1.0060284342481989	0.055612492470697404	0.1220473149897362	0.02547774388055633	0.0378607712522492	0.020625284316294925	0.020277257258618536	2.000858631150701	1.5490755115554025	1.5939684464007526	0.002358092928574986	0.13680516660919798	0.0737560230734928	1.465731313646496	0.013217722844360378	1.7322090751210857	1.8161387911786464	2.4203768036028417
E734_468	0.017667268159071332	0.006520334962446571	1.8919225820131493	0.01882980707849553	0.01615697005056584	0.011685766884343252	0.042518872525185686	2.260971014521288	1.6765724210961253	1.3880893903909028	0.09226716129978656	0.0006306339597022016	2.079783971984903	0.010366095619915349	0.004867010354982576	0.032855772161713745	1.70791855302733	2.3390216155559216	0.11849196214474204
E736_697	1.7779676571404586	0.0264145181193944	0.004574585333030642	1.774219332194469	1.8762651612540944	2.1127746055550425	2.4488319266449907	0.054775657155642817	1.5771405973242183	0.017016772733966845	1.4825253848040494	1.5733454457635412	0.00598541825983356	1.6609309768791012	1.5819932936534653	0.012251505446389964	0.1171660997970905	1.7521721344867882	1.819410655516712
E82_45	0.005127824154201811	1.5345138962510458	0.008596809602853764	0.0013292390478863506	0.004199967101869186	0.002535865364735016	0.0010081003881485943	0.004261044307542802	2.0594616084434003	0.09922452854945908	1.5783490825533593	0.010715302651624035	0.013901828597274549	0.039454691006303534	0.002601048610876979	1.7625992619636452	0.0025463079729408024	1.7442350787513856	1.7562315942451878
E1156_277	0.004315000585916188	0.3402197576889195	1.6629061215749907	0.0036598223918695603	0.08148152794730372	0.06178144463762213	0.026806219605079583	0.7706575593067192	2.314335677938605	1.6720246213498808	0.08535296686419439	0.01595362193422116	1.3071477323664702	0.004697644596711172	0.3162114108702168	0.0011796008478980498	2.4421161553795057	1.1295922444362017	1.4217449536642746
E813_382	1.2743212647860551	0.00464002571790208	0.06386620556961355	1.5685725091666542	2.3103234681761458	1.452316976174913	1.9187635020536224	0.06321516063218036	1.5091220420974991	0.07341001350057375	2.0795658880245025	2.435207253335742	0.020492559797872813	1.921762647882158	2.1181022791559103	0.030167200018030832	0.012310224217773976	1.8184868817788449	1.4591478288620698
E55_471	2.030555809605604	0.005085934157381886	0.0070937831056295236	1.7949244302184355	1.5565947707506929	2.013171551470664	1.5399905853422775	0.025005248951335216	1.8750000224655199	0.10602887367398374	2.0746027362531585	1.7235473074357208	0.0004836719605895005	1.7414173820163557	1.5551035076517423	0.021719694498683897	0.015965099235943598	1.7798017919587643	1.9351789640805084
E391_657	2.4066125694980927	0.06563059481447614	0.011536563973921141	2.49658500115029	1.9520011925638936	1.4287224496400035	1.2371282149534852	0.004394763907905136	1.7442883162437144	0.014093684819568188	1.9104636242535948	1.553004608099951	0.07243548569302738	1.7794452098985918	1.874615018408934	0.017742679160355254	0.033981285109413784	1.558213908705579	1.6639444750836552
E501_576	0.002122538865195046	0.013188778218257835	2.0526581461563103	0.004769618024855336	0.0039649383281405454	0.000703063059645526	0.04134056817574378	2.4692448794879693	1.617850681427137	2.0699127907573898	0.015765137975705442	0.009066073045880049	1.6951592223275171	0.007400091493206955	0.02093686651959141	0.04125971246026053	1.6803367245395489	2.441450051938631	0.017502925615665358
E11_89	0.0008239393293547303	2.1856461291567517	0.07120142756609651	0.008560720917352709	0.021882199309328443	0.016065027363928345	0.011222425043538306	0.01205380621551652	1.9006608782336647	0.38900216073301264	1.8317376525982991	1.887463113050848e-05	0.0010315180576190976	0.014753630102946938	0.01913502727998557	1.6786881238922526	1.1297633771000528	1.9496287352707955	1.6501978029180993
E955_598	0.0407070713505526	0.045066294986962505	1.6325516387010104	0.04170562740927936	0.06651928077347957	0.03219211711674369	0.015073858699257113	1.597697017262871	1.9343872843781071	1.6258802355629025	0.0092967737261632	0.03938753461124731	1.9287307098057127	0.01078502692518175	0.001582722341132717	0.0214456643685231	2.019319115931951	2.07536608228854	0.004769715753445228
E585_454	0.03630529748077388	0.04973327774038083	0.011753963051260636	0.2876061655596842	1.9086712743926728	2.097132989576012	0.450202641260388	0.034988182462901946	1.7703390218679895	1.971243537196488	1.5828353129658268	0.3449170935680846	0.014899727808587953	1.783733333609949	1.619488634044772	0.007985350878460525	0.04579281548904332	2.226140361919623	1.7373621015976783
E1734_228	0.003984828952781108	0.0065370939086334436	1.6561358543305893	0.013529006832287532	0.040524448014678666	0.024678000156061208	0.06899776243896824	0.6730868516773868	1.5359649229153651	2.110353331269852	0.1217491687252513	0.025946427019340915	2.380837694963896	0.012592069496438036	0.02280238499752504	0.0336889276045473	1.4678373260866675	2.0629967905553106	1.2628667806709517
E427_763	0.03657736727904511	0.01631638076448697	1.8697877132391918	0.006841934963149255	0.0008109958578168271	0.01122960950003108	0.0114560205554492	1.308655200795266	1.7991214650686975	1.6418102892787865	0.022662633437392655	0.02211023469506135	2.0766899905563565	0.015113859310582109	0.006050148731317008	0.10207829211558106	2.057529918380024	1.7557027128356653	0.001459755753740636
E482_617	0.003461756918175887	0.014831952955200369	1.5836707194852766	0.0334000842830564	0.0339448955208339	0.007726703182239315	3.0812926543718176e-05	2.1079013451686945	1.9359335938781697	2.009932216830252	0.00756200762007188	0.001251133489119531	1.8518968239726377	0.0011836147859131895	0.10402761216138942	0.027954904963988843	1.982535526237424	1.5943989572521702	0.011185124948308006
E1294_502	1.9802710366403082	0.014236217245792613	0.0033947131084366136	1.8273788733241323	2.1571765451675105	1.6187427262327938	1.1181136890117476	0.01081894282672781	1.8196880760699945	0.20262903193640466	1.4423805105561414	1.6361947303352962	0.01974134637500273	1.4992108602507812	1.671495078575314	0.04327149681980808	0.015000946227278569	2.0882680744002258	1.7516983834147923
E1645_611	2.2492827409620624	0.0057628912137275366	0.03615008981912149	1.4743736436944628	1.3574438971805978	1.6604104644849491	2.16510968001609	0.01425227127092246	2.1530448450133743	0.0019525359327270168	1.3986919377279037	2.159274998366027	0.006416348695255862	1.6168032155506749	2.480797575934396	0.0004728153757318863	0.001276153241431198	1.9631637653863483	1.5700775104224869
E1616_528	0.03715483386285702	0.009534272400934005	1.6235929388369712	0.015149375422646848	0.00555011186370551	0.02754188924784956	0.01849805789964188	1.3332986410243075	1.5017845919295432	1.8918590645333169	0.02239983680766276	0.0041322740963351656	1.5555435723622342	0.014504935675017675	0.007631068114952458	0.0203882443694356	1.4561435732858268	2.250152923025804	0.14350815233972392
E71_108	0.007898318503618386	2.0401192689308565	0.024172768677860303	0.02476971506794209	0.01130875216670802	0.020067724849708604	0.0047006143446380756	0.0028823258423080647	2.1034629054399625	1.7845624437779826	2.1865748394091264	0.002499653541497436	0.02539325599737724	0.010339931435537351	1.5407170981246645	0.045897723534657466	1.5853076827286492	1.9091747195993305	2.0189744715003144
E838_619	1.4715356727429472	0.009130535048436068	0.0036883899674429264	1.7619762975736053	2.004454936311617	1.8342227454504207	1.8140015561353489	0.007117022465030412	1.3574413084401706	0.04991583466834317	1.9493556485596373	1.5897589052589458	0.026087021663025872	1.818593188742324	1.6922276413404942	0.052878712699007936	0.0429297136582101	1.8936517211478097	1.6224107192640962
E1652_271	0.09381131711153434	0.07717724080576044	0.2824858302032021	0.020680285244048958	1.2961293421227078	1.9158704942904496	0.00020748518803939686	0.002979520598368085	1.9631002368198096	2.2332947042515348	0.27606256898385684	0.002973517688750086	1.8556341560343688	0.03337601028840751	1.0157409629015444	0.06474761583887538	1.991816589799523	1.965140636611856	2.2794376418459583
E1513_83	0.0035597241137448866	1.8022838604812328	0.004552409600049845	0.02730976455917215	0.0003172475159343973	0.003476858419399806	0.012951666862170887	0.0005285266750640963	2.087459592751963	0.2779314610738278	1.948438641095058	0.008001517963523995	0.011619716659606469	0.036645927120749766	0.004596810160389086	1.8163217129054623	0.9010357582482408	1.4597893764487886	1.4978456934969937
E1061_415	0.005850760371546585	0.003904447225325473	1.5974038254705991	0.0488083540192646	0.005281826315254421	0.13032440625837224	0.006039173782513768	2.0282213135771383	2.061256725245725	1.6844113369863822	0.013934184598730064	0.015656747204957674	1.9535657393559327	0.0037578936379033616	0.0044062285128823936	0.0024852796668790485	2.2907342738714123	1.9359391394602767	0.003348457393887551
E337_405	0.0032637719227750412	0.004797249928411792	0.05721768838094447	0.0003883919042178227	1.5821020921824651	2.2561342241141844	0.0014004735134580972	0.0025151079585573346	2.06134878574588	1.906116546044741	1.070851468638096	0.006232678710012589	0.06644055202721766	1.2982303674185034	2.2474498711919755	0.00017125756133407944	0.35239709424366633	1.6713759206365382	2.1103775000941853
E480_104	0.03550991332306257	1.9001514375614712	0.01740864942977742	0.0008025594826840017	0.011275997737444069	0.02642499450236456	0.013314492915017462	3.1613094383320126e-05	1.6925319170697082	0.9125199753874028	1.9090671195454159	0.1327372350674466	0.012119474071369542	0.04518263106944828	0.06176362074827154	1.4220663505980031	0.21618726274259764	1.9071151778877151	1.7043695796530942
E1063_542	0.012749105280165162	0.0067955316010350686	2.0882364001658327	0.003948143975512339	0.0028881970486948397	0.06287145863231584	0.008087909527867981	2.5919089685789984	1.7056586488430834	1.98436811452465	0.0012285605869176914	0.07333564598871617	1.4773868694370431	0.03779723588644096	0.0079756080821459	0.021625347743466274	1.792767815104624	2.481083663075132	0.02559911230390385
E1635_446	0.390721438856282	0.0014263800613805453	0.09995772490774643	0.5349709752082633	2.102168342149193	2.0847824828871646	0.4144565311621645	0.0043428199047656005	1.4574423633053883	1.4999595567886557	1.8770159161979296	0.5865593906548237	0.10176747062122203	1.4614330273139955	2.4071052834708784	0.04102944337001438	0.08275238081547287	1.8260690671606497	2.086846111845829
E1341_382	0.007170517838177605	0.0033164869592916713	0.0013695336253288495	0.018644105871867003	1.3266734612260391	2.105586022282369	0.02136090616388494	0.010319280240447416	2.249697636261148	1.5997295933970788	0.8346508495994497	0.002897017385928347	0.04578385778562855	0.9246513401336519	1.6710042067006707	6.689310395456669e-05	0.06543991570256406	1.8785496633554128	2.035554490232088
E1178_741	0.012731517132574734	0.006115346899036341	1.6776227680703293	0.009605259257041294	0.007968607349017932	0.005893108853888142	0.06074130907495232	2.2279173795259446	1.862854232052044	1.6597401583381186	0.006527905505792102	0.00541494404157137	2.1425743238361084	0.0026226150700003922	0.02268990927348883	0.052027770359004064	2.478697689375293	2.119649614555951	0.01616545229361445
E581_114	0.08147862377748337	1.5997268298052054	0.008608959658576533	0.0014348508956486036	0.0030504966438508288	0.004469253232559263	0.0008788949775441669	0.00027113352460193807	1.4015914276880703	0.9092740879048292	2.1021409069112424	0.0007543731386961077	0.1362136021939205	0.0003343812947250245	1.243402150509742	0.08396921371321908	0.7292397470841149	2.498095751449484	1.913949859950964
E1302_81	0.005702683738958944	2.14115007813318	0.0016273488162361382	0.005242265094125744	0.0020224645026401178	0.0017454596091428572	0.006015492965396264	0.018980631927770702	1.577460812379062	1.1859465060271903	2.0158185160598694	0.004313469527273033	0.12901195034177165	0.06518340258451209	0.02469196836979404	2.4987967584163457	1.532752167017266	1.4929743802413955	2.2387948634888346
E1639_5	0.012720259705705644	0.638616476498551	0.007160769109947363	0.00872703382474442	0.0492452988135496	0.005314441623602444	0.004001566461749493	0.001752354100069952	0.6703504513947374	0.0010841404342546784	0.6392959863579691	0.02064352853118717	0.012180984455216676	0.015302000209080596	0.001157799363722801	1.6006617028195187	0.013038053147682504	0.7535969567368016	1.0317342932650273
E841_265	0.006029691310982493	0.000727449891504976	0.19055467286729127	0.02920586993212465	1.5460233282867195	1.8799587709123249	0.027714365094157117	0.006548870671615278	1.9389417639627275	1.706338852931113	0.7405489549240174	0.05953047687977483	1.7582275693908953	0.04915402318235109	1.7797006044735402	0.008873740199789237	1.909016855719185	1.5411189604346915	1.8563162918849367
E362_231	0.022359894443552374	1.0636093226993415	0.3171405210415664	0.013985829638032295	1.128164796791127	1.6609911327932698	0.014352665275893246	0.02589855110367789	1.8704735849257443	2.6247494654553107	0.3128059348476286	0.007912355530398991	2.2272499491188493	0.017891062851021298	1.5320643036798909	0.022557856015025343	2.2722529915699115	2.0877893145004176	1.6968572517002354
E1528_430	0.0007003930149928584	0.0016759505527815016	0.3001269185252932	0.0290955943092263	1.2186981251413334	1.3696506970934583	0.003206896341703281	0.09051015598356714	2.0581115599421205	1.981341284109981	0.10853010855018266	0.009162809135604296	0.4334447705639649	0.12706990010721106	1.2536599294191546	0.006503525953878264	0.8774847679727333	2.070201494104451	2.5080098499857493
E587_187	0.0011922059667478484	1.9311999924592536	0.7342235467028831	0.08761628917977042	0.3027210400335399	0.2068628479777334	0.009532378540086657	0.04542940949542931	1.8531422626516232	1.8706469294008183	1.2602836172878311	0.0017377219517337207	0.8071736052335937	0.2558301524761307	1.8683930060617722	0.03997031910084945	1.5998557467508518	1.7930740140658572	1.5109280351194778
E771_329	0.028606940483488462	0.0061999314793210036	2.1877329257320186	0.00341471740666353	0.08472382796012794	0.02867732958640031	0.0013855517286659677	1.221891591891014	1.9797724293012768	1.6465331047158192	0.032099998195337716	0.0055972501434677704	1.5551994566694658	0.029055992171131244	0.039921053698476164	0.007459178852985015	2.715456424609712	2.109519728513264	0.4590553715207623
E127_549	0.013159034772938644	0.0044344371888823935	1.4127938517243062	0.012139219400646306	0.002363397011937884	0.014246555777187331	0.032504961399512575	1.5811263623900482	2.120309276716132	1.8882460497410367	0.06789019038349653	0.0044396658927519685	1.5020074461877788	0.026416208501765445	0.015930064732445792	0.010605310473837335	1.8505020297726649	2.327669478687109	0.05043866502274652
E76_588	1.4971053569213484	0.00529772886540987	0.003900169022461292	1.280888836382241	2.1305356748776165	2.144246766162965	1.635385039328771	0.03803439669231415	1.6047966199486188	0.4673173582783436	1.9088333860019118	1.613200538712924	0.010631102198019115	1.97620503728804	1.1661312668837458	0.003611249790158866	0.03228352797649358	2.060144052062331	1.874458933303833
E1539_613	1.500028257924291	0.0003523377840218977	0.033422705244491764	1.772212853975447	1.91964805712434	1.5590727099788098	1.744687783287107	0.017032307150678515	1.7884671989810343	0.01951651273649561	2.08335958485412	1.8409553896466533	0.00011331467971342551	2.2552747285319272	1.8315356051896343	0.012275703779350269	0.008818137245020272	1.6211544055352871	2.107267113066653
E1678_275	0.0362243576626525	0.024557979890521	0.0018616086432000753	0.0029330057278745755	2.1707641005670806	2.4251220690871538	0.01933296496688176	0.025255586542453426	2.364515257784608	1.8923027875901144	0.5503821609919561	0.02213365632019015	0.4551449405413388	0.6928698969653856	2.654902327149044	0.07811544330767486	0.7682888761528031	1.8592618975076345	1.9600236418964367
E1759_180	0.0037398878742816734	1.375851369024783	0.7692613821616326	0.006016493010224722	0.2711475965379271	0.2341301559800692	0.03341282417169074	0.028226871636199063	2.166259644782837	2.5316382451428256	1.7772149510754032	0.008217481291065917	0.7073190789272575	0.057224979607803664	1.9995884227762384	0.08087412889503037	2.0533078334560866	1.7934340478211432	1.5226877804294623
E48_235	0.004257166169145889	0.8465669285934179	1.1131159598286855	0.024325408299881977	0.3769782382611958	0.10420800461719563	0.009652409086688615	0.08839107354856164	1.4100304732828934	1.969605667532524	0.9391467686864428	0.003495860208148121	1.592550874557612	0.00840419913760806	1.5554682807339224	0.07671456645588161	2.0281506532168883	2.5390746947895733	1.870652688488632
E1830_770	0.002601782845800383	0.0180518176383888	2.2640171589301548	0.03705246145246805	0.008895913078408509	0.021720841482408243	0.0017492907291271208	2.0702794007650795	1.805991963933828	1.7554203961461032	0.014937768748212846	0.055349215065612564	2.60494333186034	0.010203986057078115	0.06806579393435655	0.006713804864474527	1.6129526893507469	1.7209350903133904	0.0250819632637592
E541_90	0.045017445441815976	2.29935416072245	0.0006104318123422996	0.044354471009615454	0.002511117229589669	0.02023040430631104	0.109715779441894	0.06322145980388857	2.0545300238523776	1.1446722782276921	1.996412201829593	0.0046749612123734895	0.03448595499524766	0.0005577479085594837	0.28616612404486025	0.8804675308004488	0.9235298700445288	1.4188094744475572	1.500975766609422
E719_428	0.004876861577902878	0.007873602756238841	2.0485972110736483	0.0027494291141403064	0.011239333556951652	0.002575608655261807	0.07316601297300213	1.9955792043529552	1.5861503151006684	1.3259176028685171	0.12761300057484695	0.02985513197148089	1.7876429969176582	0.00575632861978505	0.01914308706957829	0.00010720775222826124	1.9307528182240592	1.6941827353889745	0.04273902839811933
E1736_388	0.009060052356119971	0.03166919666998423	0.015122889255465215	0.045765215076366016	1.4390388191332242	1.4023972070864004	0.07824323395679401	0.008402000894790075	2.268531526194584	2.2092811966869133	1.7773422583144958	0.017718440930817925	0.017331725313331332	1.570757188737892	2.0536049161194416	0.0757960964948032	0.06569240243067423	1.7208057730593314	1.6207772984623077
E417_520	1.2687006714281828	0.0019294018802512296	0.007202078071179417	0.8773303675446277	2.250552963972948	1.3604895267180004	1.0560029757101257	0.04302517071337327	2.1975092908754035	0.5302345808094671	1.9593301466211264	1.093267154608657	0.012415749518372696	1.7857320102850267	1.7079495613324078	0.0021963718055336024	0.0510525070848079	2.0257960809656663	2.2503437394541
E1730_536	2.008989621965439	0.00017474488698615058	0.003365217978808897	1.8617715959320031	1.9473671073261511	2.173295607209844	1.7328200722814746	0.006561646652758114	1.7607836287176322	0.020714347074727208	1.6763036562037037	2.186749128431979	0.020756987737876043	1.7480997770499094	1.7179347588390517	0.004866790245017193	0.03852784863119037	2.2065253711414687	1.7106878851448812
E582_7	0.014876730396688303	1.080414336158273	0.0139174353549587	0.004164943868497565	0.04631067883213489	0.025537343484426458	0.002351512019963965	0.008854378584006608	0.8478506693670246	0.027469390336010275	1.09508523656057	0.07571424696496618	0.0005458102321941994	0.015159940676160194	0.027812053736914925	2.3983099508144963	0.0066674263594084645	1.1873537616863017	0.9972378190116098
E227_511	0.005930588001399596	0.017033055143115632	1.4133398067483152	0.0007877369407377938	0.010385622559448469	0.005809873134693893	0.03886785371430847	1.5946895068283606	2.932261470499609	1.1537781111770185	0.05070441071684234	0.03209163963894738	2.078115497970001	0.015113908250875184	0.041435712875088654	0.012525538047984149	1.5858760719158291	1.7028647597767053	0.0004935593442410291
E1189_61	0.01831991857218322	2.3264834892578903	0.10405481590665512	0.035154092442556684	0.004118882660160353	0.0003633770964080152	0.008742021539460885	0.013615247795780829	1.6544051260578423	0.019314504571381626	2.065439998624457	0.0035911951612127607	0.011908895404229434	0.01654887130109996	0.0027226815017284195	1.793502949406253	0.026783217674419862	1.80896332597469	2.016011934140984
E1770_392	0.029241622484806006	0.00426798545808477	2.3189985658685863	0.0021814952172809253	0.04263923976140212	0.020863169735440747	0.04588447865156467	1.8566044650046407	2.8786103901959685	1.2082841017272197	0.005775519386020559	0.005296148662645054	1.6969439057501374	0.006267261927940908	0.011673731389873671	0.00033023144386421475	1.9420937161248002	1.865984693654843	0.07633877083655187
E1238_384	0.004401981512348306	0.0035467190577614938	1.6413275711684363	0.0478149597266904	0.003558650952538093	4.0607926678109035e-06	0.01053227791725075	1.6252361098511985	2.0569756006646656	1.4017636126075792	0.04633235467022559	0.003119810967021933	1.7114906241548395	0.007268676813677123	0.01223220442629993	0.0181419588293798	2.216146775669162	1.6941703301709794	0.3281222165170212
E502_606	0.022424863497303042	0.01758241121983175	2.2791537305689715	0.0061914721214737616	0.026659002362555327	0.00599164848869708	0.003105602171431616	2.2937210804216908	1.4663671306273391	1.8020270614564005	0.002154610700033608	0.0023009783676089307	1.4597591356455242	0.02254333497919573	0.03659343502265167	0.028749369324752236	2.165145815082484	1.7202010702347554	0.1158210008133512
E659_731	1.5042638596397082	0.007313374445431174	0.02358899292927584	1.8228389696623317	2.401600397126573	2.3676540235101347	1.7133838157079435	0.030389117016935425	1.6868492297564757	0.020379441310130413	1.7100878573976392	1.8463005037465303	0.010780898550976158	1.6761100431658575	1.6020995687129027	0.0015605499130150165	0.013098330106749332	2.1100303721314297	1.933980388360164
E1315_62	0.028720066052612517	2.3468503904397866	0.008285925100049848	0.004512482315660546	0.06473754460208457	0.02560294355566061	0.10408146071399244	0.051541837057492886	1.611082820169873	0.04851912078639183	2.0052569564177407	0.019150934888369685	0.037583705726137055	0.005170605068877027	0.005096152212447104	1.7818180900399752	0.019247807638770226	1.8542241543677096	1.7456118370339415
E1547_127	0.11370639390254166	2.0198475219205534	0.010877768795534062	0.00907959398314967	0.006618341396769975	0.04418047675278915	0.015647913380684882	0.013493306900840784	1.9177109755004296	1.5568752992424817	2.0410017948992394	0.002812072547686561	0.03414620129386008	0.004818466787249308	1.149805272328326	0.28875288548560385	1.8459446093143144	1.7918731300130428	2.0174042678574167
E689_211	0.058122487079234376	0.25639976583662216	0.12810950543952912	0.0023388394446621197	1.562028992388751	2.1076978045627195	0.019069086746798924	0.10971352992438846	1.9760834315084768	2.243640445675473	0.7261126928518526	0.0030471350185466905	1.5661144376643803	0.13053191302617093	1.8307231869611764	0.00013903179030064217	1.859101301618851	1.5951674785812466	1.424533297310283
E1004_203	0.005333480015894515	1.9959513074668631	0.3789377489854743	0.00281252169859084	0.8407502303247808	1.125665962296336	0.023604007799298943	0.005020484208461928	2.501224099470018	1.4564577835246464	0.42279903120245294	0.0009179657783211573	1.3692763787276527	0.28432136177504763	1.2419784063992936	0.1819338225240275	1.7124640450971178	1.6024378416192606	1.629046164718077
E1602_486	0.07543530281772112	0.001932742066377584	2.029655449529544	0.0025871059727006532	0.05826658129413505	0.0038286870147517843	0.009842783058963836	1.902976575674968	1.9453729951169705	1.5372521143120217	0.016255713905183416	0.0004464212746084545	2.4301366863583502	0.008441282414076538	0.01115893989852403	0.02202939445376964	2.1507070339815444	1.6431455298710922	0.014019665397380345
E72_355	0.021503824375621868	0.00623959026008955	0.00014573090304624168	0.02624141545720404	2.494439770541833	1.390787525053185	0.026020489474787332	0.0035921228672288635	1.891111227766512	1.7339524858876811	1.9551403101500704	0.03917513336772791	0.02345557404526212	1.4242514353444906	2.032821981533891	0.04289945812549978	0.015454124313676662	1.7720912298322695	1.8390343484715024
E1790_756	0.014501681739935287	0.0027229979235310533	1.887993386295304	0.016403020917749308	0.008056284907987606	0.013881850800378692	0.013789091278788695	1.7025539652048038	2.3102539413722374	1.9072499518907515	0.009620681211350323	0.08071092975228979	1.6967290024040529	0.004679054510116715	0.034630073713007824	0.00725242888870137	1.9464020537881617	1.850543230178012	0.014631832108024972
E825_589	0.010102754393961235	0.028822372394533613	2.327586950332649	0.0027597506717248733	0.009019362821321849	0.005256973862120546	0.003331651901511641	2.3501345153482585	1.7526978870638277	2.1228107639897598	0.008692494019330511	0.004877000492007604	1.5640532810167933	0.006807681436687882	0.013844463557271588	0.003378047402180389	1.7031955598760955	1.8653249730997248	0.0391969425745252
E146_333	0.020059485658347576	0.009959633240135787	0.007405013479597594	0.02747963120309304	1.6244979192232207	1.989592518177168	0.03005219112478929	0.0057359810665461464	2.0104498070508763	1.8476746253609588	0.02588231985303916	0.12845054336740944	1.0457663318751549	0.06050173715589194	1.5548944618483693	0.0059462908047620035	1.105240091257501	1.7082225264576223	1.983525600758604
E1049_301	0.03902259966192181	0.01759055420380674	0.010511263199696624	0.021901604234883985	2.04587021566058	1.2621786458991826	0.0038288910188238787	0.03578318849808581	2.6637546423476386	1.9943749622478868	0.16211910196054236	0.008682141532209947	0.0013462869671226824	0.3241334775542294	1.462323641550027	0.009528152541579758	0.09009664979895812	2.5032264044690726	2.000032083583427
E1043_702	2.472819108096787	0.0011388757818502338	0.0453577141431453	1.6415572675256154	1.6807202082172237	2.399265438707598	1.5882680217062646	0.009817603883551232	1.961253155795676	0.00636343431340584	1.7579285755684937	2.089646935233852	0.002966202714210265	1.9650194824885383	1.6963697024422846	0.015930007528595632	0.01382905425849064	2.2545750282378845	1.7744099109918343
E1679_680	1.1698824879168392	0.0022162623550814517	0.0019145905082716434	1.9082244978523804	1.820480649143008	1.9233481613232044	1.9555709050346577	0.05026737656652242	1.7261114012724799	0.39540611404864384	2.095470562804199	2.0976898905749666	0.048643847265730726	2.135622093176221	1.5889176666262563	0.013828040407005995	0.01858302304589654	2.05586361028066	1.9078477682199189
E1449_530	0.006106674342861136	0.015039172940016976	1.6820534603044055	0.004386231343190657	0.03728997501697668	0.0011985453796487106	0.00030252259794318406	1.7674117406646568	2.200591727365861	1.5955985335794531	0.052558073276720435	0.002507318783976091	1.8912422169311944	0.024743457247808368	0.02446973433922864	0.030134542015739726	2.2755563995417627	1.41120861886202	0.01996965563668751
E817_201	0.0037600847745800953	0.002959790469831313	1.1835216357042315	0.0004718021029396624	0.1921813086463936	0.10380000365920447	0.011688417989814287	0.049620275700835416	1.9563364359748248	1.5064924557347172	0.8532850703298387	0.009663689352015187	1.1356309190871985	0.09357337524347244	1.7092728811510554	0.12278431611929955	1.4955723834031265	2.146916713479037	1.6287720947131683
E448_494	1.5466018154753118	0.0002857456294708804	0.0523672696304834	1.7900321429524018	2.020001355302064	1.6796713033917376	2.029922602444816	0.058364141102952925	1.876019953084157	0.10970555011907984	1.756436657294179	2.218177688311432	0.033047513452781174	2.087804737569832	1.694977056001645	0.001611192060086244	0.04020985868634375	1.7611532144774862	2.283869547873754
E121_169	0.015395510968053729	1.6544547827947598	0.34418456067794345	0.005127227052357894	0.7560828980048748	0.5668847756318204	0.012472082807886049	0.0032908580492029983	2.1535130027753704	1.4643460759970244	1.7448581000860643	0.008171837460653883	0.5741982243388746	0.5656269811215744	1.8221714870759644	0.06543846833254638	2.046212546637872	2.0623680376969062	2.273737501826461
E1454_742	2.260800188191141	0.020279691974645343	0.1441693943177911	1.558240597182	2.3006208381899302	1.5872465185320428	1.6740885807042851	0.017889520906884195	2.128932316329844	0.01298336198943545	1.8086768538660536	1.87689063898828	0.011163428983589959	1.702154734245972	1.7800937319195185	0.0008351765497014612	0.0010166354266778008	1.2893411852277263	1.6305677801449994
E249_597	2.038354846396036	0.014481293334408571	0.0056940010227563365	1.7257349442960808	2.226986862426933	2.446351394935414	1.3974848895444494	0.026732582759284758	2.1078563561719874	0.06749720287300559	1.8162970130647549	1.56971406008283	0.009130287142914034	1.7026203234792745	2.0390799931549037	0.018743264665063784	0.049990886004929035	2.039686131015141	1.7901264312010612
E1649_182	0.0208200004473926	2.1059800320808897	0.7027046271241904	0.0009992642796952595	0.13759932006360376	0.11419680839612548	0.0011341024069497618	0.28132786479587674	2.0725523489219864	1.9168552601310789	1.917962150499641	0.00012349209404902486	0.6141266241209615	0.10807611866211916	1.4889706162670917	0.016995426220050208	1.5089910821141024	2.254274410494336	1.794110749214164
E479_373	0.006142402243397961	0.017941026149450274	0.17174857019378764	0.03701011315055962	2.1345006960289843	1.8399055204989985	0.003713389971713121	0.006966612232004343	2.1482283368001385	2.1461797108539056	1.8451715145441256	0.002737410361867728	0.004169992071061243	1.6100655564834137	1.90682192140879	0.0014806541290490645	0.04671292636878446	1.6019398916630956	2.518291537078979
E377_165	0.03016850700301555	2.3208820843592606	0.4986553209873838	0.030781240308289024	0.38380465863619423	0.5085646784054448	0.0035810701462434978	0.0003362118845367948	1.9609127085664524	1.7781364111071951	1.7747439003085317	0.003718516451001346	0.3880318893962914	0.2605797921858134	2.046430523304735	0.019198936328798825	2.3742672923629637	1.9999864957961733	1.4030832317376334
E1997_620	1.4830983683072545	0.013359051228050369	0.0007326065528344781	1.662102089528776	1.7983815329453232	2.403635535200063	2.0233764776199363	0.014592240374362138	2.0808185507897834	0.013758138378221109	1.9859499027572567	1.7552370957940384	0.005244199297281696	1.9426302780288682	2.080244399012793	0.01806695502921233	0.041239769497324566	1.469656448564188	2.189778263495043
E644_541	2.505961530436145	0.02833422240855945	0.01062520897325278	1.9004344521966423	1.57998399971208	2.1520851333292272	1.9712673152266909	0.0015984729955691274	2.1246886898001422	0.1067266942180244	2.0741992362334662	1.5244233061576282	0.00526826884903765	2.0599684237548983	1.809491894833154	0.009126719639249707	0.0053342663643085285	1.546450332689569	2.1139656109659963
E380_629	1.9554940538671304	0.005881447677306643	0.02778425392418013	1.8665765060559103	1.5311190821811584	1.5935293616023092	2.5788655838549017	0.07180671776810722	2.0583765239486604	0.06888976651391787	2.1968319500897744	1.341116737860618	0.027266300946698505	2.125963410307155	1.6665417069323534	0.028685333890201423	0.00047355809125481865	1.5915879799931585	1.7015559173827202
E1050_401	0.11237558067674824	0.05718825084016061	0.19503358829512	0.0037367740311922853	1.5853472028785198	1.6973487211429832	0.025650818371566485	0.00013274202098829588	2.118202561200482	1.597885882817794	0.048283740102953714	0.02708378903918416	0.024597596022706586	0.21182018786336645	1.06109249162587	0.011078020051859531	0.2424707539545723	1.6162805190581364	1.5593105578289317
E1894_263	0.027038152791793318	0.022433946863820692	2.005522755569837	0.010280624423541593	0.029714954202258226	0.010828256761414957	0.017521108784172186	0.6294360794236871	1.75244797929986	1.7262281711903218	0.33746275330503417	0.020852083425016044	1.3808007320824909	0.02161920377796752	0.016593313892476858	0.0002797059025027261	1.9698867140549463	2.1303168479588	1.086102266280808
E1793_501	1.8351256460178849	0.025774043050107682	0.0002159939104285464	1.7203657106621295	1.6422682655653755	1.9300785000448561	1.540101110748247	0.014432782300056032	2.0754906905540884	0.6364492849688944	1.7951047345571662	1.9805291593298733	0.025053765018993084	1.6680531865663055	2.6203256387640352	0.007704821681421959	0.016442606269918957	1.952114248538819	2.0155609361963416
E1636_459	1.2391269574747008	0.002546102566969429	0.006915281542228335	1.73936183386134	1.976261123449939	1.9616881710437293	1.7009521143706676	0.01977413411074786	1.8767931707564398	0.31232920210299703	1.9330941007999896	2.117137809275781	0.011965487072824393	1.4443063063094466	1.9943584452590013	0.006345138288963778	0.03164906144948283	1.9747947361461324	1.8977489406066608
E1325_435	0.025478344501257324	0.05335263435572561	1.8101415655051616	0.008235768415442891	0.031151136329797432	0.002544271545987133	0.013230427517702979	2.3218503925972014	1.3189098273243798	2.0085353033818896	0.03664557522622743	0.0019589912352699877	2.0201891170788726	0.0266692060094937	0.025373982710687568	0.025596134496832547	1.2800288954947772	2.051672461196903	0.08253082181269629
E1099_705	0.0037987109608897686	0.003308870788648159	1.7951324735784702	0.020810150485618337	0.0004575116308921785	0.011603615053627442	0.00939884572069225	2.3072895113339644	1.798489318268529	1.6163693972184443	0.06468961665036964	0.014427764277640956	1.7420549763551914	0.00937784631691378	0.016164731814297208	0.004523480968073361	2.2096791547014187	2.259796997132624	0.001652244470684843
E1991_234	0.010004869730495958	0.6572101417549645	0.3771833545770776	0.05654082271173544	1.7313653361569832	1.8211243526138725	0.116157143223088	0.07591241846965341	1.9966927732128767	2.0013014283334667	0.08714910066792131	0.003187706149968582	1.5554191748168145	0.16951467128237308	1.4798330400041495	4.1064979505233804e-05	1.6270114749176388	1.5934928095558123	1.7454175109189547
E458_114	0.02140171981468275	1.8783644100139447	0.03698461553604117	0.01341346562035085	0.023510471824827527	0.009717670330218302	0.008233020781537098	0.01182777046577642	2.1722277758353816	1.0714496271157978	2.1493315454091286	0.008739852494244287	0.0019310378589274008	0.006538183539796721	1.8928122116749675	0.4939162496140719	1.9908236537930488	1.9633512077803763	1.8319436261498565
E1538_599	0.0023537755371577183	0.03542476124297364	1.4777424241300787	0.04601852744951168	0.01878731965367348	0.07217290862059128	0.006947793268992676	1.834130125767194	2.273847294981336	1.760434509092229	0.10869257363035227	0.0006241758287728043	2.351856912609384	0.01682765836711193	0.015515102733726732	0.0005658496420084566	2.082279948761723	2.1303009340247816	0.0032565662360040824
E631_2	0.03815950828713908	0.3919325976869801	0.046605699066857416	0.00466920964547092	0.000815375336457847	0.004278873707512166	0.018767881043584542	0.01477262173996715	0.3604502300891522	0.01701241034360211	0.38505401752674495	0.012320489563517348	0.009370766673969107	0.005856170403174866	0.009200369257371213	2.1992732448448806	0.012120895068193556	0.4183106082182501	0.3984285868173417
E88_108	0.0017345845000295286	1.9010456902409447	0.005354567227766745	0.012423320364034507	0.003661090714896897	0.011923438549719731	0.005839806356249389	0.003505394880582819	2.0654940812014626	1.2338512280942433	1.6240028371771429	0.0031938239727500786	0.0035487505359273405	0.06823266537119234	0.6806184372265195	0.5933633219847263	1.3808542673368842	2.1562948089388803	2.095805078094537
E329_716	1.8361088999080584	0.0031218252341198892	0.002762133669284352	2.3858625542182947	1.5357464575271709	2.2853260147420325	1.8675475054826305	0.017143810131699244	1.4624454882119131	0.013975069577396896	2.009910780960909	1.8161658806029053	0.001707439866158348	1.4570440282429291	2.172495302079866	0.008099159900999511	0.0015176937616569438	2.31395576253571	1.8593338941896496
E1624_500	2.163534543685891	0.0021418142503036247	0.0008452383145533438	1.3923114769753249	2.177645417273821	2.2256604986982773	1.6690116204221397	0.0007081732051013982	2.2316569473355337	0.0018984570603533765	1.5667914351650811	2.0287663890800367	0.016776885692264272	1.3014504857043612	1.7732281880388427	0.011331613269248898	0.05236217645620729	1.8477035482987287	1.7991480629409684
E1200_504	0.010380219106330982	0.013967411622313727	2.0015006984568937	0.07316901219533209	0.0005315312420732715	0.005897708445630539	0.005043268519650648	1.678614802500532	1.8582830843775244	1.3388127522296085	0.0025634160930783985	0.001490238854311455	1.4802268485944707	0.0010383518204201381	0.028148802872778763	0.0529067516611688	1.810476579935348	1.7428265621750811	0.004669752317975813
E444_168	0.002460002192372665	1.819014480813304	0.4926125073521568	0.0002000731139782692	0.14394945800896988	0.19137438789114367	0.002571363452037272	0.0028070098368247003	1.6725940840082094	2.0617326064766086	1.556143975672308	0.036022345976504416	0.8202118602865107	0.08722426717191928	2.434718701534893	0.020406306028817302	2.1103732087938907	1.9255153603871809	1.9077676634543288
E285_511	0.03122794887043348	0.0056820719540738715	2.32312783699406	0.013816709038558963	0.008416979138881014	0.02958962097920024	0.014029547583412771	2.574690898767221	1.808082035086	1.7784846845059838	0.14478261903029574	0.01772731955069838	2.069561732550333	0.0009441941727080672	0.003320957139517803	0.06843667518643808	2.398207389427319	1.5876205432263373	0.02551335915052189
E1985_172	0.006727479261792808	0.9086647057897036	0.6962096553092522	0.0024574123471969088	0.010902016532972177	0.005424944182848051	0.02623775925668797	0.02357270031969863	1.782715326451529	2.174802411508688	1.5012109469285924	0.002383552035635292	0.7351577394750375	0.016271777274068682	1.5453564502935495	0.010763434558431866	2.072343283972542	1.8654323279943261	1.3261424560226065
E1226_106	0.027007360936557732	2.570359715169805	0.1115115672029057	0.0061469442732019035	0.008529177363712195	0.007906147724056803	0.004635673311524013	0.011774993991463412	2.9537041694212287	0.15551069019462907	2.1197644636159354	0.004883389647588388	0.005184661241016041	0.004544409467185234	0.3226840143393977	1.4756865057733115	0.3529729230704167	2.1781170291684533	1.6445925337953204
E1855_403	0.01411948347529101	0.016983738855846357	0.008658923403566953	0.0031212731585062033	1.9732456209117284	1.5767526847136244	0.057022306179185564	0.18800473322680586	1.8620792677594105	1.6674555035656595	1.4915473091934384	0.022114439127376498	0.08872748569146911	1.3598900760801984	1.914425381945564	0.005778958773766179	0.021723475230588728	2.0984551843641315	2.1603666759315723
E555_316	0.009195667465677454	0.0020227643776726074	0.03705370452942944	0.01117944221958394	1.9829605485897603	2.0323788143508112	0.002349136916241829	0.019019815065536502	1.8193485432306165	1.8181764503273967	0.07276623843209927	0.013883632473859521	0.21443617912197926	0.0064993369736184295	1.9980759375300423	0.0772385174952289	0.44342912660416456	1.7732587676224794	2.022895983110893
E686_19	0.0073056493444645905	1.2753121927354265	0.05517669768136033	0.032042060877139684	0.00021846208911926923	0.0015835245572704663	0.01692162882055314	0.005694662176689836	1.1438254432839845	0.0019785166604555987	1.3266176825930138	0.001773836177924098	0.00014750278640270466	0.05111359814700632	0.043119070341501135	1.8598187410588656	0.056098863781512416	1.9412659376695325	1.5671928713637784
E776_114	0.004495366655163952	1.9664596583934941	0.003385352703675696	0.0007938516502114522	0.014177744711264763	0.014340240552269118	0.0010711130221753575	0.014249891716379163	1.200689130390188	1.5087034822375365	1.749528179269206	0.004567724338644718	0.06202123354321864	0.016512741852385347	1.1862295553290554	0.4860592477866228	1.9063873837998009	1.9666679858985725	2.104267749077105
E1606_46	0.01819702131756407	2.5328656128398253	0.0031970660405705176	0.024486660877303352	0.009513034582064631	0.033638400346359065	0.001704128602174318	0.007269618535783897	1.8350524615283024	0.04355590237307338	1.8522163549536368	0.04119221813829715	0.002264609887612976	0.005168128775516374	0.005847749044243554	1.9787802483265176	0.01280498121905916	1.6931631937981642	2.583789923177734
E342_193	0.05133091177233683	0.10705504846836156	0.2784667549066889	0.008914050333015466	1.528716211193676	1.456965544498979	0.017136983935402736	0.017476788485531698	1.406946577004609	1.8955127665614084	1.3156312629614846	0.004608828871128813	1.7497731920641275	0.06542834978380703	2.013151487361992	0.0045290214484201285	2.1380853825739106	1.1197634983774802	2.1892150146398404
E717_168	0.0034223307080121328	2.096309014077041	0.2957177239964498	0.04406781612889946	0.017077341857409063	0.015510781986816147	0.007368714114741467	0.003352250326216507	1.8842966978423863	1.4881223877777308	1.7869037355783692	0.08580874488861466	0.2926892791848025	0.014209618337679896	1.424489328643347	0.08685131688477417	1.9550542162907183	1.7801346808279694	2.4218173406647097
E805_48	0.026863596233450082	1.5162116357207018	0.002425730195547135	0.030429291337306482	0.022371251985958247	0.0012854488321566314	0.02562551783754844	0.06998625634346364	1.6197346340760912	0.13820875615752065	1.4236283588416756	0.0035772558332033103	0.0048575621557905005	0.04943765444550477	0.0025035094611775745	2.28792920463416	0.01058654720367796	1.7750821694136003	1.7446517108061093
E1104_552	1.9220500376182008	0.011317358340020758	0.03739168600780887	1.9060860271441293	1.553885335606942	1.9678601693563047	2.8595982002057965	0.005112985138061426	2.0582877411124483	0.008468793659593273	1.4161071142730817	1.5921758381479094	0.02292854631166572	1.9531766984240169	2.544123290291324	0.0004248084247000911	0.0026478772928776035	2.145697021876805	1.6748796164730024
E1609_468	2.0218485401309936	0.0200934457816394	0.010002436797657284	1.7165179410258615	1.822918500521932	1.8992179522784096	1.752899963477215	0.0039051571739060673	1.6282893536154541	0.14304561810384422	2.482542264649964	2.1551373730689485	0.01825079673424149	1.839058550854384	1.8899298370748472	0.03228525095363215	0.019087113440582164	2.3404730913237954	2.0246492122471063
E385_140	0.0045449644679779405	2.061948650359367	0.039274947894960735	0.0022519566764767768	0.00035066022100691566	0.014329561098422403	0.007839913890975384	0.004876640856857583	1.4016699573851388	2.0790921292407787	2.1505777323222066	0.00016177278941437983	0.184880892875943	0.00914303700862612	1.2267073252906708	0.06154947652271349	2.0679481635889383	1.8751219578901848	1.6449945556252512
E1289_1	0.0019105687265556922	0.20124795182421049	0.01	0.011412428735611492	0.01860270810587321	0.02819471496726517	0.020026387689247388	0.002949240167209959	0.20522273020833487	0.002976384856203701	0.196850269467641	0.012274019666629056	0.01	0.01	0.009773171889395292	1.980849007099376	0.01	0.19476214595356536	0.1931792781520657
E119_670	1.917742720034216	0.009503911821200469	0.1044378463960972	2.2762980904401733	1.8715144494755247	2.0827994857428216	2.2096039681811477	0.009937977192641093	1.987916430113416	0.005393533794621354	1.8370784053078373	1.3963301586111323	0.005765844935283914	1.5015978347302197	1.6351971808100938	0.0037268616093116633	0.013597698301374358	2.703752858536589	1.6299830048413426
E1861_307	0.002444287615319477	0.0007931275590600364	0.020855183515974547	0.0033457251401935685	1.7285757494038532	2.0335185500068618	0.004803006031525503	0.06002559699357592	1.6724760154240053	2.3206768768060257	0.043699973050053034	0.019445671728371205	0.13997552863229096	0.046647727299970784	2.357331307720869	0.034173098190881865	0.2514298024759363	1.5702653063313816	2.4008558740136885
E1231_277	0.00012497129676078227	0.12449240665053027	0.31100335682220953	0.006029462676818204	1.4990032370115662	1.094505062749043	0.04411820814343932	0.002884477034140763	1.4843662829381592	2.067906642751796	0.21550876719101272	0.00903714931513331	1.6084773762292568	0.004549521177846384	1.665371297653066	0.0002461662299486896	2.093112274058995	2.144695890028365	1.4048103009850326
E992_786	0.11569051722476267	0.009562135113345208	2.062919673627393	0.030972246666736376	0.01922402156493528	0.003703888117350673	0.035856442673873334	2.9437561385451234	1.5928415013149548	2.04523347380112	0.01689396886171827	0.006464582771350775	1.807742499524428	0.004719067817398944	0.014289719723989796	0.00988592273366652	2.193011738589067	1.665356517487515	0.0036641946693090665
E1854_34	0.0009946356656355337	1.8845712724484869	0.0057216091825935435	0.01227087759458408	0.013410429331514876	0.016187425745485044	0.03158857685821974	0.007507275409983495	1.9026623234647184	0.0001469424663003826	1.7575545431721393	0.009394457386452492	0.023316011744330758	0.002347651683932829	0.06121351081369456	2.060321541920192	0.06382132303356508	2.0025810489270395	1.7249226971398248
E51_311	0.032098296030871366	0.002302067703167916	0.04929975527840355	0.004747207309312709	1.8680946405482968	1.985375858789206	0.005340212618957521	0.0320557074520407	1.7585312845351209	1.4205019853587326	1.3197354774400347	0.04032190723150636	0.07995210452101015	1.1137212155807796	1.3624329973423706	0.0013738879627337825	0.7652089059396816	1.5473475745744285	2.1668549756966584
E1212_117	0.007090483504286113	2.0005925320097724	0.01846541247875378	0.018609079444558675	0.0015027468684348374	0.009430911496530744	4.977752550933937e-05	0.030061208964141613	2.029002208566264	2.4512208860031706	1.903525138739278	0.023918670160895453	0.005875503372134889	0.0392967198176622	0.9024637734297382	0.6366936271346251	2.0615961173037536	2.0531126828902218	2.0210012243621605
E799_413	0.3956831838792576	0.04582080377104148	0.01906017328484939	0.20002852816797664	2.4887227138053003	1.9051373175316348	0.4399155075797233	0.006822430042820378	2.0498960256345438	1.2866245982156763	1.6065005592182784	0.5921381379248873	0.0004047727164941091	1.8032526029001001	2.305457212521408	0.01699346170185457	0.008766297524924402	1.6512667970589099	1.4224486549144413
E171_364	0.03036854830042071	0.1206929363967164	1.6401599507347824	0.004454242736941484	0.02156183229616359	0.007682389118138612	0.00014546542338193553	1.9018043184680358	1.8465978659493327	2.0370755948302017	0.010355197279688257	0.008942974474187059	1.7866418079436894	0.055792406657506524	0.002492291563691741	0.0011179288245890245	1.7131034240816605	1.7519177124779843	0.054397803443470664
E1255_686	1.2045008486145956	0.019942470877262714	0.0012401119200094912	2.179744586136429	1.7672996439303583	1.9482973456878403	2.1453570206800063	0.03410014894281806	2.19026879416338	0.04383140151051167	1.9984792414998125	2.044968392327032	0.021077608807632132	1.6903875023562018	1.5576730022396286	0.0005566134390294318	0.004608717694680359	1.7429559380963051	1.2913878423068137
E184_477	0.5323552563216181	0.0022637589132092077	0.006877513005865829	1.7632060633172382	2.502731354169724	1.3914059063521342	2.023537317218262	0.11816790647043905	2.326686082550684	1.5311493362986648	1.1640966707297675	2.2983299603090828	0.002615179406870936	1.7023719064309764	1.9023969574100783	0.00690501315717985	0.01470436820985332	1.4294924301900611	1.8459692295016952
E1615_765	0.010951315555533973	0.0022658718712016946	1.8217098181598343	0.0019378271132637164	0.0015932116924775724	0.0077067557422285955	0.005389457183822293	2.441487383591848	1.9347594625394904	2.073859160738298	0.024280821429674408	0.026149810736513183	1.8789167648486484	0.001944405882751321	0.003102818261422522	0.01803540908712188	1.7949475669299182	2.2950277644459716	0.002921763726536293
E1740_223	0.0007770394053543682	0.004953449392315793	1.6428669027719542	0.023774655679575558	0.00785788811334533	0.0004726464259674242	0.042387028991525084	0.019557258364629744	1.952854508480629	1.4947228481612598	0.08768087914134308	0.012049191628384977	1.94548847734892	0.15771489165247082	0.010860174088729036	0.022240281336421086	2.132100014190093	1.7216896011453937	1.80160612777112
E1013_70	0.0032008160846211265	1.9712888239705888	0.0014243850764307068	0.004109661115712744	0.11434011156286546	0.010482023602323977	0.010991732611848843	0.010934099782175249	2.2184571199429475	0.2529247612954762	1.6506676866433034	0.10075646917332287	0.014193566520978675	0.003501599838759303	0.02655106788910539	1.5356591091879923	0.012631851464385323	1.4540361255860903	2.1062151032198875
E1120_46	0.08229723078620453	1.680772973294393	0.0037079725599263695	0.014025619740712527	0.09057865154190707	0.008583887970770697	0.002718909278456573	0.003196725062820414	1.382804774269717	0.005284610328540068	2.1392666901210595	0.08085456902502469	0.008681141846476581	0.00589588075944562	0.004756457363731089	2.050341886914273	0.016112209789771518	1.4551459690852664	1.762248725197708
E880_580	1.7315813982692174	0.002700542112146285	0.043724751912101546	2.115974025667661	1.9844264851755908	3.2304474800107954	2.1224308345881866	0.003990785042677345	1.5749556602977266	0.003588908920377727	1.951257275933816	1.8913738732058103	0.08115349541227171	2.2601258175818666	1.8135501260962847	0.04125204208777057	0.01541731778402459	1.5611046679060168	1.8496996326645792
E1896_525	1.7228585102386391	0.019856594672661827	0.029246991274321867	1.4554394834464657	2.174974218525126	2.0600631363540254	1.8425896812385936	0.013863967862884905	1.877214870662828	0.1634323716195404	1.9290954700525025	1.4497354940962952	0.013578732351364307	2.4529082252714502	2.561107855286453	0.001911725257921445	0.031177218763001762	1.7916085127068035	2.2277387253092678
E800_198	0.031051484428584387	1.2750256173333827	1.8413922712158883	0.0032037274354281037	0.04841686236605311	0.016460492720887385	0.008216038009220055	4.215330215414899e-05	1.7512907008992344	2.320467815941838	0.14724260516266907	0.001834543451289948	1.6111637588611565	0.005144762827744796	1.8327862825610053	0.039713560896533294	1.63449387015515	2.3322307836948846	2.0471642624266635
E169_476	0.012919939161197002	0.012103793473759507	0.00360822240624381	0.09859557794674627	1.6096673002702848	1.7386327690790495	0.07753618395325362	0.05645241281792459	1.4809429473645557	1.4556102693196622	1.988608902096093	0.018988294620750298	0.007842367029670498	1.8984896717714064	1.6967244286743373	0.001537815303203967	0.004325912984857766	2.2054891318335543	2.122416033388004
E842_240	0.004733323321928146	0.1690544590932576	0.0983134992832342	0.0011171145616498592	1.3833510497683956	1.6554012682005539	0.014300897402446775	0.009700255753052115	1.6532525408485244	2.0905646737700314	1.0912017008991068	0.0209841884089704	0.4601645609464157	1.2062144701078548	1.86419114995166	0.021515261205675363	1.2818352588604265	1.4509266016747648	1.7828327614644055
E22_424	0.042213989668189664	0.008011285028304975	0.06793547556044444	0.11805359926001785	1.2730621960531563	2.167109282143251	0.02433878554616823	0.01468645430929237	1.5162815769321456	1.6513887286323798	1.4289346591285808	0.04782057621690386	0.0008411066616455503	1.673380401799803	2.1639281654973046	0.000281193867719945	0.2375590064189903	1.5041143569679138	1.6843210753074336
E1161_206	0.006789662296523941	0.018939716665995702	1.1011802464775364	0.012578031624256743	0.06003125579380132	0.07769566278595033	0.002885218965584346	0.0024495866416235326	2.260065871479828	1.9354935863144451	0.6808190044097541	0.002321109231252501	0.8389840080400873	0.004995693689795175	0.9388140953675816	0.0028282259301987012	1.9553785301692543	1.6144743273157922	1.9624657717438307
E1620_618	1.7421419817395296	0.002012707771904122	0.006849993823076432	1.6997609423005673	1.6043777829003136	1.992543973871412	1.5280489753522966	0.03831178466156563	1.4516264734895672	0.007197265810896683	2.9066407429996843	2.0818899165873344	0.08001520820624203	2.207430476426678	2.082839365290138	0.011393144337054966	0.001110050437073488	2.1868911165785407	1.6513646776536162
E1583_576	0.0007168939048450838	0.001452164141249608	2.07907387688446	0.005321917486912646	0.01958943131308429	0.030304970284201843	0.010707476728302596	1.966777293293145	1.3438426471707254	1.8348590583126845	0.14778504632533354	0.04130927625310304	2.1918788828962605	0.008753891004077074	0.027509011521403448	0.002866152448276007	2.062013558662469	2.2458211215299784	0.02268162962604223
E449_39	0.0047996507216656785	2.5236901152445363	0.0009986599414821976	0.002172331224125356	0.015689363332135015	0.006567264990867013	0.04548085403651478	0.04246885442100816	1.5757004960095258	0.004349434004334879	2.1612026591026177	0.01134511827055526	0.04043407915000646	0.007682859263690528	0.006016455192410729	1.964787944616728	0.05930104298470891	1.524962367359594	1.6500631712802174
E1534_232	0.001957989567146489	0.021271200072892592	0.0040706634975486355	0.0028144291357398783	1.9375437218768798	1.9494001639297007	0.008236708732773674	0.0213406089382499	1.6506861800070023	1.3632282419979	0.1980624852263352	0.0028191424329361914	1.875396836093176	0.07273707566327821	2.2166968347718097	0.05446352759953841	1.4886083840834996	1.7877664885086857	1.7183743269370668
E1627_157	0.011778644964274354	0.15323875943387127	0.419540614116193	0.00039220303225471516	0.01064315676599556	0.01817356888195369	0.005485597217099723	0.0023372963269551435	1.9307555311781128	1.84260250998678	1.4679188853776777	0.021501129347866098	0.3147112033683108	0.022377832517779257	0.2291699549343311	0.0018714172710838565	2.067522283042379	2.0212753715775804	1.9295615513421398
E1564_67	0.0014721975920548196	1.5650445885366433	0.01153129967658155	0.0077720483974989376	0.05603794774729999	0.010330543554797627	0.00013397502294946496	0.0005004206491819483	1.9542052209061025	0.02181664847551956	2.1574404680631916	0.02030248517232462	0.0140976749623992	0.007310122151323949	0.0019926676704813307	2.0656633251211383	0.7063406049037886	1.4508929079242865	1.90831628591052
E940_703	0.0015563627099927475	0.0664322837605115	2.1009541360780464	0.010407291071271965	0.019257815225788497	0.02410021284315144	0.020849722368157776	1.7155908183147373	1.942922950432028	1.964319418480692	0.02626507311421714	0.025176521074452257	1.5020124924005758	0.02156961936718535	0.0042220112432921385	0.01656483465995603	2.245689272731609	1.6284349826546398	0.006272019613776117
E1265_18	0.01042750434838698	1.9321487614542567	0.014579089016486343	0.008029565053733352	0.01083281664796354	0.05223397740512881	0.030157220645130326	0.0053040947372357825	2.0541366474500458	0.005267003438364645	1.4175023082081182	0.0065396950054897145	0.01825974600535632	0.020877065587617448	0.009913935247292387	1.94659037742432	0.000427154112986541	2.4198735529646083	1.80055047266765
E1785_283	0.0009976679706169248	0.05104136335861022	0.5343193032816124	0.01884412434200327	1.8878470827292173	1.6803544639057617	0.07664252589403643	0.026043845161639448	2.286164253459465	1.5919056945651433	0.1518762677906731	0.04135761113594704	1.5074719053432066	0.010743411445548759	1.690298522854286	0.01216890909146581	1.7299785816727746	1.9237855908589545	1.4560544204418762
E993_612	1.871824152317776	0.0041140397616456145	0.04859098880843477	1.9938800507766083	1.7376967400096452	2.41887471098966	1.8941293924602256	2.2358433651643764e-05	1.7901369023584324	0.0252965853425476	2.296878381859556	1.4679453338405248	0.045009332557859966	1.7526750515675924	1.160097918646372	0.006130166331013246	0.004343035877904338	1.204409374665166	1.6001945221281169
E1186_289	0.012618593854946123	0.009332624860523714	0.035965026584798554	0.02928088300880415	2.102865456384187	1.8339182943026449	0.002087050555944322	0.0144653354641909	2.293917049429284	1.7770252718415025	0.6981834304895134	0.09251155842359768	0.2231130005961043	0.5577102338839516	2.114774015346892	0.007832152492913292	0.316263936615585	1.6504627163952537	1.6879106130797117
E1567_424	0.6113880571640075	0.01131812342577053	0.03709153074920776	0.8658978551674221	2.1830346699722307	2.2974767785128405	0.97069525518504	0.005364705348678729	1.9281358509345683	1.719606356303528	2.085999521761917	0.759471808688338	0.03800968070389432	1.7923974714758857	1.5737488539985902	0.002275439990278961	0.011255891650800274	1.960697055299912	2.202891345426405
E829_520	0.06788795565529622	0.006213953367671367	0.01891958781114692	0.1326889993745253	2.1727584877317505	1.907641943368251	0.09615710402551393	0.00652436672976388	1.8730827753330328	1.5646812733261362	2.087011910196257	0.15587200085240582	0.05132239788587259	1.8681530676317213	2.0709606492509707	0.0063467181082872606	0.0260054780045774	2.0184774781476658	1.629632202815561
E508_696	0.047256814969229184	0.003865547649230285	2.034141609438944	0.004487958883322439	0.04169720646553586	0.032392263884771705	0.00725319753563254	2.07359362324839	2.31953258541232	2.2706258773391044	0.015574458026182918	0.011512344096407386	1.954786079041468	0.010343642198466698	0.005658138784523977	0.019100585213318286	2.1461653362482567	1.7657065198541788	0.04505047879211548
E1867_10	0.018448129594121718	1.4307610008459952	0.03637336787435188	0.00043210340965064303	0.02380403748652748	0.029902678943292425	0.0068454114349960965	0.010869498995337745	1.0013573792506736	0.0032791976895520485	1.1920225764115542	0.00013788099059201982	0.0050075747806195715	0.0473757920631922	0.029452252883561764	1.643107290158613	0.004864432752323655	1.7678719286800042	0.922310898763906
E1046_589	0.5710628263731312	0.0188055208607256	0.00922199493418762	1.2010914095856695	1.7656558638838509	2.091228966188663	0.997729073301173	0.019936788773445683	2.05835325305	1.1370610743866738	2.0560345033941347	1.2315067399878357	0.018557300416355282	2.1031361479822466	1.6943236774939685	0.017066686215043158	0.1157988078087015	2.2247550828862086	1.493312115894861
E767_709	1.8270688977260028	0.0381551675062096	0.09880769322872444	1.4570902265306662	1.5704398383273277	2.298554385771425	2.498780938233982	0.012451516268552223	1.5188253727569734	0.0488329205086222	1.6085851671495088	1.7728173469515942	0.0086774066814731	1.5713566167034592	1.8415896422235256	0.00046730804355758163	0.006212939509156999	2.1037864415844774	1.8580883638032857
E1281_149	0.011035133453232948	1.809324913358804	0.10881040959501148	0.01959425982750731	0.0078045296921881845	0.001487496350843537	0.02635483149054079	0.02297106966296851	2.303114339951604	1.2796286808069297	1.9876243294846727	0.011144207239716729	0.030660839047060125	0.00934586908036851	1.9680164960757864	0.3766455046946668	1.7017081492576789	2.4396517670121622	1.946075321090364
E1903_155	0.008093902837279931	1.400489751933029	0.37519776603672944	0.004484173305304418	0.02511963248020176	0.006456581588111772	0.03920484944751197	0.015651993013071713	1.5089347403336273	2.3433552791262384	1.8630230722862644	0.0004004817879218589	0.11595770842299233	0.044251005475544544	1.6181726259681468	0.07016602462161631	2.0218377239915992	1.804545475733283	2.1788711501628963
E1700_329	0.013601366345777459	0.017802303656508388	0.04202706697094197	0.013339633581984816	2.0689613628732757	2.2325964133585745	0.036563164389578136	0.011202467177749573	1.3711367664030654	1.4419290883253395	0.1560777683285583	0.011476698301326329	0.006016381142338692	0.4618750231093506	2.2150938123997848	0.007556354208141103	0.027008782190967903	1.311926657498771	1.606635511226804
E580_406	0.4969665602159926	0.004962326462946864	0.005939162422811381	0.5858722780866927	1.7382140903956331	1.7312887880785433	0.6022950824241238	0.014055385639793376	2.1770461465894946	1.748390059097355	1.926069239278684	0.630395277447343	0.02307857030920244	2.5254688709476683	1.5064449022752524	0.07653115954023552	0.03890910068579806	1.9794493629353416	2.0446956300650494
E1823_22	0.0993116775307922	1.8438239128846599	0.014700541007617402	0.04661511426959625	0.024834115262271986	0.051361748854102496	0.06263882957871922	0.0030346060422794603	2.0353527937220948	0.01437739287327799	1.3336133993022272	0.02357365646406255	0.007529232390018776	0.00030517468213416335	0.003254474093723197	1.8746041542691017	0.015390011964670013	1.5705302321291896	2.0849585315148644
E1252_11	0.0074304805011792124	1.3704407113826171	0.009979580907373407	0.02344712265667263	0.009884665198404176	0.03306666714648285	0.00851499697786916	0.003726827736710638	1.0926965877942776	0.0097837228540269	1.164813968817284	0.013648855418060863	0.015556786213572246	0.0002225152566773005	0.004730030259596839	2.1687321755597178	0.014917666952094285	1.388155304808689	1.0790226814235944
E895_693	1.5017707949598709	0.037659408655413736	0.02123401710257497	1.7890376528305831	1.881506648915172	1.5303174726152358	1.8181629890736848	0.02726600850621761	1.9933509079183869	0.0006695993454170157	1.8932562572391305	2.4035224963982493	0.008287095585674137	1.8443146287633256	2.4460820892972683	0.026171313017214086	0.0028722721341797337	1.8046799458327485	1.4727515169455796
E229_374	5.1311719088776646e-05	0.009153915715646298	1.4735606464307338	0.0734206116031688	0.0061058838264102105	0.01553791179858858	0.044123066950220835	1.5136141061936608	1.5661792107262795	1.128697543585509	0.2446317241848913	0.002611626326134723	1.9244579549992644	0.006278889108441143	0.001801174888562286	0.006796116185921562	1.9139550445078064	2.2019659219464254	0.4582369787237318
E1297_307	0.00612524151950671	0.009012013515700364	0.07931306794433446	0.0013106646951552075	2.063366075249376	1.7234628028752317	0.04057753953189607	0.018468694101082667	1.910776911182068	1.6189186729312768	0.03770163365532688	0.020265763864749403	0.09566393773171007	0.0593728141703432	1.62684131419025	0.00952009440656226	0.4372215571780842	2.3561148933593903	2.484548933762845
E1824_290	0.023698880913979644	0.06170991273789299	0.051936935736299816	0.010007227409803362	1.5406648978241937	2.2479464362834443	0.0009494552862413172	0.05876388291661418	1.8331464022621489	2.018399702058697	0.1826075994547248	0.00540948501777704	0.9176397519224302	0.004889299477835428	2.173285730838828	0.11425426161344505	0.7208429897456456	1.7847645561764216	1.962423975732752
E1795_766	1.7160141725501783	0.006754772178081409	0.13883381433133074	2.0893825321070234	1.890777717444452	2.0115780055602666	1.7569773571535443	0.001697212371470552	1.5848439545678503	0.06428595846893903	1.6791859013161483	1.4216418200053051	0.005678868246508474	2.1850235989079763	1.948326454543985	0.014553548008225843	0.004380728535267214	2.1730120989041417	1.360972798048045
E518_712	1.794408260322107	0.0008496227794134946	0.0002478212150288997	1.8100470587611577	1.5420368821415367	1.9343041766773128	2.04937801696465	7.590578604563377e-06	2.436710342738753	0.0013541131631148171	1.7240313980999291	1.7232977230966977	0.010771232424437496	1.2530178644377772	1.9044302134117703	0.0006840790179836577	0.001753014858046275	1.901250679659844	1.4106999123855843
E865_520	0.007126354510720247	0.01460473726091804	2.1132695910774904	0.012987421771084232	0.0078078928016433015	0.013528079320809485	0.01004017161551912	1.8766673969684344	2.6802894634586547	2.3710750780467498	0.0073745520611669235	0.0006659178861275284	2.2575744497049905	0.0259311861647886	0.012253822389191194	0.0013277152389412409	2.0556675354200524	1.343373570755777	0.010971072426997826
E1404_18	0.06139128259392471	1.0277762778340191	0.07605597920454353	0.0051165414971279105	0.0015318038657535958	0.0019190171748629129	0.002962745839997343	0.0019811001432821925	1.2709616402146031	0.010290935187814848	1.2148678324945787	0.0002705548958720034	0.015148055623943163	0.003183906603795286	0.000299695626201045	1.8899781980231471	0.007080329976155908	1.6994151544337932	1.7107969990338745
E345_355	0.32639797284290617	0.006409953248074021	0.004281905002448244	0.846765777202958	1.4440301677430132	1.6368938288035404	0.6625792502864261	0.07222009814638165	2.1807543041976083	1.382455818410122	1.5250091739150382	0.9397594125361496	0.004069733543121667	1.8269138130008105	1.471876560220832	0.016962622895782747	0.012910466679592373	1.6537565143198338	1.4574401459434554
E953_715	1.7794397530926822	0.00037799171894121536	0.0009789355759387717	2.0456363367622648	1.9815138595540187	1.4623225787594738	1.5454520871015578	0.011425209516662321	1.9217782866167343	0.008050687751067287	2.019400712821271	1.6854334504295738	0.018120712822841147	1.9058896340387528	2.199982689545961	0.0015250709579076233	0.002138748710697032	1.5157260486216908	1.7652493719904199
E1384_89	0.0016024876968649296	2.0157165269382493	0.0020541672158865864	0.002583957373693041	0.008851002267629977	0.003201754078811225	0.003920076875698156	0.003857086722436607	1.6916704061150805	1.28268539155827	2.0328209156043746	0.0006364389854715938	0.015503001684880781	0.028296900826402474	0.060944070546075785	2.1059398852554487	0.03527832546971541	2.0369367693739493	1.671880667272455
E722_452	0.8908154924683158	0.05975769376043227	0.010965431207583216	2.342626522106106	2.3428992288581454	2.161898565872934	1.6808779521087964	0.030484295376495475	1.2121187078424949	0.6386102698082446	1.837602871121988	1.585922651258704	0.01993089175691229	1.866068757398444	1.9334175628374115	0.0292849326538811	0.0051911428519366	1.6395931514145394	1.285422416120504
E186_533	0.06278968028675372	0.049639440751096095	0.0003669849018305868	0.02155438559289824	1.6471483856795663	2.145402291584288	0.09488456447352668	0.008567102351060826	2.3467037350263418	1.755422033040066	1.5359051285702032	0.036539762931664936	0.028317195861594174	2.0793273288759115	1.6508915010343423	0.0035987360176717533	0.3511569046628257	1.9672283704495568	1.8472941249327441
E609_386	0.02566419641254876	0.005960268146088151	0.05696105027407908	0.040863730603964116	1.7708412829180018	1.3274590130559758	0.02391538452647696	0.09717570678704164	1.7483793371162717	2.215574949679044	1.3725343178858251	0.014592367037663884	0.1934762968521986	0.961241280090666	1.2600037162782234	0.003222045749286757	0.010739651530517542	1.67172802608326	1.7767169058298875
E1946_60	0.003223995350643015	2.1046918391811347	0.007451681499690137	0.0036336554653191937	0.0201135899868372	0.002078065459395661	0.003513260686775966	0.004633471633576763	2.1710759981785617	0.007711918207314577	2.4126701695664705	0.06517690531790014	0.013639406877452966	0.0035316003622182686	0.0010334372369153542	2.211621831716021	0.2319225689339849	1.9699770813025559	1.7912763251249986
E358_785	0.02703035381319771	0.034556183358630706	1.58074954311724	0.010015344860593866	0.014823412589067513	0.003264659962599807	0.005523936368848596	1.3308256892995791	2.1896519478341974	1.9801170953595144	0.0647205071587772	0.004184504174181449	1.9030431646392056	0.005831088226000169	0.02580733093856933	0.03740034457934389	2.7810643710483776	1.2517889722105906	0.008370226526351342
E1405_774	0.006037701807397729	0.015646544133097146	1.5739884010474532	0.024584753176404205	0.003135857726482193	0.002289271405531561	0.006304984341224748	1.416082515417775	2.0593646321761687	1.3215754066108834	0.06081167498118752	0.06629408053197132	2.348601609631689	0.0036103574934906978	0.03558713576332573	0.010357969768128798	1.7700980225538023	2.62255386657867	0.009978081156856266
E1955_569	1.6790635200856188	0.03098675114834644	0.13723150987217858	1.489333618767582	1.8044762274587656	1.7353605858707108	1.4395724668792964	0.0003253083996369732	1.5437657658070254	0.026551049939013308	2.120750760439754	2.0263645764820346	0.027835109425611376	1.8333578701529656	1.9922124207240672	0.03903743429537653	0.001614053650891014	1.7255904736066456	2.109574269785828
E869_350	0.04953170407572169	0.02642943164351637	0.0012222874513177573	0.012693570043166524	2.096788766443399	1.9507811017279792	0.004487221725476401	0.033315544932874135	1.482940600813197	1.7140451233045886	0.0058435105669125105	0.04414963865458338	0.024376281213169253	0.00534151776960366	1.500077870407546	0.017136272210984613	0.018907451344645373	2.4354348448274714	2.203335481626562
E390_243	0.02931415504802325	0.5543501049371977	0.21025460822276687	0.022603232396708545	2.3044326838013287	1.527711689676873	0.010405082101433623	0.009542991369846756	2.2676358227799103	1.8486381288493807	0.30861035351726435	0.006794363308430603	1.5306693315920872	0.033841527422151955	1.3387412067715114	0.002572753975797775	2.281172706096436	1.5302585299027842	2.135647994316168
E1208_161	0.02229468102110711	1.386109132287806	0.7623389754306112	0.002862711492117552	0.0041569328825773865	0.0013450659844644664	0.04819258871802788	0.01986239588372165	2.171238242963829	1.8660258331932889	1.5586864187581662	0.061211762966295075	0.7375988978547221	0.04116693425090046	1.0389374008937522	0.17883916144058218	2.2760641730789795	2.156889623528884	2.163435199925758
E1913_112	0.006563572090958201	1.7344529175953072	0.00040550397054776134	0.06477181525581246	0.26260390651365306	0.12328322191273634	0.07183013850265366	0.003130625132493759	1.9373491414098936	1.6652591806666333	1.4125714748585647	0.0007671425301221702	0.0644403913029028	0.15464238232855346	0.010705991854125034	1.4781705810814274	1.2439976451662962	1.7535752042648267	1.942328576922013
E145_589	2.277585516017929	0.0017455267392597386	0.00477816292256993	1.4197301820643091	1.8698309211734367	1.6158624079906931	1.7104098102734933	0.04764830141038432	2.5291814324852475	0.05884168321281288	1.5850807504399411	1.4027287002293976	0.04361185410909545	1.910972828194776	2.0324890540876663	0.06943409450506205	0.12024454633840508	2.067482313683948	1.6878874239356072
E1221_778	0.03755032632778689	0.0433578129567636	1.700156029222581	0.0010041419939489714	0.030247665042979918	0.0037169239159449844	0.0517153926461024	1.5471408146153136	1.5546029073494692	1.921191392158086	0.024833833360997617	0.016469003255861786	1.3400084122709186	0.002710490402598159	0.005989051608846519	0.10803243530734596	1.9228476729598143	2.051499521997003	0.003076567932593259
E1614_773	0.0246348839253798	0.11102081529784684	2.1314989669959417	0.03541616506515041	0.0006286273449026651	0.010663825857872507	0.012832701592928993	1.5699216070297386	1.9476730514806249	1.875567905042682	0.004588161220016887	0.08694237343358176	1.3872360975646074	0.004487779931447463	0.003025840965581589	0.07122242613762039	1.2664645920127555	2.113384150768123	0.003015445616811697
E913_168	0.026753362559555918	1.9437583418390283	0.3448459792511009	0.030159701867010363	0.00034869711123140974	0.03833134883564704	0.028410816730027086	0.0086081790674153	1.533337313442386	1.7221704248476395	1.6157363848162074	0.00132872846819112	0.3443892939232347	0.0052624918464640475	1.1305399951375878	0.4827856289874488	1.6916917446869204	1.5271054184562691	1.8860846686093933
E1545_23	0.0002015804276418564	2.2916118058535115	0.009377560183005193	0.00017015815471643162	0.004529058808905714	0.029777686779079895	0.009361765349666408	0.02253109182165161	1.9121402047010545	0.009061111624643473	1.5981884332683691	0.068394441427427	0.07786243229489409	0.0009136443627031043	0.031051071821661894	1.5151347292456352	0.0003427972722066623	1.8430958490303324	1.684729862169585
E923_414	1.9346267649522144	0.01858422071863415	0.023524262982855683	1.5676406853228426	2.030051525225256	1.4387981933880838	1.6008607239937458	0.0019382673067014414	1.9799933530392444	0.32749731334604804	1.7477856333064767	1.3978187551009758	0.032707094363831776	2.367110951184068	1.3419497160211828	0.010191107685067816	0.01788553041809495	1.7099570856812325	1.5929954994686006
E379_586	1.5200839764574217	0.01878723242357601	0.011958486632345396	1.8517174058590185	1.8365251421140616	1.606447975618718	1.3469147797437937	0.0101469743831148	2.2979590281479685	0.2394113875439695	1.7366001228521957	1.9506796371768689	0.0030343467152604826	2.0124551502919177	1.399491539718687	0.0033360455909643948	0.0008836253003723527	2.0661240223270285	2.0494514147447984
E773_194	0.02688662504679941	0.04197709890221747	0.103139742948376	0.023785201561197303	0.467715695114148	0.4034201544067938	0.0004304100175683582	0.005754596475207973	2.0297045083828973	2.004584528755453	1.7874208736977215	0.00886053074309015	0.3723533823600933	0.1517422535150694	0.6312150792168704	0.012722048971917116	1.018717168642645	1.7986031792878838	1.4440414831774078
E412_614	0.003091187276001177	0.0024668171040436	2.099054092283528	0.013627516817831429	0.006727176721074488	0.07160440902518693	0.034300928542642016	1.456529733376867	2.1030694678455366	1.7142685154257795	0.041938473306392124	0.025493507613660985	1.6936099378864176	0.0011619606849979439	0.016671558948682524	0.02830805855083612	2.251921430257064	1.6903787007578883	0.03857305487885433
E221_644	1.5705251638366964	0.0024450088189088594	0.02385397728794065	1.9809606354819624	2.023433051726676	1.7258184714581728	2.02796645199968	0.0005812749734579663	1.6305613990436034	0.08820700080359571	2.3857983004186325	1.8578356807398368	0.04415887502647853	1.8728805088968472	1.6638380193963007	0.03537089631260959	0.004505790388590297	1.5319543418778352	2.007792273703146
E1748_9	0.0076107123043310096	1.3220356365161696	0.03442464775544282	0.062356959737688164	0.016939371538358342	0.00018240925675025964	0.024937005737801138	0.05667435938509015	1.0848550640556252	0.060305122771177375	1.4141692985554484	0.011801349328265995	0.009479174640620031	0.0022616306374656308	0.013607844807943328	2.0030288659574293	0.001442404013525766	0.9562200107111224	1.1886441494516722
E669_37	0.00933652910974312	1.4542558735405104	0.008232347088650005	0.009316517676509376	0.09839027173933257	0.003825612771878153	0.11691090764634515	0.029441036672652524	1.7861959399352991	0.0034133690875257487	1.6431054325442305	0.0009097781012104393	0.0004489283039704333	0.0044964994077131715	0.005927535625009042	2.14235396226562	0.03959527474416938	1.8073388786319016	1.7323033990585173
E1921_200	0.035315779755875416	0.1154535665816286	0.3842540168248549	0.02031532834928316	1.4842529621164942	1.6588216542916687	0.0042835399477584605	0.01687490897623141	1.8679357470099405	1.7013894902306754	0.34869091692344506	0.004865816310907497	1.7167990906893862	0.02525294073485291	1.9476471744596509	0.04327768411055953	1.6271289595572045	2.050830701166976	1.6841587335889971
E1840_66	0.03568028727559553	1.8413139384108328	0.013317212929387371	0.004406578694157044	0.0019560983347449968	0.001875931881243093	0.0130879439442917	0.0274585253100492	1.6872292489890262	0.033452139993996835	1.8125504161006003	0.004065935019885279	0.0014605458502787087	0.01908061712743853	0.0181815562278008	1.921809374364528	0.9232390755874594	1.7907728314768343	2.1590438998657597
E39_175	0.010160984498423658	2.478801822246015	1.6703674293407467	0.020999235616604453	0.04845821593441257	0.0014887367237112245	0.006647603944425597	0.05919914072865345	3.0695038877442222	1.488379784653762	1.7218490171509349	0.033010610470329445	1.3250429099733314	0.002852163393114119	1.308951363363949	0.043272202552703184	2.374369161235956	1.687594787234172	1.8255524342606777
E1986_437	0.04224174163957392	0.03680842146877647	1.6997954262099475	0.0030860659458963983	0.0017674860844489255	0.005728850058943838	0.017249023111480324	1.6749040668985102	2.359931807292788	2.2420148088604965	0.04062735367325128	0.003950385225693964	2.3821220872071804	0.0013137888611654384	0.05311730367318898	0.07500475923356159	2.0931720842987844	1.9008582700644199	0.018142405561688568
E1095_53	0.02689876541704205	2.0858637168244263	0.01075390481438856	0.002766105311856439	0.005897978679942345	0.010214869998615069	0.01747141758369864	0.035165707798706265	1.7073100316301555	0.014975660904036544	1.9341406656024192	0.0017605382806886332	0.034648670500442624	0.004875815403653535	0.010445726011315958	1.7064843657340731	0.05319055601236528	1.9941793594414456	1.8204141127648312
E1002_24	0.022697688583225843	2.1060129370107363	0.011958541909207712	0.0489686511163115	6.55410435750816e-05	0.00885942899883062	0.008785151814968457	0.022399645753848042	1.8605503835914328	0.03440313049464452	2.0793786232606903	0.004700821279537025	0.0011864939026555766	0.016237325813788908	0.037893578703662084	2.1628445282209965	0.010616790868315826	1.8776277617044423	2.374226399494395
E1414_316	0.00841085785529057	0.053313218860359265	0.015286061066299447	0.018733825028280204	1.9295906117485853	2.5248475144511002	0.0023671822537152144	0.009555084172689965	1.3572920488633833	1.876533090272501	0.6871773319714259	4.649375821911151e-06	0.011970178042047063	0.2823570440756689	1.4208023112701669	0.021201253290501744	0.0035344401087339123	1.9552159270792608	2.1875287301541504
E703_271	0.0009933401734558466	0.08134526728917772	0.0007168098901553447	0.027663820598229028	1.495884874613955	2.4115653764237632	0.010595819955854091	0.022990164212082883	2.0890166944135307	1.5904461399307996	0.06971020270152414	0.00717597396350608	1.0186477005178691	0.054698121268707225	2.8552065578016466	0.06445955769277288	1.2516114205663376	1.6906754145472658	2.0889599749556123
E1555_100	0.004711737836855414	1.7326629209199726	0.002783759818983854	0.017291647610729308	0.006162486144056005	0.06653748930548024	0.03770329876800513	0.004933770482534454	1.0665301080518437	0.5095186145096977	2.001987563720006	0.014980025591628213	0.014237111911766472	0.03408403478836641	0.2211899614399472	0.3043626877643715	2.18411068068915	1.7561062713958289	1.9719262999958809
E339_153	0.0035449737355871783	0.0008531274421070133	0.27632514239911066	0.003317790827522813	0.04743434329871514	0.007052964129410051	5.62628960043745e-05	0.061690181170276165	1.6540001688764543	1.7325728978599089	1.825130025780476	0.04080333795457964	0.2371647813422189	0.00243705463156471	1.4782540893045308	0.0009147727490077737	1.8612121347501376	2.1407879575274693	2.052641565871482
E65_713	1.4906967612441209	0.03276842235860132	0.002753782360093839	1.7964208942532882	2.0314546856556173	2.2528480619993165	1.3636694928165471	0.012933450529388123	2.2694401384200917	0.07283391807638173	2.1731446057643065	1.9953431840481968	0.0022649127032380377	1.9190571893382955	1.6798518695024665	0.001163785391426506	0.0007674023526366488	2.3716602351544336	1.8638927058594161
E1973_343	0.1037429005153489	0.02585038779661504	0.03131963933774433	0.002979602931086703	1.7331380011139923	1.2637519352489486	0.0031832218070371307	0.008036173744703437	1.377794228174894	1.7055522327257069	0.1199787676201525	0.0005036924072748089	0.10354618694350802	0.2332560753440551	1.7594195877696397	0.0001455597071493533	0.1482235456433387	1.9311678896891358	1.7083899355665382
E1170_384	0.06838203246625288	0.0032756734847002485	0.03676928781901232	0.04858379101145842	2.0463836560991253	1.87064106095094	0.025795368979865355	0.01977178947433178	2.0236616147427773	1.7700767159893065	1.8088435503865048	0.06752722490722023	0.005366865717990404	2.072881690519745	2.463429777476718	0.0068976772385036115	0.0005526821950075367	1.6373497395647003	2.383835565049525
E1687_423	1.716659463983343	0.00026927990562217874	0.007715226088790823	1.527469414623831	1.8231706860415169	2.0489771695392323	2.071776405229511	0.028666636701035007	2.1201059378480407	0.030874477051070038	2.1786067053695524	1.4289481704184297	0.008581606115044266	1.7831725893941786	1.958577033226232	0.011554810579266965	0.8147948057056691	1.5312476339909384	1.4958710542432547
E1929_48	0.024722510551287068	1.9874590777557744	0.005771558173329751	0.005013917786973011	0.02317560503450004	0.01748878799711742	0.00526276582380014	0.0015790158297110633	1.5491380824923455	0.010717708813934041	1.7209055382907381	0.006786207920308204	0.005231075037649707	0.016149585629624225	0.02128339238058514	1.7772139420527997	0.05123197937346874	2.0931628647591265	1.998431066267508
E1745_374	0.01042250096722583	0.022622846507861616	1.8932811629968136	0.000862914860856046	0.009322012778540991	0.06750533201135918	0.053543664091968673	1.578974474198973	1.81178071182095	2.0770524185425723	0.028311194176123024	0.0006658884497874102	2.2520051144551867	0.012633650815977164	0.058531757217218434	0.007416760527811008	1.8126584221523119	2.01435848315937	0.04217738621868053
E175_562	0.019383689032980427	0.0238677472663368	1.674736753048875	0.0006179168025867287	0.004672197980756104	0.006638636630556458	0.010343847130743116	2.5985097549509844	2.057394609360669	1.6227874720395166	0.021443836136341512	0.0014662772096997508	1.588995294578991	0.0026784994790104892	0.014662882478405869	0.00233565875145828	1.2120118701497713	2.2672502292673795	0.004027499687736573
E539_12	0.001524138088245686	1.4223474917358208	0.004795413767806654	0.005826609309765477	0.0002528479759456712	0.002802007728969833	5.741447286400814e-07	0.07328996951887304	1.5052734534787688	0.0018708768981106406	1.5268707383345823	0.0007790806350237295	0.010483277883463343	0.011521500526225878	0.016943731728409368	2.1349895806725407	0.004076852989505129	1.4914050716449787	1.4797305700152763
E6_129	0.03937256589816091	1.829637745805808	0.15420691495775046	0.008804040526757676	0.020223369117136302	0.017824038011248586	0.13206737194436455	0.08119940711830258	2.121373056769069	1.4640145212427973	1.718717884513565	0.01167697238480492	0.015106520188450963	0.009945845167426505	1.3555687058174222	0.22659483661747865	0.3366361385317476	1.7971846758800116	2.0740707759269013
E1775_219	0.0058381902201770424	0.06287410352658286	1.083288822909882	0.014971043524685913	0.9946102235516192	0.7899832837602739	0.002473293571724745	0.4393840784152985	1.8742277063963968	1.7675024700530444	1.7716257009691538	0.0096454852624036	1.5268144916017306	0.0566413231909173	1.085823886068768	0.042327763769321534	1.8938013749595064	1.588017504969396	1.670040350960576
E93_169	0.014861622139866587	1.5919941821150227	0.06634421852135479	0.0004961333313091167	0.008163315747955162	0.007747987567342258	0.014950214999684797	0.004838604462676395	2.085729356569852	1.9812427030234712	2.1604706904049245	0.0034203328231798323	0.012779066182862708	0.03448220471533902	1.6929774088616474	0.045111034203649	1.020381026674761	2.1218418837220976	1.4247225691812069
E1993_167	0.006014165773457128	0.9141144962729728	0.32553282441816955	0.013835581942067484	0.3249358831469605	0.5997482182607436	0.018713865084196004	0.0115828667577064	2.018053902316661	1.4806532590123236	1.5503867524307748	0.006987871199967237	0.8156539862363501	0.2142938220874918	2.134313160088309	0.08728935735197672	1.5307768285416483	1.7234962669478613	2.0160031409460486
E1350_522	1.128090940555092	0.037897991455385485	0.0013718168667666824	1.5981359250858522	1.7762968035788735	1.847641114275848	2.0273376764897444	0.0038741474349597562	1.829193360168739	0.0051155952059916176	2.1563559249817943	2.309459204815324	0.011058757794982528	1.8698170732403137	1.677245797190582	0.006687748509838607	0.012029062354169359	1.9953331174573945	1.890135640322536
E1066_637	0.001911345559886271	0.002824654644561202	1.9854411312973133	0.01998811963835955	0.004167962961821425	0.006573228219309639	0.0065754622962549076	1.985223729786204	2.16989463241809	1.9481636770424005	0.03197868054066772	0.03461970213766604	1.8963296753991497	0.014589254407799438	0.019779020461265874	0.017963342931354383	1.3950114875885329	1.7307212209121476	0.053165354485598254
E1568_44	0.005879022609265601	1.9041856847175684	0.0055792540126337106	0.000997149459804234	0.0018941311485184773	0.1372706128425612	0.01839187861438366	0.015417223451103603	1.9469464230018247	0.01352942710913229	1.8643806553206148	0.030994828529461387	0.00014069524980529598	0.04195328250385087	0.02329348062495284	1.6539640605711732	0.02275131532929036	2.2746748445459395	2.5376584992617923
E1466_204	0.14698549170349245	1.1715994133251535	1.1230872106499603	0.0014000468546931635	0.8735388167070088	0.7987097996849858	0.011370950000744529	0.0025250830157103076	1.8139375945365808	1.6492036271515338	0.9353513336802426	0.07831039192845891	1.86451015344675	0.08360313058033286	1.6588693222711408	0.0008601821942440527	1.697788425139434	2.1992884319212003	1.8794657180940548
E1362_480	0.0005588348240392715	0.016693365024688666	1.8077938891996927	0.0009532909587763463	0.030961288423324337	0.002189234222311705	0.029617027329106094	1.5224814597722742	1.7564294297051029	1.5447570156980572	0.003092343717064328	0.048622604866487534	2.130646385953992	0.002611165735703632	0.004356378467557537	0.03041572861747217	1.6921069936652644	2.2268639854059	0.016787797620025458
E1983_691	2.2258132659295105	0.0058164805969532895	0.00318286185647048	2.1672044503822763	1.620593760178986	1.8759938409328083	1.953633898312256	0.007857877591227925	1.5821220998711572	0.009395143488141949	2.0016916995015985	2.5999298597506058	0.010086918437013488	1.9749668817089872	2.054351306771027	0.0037509057040624647	0.0681421632432056	1.9232420988542387	1.4411896712276069
E1306_276	0.0007789847970998782	0.004579551391030747	1.22811613498242	0.0575843478389747	0.3531127565993481	0.4502447138285676	0.002709623858011981	0.06973193276459276	1.6943501203464189	1.8252376412884728	0.0011876989660649932	0.003723418140906149	2.0174619568806955	0.037111146776925126	0.22702176910610114	0.02357805331490165	2.1616381386771084	2.1390979005021857	1.5946802045542106
E1056_719	1.5607039638381732	0.0014778808245666545	0.01801856683851575	2.2674955676840884	1.7844542877909142	2.068656334942347	1.9066198199700444	0.0203684320160357	2.085551466583038	0.02020871995577524	2.1109527255876035	2.5339121401982068	0.04016133793300272	1.75260879545526	1.599218555127075	0.006695979737090589	0.015350828639545603	1.6248091606203716	1.7719099607410382
E1196_169	0.023965354938669976	1.3445321697530137	0.5358739876128258	0.00974797857235142	0.13637717165871388	0.16756227040859498	0.041303387053443864	0.017178186708371183	2.0861904968105445	1.4620693649716294	1.5485193200672651	0.008535035614335442	0.26485594948046365	0.14686218406760185	1.3955826204738255	0.024889414495132538	1.7576739018303766	1.8732125152210968	1.884573219615484
E1773_370	0.01383248811445453	0.0021722066960226808	2.7701654131857283	0.13530565262941166	0.0021939488601861144	0.010097380834665614	0.030039162216899687	1.7433509171555883	1.6518706613654348	2.1957276655638283	0.0493274018885794	0.017647913045286213	2.05793268687488	0.0519057063576763	0.003010223144440821	0.11046706053251427	1.537351403727421	1.8988034120543176	0.08562504351001526
E910_527	1.8805828658310573	0.05170537830666912	0.0007841500969821072	2.1169892096705936	1.6551240546285222	1.5913349048424703	2.201657998454753	0.0251439109984018	2.0768205577624785	0.4367511190718151	1.774327506924185	2.0476132741562925	0.05447712581314573	1.7596555364228874	1.9610751590910824	0.0288938610238888	0.0009728293693362644	1.970399880413098	1.4230971474215235
E1076_536	0.007298829481582639	0.09191300408750276	1.8521148550670024	0.000296596201534749	0.015977120669211618	0.007426721540893591	0.015559592684312815	1.6853416322631016	1.282014003064086	1.9566159569499484	0.002130475825283534	0.009686153279811965	1.3880282031705944	3.221195768424861e-05	0.004799761579368738	0.019659195222643425	1.504580956928549	1.9560567236139088	0.04483728874777028
E1726_747	0.0004176970615041545	0.039259975099100924	1.5407894930321857	0.004846170058995773	0.0009077789684662504	0.06981892054685833	0.008668089350372898	1.7804136749772526	1.9531700924275348	2.1428222189908683	0.011483505603017792	0.00024901665146032087	2.355267225686372	0.05660729897289344	0.04691416008511122	0.003295968730143618	2.4661937323834886	1.7504191185779503	0.024514396238031814
E1215_564	0.0007216840294456731	0.0007348729717778503	1.9333709142734283	0.02401443349327708	0.0006390491266814842	0.007901774767701488	0.004457509302528279	1.267586039501747	1.2849843464474786	1.6940554390842684	0.001868708757812448	0.020410081022513345	1.9769673817292464	0.06731226441164856	0.03607642806163686	0.023209305830061408	1.588354216223988	1.6601566881331271	0.022629486714269
E470_272	0.001985033073388872	0.23057827599483896	0.02676395457252784	0.05959980693888652	1.8134967390022023	1.3613907817005722	0.002421168668002253	0.000843396219127835	1.6884881807171777	2.2617395981231803	0.022074363585758868	0.0016017658695902447	1.9394357495770933	0.0025758638378192518	2.417837344224882	0.1516933970076697	1.7520494561108724	1.5374255651859228	2.5276317671493067
E1933_477	2.4463407340640497	0.010510263589581778	0.04794378361521565	1.9100584567585948	2.5119940265808336	2.145365076091439	1.7575785773525068	0.027602996261028308	1.8028628150041148	0.1253979061165408	1.831013289600956	1.7241832911335966	0.011393714943590665	1.2091821117167163	1.7998137969866168	0.00710962734574119	0.016382199546414712	1.5630281554725018	1.9452964761206608
E557_630	1.7239641764902491	0.0894069394689393	0.0009750237923487926	1.2314374789695821	2.6587491751413004	1.3926617164196584	1.5440330943759806	0.01818145435289871	1.8020716997694757	0.10152339655827038	1.778289131377646	1.7025312806164212	0.006651440555821947	2.3364505813619343	1.8898219491308408	0.002203055679048894	0.004558025801529306	2.573513381142537	1.8158129749457088
E1373_370	0.027643135841063482	0.0007255355510173532	1.4626020526953794	0.012923881035037804	0.06644982243126947	0.001970142044376946	0.051846032347271656	1.1915303621929705	1.7828762154473738	2.0046938353673958	0.04422847975474858	0.02254063732797809	2.131407125979284	0.005445471028538389	0.013270416445807613	0.010449553887994257	2.17113255848456	1.8094542282042527	0.7274119136738119
E1566_350	0.07032291004635008	0.04911659894133938	0.008341628758798654	0.01525482702894421	2.249876353011321	1.4913857683206195	0.028793242390806512	0.11940584606452405	1.4465750170413936	1.7483216592717392	0.8176324552844522	0.03639852396394995	0.8338622608442849	0.3992563582107779	1.5386734761380632	0.006647815771626157	1.6462118961119687	2.03557838366905	2.034244382821272
E368_639	0.0053506337862623855	0.01896634322615991	2.030973033306025	0.0035329039962612545	0.00862297548553735	0.004773839078510371	0.061948057735000575	1.4784480971884295	2.1095817672405635	1.9731220635505164	0.009581701943372429	0.058157148499869186	1.3330109583884189	0.0019019629805752227	0.004525472532427746	0.046390444154691984	1.5082992845076049	1.371545699494378	0.015883150758794963
E1397_518	1.5841458464971068	0.01321927966194732	0.020521812406099443	1.6165858525246852	1.929444782469853	1.4995356807838085	2.0922504655491583	0.0011942865639176384	2.0425621608960403	0.00660254033693995	2.7977972001549483	2.465783206052533	0.028104016468045667	1.258623578906679	2.5176153929429352	0.001936430707757481	0.003509454797765375	1.5449208502239418	1.590690294834434
E917_185	0.0006375475265464501	1.1199563308457203	0.9713872529375268	0.0059927168013367465	0.08431833771698508	0.19277596921444892	0.0004916352423485707	0.030371368618101694	2.29843919685336	1.7671716868936584	1.5117103884922627	0.0004367469217327777	0.8893125750003932	0.007973850943735112	1.3050998303771821	0.00576176180538569	1.5826487082762692	2.0527709661141254	1.9621054268426257
E997_661	0.01296616316281538	0.005466648415026165	1.9654044432358573	0.0016270420549933686	0.012851475257133036	0.026106934122293958	0.0002729699404044136	1.9999948273717767	1.3357682841768148	2.3140342882151312	0.048510325884119306	0.009958695485037573	1.5314148240913088	0.029975672484633963	0.002848976078844496	0.003870541540101485	2.556765946703864	1.5730903400374263	0.0036834178718229615
E1789_262	0.008290275928169116	0.07128918400145734	0.24286217698318202	0.050441382413972884	1.5319309574413609	1.6261682401540696	0.0048613571271385716	0.05033834133827946	1.97337431700154	1.9925603077281355	0.04408743607498163	0.005489983078126261	1.8351270141193288	0.02489152386027264	1.9843110299101103	0.007746237665376441	1.8657268125339304	2.3334100815007046	2.0241763001051867
E1164_63	0.010442277182073915	1.6132388340317672	0.003321171260427743	0.008748441152544698	0.042914999811175504	0.0009691995457687851	0.034293693298020934	0.001504544520367226	1.5793364193842652	0.006699270003507793	2.021542071768507	0.061076069490178825	0.004242188744838353	0.027659424289800987	0.004205544510733225	1.6355100156064462	0.004685563485243597	1.6054200700400167	1.4201237039710477
E1623_10	0.004095267048235197	1.1091559798654642	0.01350119925602577	0.05960453196055041	0.007201934346560465	0.007698563582490953	0.028564736409427745	0.008247838116821605	1.1235446207888304	0.0008741839736509296	1.0194741802808864	0.00477642958370743	0.008437891945922453	0.029963541751224683	0.00010601916707041237	2.018265011119435	0.003777685599875209	1.4304742760644182	1.1883404101282298
E1064_178	0.0019679441434207715	0.02394238231972442	1.0045289323014983	0.004624225887148355	0.256605351468065	0.2522606555695237	0.00959735338211536	0.006245381694051558	1.4158575267636773	1.9699180651350967	1.0702429318619813	0.014194108396018663	0.9843763973493432	0.008720885882321776	2.310730285869753	0.05103030877937369	2.39539199068732	1.307886809617172	2.0826935472863424
E1754_560	0.016951673824073366	0.00937462739747279	2.151002457238677	0.03854550448404826	0.02385748640394965	0.027358396506949455	0.0007835355112034068	1.955595424318209	1.4617640738283462	1.7792411717436982	0.0015651333366555275	0.00947169298084943	2.30592806333894	0.03189779573745195	0.011434738747380907	0.0009157417722737863	1.5161424186614818	1.5843850991724595	0.022553364845840487
E312_191	0.0331062115427925	0.2363951824843641	1.1465956236982855	0.018132572435106117	0.3268510996445583	0.3659848279788825	0.0050950202036943405	0.008846260234940256	2.3144187766254283	2.054451010931874	1.0529990381450212	0.07837020185783439	0.9602310502445968	0.0933469928081272	2.0536664854863127	0.01024402332787877	1.5501549638919891	1.9054987780268395	1.7170021338276085
E1543_498	0.002666586659011543	0.002375164265668488	1.6286836141389007	0.1166760403410906	0.02533369220241211	0.002864344228008564	0.0006439658809254602	1.6218656559975206	2.0672761652430043	2.2552825735903452	0.009793009849979046	0.0031537399762223838	2.106373844322595	0.00429899083288622	0.020012326604636928	0.032711989293503815	1.7581882656481802	1.4644561791749362	0.006691041841105666
E1622_154	0.042961727732034855	1.9219357505604768	0.030461740296666782	0.007907707100341943	0.01794672871839199	0.0034848566335776393	0.07843819737306895	0.03932568892303266	1.9819950724134645	1.7547387309788771	1.8746401877579144	0.014644246790791963	0.002278627820886416	0.03445279848405139	1.6206358770685407	0.04487892638438814	1.6972059188411082	2.1384787977863366	2.2808910876755717
E308_486	0.056658029408051015	0.014473562255133009	1.778135359738161	0.00937342091731355	0.01713820427555629	0.0017105296539784267	0.08784623062659817	1.4126353225865296	2.2675351332277667	1.4598059630443263	0.006274336156349639	0.05599308871015783	2.181597708309746	0.012329676832570635	0.025099487210320057	0.05333378126873296	1.942143854432874	1.2270136474349824	0.2134196846570125
E1417_315	0.02156860764213616	0.011177975765985051	1.7916576152193149	0.006756159810944418	0.016270164772218966	0.08610361067388675	0.013564100860893498	1.3414110163584736	2.8762894748564096	2.550955069316261	0.08221709382877879	0.013382765608285448	2.0082572261400067	0.0058332080071631645	0.0024255582334060718	0.013352718129073031	1.9855147290037096	1.9251213261114264	1.1070196586779295
E370_6	0.02350141409691851	0.9370737276832732	0.03160494016512703	0.032246529098035395	0.04895371316972441	0.013212800632422587	0.0019788099273144017	0.004299218174556067	0.9534911987512312	0.003630164987036236	0.9229403282408896	0.05222618102276835	0.05349049059913444	0.029830638090940644	0.010022290629003837	1.7231241413076872	0.021783290068114358	1.1266103738888495	1.0671813659499758
E378_133	0.01572025874698461	1.9458375467289264	0.07537427620877668	0.024754227734510442	0.04551019066286162	0.0005799388818644302	0.009406629185965269	0.009616581924766606	1.6941272988004852	1.4065811857325388	1.6486333092022252	0.014412570159459528	0.008714464822686627	0.016451607384249587	0.8995407708709685	0.09426643351405098	1.5144531739515883	1.358084919397103	1.9169411050165936
E1976_296	0.0683572130068955	0.0008579652107093406	1.9854515307712488	0.03493007861854275	0.028502655601006236	0.0012424214302541627	0.0044677724981496145	0.9091956419796008	1.7623790652592886	1.5851659491532628	0.004705425726136099	0.02595884695484025	1.8377177219022485	0.001513357926849838	0.0024552289186496982	0.012200925813528768	1.9183897419402045	2.069709462327708	0.8771116617233381
E1097_370	0.024512773215819853	0.02049031353785988	2.1454083091571605	0.02112527033631439	0.006700182554530936	0.0044247317691560074	0.0013106615908563767	1.4898495359689568	1.8797884318237352	1.8157849843596543	0.14856951337849944	0.029992385248418862	2.1404976467797376	0.049997777787336765	0.011664516414585043	0.05194788651551794	1.7911444432211143	2.0277719389531885	0.10239367280128336
E1752_1	0.0013490832311155519	0.1804018685469243	0.01	0.011908158619586322	0.01903211803077576	0.02060362485946506	0.00925234360189583	0.005686262366909462	0.2042706888546135	0.0025989501590409623	0.1810166737941593	0.017282731425215817	0.01458886019654189	0.017232986503134297	0.0007300951655742176	2.013168259596372	0.016697480387570306	0.21639670907663	0.19697954596138906
E1650_517	0.032581074737142696	0.034786895737783284	1.5845737932268846	0.00043754778765275985	0.0779897976833831	0.0011310528102335266	0.003006005781656937	1.961100958343415	2.0365128365207443	2.144179842872445	0.0050443359814081185	0.01212200064658975	1.7827593469225311	0.0078077247601262565	0.009357718535260429	0.0045292615928992745	1.5628505453639856	2.7079519757849537	0.03166341575506205
E1889_326	0.09552185693493624	0.010637218964394256	0.015395425203315409	0.023061960699706032	2.183570344210274	1.5054302151722003	0.005865862256307547	0.0014074543150395268	1.8007246725190822	2.133317573271729	0.034025270666127434	0.00034023211784326487	0.14049232291742347	0.06891544426892802	1.916191317211436	0.002646699067737643	0.07098829326770761	1.9487105222309928	1.8484364025228808
E868_243	0.003048340585768175	0.001806570471340616	1.6289351709628508	0.007515539825861556	0.0010061713510031364	0.012168112942087979	0.010503641641888974	0.03136174085266801	1.8811565003706392	2.041636513474042	0.0332956845535148	0.06055860373941235	1.7221186062819671	0.0033800682798673857	0.02595207228734596	0.007362137248088878	1.9821296539813853	1.8673803030465512	1.5781945884120805
E1763_209	0.001998625566037143	0.5036130431727647	0.3112178826052007	0.018007507592583617	2.0434133969098167	1.8793702030619368	0.004020749396372511	0.009093622691337379	1.990414082156725	2.046445842907194	0.4553333325362394	0.008386572635626796	1.6435310549429956	0.16028313091424992	1.9009682923111384	0.012913886462773836	2.218816069043681	2.482743421162397	1.9027220980489743
E1870_321	0.018328683632555163	0.03753041290998668	0.1949769000014504	0.031745501278960475	2.455017940088303	2.033851429038166	0.06121466719978207	0.016119896310430072	1.8737417831428127	1.9948460691765413	0.09259901895107253	0.0156543788392357	1.1812765138780672	0.09641030697339273	1.898397191222696	0.00548726770629585	1.3117171114426471	2.403555509001086	1.7059821831330373
E1368_580	0.009823615871118628	0.0004632895571992568	1.9689262404229555	0.00795608266490387	0.0009170874068174604	0.02660499455114784	0.013379458501881174	1.6515832128248522	2.040501523073497	1.2329151671440182	0.023578498981343524	0.021328209955809054	2.3415642520261826	0.02938760152659985	0.009763106970517882	0.01793849224067645	1.4041574063303544	1.9805589622017503	0.013805472305772773
E352_284	0.0202841334161509	0.05851993889027943	0.13361984506851154	0.05008680600078013	2.1050022385596465	2.178228974981831	0.00790325819444003	0.01636523999298249	2.345447074562356	1.9882261018416527	0.01877540671240936	0.0043900885447002574	1.3974105721073484	0.014836051938897109	2.0073077616546016	0.01168406702674268	2.0710840255900926	1.6871188683438219	1.7165499314070478
E977_543	0.1472797817907723	0.0556270274221371	2.331348289916661	0.05515282833286652	0.01676784425422112	0.009838818277349963	0.0041061010311885865	1.6177628795938843	1.8586388162649192	1.3929482939964843	0.03878097811145217	0.0007924469777412639	1.289471017368645	0.03164922692066899	0.011037119395098223	0.017779872993505242	1.7064689196493077	1.514396252515272	0.010827310228489468
E1273_717	0.0017070543104859427	0.016703383612667655	2.6979040478709413	0.03507449877348446	0.0031489635847719434	0.005927749726819991	0.05513412129772943	1.290427341497481	2.4764228726724804	1.843794904019309	0.05067006481024772	0.01516908044957162	1.7280954257441437	0.00395427282415324	0.04558838299863074	0.012120621672103694	1.7511935342042797	2.085513372616074	0.0022512337167075827
E16_594	0.00035646354216325863	0.008032854226893173	2.1698424346435816	0.005458998248989346	0.005516295162855843	0.0053563998418568156	0.0014005163737842025	1.8939932044893013	1.553784230535571	1.8410302790632689	0.007922752902069013	0.012292730468076274	2.001734605102385	0.002621039052423884	0.17636644492681994	0.016242341284874336	1.5696221158553691	1.8814762113486683	0.010283221475942777
E481_493	1.7791176733683538	0.021721416449947663	0.0022800004775841718	1.953548592137298	1.507361789959518	1.8177341284651127	1.6459462451721096	0.0024278535199839823	2.1120151202240143	0.003268312520618965	2.079884962611966	1.84462730142016	0.022964256913412383	1.5465065687340904	1.8054624589679995	0.0237474671239906	0.019098998886843733	2.037505742281009	1.7662983606924212
E8_706	0.03922108812801277	0.01213747062795143	2.00769927745268	0.04615351627326787	0.018351979954831364	0.004227256538112985	0.002331141115747917	2.4597552162806955	1.8473007476677905	2.0096697257987417	0.012950857133544364	0.04251300421401158	2.1737853921778933	0.0062579892800862106	0.003843061670593395	0.0031177067645577344	1.859757852221412	2.266929996178705	0.004261050441922811
E1159_509	1.3907256677220838	0.013101206050029773	0.004606286017788987	1.7743691641687864	1.2800202212641625	1.987277654676248	1.6300993485299209	0.006376289097939189	1.4067611871044792	0.13806202598537512	1.7943296980770431	1.4791609581102858	0.019416597853436742	1.8070593229650525	1.6845365530143095	0.05695793130062216	0.0006131048212228169	1.9613226900332328	1.9923672920437745
E335_242	0.004673632762429945	0.014885376672994057	0.02989259102730197	0.002255376005692107	1.3350179973930731	1.8250575359786885	0.006748916122713996	0.030934997478806483	2.2957970534570307	2.041790882499229	0.2324240612496924	0.007468264373757617	2.219876206171272	0.014772695597738819	1.9986107916020617	0.023399758833065384	2.2172930199858083	1.6792831602169944	2.138362755240595
E419_85	0.0003932598934919024	1.8527084640331684	0.0069751515120858466	0.10064235708180927	0.0008889604038499582	0.014245695391831037	0.03657845836246317	0.005481452628594384	2.2284064078014407	1.130209736900887	1.5417917019411185	0.15738196614316732	0.003798957489017453	0.01016265630376485	0.03516525869331668	2.1301317928909853	0.7318476718016521	2.204074646700386	2.2649595140502723
E142_697	1.8588778488575293	0.005420440354744528	0.0008613320774088183	1.9826885887844488	2.0307515428642624	1.773493774264275	2.2530642732685977	0.0503390844083245	1.5720864286438518	0.11730372437897672	2.319743583088121	1.3120964424632606	0.003203671540384393	1.8084471314574355	1.7064030509355632	0.03572902682228828	0.011568121568798323	1.6690504314970087	2.642417269942664
E777_376	1.936735518193847	0.026935447480781208	0.0021485295894582285	2.4246288727956733	2.0551494465268147	2.0795895621457032	1.8599212217910308	0.003289254974316496	1.7340936929695594	0.007550966879106353	1.5987696063868622	2.0454222372855098	0.006703714079321932	1.7417913848376292	1.9061865723288207	0.0013260917830716494	0.16134143528091882	1.927974460100332	2.6999463410179563
E331_776	1.7976192866563192	0.008945367613465139	0.012288227693654969	1.5300458365989231	2.074536568876712	1.922379080583998	1.973441401023995	0.004264988927216657	1.4971078272364218	0.012016625323986544	1.5469573678112345	1.3823133895951072	0.00837684696783967	2.0030848933553607	1.2260572388272548	0.0246246105525316	0.04469722997119476	1.7867345919743318	1.6939348453307708
E435_457	0.010579279088369751	0.01581140005768978	2.381451884363184	0.04526968397943525	0.01110416277769944	0.002845533461933676	0.015222799046322937	1.72265126484579	2.290115114210796	1.9139464046424148	0.1172578902281674	0.01980800730668368	2.067646986800833	0.002330348480427677	0.027632542905023132	0.015404666707184612	1.9112750295460144	2.0208609206710766	0.006404967650054528
E381_437	0.00952477437845717	0.02956525378318584	1.4293179237994056	0.04327070784730281	0.02063755203207343	0.013717511554523486	0.07922856168070358	2.3327548239030707	1.8701364680157768	2.6211707848788954	0.006150839048150639	0.001581771214224018	1.7209173689551889	0.022333907655060933	0.02752190911574582	0.004966114363023702	1.933195194580261	2.4404755223705297	0.013516135759353759
E857_150	0.0036303058490466094	1.399208258050496	0.012645681709256552	0.02479954875479951	0.006483337297461764	0.005687363677473164	0.033878903230177636	0.008213765006050984	1.8905772451222351	1.6260868689298666	2.061403631006921	0.013785647564489913	0.0040252821443828544	0.004006734345183458	1.0856943229729876	0.021140301816601176	1.8765321891682007	1.7469259144929885	2.206268601144039
E1257_423	0.03904095477366406	0.00310894210656798	2.1001655101584187	0.005685250192824861	0.058973642578010035	0.014801898687621738	0.01927256727191525	1.8933846862897288	2.4432414955540502	1.9165572549515872	4.8129459062953943e-05	0.019666095023740674	2.1098632191757263	0.11114839508986768	0.0018548313551135281	0.06698152546583655	1.4254091300084677	1.8782361555146896	0.02138370244271684
E884_777	1.875137731401209	0.03936679625320697	0.10089310579459312	1.359544564991576	2.522134249717681	1.2495793675784248	1.6356296902789411	0.010922685193402469	1.2904623522382868	0.033786289893229814	1.6001929058192672	1.5031061954784408	0.0053777500354235605	1.5203196285490974	2.194397204301077	0.020486018871851367	0.011945593339482013	2.2767952152750315	1.8719406028230337
E67_557	2.29958171140763	0.018374071043104213	0.016151947071800416	1.7071017744546737	1.9162831792398176	1.5837790900714614	1.7190620061332276	0.03251010975624118	1.8781103753359871	0.02878677860194978	1.8505069759648791	2.5485686054252503	0.020925374889192383	2.2553301796871557	2.0663162755918383	0.032998192576484835	0.008947411636412673	1.6768431746692511	1.757446169131754
E1194_193	0.001740343955559858	0.0006885973096498867	0.5210100868451936	0.025742083817492576	1.1216466543101322	1.8312620147933305	0.01658245283154193	0.004272599721322496	1.7617630265523512	1.6694805284792111	0.6298722375826357	0.008018880327148209	1.6707925784172488	0.048896025379565854	1.9353421550315868	0.038720607492837324	1.85226005597839	2.02443867944418	1.898304801351248
E874_340	0.001382066523774768	0.02033147826610045	0.004942117427987261	0.007156657174855164	2.5917851804002106	1.774029589460988	0.003756123235735988	0.009863708082627223	1.628366374983772	1.773509559256877	0.880944761705235	0.0021526826613150465	0.14335893150683668	0.9370466421525188	2.4280552587862814	0.005709035341604083	0.02942061965739236	1.89922260073326	2.0469374447316087
E413_432	0.007241147734504474	0.02104048372030857	0.08086278422716725	0.014588409386188387	2.073298611613528	1.8938180899918136	0.052527546309932095	0.021034511967152683	2.028559153333757	2.0358551248864365	2.287092760344508	0.006263528277199999	0.005880170398815074	1.3277662772678802	1.5516221558926313	0.004372215621780339	0.03880824208798343	1.8154985696615569	2.2562353649437
E1744_607	0.01410128776470473	0.011301349849491278	2.4284413551391757	0.10708142195647466	0.0186419346900217	0.025891276565646028	0.07942498897466863	1.4916983295436468	1.944187558539633	1.5233465416588516	0.045862522760644134	0.029090552812362138	1.882732679244848	0.13123265962580555	0.006835486477346029	0.034794340920982464	1.7797977204119502	1.6756758692819915	0.029803995180290317
E1992_49	0.04039983482930894	2.1217351343632167	0.009721437611462984	0.0002534603697367183	0.008896811360526334	0.0007485797460657053	0.02989195843375001	0.014769305124627704	1.8632239124415468	0.025773527487676848	1.7807138676744734	0.005742098470689176	0.10432120254739563	0.006431020242971291	0.00031163288275945386	1.896777326491248	0.00411183891634445	1.442322833635054	1.900573752277104
E678_258	0.0240078489313476	0.427014786185381	0.04059549537701631	0.017234172367473613	1.7991223507276768	1.3760153510742508	0.0012639070469802314	0.004855957045523167	1.5777209859826768	2.0114275785480062	1.2089348386819092	0.08620382004582845	0.5608433630299711	1.4521828458177288	2.4327336117193985	0.028123346926068486	1.1336670807301474	1.8350963394293447	2.7596886242344025
E568_153	0.022135288464500275	0.1606864989699982	0.01558621252889825	0.013858222823641608	0.03235257073551121	0.012218841153678885	0.0264290116726349	0.002881468625826229	1.9332131993473904	0.9706452762681652	2.2777632714820317	0.0514855742795072	0.0013359282285027962	0.005035661164434878	0.2521410500717381	0.01960271858299897	2.0816109884636416	1.6386469269712216	1.4278460172111151
E839_779	1.9456156010606769	0.00013242046789490973	0.12661938512452806	2.071914358869825	1.8733228079626465	2.0948545386704382	1.5940204370412878	0.0012415759509192506	1.5454890279721452	0.033758444647203345	1.6146350317964262	1.5926229488619497	0.04266892857601288	1.610522207653029	1.9250446727082349	0.002104240621762741	0.002170326302983781	1.746903668244361	2.1502882001991237
E49_666	1.6853626401671291	0.0064946222852053795	0.0008550733639351269	2.271964273637036	1.9696375132462824	1.7734937656312906	1.2672013677868224	0.03433230320073327	2.481781902277321	0.001550978458500371	2.4216275654352715	1.5319715589510243	0.0035272911002863093	1.7818019205134363	1.5853631290451484	0.040903598943677434	0.021386174641592537	1.3785558587781848	1.995423964121388
E1142_159	0.013297523982072805	1.5530989233198789	1.180273856258905	0.013418498510545848	0.01755757267062073	0.0044177045472422035	0.040336313385390336	0.0037344341421930057	1.8385701340317075	0.9903482603555191	1.899692666891921	0.015697990147912882	1.4143213121089029	0.0045439780859790994	1.815471450882046	0.35779649247850426	1.9807603870412225	2.607339052368107	1.94937711631214
E804_668	2.0175053853573237	0.001985510315170021	0.004467795425911079	2.3118812190935296	1.7899767920971963	1.6525351264493255	1.8532301760145165	0.0122491783603059	2.2975795753081285	0.028913214008025125	1.207014551706053	1.5357248469802949	0.0195737699505084	2.2350750400707864	2.1003258217362752	0.2506878043109252	0.0023280399543769005	2.4206832865108767	1.4728064860539225
E434_5	0.005049063769112716	0.7676688290041315	0.011941676761508131	0.011588655847436513	0.01631165738824751	0.0047353744104692745	0.00065307357410383	0.0001826368122181924	0.9473642752401452	0.028205286513931005	0.7034993615493824	0.02532408749923904	0.004966832717646604	0.0224641776700782	0.014318562861096519	1.7936523771427608	0.029926654431633087	0.6507489816690348	0.6703751945902631
E562_19	0.020217955138468947	1.5514224414538011	0.004972330475644209	0.16792264130379575	0.013827589088118512	0.013278244173353292	0.005557864702964367	0.02830010939791372	1.4972944490896405	0.06969450467680967	1.3519008907537244	0.013389658476671359	0.009720108077235102	0.028732062064370907	0.0004426804104615937	1.942816792912554	0.021505986676843173	1.8088610747481744	1.6204109579650534
E298_37	0.009385849585854	1.8664480811449768	0.007700938655266816	0.0018240793774735133	0.050885908673822616	0.06646527212403898	0.08485787210572747	0.014748216153906013	1.3252271260944082	0.011528010491595094	2.015810926002368	0.005903227238481318	0.02072933035397874	0.05880850041921295	0.001512874311958534	2.085501115921204	0.14154633993587065	1.5811879476185389	1.444497597272886
E1626_552	0.8374993798396354	0.013550651948285556	0.011785988443467996	0.8982139834008058	2.01029763542676	1.8914805789048643	1.1205959161790142	0.003443861923076735	1.37457872995973	0.7964059133419645	1.9097937772464164	0.6824897632605778	0.0004147705048642373	2.0713379684658317	2.077824422712148	0.012981781441154768	0.03198744989779412	1.7115796897445077	1.2758030987156708
E542_89	0.010254706767422595	1.841045194790573	0.0023575130614903327	0.026514745146449158	0.008279595203054959	0.017959246010613796	0.0163495860360515	0.04012750107401658	2.325378421333291	0.9220546417012188	1.6549833718126867	0.0344396518103124	0.0188221999240553	0.03996205601553022	0.9254088823269148	0.2228108904977437	0.6572539656609829	1.2662619364133505	1.853379546793412
E1507_311	0.016282231639060483	0.060889830147111225	2.0757370867842417	0.02477741413201835	0.01131619564458895	0.00773813181504118	0.023205933430357102	2.03743299223682	1.9237068521676053	2.1604078554526063	0.0035084561539676755	0.00239367421552341	2.6218713244433123	0.000974575021298876	0.008907140182428937	0.052999032139477126	1.70128694388109	1.7620696738187422	0.05273084655905823
E685_362	0.009448785126315664	0.00022273381019002368	0.00017244075056723797	0.004995558325232829	1.6895789369516665	2.1458009326521053	0.008909178219956609	0.0867267384128804	1.9418979499830489	1.5732725915878556	1.1221891645321689	0.006053041077029465	0.0058443767412240935	1.1318916021946337	1.5837838434201168	0.0001211125788136147	0.05595653096589852	2.054362563219208	2.1727957589174296
E239_427	0.00010987027210353216	0.004411275303611925	0.016793068424792685	0.06374956332054554	1.8576328532413409	2.0489981004057984	0.003645625046618213	0.017359912752554652	2.014351566518059	2.0925385512720047	0.4517093310172862	0.02525679078609489	0.12094402220951002	0.3463061088851957	1.4218895250161818	0.005524673688562125	0.11015603634465616	1.9696101671368025	1.5724666420822866
E999_155	0.00013147044424169016	1.6607103684143452	1.1701277698623287	0.01232816013824797	0.08576814743191538	0.013561407389258758	0.034463356644228886	0.04065926140188887	1.88107563146144	1.5976647325681892	1.5930008502511306	0.0045928653972710145	1.3696057321257744	0.01417759498032856	1.6183897851113298	0.005926581370562462	2.552668070697292	1.5813547982263756	1.761632560103839
E208_392	0.006305452206725818	0.0007351170392894741	2.178627509736225	0.06973399958996195	0.027896645400112084	0.0009510532204689195	0.030791242637230626	1.5055973057122254	1.5368863579733316	1.497710644845532	0.10238443021832774	0.0293623169280227	1.396300069024357	0.05139995748763428	0.001573642049561229	0.0052597756017904425	2.317358420013902	2.345161561246732	0.5785474146862445
E1893_305	0.020173199492662826	0.0059305449930136655	1.7830634232935754	0.010363948056713946	0.013752314072112876	0.003371462176713754	0.039247741688624896	2.009285871735904	1.6648740623672256	1.5592142750174396	0.014143976830173925	0.023361368115793826	2.019857334881518	0.018034097785607668	0.027157823316361747	0.007760250650344191	1.7593991789262973	2.0114535234867463	0.08514227302408045
E1148_471	1.6666316922736504	0.03351022350647838	0.026754426994898464	1.971399340451849	1.6883165115365688	2.0750572753981107	2.0010865099468265	0.00963425421116834	1.9877013242918211	0.014681257176112253	1.6670809389098382	1.8844900643525049	0.014650517863165798	1.5419595584315615	2.4938871191019123	0.012722167654119852	0.006110937143155678	1.8009708278910193	1.8963543020923763
E576_629	1.8247674121936688	0.0009354952505940617	0.00589895179578556	1.0834247471293612	1.7864562070295975	1.9269305207730791	2.228810141564329	0.012019638305174848	2.580039919574445	0.03594351811259164	2.214932511173495	1.5523860243843053	0.06351544655627238	1.909915189312832	1.8351618838404984	0.002887123293103316	0.012782735145200985	2.161304905781201	1.496947376567367
E1151_569	1.6325649762653305	0.0034163751796216853	0.0020577126616364862	2.0042478570744247	1.908057496993354	2.0359368032572056	1.984881863932018	0.00549254719348421	2.457787692862185	0.08607207260107776	2.121960418420143	1.6029131706070523	0.052919563061215334	1.4421596870843454	1.8762908003252503	0.0008055196287029482	0.01297376154658399	1.6191882656421015	1.5219151542927314
E941_796	1.9555958268634284	0.03781380163751962	0.011438899386112412	1.7036650167542735	2.1362616758791426	2.20394634493389	2.3253458965262843	0.00867129853722157	1.7608849888461262	0.014478294509472031	1.8461693179347904	2.416819146093941	0.0138069351456993	1.984643305988226	2.048994894844014	0.01916446040287135	0.08252897280134594	2.078480598238245	2.1401322377912444
E1814_77	0.016271447338479225	2.3280926392933314	0.0168647263703356	0.024318285669051545	0.045420598190374285	0.009464866490667013	0.01908483270027653	0.010798313137717327	1.878366233587484	0.21006240518783248	1.4469460833128305	0.0345144734989928	0.002508243489212419	0.01486805520724878	0.03776794764521454	2.0651131670849683	0.17302943460865566	1.689198079589257	1.587567108789019
E1309_266	0.02569177041359006	0.060323179674191214	1.5899405052735347	5.85668556474326e-06	0.047285420472275484	0.1803382946188246	0.13882968887838296	1.1884687874019075	1.4108037771867032	1.99200912771283	0.0028475447598810552	0.017033995606116487	1.6233081648872203	4.246251862981276e-06	0.20029075081475026	0.03140329045771036	1.8523273038496268	2.087859051308795	0.4637422540679755
E879_196	0.05504498270911898	0.027494088989315088	0.7385013381455431	0.024990121476239958	0.050563934624701184	0.01134714039105398	0.002333252304687111	0.002854226690660121	1.23534655243095	2.3152500313828632	0.5082494330424221	0.07868189045757831	0.9322841296812956	0.03443983866117172	0.6281400934674971	0.0026913164213263076	1.334727746641168	1.2920680133872953	1.8935506954577093
E1782_255	0.0012314131260683714	0.004720969409315439	0.5264118369467121	0.02718801230270364	1.8560697409141595	1.5406683048848562	0.04337695997433555	0.4352782483966929	1.4018056624573392	1.7580340065822986	0.011991017640383544	0.010245885165299576	2.0008808007608416	0.0058892192000988405	0.9242460946011852	0.015137659985430003	2.32351423453948	2.0674711971212574	2.245306092238843
E1535_535	2.0553518976423	0.008255312765687039	0.010882203994663431	1.7413403738360411	2.303864410727162	2.495776209017244	1.944175824382812	0.006144285280393313	1.5552612930157137	0.02522676591417767	1.738225976634718	1.9159795909560788	0.1291458849663533	2.605624458095753	1.8388135175026887	0.09969630171759897	0.00611691412252135	1.7588106062357978	2.300828367482983
E995_354	0.004258068931363821	0.0018227921163019027	1.4047748257811246	0.03690640367102005	0.02127118699666844	0.017367088903786743	0.011803758195266205	1.7639086063098666	1.7948868133380742	1.3471634816164049	0.03234124369166182	0.022289133278925337	2.05405747120396	0.02124754145006108	0.003740651602373032	0.03923781555891946	2.0919762693656687	1.488895093582396	0.08656455826788703
E1470_353	0.026185196195164545	0.02262041711242358	1.919066416604256	0.001781654527054289	0.003875058254827304	0.01728343849370529	0.023904381864941246	0.7046922571413142	2.320342892412554	1.8053516519012425	0.06125194745689401	0.017676156907758644	1.9560484603259483	0.0014085053574541418	0.0034938204362436245	0.01896501583030509	1.4769419974005664	2.186631704750009	1.4871106457657952
E1247_158	0.013445725425115018	1.951019531758092	0.5227604180868549	0.013958023845657645	0.04153948498853295	0.03045790625718729	0.005535182429770484	0.018106644109038325	1.7208707403692185	2.151958417310972	1.6368545193187916	0.002599050268495673	0.6831946877118389	0.02791698108316573	1.0058331662987339	0.0804703815377157	1.5060831004812438	1.8461223200454588	2.44748753110382
E1085_790	1.8432812009118995	0.01013755413764037	0.00905666830881388	1.0718424873188868	1.66271080690464	1.5029514946780191	1.8232450531987527	0.0031368698364115976	1.7206487593299336	0.0010262835403801514	1.7392360166735126	1.590116627529952	0.01030731779348763	1.76262929062991	2.2944183399990217	0.033240269825894106	0.029525183592855626	2.057459453819036	1.6808410603162514
E1124_222	0.024740708572314588	0.051218081765044415	1.2731231123861917	0.0012778448923220366	0.3005066687917081	0.2319824385930529	0.02010617097345476	0.0007858232470592669	2.4300355721569638	2.0642075657842507	0.6878591834399616	0.13098681139712595	1.8722413825188369	0.06365010598296401	1.6740028347770186	0.00691901553291729	2.044328587425201	1.4977034197754326	1.5799548749196066
E814_573	2.038527180632088	0.059039521145429964	0.007979230762598861	1.6581587495825214	1.88731376603272	2.152179828690877	1.6408166102302095	0.022790408583863667	1.7255990421737732	0.19887944994855467	1.7918804972548559	1.4555185751711102	0.02262561179373251	1.884214943687495	1.925627392904816	0.004866940344056279	0.014478584648565234	2.1152928020482697	2.1870632661223697
E1594_124	0.009864667635979651	1.6934766281411002	0.00027767093678222014	0.029675659039098187	0.0008384989622312358	0.004208518030743636	0.0033466923144884826	0.09762631589438656	1.5971998868630926	0.6863768272557457	1.9985368604808649	0.025586660539354544	0.0801936382082066	0.004773572907801685	0.6683397629693734	0.2384060937275959	1.1573544474928579	1.3517704382904634	1.738949509811761
E762_482	0.05362751561030996	0.00024868861140420195	1.6272428915357118	0.12362563445782015	0.003165161225720423	0.010472907149224634	0.035727143284582936	1.6041516464238308	1.8766771654822192	1.9897275369278504	0.002429480299691535	0.07064627669769996	2.5075001442198257	0.02184780471257429	0.0062962740362963185	0.07162666060206628	1.6022765442389526	1.8707331069438693	0.02788968991431548
E1820_474	0.0225108184145041	0.002837626792466741	1.6502718919079769	0.011153834949688706	0.013315067922297473	0.021531109295671903	0.0022783319259154647	1.9537273736661065	1.5090741333649569	1.8146503803949816	0.008295852395184638	0.014563481704075213	1.7562274000133802	0.030626151229664382	0.004573203099928192	0.05259528505524985	2.342894953923425	1.8822326890377257	0.004620347607566602
E986_756	0.044832356096953685	0.005019152874640575	2.3255097724770333	0.002333174023143673	0.0013245026814443187	0.03354723878504867	0.005878571712188683	2.2322647160240536	1.8775723780464968	1.79688726454814	0.9645126876120388	0.0006768128638659551	1.6835149372459366	0.011110602158020934	0.021633798360285058	0.003634482986313745	1.7540032605599234	1.57302605303469	0.012457208777820096
E1979_448	0.003911411377460505	0.03576422995989316	2.4806304151551544	0.005115761090700011	0.015412765676098903	0.0010220663882483266	0.004615210487260076	1.6547731050914618	2.029655559592533	1.9364800968901559	0.034328027543230784	0.010085444817210307	1.7373754761091804	0.0006248175807383419	0.07202607471894468	0.06922340375458592	1.6982369353590014	2.4577805033204383	0.03436443738395865
E1389_268	0.0020298389009924746	0.002996342350142124	0.02758375369961124	0.08290570678634393	1.7963605686982416	1.6899727698069174	0.02598492420387472	0.0008026435017441177	1.7159539602527718	2.2287201259648772	0.012098693983827458	0.003964803070700899	2.5381348296528308	0.0054034835780244345	2.0680201506860243	0.010751694149522257	1.7781578241820948	1.929542493342836	1.6197187088434235
E1657_731	2.2958053596908776	0.01778543572114841	0.03822526153600918	1.930709071600485	2.3707020578299867	1.9849246108309784	2.060297779446896	0.007903296826193666	1.5125413806811498	0.0168447441878498	2.1106011972815213	2.0247958103581327	0.0006204515556613742	2.0971557159126526	2.3500367341387016	0.011037733513499308	0.0010470007530689923	1.9436644557196567	2.182650633386029
E1137_498	1.8649761100654	0.02763352725489903	0.048896271564061546	1.538563621422835	1.43436788978161	1.810354385653068	1.5721927635809023	0.01366273694592542	1.8621192739104444	0.06721420996990679	2.397640460111357	1.6128537873732816	0.04232879094480664	1.8917748955874616	1.8221641866570304	0.03560983172036145	0.005200477844145008	2.3860583169408818	1.5781196461617562
E1117_590	1.7541136233960015	0.011720234911049732	0.010682059016762243	1.6407821912786966	2.5174016207925742	2.066293988882648	1.6824058768414665	0.03784291941600537	2.1085229324000787	0.035508789586270004	1.2933140090514377	2.850936264280464	0.000977265710183228	1.9859641032765272	2.102690375544305	0.02346275080291264	0.0014734755677193515	1.0998257519033017	1.496266002397041
E1248_24	0.00366438081342536	1.5752393253536272	0.005233098852492886	0.005127818810838692	0.00774170734036242	0.0008286074360730883	0.006494926299473756	0.014123143504784047	2.056532365392387	0.019926569897351674	1.782095232435822	0.009591289218645221	0.04865710805320488	0.050840328459549736	0.003401003470175007	1.8993031588139329	0.026945083424819643	1.8003361561602318	1.423547393345736
E1656_516	0.0821694438540036	0.0031581691453817424	1.9946601018813264	0.02640364822487919	0.014913590437540904	0.0020997198171688147	0.007441541784241399	1.5795671851805706	1.942520677034449	2.3380902935225047	0.006243365706730153	0.0710472606389567	2.652498548276919	0.014028029750780454	0.0612387087544024	0.002970282150310259	2.019222407580884	1.7778586366123423	0.013919054190557022
E1783_708	1.6720332143924688	0.06457370712812634	0.0061823831237504115	1.4773685705523518	2.023252028887433	1.2982341657711869	1.3045831957093506	0.007386489725356844	1.8390607332537792	0.2287718053210881	1.4104950017755546	2.0948431672085768	0.0005516991479531843	2.04433481212787	1.5589169862126402	0.0128288289802348	0.0026647961380871056	1.5662763516787166	1.6503719033230195
E1207_607	2.428564777490012	0.0013574800179486624	0.008059657017208345	1.753459774005856	2.0010658895361826	1.2724344444824949	2.0032702661664423	0.007973710288683761	1.9646828938442893	0.002989151969200805	1.836293844541288	1.9813509376805107	0.04826457847765237	1.667259706915473	2.3047581658971756	0.05018735590806871	0.005458858095083153	2.2264691910592527	2.9778239354478355
E1592_13	0.01435675562194531	1.0411552425659405	0.0008627609176971387	0.00455846830684231	0.04067714824189807	0.0423502731175678	0.011714128603521444	0.029360733131710164	1.6456186893576017	0.032760422791070144	1.3412413149229916	0.00594396202182861	0.0008080258618641772	0.009158145856231951	0.007975322745372469	2.448055838404368	0.021859191033739275	1.398201863130638	1.1538114745447268
E350_681	1.6240573314866635	0.02696848799816545	0.05577985737930221	1.6934839772266614	1.7690489323055534	1.982842289943288	1.5836374542700875	0.03117151801129116	1.9195042680393208	0.008125695672629621	1.690976854409919	1.440184682700246	0.006111409665536271	1.8693533461190868	1.508935968442044	0.00706746602885215	0.022242861155205386	1.8597099141017075	2.157338749390774
E914_166	0.030093481971421407	0.2650506511983023	0.05576763806466742	0.025901650756026743	0.0915422802561079	0.11138699063010624	0.018769067287581924	0.008940911203286451	1.2109469504445387	2.064497356452632	2.0972009775614646	0.05684687462106933	0.0016744222526621742	0.18933063820976656	1.5842160325549417	0.0009413621605860107	1.3113853550207686	1.7466391724957866	1.9088650011086268
E1809_276	0.020401099028066787	0.00839317963812085	0.10050505406675088	0.01883972724867367	1.7887241500134108	1.2207726649368105	0.14026550517852834	0.0023926615053054714	1.6046055017433338	1.644741040542819	0.11079737357660784	0.010758353290814164	0.8141154853146597	0.11622939695513335	1.9609779414615118	0.0018507740997156367	0.6702564660668311	2.0261456035813117	1.4548672092479875
E885_50	0.009253351747718486	2.003452374445883	0.012894613505433463	0.026028732184227084	0.01038682919060733	0.08034180373457322	0.01145889656744414	0.03953343599550378	1.678268180971327	0.0181880777677462	1.5021534134154828	0.0006453865429946056	0.003022623659045373	0.0010133906013513145	0.005051762442803148	1.4308019935272518	0.04005369492267325	1.7953362788609282	1.7727712714008652
E496_388	0.02280326289549701	0.015310099127149137	0.0028871328314898186	0.004181424772520761	2.083428539969744	1.4563034503053152	0.0038599357281019243	0.0010414810952305616	1.5571523016610982	2.0197283938302952	2.0804325309472858	0.02636444550468216	0.048825975208232536	2.5816864939482675	1.5664120953477767	0.027868595048123126	0.01800114024430919	1.4269901077383556	2.2937265078133056
E191_90	0.0033435113179742853	2.4462458060114702	6.664964384217771e-05	0.0065160124985145385	0.008131810107264808	0.11012657389135512	0.08276396101775914	0.001804469068298709	1.7973437917824284	1.5828438313808673	1.8732502941959708	0.0006615063252252781	0.035945953288840315	0.004202944914296035	0.12729482460186414	0.9544482997259452	0.189626815036745	1.621665641211836	2.1946200102404627
E1674_695	0.003046873219186585	0.008553424632318885	2.076940792698737	0.010788105832918787	0.0474865728793584	0.009549960260109364	0.007706555738850116	1.776718880361824	1.7021675793514568	1.6040174818592017	0.0029228280304903448	0.0009499202734009881	2.245232391182326	0.06893160491280671	0.05495202422526437	0.0055475748865293426	2.1846224409295347	1.6392063822626215	0.11163281838171576
E772_768	0.02380036137049632	0.03359367522810397	1.8961719614742305	0.004186970418148586	0.027304553077682432	0.08134831273997895	0.00519615202631079	1.5810833348637572	1.7058918193289994	1.5038289638924307	0.015698637877336316	3.151188554737861e-05	2.0895320791085537	0.02047360914616455	0.00446989637020669	0.0042705218543711175	1.6889544054407093	1.5175428061368643	0.005007174403420849
E109_645	1.859890465872748	0.002013821995535044	0.002661272743954017	2.06506653977896	1.994290530046121	2.0886805862024658	1.2971494578827518	0.004580693391971888	1.6061549199479703	0.0075785397294357544	2.167974365405429	2.343710913792152	0.003150981864957505	1.9931311883667195	1.0990533380117256	0.02472371035630021	0.02165114292132438	1.2943012122163249	1.9746981630329208
E267_134	0.024694614915556325	2.0235880067745926	0.9721400660659087	0.03758417616308446	0.002348823620810121	0.00190689467835008	0.006201324066478213	0.006269782086278399	2.0556683768791366	1.4386672450082567	2.49305875761052	0.002642606665382265	0.9428806858807859	0.007195445868212039	0.8296218893787932	0.04360194016690766	1.5480706239410704	1.691454151456218	2.5831222910127
E1119_616	1.6904324313911585	0.0024989537344853397	0.034137238324650265	1.7927361013538268	2.213141817862516	2.09589490711131	2.0191214579446086	0.029056088919818764	2.204867592992785	0.008802799973272879	1.9284386756359395	1.7342884715106175	0.007918178489588227	1.59213712261523	1.7933661885866994	0.01786640181511627	0.00445215409194334	1.6675181743299037	1.8030549280620831
E1330_469	0.03336579340357178	0.007214467854085858	2.7214576003714783	0.006565108127273936	0.006921802668878492	0.18215716162631806	0.0022576802116202554	1.4990921399220218	2.156596290031022	2.650369263088856	0.08438490263610693	0.008060111125408134	1.4122372825156682	0.0020636073502741602	0.05227149701076374	0.01364989281034091	1.5398164083820334	2.3063000055830782	0.06915313391355989
E928_227	0.00040627509299296765	0.015238682785251924	1.2908229019579107	0.0034552586405273322	0.30691124885683385	0.16573220020775914	0.0815521038153577	0.13807442979255705	2.309590842167016	1.931881071546498	0.04771061440344744	0.002970474395585687	2.172938050000996	0.11681759969857985	0.32852676465959496	0.000734211474398014	2.3738270343849246	2.4468980747316893	1.1531430167530283
E150_714	2.558173599092904	0.013968208526920795	0.01067833616902612	1.3289267177630801	2.1413630326238002	1.7794741338023012	1.996279375722686	0.004933566935084682	1.964130737553326	0.05168495519696102	1.628358352781466	1.942810720523456	0.022902456713133727	2.299535961900484	1.84083444064532	0.0008577285982823763	0.018170670575744608	1.8269728793446507	1.5600466171507914
E1370_709	0.0009211323993474176	0.02409914102899309	1.9274207611099856	0.0023649885075239553	0.06650234219862979	0.012797465131026385	0.014444209743419232	1.4916020337053908	1.899804184321144	2.4476584729006228	0.4325302389971243	0.10272611019095997	1.9906263811154261	0.0274604572879902	0.0043919475887204285	0.04684736262152877	1.6389897158929343	1.6055615503465956	0.013177436628290138
E680_241	0.0014864313093694796	0.008721097912376028	0.4925456621606074	0.0011487118025349302	1.6681183539886348	1.3432884826733842	0.006913163402357886	0.0005714953011831567	2.038502437223034	1.817606443772169	0.13789567553013968	0.012045442208265762	1.1849652035314069	0.12176066371918635	0.9951411174805278	0.01945350732434553	2.2539769304588293	2.0007654442898133	2.39588884305958
E1023_553	0.027200021315193064	0.011855012143510191	1.6700482474019973	0.02359568852563079	0.002774622551626411	0.012742160493130058	0.02277638637160735	1.8032091512217268	1.945181975301038	1.8173128191129075	0.03895422517616326	0.0017777802909271555	2.637211846081537	0.02039357997299222	0.002999248042351132	0.0003931539146443449	2.2997379550325414	1.3519364450186306	0.10883399400718467
E1222_612	0.001522327317468956	0.016224837881640534	1.8923354111427275	0.002174275007332407	0.01753520620076665	0.0028742684379240192	0.00986394030750882	2.1555004626852177	1.5944380367348707	1.5396879861758193	0.07658812913418568	0.052553360203693764	1.9346403907743608	0.0024893848275034203	0.05058410790550486	0.03775919609855824	2.7214057816990933	1.3372723144108736	0.010728915778064051
E1010_422	0.012324808142349684	0.02622182593431941	1.9331692899499082	0.010924894621626269	0.029570602494135626	0.07809057526802171	0.0021314452283836727	2.184036011587192	1.7722421197517024	1.51626862506861	0.02075724701920056	0.040429250138853706	1.767207830004549	0.08096367127735153	4.408130366922613e-05	0.012802483466658177	1.8688996669540547	1.8053592721150409	0.02124043657174136
E798_22	0.022604744572825908	1.4901628815295471	0.007568727799920766	0.025892783572308647	0.0021987912281465198	0.033211574351560816	0.003551929470590168	0.016088939069998958	1.6308385394844551	0.000826486370433005	1.9642916876384184	0.02142530878079445	0.0009957221130650234	0.00257137776258328	0.0040562065663844755	1.3704143273084453	0.03235339981625246	1.976135818892801	1.6138236352481359
E321_313	0.008297344033880327	0.01658762653000119	1.6319141252058489	0.09432009212393044	0.009332903503156107	0.05368281133587412	0.019417538229659283	1.2503096408271857	1.8341417930814727	1.9505108397746536	0.03744754618112914	0.013642428862755638	1.7374732247567188	0.02206478883619671	0.06158504962565156	0.012786174154734792	2.187269801693465	1.999029442218056	0.13224622565477168
E596_321	0.004351529597863819	0.01943029700051576	2.49839981862246	0.011064944130707549	0.030630925320270286	0.027311734578395343	0.0009691563908921652	0.475109518043936	1.453663212534719	1.5856261408978831	0.008564285790102278	0.07864659630472916	1.7736126729498527	0.010545426505587102	0.005169851735785614	0.01563253790668246	1.7470255657082119	1.5893335903323262	1.3653360733687845
E212_162	0.010144372652798998	2.011650384901269	0.050904920686850035	0.008896224263407373	0.007648625637223622	0.03251236150126437	0.01833580776644391	0.020608094644183256	1.4989745238521233	1.7986087048501118	1.5965121901497141	0.0230918457888136	0.013160783363606736	0.02511765438678724	2.274326141146708	0.05591652254477807	1.3738422313046736	1.5467827259770806	1.949532805826896
E1599_548	0.0032335493805593822	0.02074655285073825	2.272396246173434	0.03616402275209515	0.005206268483790219	0.036222072727963774	0.008316801581550279	1.981741380729713	2.348160525427148	1.2805419172588697	0.18931527793789665	0.005880731503565953	1.81477067830586	0.018481581073798097	0.013116112311103548	0.009402257322652608	1.7086106889643795	1.6880963710053278	0.4198176511253556
E1489_791	1.8379599273152736	0.017902957420180644	0.0005869471439944223	1.7959768658049984	1.4817518664309222	2.30597809138275	1.5807575661570126	0.04601086784562133	2.5050085353189457	0.042039821556528426	1.7526708416665753	1.5454177181917936	0.010826547462667858	1.6439528575242908	1.274139176389136	0.016620868979136498	0.011507968266108032	1.4367230497740042	1.9925656955871984
E593_637	0.19484414606784287	0.005192333691363504	1.9722393747566351	0.03519250738591767	0.00954950812247959	0.04717617202633606	0.0008454111315049952	2.0392283988806037	1.971449621782364	1.7812171825670773	0.004738809990085374	0.005399596574463825	1.7534588496515369	0.0007429680278227251	0.004338351556568785	0.04337480657586402	2.380389638119263	1.6020107358434688	0.00908435310582065
E1427_607	0.009585241778554828	0.07240673209984072	1.6108517448676398	0.0013397142348138633	0.007335140192973807	0.00824068589230147	0.03959225017053706	1.8781900628887045	2.0467624400179565	2.1350030618099267	0.008245277946314127	0.05687512983500294	1.965149520323864	0.0037594170245674476	0.009697458801263721	0.04181355573006211	2.294735356834153	1.4056545713920774	0.04212794918285887
E1518_309	0.0019263828534560414	0.157911014857171	0.3341551963820609	0.004465052288330767	2.3093223678292576	1.9196971405306409	0.0038591507220626007	0.004692805966930625	1.5224070710838489	1.9369124631912404	0.17671657394570528	0.02460952998401484	0.2928898479847701	0.12635885701638958	1.4868921815664875	0.010050675089217677	0.2396846065628644	1.5807138615574476	2.1464029279938845
E969_741	0.009622176141275106	0.02203062359077359	1.7729893215597463	0.03621812890897117	0.0022818896006087273	0.008044624295261095	0.0032102973086598928	1.8550530748719405	2.1835946655164906	1.896080641121471	0.11698728929092968	0.00590505249193523	1.9354155272309064	0.0015531217306811518	0.03484580220359755	0.014483271819003343	2.2595310766966805	2.182738108145953	0.010888000700734209
E1166_318	0.9160679006732246	0.0016085073757263705	0.007304014188966002	0.7022882779319101	1.6675040769309974	1.6681695546213744	0.3157842095592975	0.0019202272333449387	2.2018165312391402	1.4809823146053147	2.18028567907726	0.4737746817333955	0.0007596292040488943	2.0149364134240977	2.0320956885077983	0.04064934977590734	0.2643725935052269	2.0919526117444653	1.6421788896424268
E1963_208	0.0272478087987934	0.23979948609166565	0.04164568448285001	0.003135044506880981	1.1517712135596399	1.4682345683742846	0.01035876979711216	0.06620991813019571	2.104632923511522	2.072791888738945	0.4530748893423454	0.13238911488659486	1.475634049899877	0.32615264800841903	1.8581024889522777	0.0381690592068613	1.6895593987228517	1.7665098682340028	1.9930492251381609
E1326_62	0.0011620894203203946	1.6076949929052136	0.027542947771453254	0.007935032412107237	0.01690023900821419	0.009591529603626955	0.006761079055741413	0.06630448822539259	1.5401314065214526	0.06472757021350864	2.0757336212005546	0.010514175743122122	0.005268473142086347	0.004487199215074053	0.02710002420273723	1.8718671312852293	0.11687663041048453	1.8183332185863408	1.896960172071756
E535_168	0.03758444149793185	1.4844514405311495	0.8780566296599468	0.001054679884774442	0.011287482818005352	0.0010332900694110876	0.004222143973371903	0.03494301127269092	2.4789109708726302	1.4938455206673038	1.8089323316593413	0.0008641853800406537	1.0438479384265478	0.014575660407362785	1.0735915769404258	0.00858407956852807	1.7535960780816815	2.1687140070523427	2.033205052551588
E129_449	0.31963007533691784	0.029559969128756105	0.0012284970110549352	0.3028066773187589	1.5474688227316935	1.9990814183595995	0.23704699128112885	0.0071433041921238095	1.9046384829787395	1.9602187773880613	2.008076450402805	0.2012333225157841	0.02544955927537617	2.2533882236713274	1.5579192201658996	0.0006397734837958258	0.2175900837927076	2.563569530465796	1.961279030239533
E1463_320	0.002804182376735857	0.04553968145165292	2.105713403507612	0.019410820805196537	0.1995225725351957	0.0059295989737056356	0.006311445652971358	1.913164049574533	2.057965719905315	1.1804061903447238	0.8935899924471835	0.007226756387957627	1.830760522223982	0.004352042235848867	0.03761034443451102	0.010009861788506965	2.1343409479561117	1.3043694860379138	0.2360991212994952
E1945_334	0.010869824988810046	0.13551748173965242	2.1988413263430995	0.01765132083657961	0.052981897062810576	0.08160758444977237	0.04755688665591535	1.4576016480218874	1.4440368819190987	2.1355042550132417	0.010836658837528882	0.030174809400746083	1.5430794313738183	0.03774600053098374	0.0004922612619107179	0.023372527492624008	1.7791666863819189	1.7803697941825662	0.051830910597129784
E626_37	0.0019333466742299207	1.5942623859487544	0.010980793945141565	0.0003756433984532402	0.005356014635785446	0.0007755988623963267	0.00565599822390758	0.011850243957917256	1.9838321138440367	0.056305245259019934	1.728975892270496	0.05933942549431717	0.00816948179576516	0.03844835122666156	0.025270645287595664	2.4227844656314304	0.014478148309248469	2.1007663622568664	1.8181242695810853
E579_739	2.03873075056538	0.01518442226130806	0.006744398002946066	2.2946797104845147	1.5769840776082331	1.6066820273586162	1.563560534357386	0.003708205247573693	1.7668029075719662	0.05315396111462737	2.16636007939966	2.4075021453643752	0.04848903146500083	1.8767490552385653	1.7773599738737689	0.050799851861483725	0.005241979909937371	2.291377375819339	2.0633649715616182
E83_74	0.01479812261356696	2.017349329150796	0.026767797034982273	0.009608178147069076	0.0019275587538505946	0.04840254294266778	0.0024338905706417194	0.010373032812537424	2.1642232555271703	0.15396326409644373	1.7145946155489142	8.843696048819681e-05	0.00026328975455146487	0.004361577084239548	0.01107589253578482	2.039512524275945	0.6646352451013364	1.4495640262918368	2.4857163657510544
E1866_640	2.10237363758217	0.020382430513749092	0.02406353392100056	1.5207740274376476	1.821892743570004	2.2871653534769854	2.490066860663991	0.00971644365945072	2.0137958216520007	0.06157289543885405	2.1012328410297805	1.5756645997953749	0.06952882397745415	1.9547055065084809	1.4756559407554113	0.045586933257326726	0.03225697412747895	1.567207377442517	1.8613712507596405
E1399_524	1.9308363489214	0.0035280268420711408	0.04226653437521241	2.0334993238024217	1.835371645886052	1.9972482731724108	2.1231586933235405	0.002111022393038909	2.408426165295261	0.25159798885625445	1.9054680021914152	1.9809049744413192	0.0038051073713950352	1.9167331291873924	1.7884039027177088	0.17140573496073458	0.003182386955258466	1.6967309410135851	2.208983234036675
E100_89	0.0743209839759975	1.8532160706557568	0.026446016357236427	0.016878389919316002	0.059212734573042734	0.0003963034379710739	0.0016278894657267766	0.04100018519294884	1.88159060593898	0.5203438680296731	2.014505485867593	0.019307699327850883	0.06761445741290924	0.00046852622598027673	0.051192599978999234	1.9970043358359943	0.1970232702938981	2.0997690312480257	2.1618817672741963
E1751_747	0.1310299320555956	0.025223461473951627	1.7041778779341954	0.019751808754129758	0.006572228737721332	0.022815195859005627	0.002954232382696284	1.8115830189443003	2.274269681514583	2.0261866614119293	0.008147382050967635	0.010145675043865637	2.2671795284803262	0.005378396443344468	0.007763024992386952	0.03315817443153578	2.4173826827778013	1.9901128252185711	2.623739980477883e-05
E1295_696	1.6075462410293566	0.03321360227573508	0.018529372607095813	2.9119665032617634	1.7062327612790733	2.128525934711304	2.5428199927164097	0.007226947410419794	2.199328612773547	0.015485377255214969	1.9949562352891617	1.4078441581768115	0.0165982105078139	2.011767721552464	1.8294878841303124	0.026624611707611767	0.05313292811204423	1.298446711021555	2.2385019740475705
E1542_551	0.0099518020809228	0.00721481707708397	1.6115892269733911	0.03071091011609893	0.00768848546062007	0.0043949787024327065	0.01282714921072517	1.6607626783679947	1.9621157860521952	1.753393267220594	0.0461786243527788	0.026640967768144442	1.5392485269857723	0.0015864370839497805	0.001324020083754168	0.002192883752242566	2.543027623566925	2.008536932391109	0.09271086447312507
E952_11	0.0024397731700812127	1.2266263131497095	0.0041710582083995225	0.002677145635179955	0.033848096404201555	0.0013504302886358233	0.0009171221214106953	0.0029160514821266136	0.8636829737539633	0.03306411581120845	1.100687735181812	0.005052159688021525	0.006572985583040588	0.004443691567203048	0.007201312512439337	1.9914578728402623	0.06388297319365076	1.3735936140096685	1.6634258891993343
E802_215	0.06123360648604651	0.007658791767179469	0.6532218407435144	0.01774749049073948	1.5890651404658218	1.2935320795711	0.040211704912583926	0.003195513798584241	1.7981869113015068	2.1859802832163937	0.2539514691418254	0.004902456732568949	1.6062836642998124	0.06372730104051642	1.3490331028004383	0.028901938980632813	1.8802726714246345	2.4299177465295507	1.8965189888847682
E1263_482	1.2219883673789582	0.004024642088576086	0.0007691047919870086	1.4469132797298592	2.089065614058362	2.171619133260916	1.8851409330189928	0.0005483903410408841	2.1079869963216225	0.6828052877010329	1.5539650450519646	1.651692713565556	0.03619071152535416	1.6724549845779524	1.94226259509098	0.033320373871007794	0.0010950766427244608	2.108755709108564	1.9683239387963447
E650_126	0.004700955968147617	1.5510910614404896	0.04342519277821304	0.026103760504909968	0.04914664812537372	0.05801973212107798	0.004668958629567659	0.004010901041666331	2.1109769352644525	2.013418491489843	2.0171168403232	0.010424971054012376	0.029863233664463192	0.004092203751574143	1.673885671607669	0.010220213390809021	1.6651815956319995	1.7204506040029282	1.9956831191053
E346_558	1.9788054756266664	0.01391922698381757	0.01770913783956039	1.5708332616232354	1.96853072078562	1.469318039873125	2.2412954815913424	0.014604595182311329	2.302396515137179	0.037002539055506566	2.2768485748864067	1.6748647576873528	0.040782597298756065	1.933135112959049	2.1638068865269298	8.70114250679688e-05	0.029897033593325968	1.7562745210448785	1.3222863345182172
E1245_502	1.7044267716924768	0.021588962317657404	0.008804195964733648	1.9893802771113025	1.8377130196607616	1.31297086119733	1.7131391629795407	0.005628608020823844	2.25596600923851	0.2447911539123796	1.9129953773825927	1.968988659897491	0.030645810858445838	1.8386288454410065	2.075940649950451	0.013304971424635995	0.05307739424741712	1.7929655891780245	1.9238938488185653
E1488_525	1.4843126522941454	0.02001793963582253	0.010316920254330243	1.8827649746991328	1.7817862024226898	1.9149439825986232	1.7386158285472388	0.013539111066310642	2.29086035553041	0.3076294686014593	1.392169733523039	1.4906468777234456	1.8181706959331632e-05	2.8143343245358947	2.1287783661687443	0.016744709972254485	0.04632263605048239	2.165920199404078	1.7577683199324063
E828_436	2.0468511078129734	0.00085905550938189	0.013385010783741757	2.293181905318733	2.018572960775926	1.9294177658685168	1.604503900231036	0.014756817554049022	1.9998244848106683	0.010933599548634959	2.0427066507138845	1.6179647168315774	0.0006413730894760626	2.1170649067523364	1.6018261637267197	0.018813500958080508	0.01990656782136246	2.166786016432097	2.0455864356982443
E1904_537	1.7415858440164556	0.027952151229903188	0.0032505450279254372	1.9348771703306888	1.6578164328158498	2.4773282136385943	2.684132233047658	0.026886530504952492	1.9635290844057136	0.01838733368664897	1.5845830141094968	2.5697653767192388	0.00230256952690208	2.1541217775229367	1.6578719076708348	0.01208867506743823	0.007438103061225781	2.1337222961058884	1.6904109467090611
E1550_439	1.1983372103305312	0.005445037272660429	0.030603449972055663	1.5851531536005787	2.106036493510669	1.992900356490196	1.4344472829122494	0.0009081205900710127	2.032853202675292	0.6590335564180404	1.9501240503159072	2.4511161036641966	0.006314454289365952	1.4852999823708706	2.2923010875877847	0.002396741857495764	0.040484911484768224	1.853666655817591	2.0293969760366384
E108_107	0.04456718047570903	1.6672978216773786	0.026219391761689286	0.0067287967484361295	0.04597313671288869	0.0078061491564078095	0.0007209966929885795	0.0019732305644561926	2.0236486280954917	1.2421847408788478	2.556882982007785	0.013139074471752698	0.006484268264424619	0.003216928045529081	0.2483158629835394	1.061757104806752	1.5787353466697471	2.4536599072860144	1.8424565176493983
E1259_122	0.0007537397845386544	1.3431622312849885	0.006866526588046174	0.0034560439853833238	0.015299221783375309	0.0027694979293547074	0.0169859543255674	0.00488689853942784	1.8026296113647151	1.6363940511758464	1.8625393828312595	0.0011777370008701966	0.0013404545015653696	0.058765894787807374	1.8048862236538807	0.029496433337879605	0.947205964174932	1.8212799168435925	1.8293990162364928
E905_715	1.9086926797968755	0.011983304165974549	0.014022029468100949	1.7324559745377015	1.8154504264474958	1.812532202300989	2.0849582539872555	0.008991402981058255	1.9406651519312268	0.002305260804152957	2.0492656470901283	1.2852336809476184	0.018659956700058728	1.3031596802745022	2.0453857273813347	0.03141832004134272	0.0008822983519954068	1.9109723133592933	2.0726620733168946
E38_482	0.009832938599632156	0.0670051458168462	2.467832085057706	0.03639042577871827	0.02193131099639997	0.031499713070615436	0.0023426633775739296	1.8845459178669348	1.8057604106765617	1.8633993849278403	0.00219665264898878	0.016379428037367166	2.075023836380103	0.0027911189841670486	0.07215731068791519	0.02596115864846257	2.6204273645754745	1.4367229103379704	0.06865528585674732
E1307_760	1.2734904901703332	0.027433128500285432	0.07203790433555507	1.6564658439694595	2.239711868114823	1.5568767419096583	1.8526224421923485	0.15757473517010015	2.040632316996464	0.001317572468226367	1.7590808981673272	1.6958380661370185	0.02518218396761427	1.7353545280271754	1.7706859003085078	0.08188205549582908	0.014516410691711557	1.8566388368780973	2.06125375829424
E1340_392	0.0021248215221796123	0.009013340158237728	2.233761014359209	0.07862026214949837	0.0003555346393929496	0.1109322304063456	0.0004172281463988524	1.7281593737569032	1.6872041503990014	1.4384545509876374	0.012284465466070952	0.02094061519605659	2.044431612427333	0.07716503556398778	0.008127076578826067	0.005954881529254036	1.6883678460358469	2.1467383734962926	0.15100815910429366
E728_411	0.05181853712154697	0.012369999634811049	0.018285065596579136	0.07579986964274157	1.6878794919011388	2.059163550391159	0.03420250532069108	0.0026745746869210963	2.0109803450868107	1.4969044734438814	1.6845232056457744	0.0010208789964789864	0.03940172495830627	2.1963231377517127	1.9372487911297376	0.000226395153209929	0.01920059309942581	2.1165873020265864	1.2436057004105785
E1883_131	0.0308052600279254	1.8824083038534416	0.003712334241291504	0.04431966275817378	0.010004506966792306	0.011099210301476644	0.07082069348106727	0.061820727624191774	2.7084491841045004	2.1459724463862506	1.6069087175731869	0.0511140187540492	0.04051049689228377	0.09322764257605744	1.7256152863439866	0.032326021137712165	1.5078517365552666	1.5456879930798009	1.887753429181516
E982_32	0.040133827526838105	2.219918233346105	0.0014951988527790096	0.005517160941758409	0.02873840878883155	0.045962239340637034	0.06343257417704172	0.09788460021745404	1.5132482059992876	0.0025559091448229968	2.093068529324749	0.009625113291047992	0.0035417148093964982	0.009195874184389215	0.0038204222954476533	1.7901420404046795	0.004485445850869367	1.7297439256372458	2.0099139371234744
E424_388	0.018364319088153176	0.041752907682833296	0.037866579438516616	0.08858049140869914	1.3724373299707988	2.2217308274522205	0.009887801232714452	0.006727467075462686	2.5867892708928943	1.9420652825494027	0.3773682311711854	0.00882063791694057	0.008712477497451734	0.3182283678669954	1.8918448157740813	0.010132319154087924	0.058091726282660634	1.5180280322663098	1.6458276784086914
E271_334	0.034854148254203035	0.0135446995759075	2.173566887563061	0.03629556955984368	0.054981752516849766	0.0019569430790348785	0.032006809272667365	0.7760365566857592	1.8251184977496482	1.23668723411534	0.37245290926212654	0.011932230530665463	1.850009733997635	0.0017745697052856185	0.011735663558513892	0.008464506645489802	1.7544512487661368	2.7339856422588187	0.7430006714780264
E1890_306	0.01500533072070957	0.025549149025972943	1.4850146261047268	0.021813494149810826	0.006815855886810194	0.05944272538441753	0.013225871171231857	1.10586724260319	2.7667307114637003	1.7105642368335712	0.18210083193537488	0.02424757004739863	1.7707202543467633	0.029890543326808388	0.03176339197227352	0.01464541670524818	1.6294603295943126	1.8543907511620925	0.27104355665266555
E1191_416	0.009567978348903416	0.003510468633422416	0.0023446210071650037	0.012286942599659356	2.0923579231680023	1.9801758271009664	0.014607882009339785	0.015366218867551143	1.8649093437789703	1.6386181279458738	1.2303311746921652	0.004544703287151628	0.005078958767993518	1.3291513706255689	2.2894740610045	0.003982048858336579	0.013649930986425772	1.6086773067842637	1.8075418965990235
E1145_642	1.6958359154227378	0.02752212446500547	0.00560608937940586	1.4847848962170005	1.6950631290178522	2.377681822732959	2.3119897285006514	0.004076062930215688	1.8028870297354709	0.005755292190418438	2.3115057488042936	2.083761434394096	0.003142529121482011	1.689468632741997	2.168453845092896	0.009463777883986495	0.013984836365945377	1.6889043794142538	1.597534416540001
E1982_411	1.1064166429709426	0.011696303507102915	0.008655299780059002	1.320670302746421	1.855312467317165	1.7231887564640662	1.0794511912834193	0.004160496450591515	2.4170216083230343	0.6072922514234049	1.9992417124655244	1.4102395958827714	0.007904066211673997	1.8620182492132158	1.9808172153444448	0.002550428939764998	0.046722781098223136	2.0287798217885427	2.0227608869190923
E1532_277	0.002035686150713886	0.04742117757746745	1.7246095290026895	0.009587645005823365	0.001667541009212525	0.14923516596936304	0.0943755719858902	0.7825203366493281	2.067828950534635	2.298998480508219	0.01766408776015049	0.05874599219564535	2.0859006904739714	0.006609578603911856	0.030492562821412283	0.028490627488478387	1.874903302390552	1.7069198378078827	1.4455188959681058
E613_527	1.7694841758149582	0.03495673977617271	0.0006226710505040422	1.6804276125470083	2.106986542470186	1.9457120499843537	1.8980646027138768	0.02885462722884928	1.682645649626458	0.11791878126201212	2.052577561617128	1.9951034069245803	0.007878120854497746	1.9956671088648503	2.017073353803787	0.006023757710780111	0.0015483158919031366	1.7256209744386328	1.50193711952872
E430_323	0.02208128456747819	0.0110063576872587	0.0005468280336567918	0.0064908998643476564	1.45033202941468	2.515705882890746	0.002417456689461409	0.01512052863812091	1.501286801197009	1.5389398768162927	0.8347159915756674	0.08451130325674315	0.0048626505030319395	0.8969794151511373	1.5225222590800482	0.02140167272396959	0.02300890604928864	2.755419362744227	2.231790668071909
E810_649	2.3117892801724587	0.01915600651169761	0.002845523634427735	2.0496483660817777	1.6671606417342528	1.5325666842900745	2.060631525290472	0.013973606172740766	1.821826000214649	0.05626811812162561	2.2311941375666584	2.0306521013894208	0.004230890243714532	1.3942836964731409	2.434508153946754	0.007668595359941489	0.006634895195714736	1.471746655737414	1.9743270427259327
E1836_160	0.06273101222411777	1.847376615046771	0.008186296461763195	0.028412897216025662	0.003750901909805929	0.005245864597267386	0.00658430255945719	0.010064587234780126	1.9893418515481809	2.103693177287086	1.5666894375229146	0.02700229235262378	0.010125587758164387	0.0023263568790477013	1.7108772971831236	0.013526932247378904	2.466698789247052	1.6205706486711653	1.6911852308197957
E1038_514	0.054731671709397856	0.00044831928852531174	1.6679073944305869	0.0036959226670886507	0.14491392213382914	0.035271393259565395	0.019813233752311303	1.7062989150600572	1.8905426640666856	1.936915885627137	0.0285019321592343	0.07505367329525668	1.874838822466616	0.009454247223131923	0.06292386631608812	0.15675229076583996	2.4038894438025684	1.6739551479389807	0.023381276032003247
E1109_170	0.0021333036800770828	1.9663002558084843	0.010591440817766884	0.01470190862094059	0.011341453497863032	0.005060747606511059	0.016555863642446083	0.01001265982481685	1.919371557524684	1.4921973162515343	2.236495641617159	0.01034635776963084	0.04210464772654994	0.007620527759380429	1.9818094208645496	0.026083980936211625	1.7543970897846666	2.3281537332967663	1.7315614270432609
E1342_280	0.025367687433515404	0.0007793017129539918	0.006892635912903396	0.0054238681799681785	1.82018356818078	2.0055735237662216	0.0048350266511611	0.013079589891622712	1.4826631854494208	1.5224118136963694	0.01858901635534486	0.032835537655726166	1.186546502610402	0.009107329727439259	1.9071751472172158	0.01906225012311109	1.3936087859590602	1.4181427654083136	1.2030382368488477
E1136_461	0.21671419242042653	0.007802139673109053	0.011451235229882235	0.1178782350503547	2.030475270629576	1.7440792639933766	0.1972019076614108	0.03872326678762783	1.9706808892879841	1.959394494138796	2.4925226658265425	0.3882129692358498	0.008698342134687018	1.3143448618127074	1.7214786908159356	0.01567632565945299	0.00047942959347677854	2.1358611730178203	1.4435306446129776
E1502_419	0.015819589802885132	0.00734639288996704	0.0306304608498166	0.0010125536499933068	1.8225616704445853	2.2315615942446105	0.007344040215371745	0.008241071594489856	1.8678240065321239	1.7873180924627472	0.5400180126238961	0.0012773312057407366	0.047319664360292966	0.8231728742834288	1.8461794623803207	0.006515814456184849	0.058671869022523	1.971548556182651	2.26742727346648
E1132_139	0.0006107652953139912	1.9192174438420893	0.07810517048312841	0.012260791418831464	0.016233276073084627	0.0019370203767303934	0.09457629420410836	0.03012916210230924	1.5142621321310663	1.4816692184104692	1.9664876669813784	0.0187132147330174	0.06589627685183247	0.09082937953345656	1.9757858302059552	0.0039302036917831535	1.2897361617521224	1.5346165395893576	1.8053640118051355
E1681_360	0.02366732996555421	0.04809810947425326	1.8233513098955951	0.16361132128149822	0.016271104409527625	0.004804069634345632	0.006926870377463504	2.2207503813967384	2.0628748241918418	1.3572485959817266	0.01525678393696268	0.034659845688148234	2.0196297407097545	0.004882056388356586	0.01628958149462579	0.003958075461110219	1.5536749913648158	2.2931280070919517	0.0508190764412262
E1392_91	0.002229154951008616	1.825398517844787	0.045620018414314116	0.0112054985010381	0.017811361544948418	0.09806394642686887	0.019769631159304447	0.0007946684844427871	2.335456938365975	0.5231675134977469	1.9366096563197817	0.009594874474722152	0.03079346942990505	0.02056833931832321	0.0414739594966327	0.7121197861286921	1.0830197970078406	1.894222959892552	2.4885523815529167
E1774_568	1.8805518932961705	0.011240850536942341	0.005586576555530742	1.8450129498188697	1.6848109934615083	2.1842976231459765	2.0456568914150632	0.0009901927172473743	1.716768737309008	0.003562963432037772	2.081377676708379	2.773682404540604	7.891624091119318e-05	1.3680028535594533	1.2901614501864591	0.0864654186137918	0.0015139259120226616	1.7549573774616272	1.7081946969806343
E236_523	1.9848199522122207	0.0017170946336557981	0.012335570477949144	1.8485603585965285	1.517182421274436	1.4294195914647214	2.192757940666042	0.002182044662349879	2.2955918577539185	0.3867582385495086	1.1692468349026817	1.6120045279215849	0.014013916192916424	1.2911995078530805	2.552995111300186	0.10414568024871244	0.2139606353338333	2.09194102766308	1.5738990189732611
E998_239	0.03233466494051766	0.0076527219425308645	1.037254254142849	0.013114491431244666	0.01427542010289189	0.027818382600369097	0.005820166860590357	0.04870670516387515	1.4915611103356945	1.6973846208866368	1.7990330514532389	0.04046385073223696	1.0226383072637621	0.02433004669590463	0.03307027521693553	0.024164884588186268	1.8533662704587641	1.395607807863935	1.1568342563178815
E690_243	0.02042985147220036	0.030038340230482706	0.357983992861986	0.044242797213481136	1.4179410543248183	1.8031075571205248	0.012179101917047486	0.0007479345207613544	1.5110383154541418	2.051197703548353	0.9246009180469824	0.038046437477427586	1.0167373670378133	0.2454211307523121	2.1439184874247363	0.0016186925260129395	2.5617603907866497	2.15119917560132	2.0529069466741108
E114_590	1.90559448712089	0.09029208416947687	0.001919299976192505	2.0397200124870425	1.8860808048139968	2.149356171843434	1.7825813228454117	0.017675804358461736	1.938925291794808	0.10981754057404794	1.6882367561323202	1.5481457846838782	0.012023086475010823	2.62991377868569	1.504454268149643	0.010209819373491505	0.01654173947875689	1.7748906000827709	2.118177228163076
E1762_234	0.005257521311633569	0.018357652361842332	0.41818088315122426	0.03440110582665685	1.4029292701225948	1.2956584684319274	0.02016215582864074	0.01839730008096995	1.6223675177559875	2.052942947139265	1.0674245217925773	0.053560017213581904	1.6915520360959615	0.013626614276830446	1.6896696127620818	0.02001643602812096	1.5231070976735737	1.905500721479911	1.38004823319083
E1299_330	0.003300894862198443	0.009266815891335095	0.10741233895750987	0.004741634466028216	1.7308154962402456	2.3111903038875368	0.04864280780118376	0.0202178581389029	1.849479995368056	1.4684356705896162	0.07264848640164169	0.02747099199049368	1.1533254739005512	0.02975928707115207	1.5751849277305412	0.0008348007476486426	0.5883121206629319	1.6278263015054724	1.6123503228656866
E1459_417	0.29006972754639915	0.0028785774927685	0.029262207334309037	0.9559985954443092	1.7401204111791246	1.7065067027569452	0.954595420397825	0.006512746752377585	1.690933363623904	1.625332395026876	1.928715917901376	1.0625989832040583	0.0679474629335378	1.6151281311517132	1.8160883714216427	0.0029455757888184305	0.014087459465356918	1.5735677283374745	1.8493722553557697
E749_146	0.031345026098402645	1.7301710669372148	0.011073028298227948	0.15484154949131415	0.008032745881243879	0.0011912839178279304	0.00654223949747921	0.02147262084376211	1.5086493748190584	2.2154941880531256	2.0399032954275893	0.00969733677925718	0.0459940606715413	0.001527667422591212	1.3189322762024152	0.08767833772485514	2.139707004929452	2.278016155294906	2.1041710114234657
E732_503	1.5461877758080704	0.01837769855381889	0.046779053844196734	1.7559824694954358	1.6201713145283383	1.7384156479304913	1.5940923400569045	0.02265579763584917	1.6836561880699128	0.09476158098383193	2.1961144717370686	1.5176390207705992	0.008428336754054064	2.049038965001329	1.8626869562083883	0.0011821895867497744	0.04452763858870479	1.969750038795124	2.4168806959810056
E217_171	0.001457465474755673	1.7776645504216966	0.19381505865850165	0.029621667561005517	0.0036345923478466437	0.02624739174889839	0.012085212331217057	0.008831152987929775	1.5426082225277509	1.9523625106463232	1.9450629046070256	0.028833696268790367	0.2507439772087581	0.004484215168025847	0.5148354996227034	0.014279067962095363	1.9558313425338625	1.6811513216508367	1.7046349163154677
E1335_12	0.006735147464237515	1.495662716766567	0.0008685492298265053	0.0024325044004837033	0.000593891524639574	0.023464524944590653	0.010956089219820796	0.021684781273569646	1.3279701138382969	0.020052166054992517	1.2457125949345418	0.018324717171374055	0.005028723142203937	0.0017010361749961933	0.04506936046376316	1.9987280101686	0.02506970919679935	1.6679757123588508	1.5400773598791035
E565_783	1.7054828615553248	0.04606776756199226	0.011859228078521512	1.534114494261202	2.0259825689169104	1.4883503615381544	1.979138375629497	0.01863724269975531	2.125397495099692	0.016134402847655757	1.4665936759201863	1.5117102315979891	0.0009037588829911713	2.122097923717913	1.518907977704164	0.014639612279853106	0.027785661317850208	1.1845955237158097	1.6395894594019291
E765_282	0.0009951956035374842	0.007855448752349725	0.008014380886065556	0.03159996372906818	1.9728447815093768	1.6796614754949621	0.003129712738682444	0.010007989505359171	2.134884679275366	1.988565087208781	0.18338393956273888	0.009114573003655715	0.9739801169474902	0.1959885997194214	1.3896798280364488	0.009439753199835659	0.7713153450490402	1.8361925401581205	1.573515346645337
E1831_764	0.004584977926463379	0.0025692972256837754	1.8660322947136785	0.03180361987401421	0.013975794618483237	0.0059149761655111965	0.0005546989263466428	2.099270603701339	2.0403235500076944	1.6113074760528086	0.01646507540990659	0.0177175645209017	1.4778375581997023	0.027919177243706367	0.045971311576260304	0.017486686145785618	1.8415101241722915	2.1518609698756292	0.03890674632679382
E1382_594	1.8449726509217337	0.007371959383214752	0.009415030887055718	1.8008548812267589	1.9905077557903847	1.941038618484512	2.053340115521242	0.01393129445957641	1.4417152203678616	0.04217516126300238	1.8421745189204084	1.9321687144191482	0.007390088607979805	2.6766452371454346	2.1105858832606463	0.011534816844858659	0.002647833214324934	1.7998441037010742	1.896906561882301
E1651_433	0.0037915815653571045	0.04316037190725438	0.046865414789304886	0.009443987944703984	1.8134037250735824	2.123372452819389	0.0008689883640696549	0.00014826822750894312	2.038815547046692	2.0627912660403505	1.7229133755551582	0.016841806422243578	0.03187234223778234	1.4533503163795198	1.4176149229617208	0.07152580580420509	0.16179120139533748	1.7844447651127542	1.9986980754120809
E41_157	0.006444353413519226	1.427684611378691	0.18609866174676892	0.0017192563034707305	0.016791087975965034	0.0008520566198061063	0.02252410378902777	0.036432738088782515	2.307983649337051	1.1505412359907743	1.5676467902587046	0.010167509315487438	0.1356665194194175	0.001340615686672349	1.1761456482879222	0.006169081913835663	2.3244030684981456	1.982190641690712	2.121682830855527
E453_34	0.0057072917536232426	1.7041594039347048	0.003647576515553129	0.0165411584763704	0.01989023497413088	0.007731699419687377	0.0031223798798053442	0.00031883216904720496	1.799700503753274	0.0024338076518830238	1.5653933199866303	0.02056913062524644	0.006818390064589043	0.02962370632555817	0.005257726579025675	1.5760886734033632	0.0006882084442185691	1.7795563849980414	1.9893666035681337
E1468_579	0.0055215501181171715	0.0024796786645104344	1.6600028886531475	0.011510273305324312	0.006519938643717821	0.005499095489321064	0.003068489794377165	1.3717050979109806	2.169729489052993	1.8405872586961487	0.005137261862136521	0.0074210309504166815	2.3242590938490584	0.0012734199666566556	0.009464700131489862	0.008256663639384291	2.0452709272124783	1.7270654179554552	0.007802048757314338
E1764_122	0.0035442513923740174	1.658572023303346	0.0036386580896532158	0.00027739546333397427	0.014309177989875929	0.05717046707634181	0.13470256087162433	0.002351337521742039	2.144682293210361	1.1125143752435742	1.9411653780020568	0.028668086700140562	0.0002338040270675624	0.04396653615268307	1.6601044440827284	0.0264654767543775	1.3590624689027515	1.3583355206131602	1.769596026363499
E1044_621	1.6402199193594913	0.011990354847458608	0.08484945056292445	1.4878610139876778	1.4949454960646464	1.8996053976710867	1.8776628020544337	0.06379360415442382	1.4763295358938364	0.14909004951291527	1.7644522247230576	2.2653340883014	0.01989732758437391	2.59639810136126	1.5868327611108768	0.014052387341940274	0.004842016498852394	1.272763725549427	1.2315707281683952
E893_84	0.004088649049455112	2.3008129535017456	0.0700331274500546	0.01676048046866857	0.005701912236545301	0.0018573998139146265	0.00012081894008997805	0.015976804760254537	2.4329050956033607	0.796083344214625	1.9199104053044471	0.0296380114811874	0.0009239436641505485	0.01829832916156431	0.2273361280913873	0.9406564463823268	0.18260416171054708	1.5632935006022015	1.5819736215808795
E739_463	0.003744569991601553	0.0042143363541645934	1.8071756058184247	0.007849357303538938	0.0071507362012428	0.03710276114630052	0.052116705911918144	1.5608512355398545	2.6619559287660297	1.847807760690608	0.05214196937157083	0.03654386158915045	2.2484064960873424	0.05639143077337699	0.02457914952985113	0.0005226927597775506	1.5805322712664276	2.083756333480519	0.053880005407651234
E964_298	0.00434321510106502	0.04908420020666606	0.23454457899635844	0.014158854359703694	1.6073616409201044	1.5461128278180638	0.005335302297812598	0.00019533209085794648	1.8549571628442232	1.99374235227459	0.3739105669172098	0.00010237101138101546	1.8920681134813049	0.010267388665803193	1.850441465206744	0.005069155928871664	1.7931865921797052	1.52760542299465	1.593184482838469
E1974_326	0.08496638795121478	0.0013731481759056926	0.7560569913219313	0.030995729856960582	1.4242981609293313	1.5943427781439594	0.0009744147568906213	0.03556356890457961	2.1771874551335264	2.32944622545076	1.3250610560450728	0.02054160927383729	0.5932668956383529	0.8233627326486825	1.3030071433702166	0.020176040876019503	1.7313863248027603	1.9632469279846645	1.4290947609674134
E1741_191	0.021867522558465892	0.2272454065213601	0.4630693001809395	0.008539922917767903	0.11002954029080708	0.1839885991921075	0.0019294932644876766	0.0018017686966957656	2.1060772159669234	1.9228903158290216	1.0407996747259551	0.012532588301572743	0.25337491576152743	0.02632946754268644	1.411682873955035	0.01428693609058379	1.4769892716388768	1.7078619466050065	2.0304569483500106
E1556_135	0.0011949119906455006	2.0184531644933874	0.014089094983268716	0.004115984890533228	0.00362907598623284	0.013661001019583523	0.002080227854721006	0.0010643400382771935	1.9007498910726184	1.3857828726927353	1.4606305219463118	0.009036348670877992	0.051717865007548734	0.056177186007470487	0.5628838553209675	1.072332153692387	0.7105493891219921	1.8111286637852744	1.6626673394519107
E284_136	0.0007694112154922122	1.2616013091338705	0.011804424029798024	0.00858220338386061	0.006566473651179683	0.0014259478706850715	0.01423515187343526	0.013549110853405159	1.7228094831704086	1.6217635458517967	1.7039719059488665	0.014117178809667237	0.01882873595089605	0.004043307572691929	0.997616892516022	0.4060161951228452	1.4729247799892322	2.498066506273555	1.5470956967307825
E748_426	0.09234913572343297	0.06860743368967973	0.029667786077420183	0.003815129876465427	2.1545449671781363	1.7005820592309562	0.05951303855543855	0.0019383444299787024	1.9063056960587264	2.193274343589916	0.0967189715076649	0.023663817282446847	0.001295934135581052	0.1385139343157125	1.5647812848385267	0.013083008833607357	0.06760571143188808	2.11632812813839	1.957274293908022
E1443_375	0.09605971952694801	0.003924312282775365	0.191880828291298	0.003635308607622799	1.9723057604772096	1.5151207831019475	0.022729815450366883	0.004602336308495568	1.6631919653104463	1.972195753645244	0.056955609077867286	0.016403234843376004	0.07276825207211735	0.2348615606665748	1.7647268928517963	0.026057869201114324	0.004334024950866322	1.801354254401184	1.8182327699925995
E457_246	0.1024521952105365	0.0947394186761546	0.0017109032942840099	0.03290770329883392	1.4240654209813792	1.4721268619341192	0.04113746363145037	0.04167419559468867	2.032669177711225	1.7553667300668037	0.014398842207782231	0.0198987015760632	1.56441112952547	0.02933865928040897	1.739678532010808	0.0005315795718003344	1.7286071923504045	1.8033940337028331	1.8703634567026988
E1442_557	1.7602362133170601	0.10275962748577984	0.0060413685385145065	1.8616958226696283	2.2577493548564345	1.3776947918948577	2.053755555596818	0.007587647367836005	1.5869808553030649	0.042754497189334745	1.550345136745576	1.7762644333356827	0.017633993989184	2.2830003800148804	1.7032198145382504	0.007789084155335156	0.004058523255514431	1.9366015009336883	1.6963040064644184
E451_270	0.0356181472144595	0.004017168068276803	1.5357384167170602	0.024421798748569267	0.030225913752358037	0.03264978732153913	0.023414271095911723	1.8308101153780367	1.4254718843895051	2.0450511352449268	0.1135482891420848	0.0013963003157400195	2.08773685212862	0.0112510092062707	0.007596069818725142	0.009375035869532004	2.009553668437011	2.319673597637254	0.3129319536668426
E549_143	6.0472849195580824e-05	1.477996026376844	0.021982153742035708	0.023975061230043747	0.01515556852931416	0.061347354681240265	0.006851793313462528	0.003241254269488721	1.6660423679550878	1.8331708282464705	1.6998506193000007	0.012910210798951776	0.08256351733009287	0.017042719303544125	2.06993757614952	0.002547760177742421	1.3384741765404422	1.7727324196270475	2.2726575868387777
E246_134	0.0058768000387650005	1.7132297341663334	0.03476460335996677	0.018632713192468047	0.005115107765460234	0.048063020746457435	0.017024805381964152	0.00836579841342742	2.220816988062112	1.4998252799129532	1.690523425841033	0.005423323970352962	0.057987210057315365	0.018464153622395445	2.0665829637982114	0.2569573831451688	1.26149294881684	1.7781498946365797	1.8148079638175
E467_732	2.000368405953485	0.02745330757060277	0.015066932824919988	1.6550095740896391	1.8347510803418632	2.1906797012570265	1.719951401446188	0.02021507772930288	2.111468533339445	0.15383304091308314	1.8212619499309743	1.5116292801397828	0.030965189238771264	1.9521518571723413	1.4360561780623848	0.1311068352071265	0.007992773511783643	1.5857615647220429	2.0279491900560034
E811_443	0.006142644502234188	0.002661968274371448	1.0709621555972506	0.09812648885275216	0.0006594465762868808	0.015214407312076184	0.007605302842371631	1.9915955297426289	1.6709768522750141	1.601578602459692	0.2670883281708763	0.0016409002065759827	1.3828708825159417	0.0010407589824107779	0.009428839272826393	0.009229378296406885	1.794095414776265	1.7374309803951609	0.15590631738568064
E326_76	0.006975663931046674	2.282805163755933	0.014695695363704684	0.03425959997866692	0.005711669146667049	0.010747642220157751	0.003774846424856671	0.004231084903468062	2.3125056852769363	0.08452945831286007	1.8797552116486267	0.0066771126133648795	0.1006578245957766	0.02726419284316673	0.10533694902512787	1.6725561897325336	0.04881336070260602	2.1192419828637243	1.7913550366144153
E797_18	0.008641172955161638	1.4771314548302927	0.0005171104459506385	0.013455166087121244	0.017877540730636868	0.007496404447802646	0.0007212434139387562	0.04172545328669111	1.781194126808611	7.625487557769095e-05	1.6845632614124584	0.0301474387679862	0.014798814535430416	0.09839138703813016	0.002523383563426659	2.30512818330128	0.003947619716754113	2.2345953550568645	1.83482828751389
E832_741	1.277153265119126	0.041963744268431774	0.003042803075912307	2.1782206840248444	2.40219674396996	2.057547419412825	1.4767852875907157	0.031100395671822587	1.8063208668814952	0.027105092481782327	1.6912719171629655	1.5669632995480358	0.013091760711767259	1.5273774762392764	1.6525143126523607	0.007732663416207566	0.002197983191885254	1.6314442645956084	1.9389914941986832
E1155_42	0.1235609532832556	1.9006303096116064	0.00901994788028406	0.020654351617870863	0.004483608334735254	0.013172532331452408	0.0027098563561923326	0.003421547878768034	1.6778634523998694	0.01047047078686503	1.7806598945535106	0.0015329526680611465	0.0017913127556679327	0.033511309446504794	0.02555486254758444	2.0502430872293944	0.015521522070502612	1.7710768004154542	1.8286536124060373
E870_589	1.8726463269995155	0.012070845781495457	0.006282688351600457	2.2075839323444524	1.9132815069024125	1.7719196672307898	2.0617299414620858	0.11954053994879794	2.1330725448713417	0.019475754936813992	1.6076854668673557	2.0059573584779296	0.01182597886539472	1.6050184312909972	1.8044088193727696	0.008160804720046884	0.00744097644361567	1.5988231521952598	2.018995422027067
E1158_323	0.002001538487230185	0.043816004671429404	0.022932805340114864	0.01543544765446898	2.239766282968401	2.2372693334392246	0.002913557160364353	0.010046526337410556	1.958042679943484	2.1728539591532896	1.5413630644662342	0.0079209488656707	0.016736757015777145	1.6430275324634442	2.33545171607769	0.014359426062853238	0.2552947587382046	2.005415129692388	2.12587913414678
E1480_110	0.09913563313081182	1.8794283533423684	0.003318650768136794	0.04118520443774123	0.028725824346186632	0.033896094254367064	0.010627218113498272	0.1110949919541738	1.5513222714643928	1.1626550663272093	2.3447989121911545	0.08328935059431974	0.03821997128423038	0.016148683915717117	0.7543385006268422	0.21496139704572545	1.9606984733049628	1.9830033556608653	2.8258790895690025
E693_662	1.8361040933911368	0.01313378424506333	0.001488022928662282	2.0888507305893405	1.8669405372943773	1.5491269715310687	2.3716000941971545	0.015420891450099556	1.408738397167047	0.011596275436483582	2.138407897732581	2.188978200727765	0.10077627357526936	1.9969344837660432	1.946215282236175	0.0015090440870288394	0.006883353180008511	2.1727532456228302	1.8354251977650904
E513_522	0.010090186840666615	0.012553426977448144	1.7082770659478328	0.012253472079001364	0.030503680195247383	0.03980262381302011	0.00702005340373974	1.6276632472388752	1.6812576212033772	1.9104221957498229	0.009146727407865162	0.024556443556892533	2.5576187014176446	0.02127463304140548	0.04434010627605734	0.011085956714360535	2.0164670935756788	1.9434432417687133	0.018888962594639503
E1662_282	0.00717248297064957	0.17484203591938166	0.0492389856588525	0.004109784414366886	1.2403903315716356	1.762626605933586	0.07012161182961488	0.004784584437217439	2.3166171220772096	2.261248837622873	0.2039195507451766	0.0002151094383804489	2.02779280865602	0.002680605355484145	1.6496409041062572	0.005454124850934532	1.6700972257743432	1.82884959145172	1.6109191319940672
E1895_406	0.009136682021258231	0.02167215512528564	0.02522653709291927	0.006165900269942746	1.5422481028840656	1.7065985170339026	0.009373896870356032	0.006978610845701858	1.8327607236763628	1.7545861681757426	1.6545685884236407	0.00603383643764769	0.014989340498357168	1.7408379962863505	2.099987254932953	0.007483194763314103	0.0071705402528220935	1.7308768762873126	2.067673656413896
E761_317	0.00964333698658125	0.014864297396484	1.44301345891281	0.027399707234473	0.3321267581934389	0.18475329592163686	0.0124737438088288	0.23135008603562635	2.3136379678676717	1.888749298966213	0.014954981650966	0.01058951114315042	2.2445021217335515	0.021968622711237902	0.2198188736000246	0.0029777361275090124	1.5340545631524696	2.2707399273243003	1.2847727032437772
E809_624	0.003686655856252532	0.006583075576196979	1.6677306647976051	0.03150949511269653	0.06426953296401752	0.013078429602016828	0.030648213726374583	1.7109537485915107	2.1330889527426624	1.4496657988695083	0.07205868355809852	0.024810868526512108	2.0002464351364058	0.0037461138738221532	0.001578215893562847	0.004865562451990149	1.2942237906294731	1.7233887385461224	0.01396568928007252
E826_228	0.00413734049464894	0.0036022135097554	0.042474094753269034	0.01969013115739206	1.3204695645115054	1.7792307840790829	0.023573124795122267	0.0050172330408512	1.834962017692308	1.7478185505033836	0.22018132685915848	0.004239224895139707	1.720107963083542	0.2129140944232945	2.1516374279746504	0.012634340632287673	1.728398089472616	2.0205331137817995	2.4746189972813704
E530_743	0.02220599862802624	0.0106783529313746	1.7611470990471674	0.009470284609317163	0.004054925971189311	0.002315952980092572	0.017367549740014462	1.7616145380593689	1.905394646162954	2.474101582600151	0.006924669666054345	0.031216521878508888	1.8007247666417867	0.0051469379942893426	0.009353414021757092	0.052805450211609116	1.7932878896141662	1.8980502620228945	0.0903967410537325
E934_758	2.241810213520811	0.03432557851065232	0.03858848537178415	1.3576420183189388	1.8651468642740587	1.9135179615268985	1.9307018075080704	0.00863062246859015	2.2552443529550423	0.008460389152603475	2.0467948301019243	1.8124240776986744	0.011266584663216278	1.9142854562214624	1.253867234896857	0.024210725748754776	0.004314832198783475	1.8549246446829224	2.0243443591081243
E332_498	0.012876383225967871	0.02110742599259875	0.6019983269820134	0.006580628393945771	0.055307391169858264	0.1337666659737911	0.011581977649458671	0.003501161373851961	1.0062021234929193	2.031406820568685	1.3896431891774916	0.0076462804466619315	0.28845725918141235	0.016661134333763296	0.11155406248566878	0.0010923321352018863	0.8585906851828775	1.2565302215300902	1.9762675350322167
E40_673	0.07296722812557394	0.012565104103894541	1.2345116854488198	0.08118973066332187	0.02719891659340969	0.01054102113220362	0.004922789568860219	1.873331525137451	1.4307978281030176	1.6744463540571548	0.002191181628786054	0.013642859548252631	1.9799792687774955	0.03508362444630242	0.007144923076780445	0.0015547158876631473	2.1727513287165903	2.26425989859058	0.007805694546669012
E1747_204	0.010228157094315866	0.11641848420443132	1.8134758879307653	0.000201888201352246	0.03296483713029121	0.05662198202758456	0.005122116087686288	0.00016093083049607783	2.5536704982499425	1.5907650315420985	0.4594043227632321	0.030305935427707806	2.0445994948490958	0.004615783200088917	1.2007611392448192	0.03493922196194866	1.4881431897684063	1.7961127709285325	1.6870000959477074
E679_193	0.00943213832401358	1.2766088514985865	0.8805421430859351	0.09801319980886314	0.02796706077846724	0.08299590197878981	0.001713203336067802	0.006464297461884889	1.4766968026962417	1.8206216093837329	1.3365265396747392	0.015232121198564152	0.9243032827075248	0.08899581036435397	1.7562025072171168	0.010482246159152615	1.5100511211564134	1.550097092773118	1.54409428161161
E1015_66	0.09215194334332598	1.9594525497659017	0.009019696909959306	0.00010042853017182133	0.019539301201391072	0.0059623139984605385	0.0007415998207668188	0.029871126800103717	1.807993749484213	0.18954169615981512	1.6462764779180232	0.009122416147515813	0.014968060909490143	0.018076866355771028	0.008152308746273939	1.6635731715150484	0.049059162207952416	1.983141421868967	1.9894568237063917
E1268_782	0.008977584476496771	0.00022472214217968814	1.9733555211063285	0.006825919585419332	0.04465426958860245	0.010352925388408596	0.009966161609791968	1.8049081946397667	1.6741748807058532	2.456313373540464	0.011820447587168171	0.03292643431388252	2.30034327007304	0.038429296557471966	0.0076071844422710205	0.02359273754524361	2.357351296059031	1.9780634896437848	0.03630739820471218
E325_372	0.10111775333636816	0.016489880274985047	0.028008734865914625	0.004971651443889554	1.4227879969912487	1.7903849743265596	0.0750038147489825	0.002498142201270816	1.8090826702021483	1.5496197204931317	1.283042812808222	0.008242375607978641	0.016156949190465883	1.435081045285962	1.7128193442347035	0.01669264743277699	0.021479715727255242	1.8293133902044032	1.337989400518187
E253_760	1.8411263751544988	0.004898403407208025	0.0005994528258889553	1.971931592080174	1.977009430296481	1.6182198217550243	2.0737699591915977	0.014385968158366775	1.9910058204285088	0.03169461262907625	1.8290927192430464	2.1853492136715285	0.00546146838955965	2.106592962628617	1.8001591597460005	0.06887100156856826	0.004564478597492058	1.6888179821737452	2.0264181435708206
E707_579	1.8265219949957645	0.005653901593345778	0.0305977500100118	1.7481212814838225	1.7969379132042311	1.9609117044825235	2.0426273420497827	0.008410930446677834	1.7551492299395262	0.08726989567184867	2.070098137049442	2.123910303200061	0.016813572656889268	2.47294965458837	1.4492994071597656	0.009372507981470057	0.053948651717433516	1.6746612636171667	1.57255921201338
E1527_759	1.382120152770532	0.0015582769830632176	0.02864018572428648	1.9056394851431453	1.943156846865264	1.818543464307172	1.950388958969412	0.04591578502395421	1.6747706775649371	0.02922189765492149	2.130507921061627	1.7466771838703212	0.004193207846883061	1.5790467730175517	2.047714607989385	0.003676323486133992	0.011136464469343231	1.881458275080412	2.088965779733441
E620_160	0.10362006336916424	0.05309372939736482	0.0163834400485559	0.013226324915159814	0.00015130938081703727	0.12530759004351044	0.006902623158515352	0.017814965135555364	1.5751714430267023	2.2769314390798816	1.5841349006358192	0.0009189406773836538	0.2367497734579645	0.12444556868175027	1.7192054222023638	0.003119451867992161	1.5664527654300189	0.7670830413627702	1.0485901173893946
E1906_525	1.9695341081948399	0.0012501189098225052	0.04704904472327673	1.5876111141193463	1.6297941350425706	1.6317391600656916	2.5142950650758005	0.001074174539804738	1.8963580676619969	0.06353398129623608	1.619835531684345	2.0383857381538464	1.4130426049547425e-05	2.3565769654885957	1.8381664870953656	0.010102216293664588	0.0029641626421170572	1.8071115194911391	1.6317660756348118
E1950_743	2.1874275429802617	0.0017442388574071873	0.00712773667863388	1.9821022865790487	1.7811737255306628	1.7590973479153384	2.161649652963592	0.006765214567279489	1.886525794197026	0.0010897407667397883	2.296773511239161	2.088228807820065	0.0008209832578047598	2.0503125344871442	2.3900743227150296	4.6204290992774703e-05	0.0044842600863059575	1.8374377349535649	1.7688897078425423
E1409_472	1.5570130265693485	0.030392381905557368	0.01491854125360794	2.237070667084612	1.6615249035185815	2.2265711016658627	1.809041915515537	0.031604375220490324	1.2458680196883392	0.011223656885927788	2.3897311542593123	1.5699075596358882	0.025487387371246808	1.8006072185713595	2.0431532680308173	0.006433353457921477	0.0031528916129584805	2.4948796667552364	2.9485145458410846
E754_264	0.013819024265682172	0.10996581738970257	0.1597935180921308	0.002209847851260116	2.0413944702644007	1.2713626374163092	0.0003995893400593201	0.3118109736750305	1.7035945313992895	1.738723068056871	0.14329006552658108	0.004047432545696922	1.2728013060417294	0.0006582504706642367	1.2978397759839742	1.4722019171931809e-05	2.1318209684413074	1.7664428123855098	1.6920297623860974
E483_676	0.00878850815736483	0.0024248209666945953	1.5458568385889764	0.002044312289500596	0.01851100346543193	0.0023974461107645487	0.0014824058074386804	2.2213586485544066	2.808963804122304	2.0078920143048644	0.0030835638091320497	0.03587239648660892	2.035197665986801	0.001660510359812202	0.002172090652934804	0.00630965738862065	2.2600978518478727	1.4771712913508663	0.06752424942699173
E1932_340	0.004298150314882831	0.006349490788029955	0.014955033176399976	0.0017468641602458265	1.6194467246329174	1.8462970206353333	0.009017105592284757	0.005388628679275585	2.097055551400385	1.9103545227036247	0.05356214755047834	3.9262633106117856e-05	0.11978114892183288	0.015131256878788009	2.138429310847176	0.02451272390620373	0.013642805895700008	1.7892064511328871	1.9526291666421376
E240_270	0.0063501390626583614	0.02867222977621797	1.6371598562688972	0.005537945978815725	0.03997187938427098	0.08170993441145649	0.005791539136705709	0.003219552799170043	2.2856677732815607	2.0246414269747066	0.5949107865739964	0.003668997115357056	1.7721807870599495	0.008784014834251086	0.0540163549909355	0.007849192874385744	1.3879207863575955	1.7022047532584357	1.5169385693126352
E760_312	0.0012247955223818028	0.04081402478547376	0.0016770257984602445	0.0002658429264568551	1.86625558921886	1.7136147791252658	0.003149099541516253	0.02100736907305932	1.6625533638284755	2.044104803757405	0.004957846158865203	0.0333434276950666	0.3964967496105937	0.010236350820724244	1.5584217596408525	0.008514060773055599	0.1589559161409592	1.4489529243959285	2.0434414887072907
E867_84	0.02995500110537637	1.5867677714417263	0.0033459438054828264	0.014052158526000804	0.006120070516437509	0.0011613594029632435	0.003580664750313152	0.006362522250233378	1.9602969142541384	1.26716416849706	1.9263784744096424	0.0006672449243912043	0.026891037451688526	0.003993535993337878	0.00549177373143734	2.375142705424348	0.4345962630878736	2.0524962911763813	2.085412772941367
E1554_543	0.04578439187616457	0.0005814974620464232	1.9062118680116171	0.0033357994030894364	0.004916233711169064	0.001396514484587208	0.02773800442048182	1.487714928525737	1.3894968782236297	2.0652445261335126	0.012107197699511955	0.016961368548998546	1.8797757686790848	0.05696907819071952	0.004534421597821562	0.04651639195180502	1.7935166917499326	1.7620574516097858	0.026568769278622933
E642_507	0.5893464493100508	0.0006586312171860385	0.03158974505970792	0.6053027978446623	1.1483491591433326	2.4849911472316606	0.5643895806029395	0.02808043923857608	1.61021372523128	1.261127429104123	1.8915255924346284	0.6468693590016978	0.014516662941416581	1.6691183122772395	1.7781464344710984	0.01838527327039052	0.0413510752018057	2.2261270425233732	2.1313910452589657
E1157_219	8.360315701528339e-05	0.05429670729578151	0.4752319862225008	0.009992691455191195	0.4869828178847791	0.4586359796323973	0.005756819882281593	0.047781997687878025	1.9938995725472453	1.8483838908994843	1.4309508409670435	0.017704704540705395	0.2973762952788329	0.17987599825567205	1.7717218053811337	0.02615706683943756	1.7702251518595302	2.404211693936054	1.8644360196166363
E1919_481	1.960634590122709	0.0009801342723471732	0.009989035756888491	1.3865969742580386	2.1128811209597385	2.457023380629032	2.1922990686517383	0.00041165764173856957	1.9846041233135143	0.0716399262384422	1.85875099380481	2.014858930173544	0.011458039746459248	1.1910172188646964	1.8482200077416324	0.1622741392608058	0.03692638020326512	2.185479338923645	2.1939429627090625
E1446_711	2.0204575054768483	0.00505004339687767	0.07256739844682694	1.3128777352516523	2.144943589351294	1.9035958655155312	1.4425209442819982	0.006676752468661864	2.0637328943358297	0.0046597148658557115	2.321193395803176	2.0143733714771592	0.00863267986467504	2.1507092305810285	1.6599727636760233	0.031636501844644636	0.03356978039184163	2.27702699288721	2.2779565587918773
E260_688	1.6352970136742917	0.0019331131730557594	0.004263470138244232	1.5651609690865582	2.1728662966465024	1.4760963465773889	2.20135550577503	0.017618644048425915	2.4363407286946086	0.22044118307080546	2.084735404596488	1.6840761812453693	0.0012563215001085769	1.6666939866979626	2.301028547398285	0.004996830922068594	0.00762042374469192	2.087974903668981	2.2524573220240973
E1444_36	0.04449489887426728	1.4520062085015892	0.009312496464237327	0.028276001441152814	0.014117498999129691	0.006750905582499826	0.03067876011727305	0.002517060740536198	2.0662765173404183	0.004338084069855141	2.0332011931771232	0.034097400993326324	0.0003993764675904936	0.004797288730500214	0.03475262885132092	1.5364465128021814	0.014617974700780762	1.4829931731415886	2.1862034143960947
E1597_413	0.00323354208147508	0.0047932123031707114	2.114898038890494	0.06564379995406339	0.0018811821782785203	0.0038471915582593656	0.07402031431341835	1.3790830312936442	2.1503705100631176	1.7216443840697575	0.0005408892765986762	0.004186151991390737	1.4641322874089462	0.08220566247972373	0.017198964115479973	0.016245542971954116	1.6985231319901366	1.891158024586292	0.4097800683501565
E319_387	0.3982802698393339	0.005207683047412206	0.010825472208945431	0.10197564880207287	2.040786645185742	1.957150145992804	0.2344796845973709	0.04910245309257743	1.4136265432295636	1.925899991500163	1.7851731196219671	0.5387371144779577	0.03479920950564179	2.179894183995203	1.3920589513953021	0.05964315757014331	0.002850357862873984	2.1580010904915654	2.1905769020273973
E289_94	0.0008397009822201961	2.1557436904950045	0.0007718362685523023	0.010844472470852427	0.0053558338519848325	0.002788020467452893	0.0022450615238353	0.0133031289961887	1.7473248644911208	0.16922707549986118	1.8925843696074665	0.009773494799520563	0.002576099616133471	0.0007642005013144195	0.0956793001920791	0.16897033621395074	0.5422617494257674	1.6591502458971974	1.445374928936542
E1494_486	0.4628421132557095	0.08001349414874079	0.014584567315658619	0.6182265629069188	1.600342393686044	1.386235374171019	0.6555391115008767	0.05534884491599371	2.0147265371909446	1.4719605617188127	1.635539000666894	0.5276255213652944	0.002662337642432953	2.12974884642658	2.0698347215143107	0.008129605800060806	0.00978866463538202	1.1779629294934464	1.6089574755400111
E1108_329	0.02603482827866351	0.009820021400308441	2.0491240395232757	0.013109035810565193	0.008665709389108071	0.0019196890567236922	0.007471604680531388	2.0585197623408686	1.8732965238078323	1.7371837840348774	0.14089491314741145	0.0015093985632966356	1.8865595260235093	0.013427451387985578	0.051105709556977734	0.011263724062254036	1.7198974823153792	2.031629450507897	0.09162699672401613
E1286_668	0.037394312129376064	0.000306032718337553	2.20337990081357	0.0002733382195792217	0.018835712921436928	0.0056086303388287965	0.008858998998291864	2.157038379709193	2.0274914920408524	1.7997273439087946	0.004357854185579894	0.005514818102785272	1.8726011159290847	0.001754317310950465	0.0060048732072795355	0.015823112064400555	1.6135223580415898	2.251860432250844	0.02137797954494924
E875_159	0.026824617262614373	2.095659799413628	0.07282372213825546	0.06915831184727021	0.02667782401243144	0.031799061089658236	0.02553390474917293	0.02175872244871227	1.7130328394516163	2.701777055314765	1.230518599308732	0.000488540926874054	0.024762681416385542	0.016799856153280533	1.8304918403678847	0.014934830993885128	1.1134497891348878	2.3619534859883924	1.4434079689367076
E850_281	0.0016454292576709025	0.021748966596593176	0.01708913606730849	0.016958202645485528	1.6554793794283609	1.3745368994840574	0.12566095151714987	0.0016480577309860918	1.7619596939973268	1.9908821577883369	0.02243138816646363	0.013726792288965459	1.2245074899762318	0.06099699132781272	2.0192570472828346	0.006717289659315788	1.27329482945132	1.8366803019833524	2.1391182175618164
E586_221	0.004658650175709199	0.0006676627272273887	0.02533925240516329	0.006177825940532665	1.6346364617340348	1.8994249483769008	0.0044393527620899785	0.00570225121363638	1.7884366049544147	1.6773057284684885	0.8775220793493239	0.00495489242723416	1.2581276208871643	0.32104792551590605	1.7948154136798349	0.0005820099259033389	1.7326862386114523	2.0237476518352566	1.4983223078638326
E203_784	0.0048922972528390035	0.0050042674802031435	1.859188416748364	0.015804990953299115	0.06802870224266269	0.010461903886985074	0.013308665720527307	2.674010797310531	2.2454323906950333	1.6099655006248477	0.005214180058542402	0.011103845105181654	1.9800886809465763	0.005053220122293076	0.005927539165088561	0.0027566479110483944	1.5400506680559236	2.2017187909005407	0.05956805832897932
E1801_319	0.0075259891837464	0.009022446248915772	0.027807504778310347	0.005047877219349279	2.161013844735466	1.877309929261525	0.02035283711929925	0.002527249180092352	1.5602585636385202	1.8008198220935077	1.6150987500478793	0.012217778734848994	0.2640897614668133	1.0359682145926083	2.1001575219410507	0.012294353911626916	0.004398845924636049	2.305123420012896	1.2423894286330852
E313_191	0.005535776443485414	0.4955056357186165	0.8057126445085967	0.007079072489872205	0.010215608260169012	0.02352949635794141	0.07698722666747634	0.022221569788120458	1.3201770728753903	1.4535102917317264	1.5035069191054893	0.026845274368930642	0.9584551725734688	0.01935849346847737	1.9228855907165825	0.011449718469597593	1.7828665663431902	1.8067702892126951	1.7952631195066078
E863_227	0.0066121553779977145	0.007654323518863216	1.9509976306715613	0.007676315682755284	0.035715757951752636	0.11723925175526215	0.003212431449436827	0.11636120579275645	2.7585123791096966	2.1148717390263143	0.2153889666091828	0.018653613343459226	1.7028864211232984	0.0050986740016770535	0.059048455596353536	0.001778949391825958	2.9046625493588727	1.7673429190757963	1.699543186723699
E724_465	0.007941156680227242	0.012894642847705518	0.04695434228021926	0.04677959677869408	2.571012470728733	1.8552461262180504	0.048411295779484685	0.008065467462880794	1.4419341281595528	1.8126931962420472	1.5324547309006995	0.018284150785851463	0.0142411787826212	2.137374451193624	1.8116402524010211	0.001208473152896961	0.010035708855767577	1.9617806209678736	2.1708360401363564
E791_348	0.008350344725936158	0.17202060630708801	0.00835862411945904	0.002233323512689689	1.9375467711737244	2.0947150280732156	0.000584156630154998	0.011597872350364972	2.330437653002372	1.0531262663796257	1.3744380459203809	0.010941820833400664	1.971151845052237e-05	2.0465453775322318	1.7687939114271218	0.06266763208421126	0.028428063017111108	1.9969952340494623	1.6875871023171487
E1477_708	0.04751824348807854	0.002722362080288106	1.8679637059882488	0.0012512102657748366	0.055371458348170456	0.07618659860071664	0.014149470612554782	2.0077631541914545	2.792495742669118	1.886299002733541	0.006538247025143048	0.014114857268127154	2.160163592162817	0.00952859673649845	0.0012484317954439394	0.0017997520825190191	2.2951306056735223	1.8117498502586644	0.0035560212165875616
E1727_139	0.014791292429243104	1.4052149331068282	0.6563950613972858	0.002845162907798259	0.038448962199280484	0.030763378148059718	0.014642318984108026	0.013038315132451312	1.916189064312036	1.3522707064155346	2.4344170888629333	0.02247170444508172	1.0388251136817834	0.057187534537158	1.9334540246395242	0.04715237902768525	2.2635150962233443	2.5987866479955453	1.8364767139245617
E1471_238	0.00014534782719709532	0.00780337371947601	1.1306765877072782	0.004757206368800336	0.05515087039829948	0.010202483370301236	0.012618627469528331	0.01577060703365196	1.6601126471030143	1.812947042320124	0.9878240788862016	0.017471109472659913	0.9539489979283964	0.01275344142039312	0.021376427726574287	0.004870236184553086	1.8479154578952115	1.9603291559655096	1.5625576099782317
E660_31	0.025634909362142053	2.102979250740367	0.06540136889794024	0.027887347574085404	0.0008045477852032827	0.02035244827276304	0.0052689910542451715	0.03526377030650777	1.6775262655720005	0.1214272624473536	1.8490617517982657	0.00032293161562500035	0.005992296291231939	8.089355185333675e-05	0.008074548079353698	1.9089733210487958	0.015843908037820174	1.6337649898860476	2.0580502534827
E1596_738	2.044538916154332	0.010426937003778754	0.01954931286933745	1.8455824786857389	1.7091680408292125	1.7672055645538456	2.4452618455963617	0.08031779603533509	1.8488085564293424	0.15365944389329605	2.229387859527768	2.726545242422775	0.015825530103743234	1.274860773926922	1.1494891567979897	0.006345134522621294	0.04724388699509015	2.006929725353467	2.1231356842281843
E883_305	0.007313416427329177	0.030272821205842917	0.01950909154789314	0.03116179767186135	1.7026118017619332	2.029087070392098	0.0023070117108015967	0.00010228159527762154	2.370308475631857	1.412889097363707	0.0856379061834918	0.012356746503395105	1.1183826582137997	0.17721288888174758	1.5867274025174023	0.004465692437257183	1.330845201328584	1.921351506123424	1.7565907380716692
E1821_520	2.02751437511966	0.004194223142750227	0.004947068862302447	1.5887340097940226	1.3919660985864817	1.8126902669151184	1.4024449461183195	0.0010834773874376542	2.6964213092632305	0.03997637033854555	2.425860769788478	1.823381273919048	0.00761444435622625	2.6903158718873064	1.894385760738288	0.01696016062694234	0.025775749810047214	1.826132747411155	1.8437354925151908
E1576_263	0.0010716947616844757	0.08285707922921927	1.1570040085921505	0.009472046116440369	0.009451906325730806	0.031295239679582317	0.007268259832802813	0.002968409914175554	1.6131477745098424	2.3921869127594904	0.5093569680849127	0.02576594854302785	1.3586339552338909	0.030159866128996606	0.01612016003735419	0.012946643769749518	1.8567827293402903	2.1838332586520672	1.7533154125040191
E846_129	0.0018913378768415203	1.8217644279165288	0.009990877337251566	0.020414531050488998	9.062496038358504e-06	0.024969202800477104	0.0493241974483318	0.00786282818784511	2.1944622033046453	1.985201742142065	1.6570533847599742	0.03553984898921845	0.014332455526302312	0.01630203805446588	1.2584160474223158	0.049014557772083925	0.5094165813024423	1.95928476069704	1.5360652116365119
E907_189	0.011832111064729884	0.4585888048108864	0.04225040691106592	0.02195974294971753	1.2750408527728925	1.762465229793895	0.007198284966429402	0.01738988707522934	2.3120601822172206	2.387630570177051	1.2256155370101025	0.0054998536809287395	0.8762732818001151	0.5702018022431271	2.3134320014898133	0.14235486532058472	1.8661844660540603	1.8481399688343432	1.988691072286848
E1966_685	0.007281186656541302	0.0034057219538693386	2.114314750176155	0.0031982648045260874	0.02288104922977409	0.0007719226891724037	0.02775833104182404	1.6907813921061972	1.533988887186015	2.0955446477793345	0.008044696924395583	0.006501385947413528	1.9781531289105927	0.027528207557919845	0.002782623868745539	0.06466324151004943	1.9398116655982431	1.9895867735299149	0.07490184197492188
E447_357	0.02087313968761216	0.002787453369076384	0.3982970526126326	0.0144374674507743	1.6175628549099743	1.6603347229615155	0.05966973820361152	0.035371724539094936	1.806628677866044	1.8323487736324269	0.02899211432557868	0.0003730322624064949	0.8604910518755583	0.08956853387563651	1.99600394158408	0.018758765414893342	0.7717482408795504	1.6910539382532832	1.9862001082157887
E1907_605	0.010042618776104413	0.005204000003151491	1.7641266425811877	0.016357227309683732	0.013783700953576757	0.017932161726958357	0.1547945391245093	1.5506562535682535	1.9916021334953515	1.7758894623365662	0.0024463615061876827	0.028767879975704538	1.5868676994127369	0.03824954629791368	0.035918870439479667	0.012343713076309566	2.412235385447464	1.5300063912693918	0.009898358160679393
E1525_209	0.04160173210903828	0.03813022589062723	1.45136023079263	0.003084428343295029	0.009474117490313258	0.0309668965651807	0.021872718411786063	0.01744654342301399	1.729228299612574	1.8241073364894989	0.4944483812349941	0.004292056390751232	2.238821279733111	0.006932838724136831	0.027323825689145	0.013587640037199296	1.8787352720014248	2.3809852487513217	2.0442032173523814
E1589_782	2.007376280100837	0.013191905389210641	0.00482216354803745	1.3289125100138492	2.303997162458903	1.9177111694812143	2.103118286129061	0.09820563769722596	1.4567703885321082	0.04557586808731014	1.271936359716253	1.865603797313788	0.06751935879758714	2.078951098565064	1.9875698783168827	0.004948386719386711	0.08882127838834264	2.0887539931669945	1.8943757387972364
E851_589	2.19397339178494	0.0059602806429994975	0.03816399030859748	1.8947243713639241	1.9833149641753112	2.1076949948262294	1.5515452338349904	0.04890078088533737	1.7157204187147903	0.0054744233156464785	2.1042045426286564	2.0668138943801897	0.0012439218072755314	1.6775455715992167	2.2036878966104325	0.039409810443865836	0.02994785484981065	1.8165110874703485	2.0334228256881275
E1531_561	1.603405401702272	0.010037403420703176	0.00015137703670647915	1.6299475334858795	2.183717583227777	1.0348455212739496	2.098114656405253	0.0011587524034335547	1.8252276054068384	0.011034645268165687	1.4298045934848884	1.6095639306568672	0.06875183463809062	1.9307238623986849	1.9045798085350103	0.012679600741382314	0.0015203538159323567	1.4713771619601257	1.4064810442204687
E919_233	0.0016864719985628847	0.4701748655983488	0.5721247119225544	0.0010070714998415414	0.2848735423045536	0.234498469457086	0.008940459125501492	0.029088221504689232	1.4575502786295187	1.4230861532213586	1.2089177579791732	0.002085911073252236	0.7785984609952167	0.44530615258164014	1.5224512672380732	0.3373204029109405	2.8190938570876107	1.8560645314845203	2.1922336666936086
E1499_441	0.0017041290908512599	0.00018964946865913647	2.086488088319325	0.0037238480723468734	0.03067999747810995	0.0028358529874851213	0.005024162819315425	1.7626560360832686	2.0052371498340107	1.765817907494228	0.0771542217553165	0.04004724655236309	1.8085411216713645	0.04344884725676945	0.0028836994464003863	0.001159012106186406	1.6748461131022696	1.6477057662616774	0.0015803274308858026
E888_745	0.009092216593893698	0.03819251152063932	1.8283552924013529	0.05629718080738931	0.01697554106200173	0.0016471010935758324	0.0021734081699936415	1.54151665257311	1.2018726538958349	1.6619180832780656	0.0189639779718294	0.0050112653567658035	1.7306290397288344	0.0102627907980281	0.0050429746498251065	0.01283317330875706	2.134600381070142	2.1690996960246016	0.01737113597227138
E294_337	0.025518474072931747	0.007472242682712047	0.01731597900528025	0.0787263081884856	1.3848275797289502	1.466620917088815	0.002698938693246629	0.0020717152120723684	2.1012359973059964	1.2727933132736202	0.4821124895890477	0.006042959120187782	0.08805172638188152	0.10988889011395016	1.5890794404577264	0.0005363837068637206	0.2263085802349853	1.922398690674073	1.5908497069115546
E901_602	0.0200249255016777	0.09566850291821014	1.7765750619671197	0.004167514464135399	0.018779991051210674	0.011647140597680398	0.034967371320062224	1.4445915546428816	2.5965913195531116	2.237506523505621	0.0002971183142447078	0.004506321211601407	1.8236512606125053	0.016076833237490658	0.003291496663478293	0.0057916533155882785	1.8257261383131185	1.9406472351308408	0.031917119495042605
E1984_54	0.03938664750067256	1.826098780211328	0.01804547950764089	0.01678773521757425	0.014142106419647991	0.0008441313450762177	0.0013920411560434706	0.006114173652525608	1.8873259684169224	0.10001007290412504	1.8033731383876723	0.0025361413067491877	0.027101677780739623	0.021256547759012853	0.05252197808547633	1.2156453183771023	0.008800223860887236	2.3109460162430366	1.602518471730907
E198_605	1.4935762454189059	0.0054049820371214795	0.011006346048770163	1.6019776448854712	1.2818254217709844	1.8813753009661167	1.9115322410296425	0.01602297677805126	2.0615287709430907	0.11295563370283004	1.6885588923536154	1.6650497416037764	0.0006497950251228683	1.9959199420699991	1.1771634658959316	0.006248295538239173	0.023391180648844045	2.460311982003139	1.6304314818311745
E302_544	0.007939467525424838	0.01698431762460002	1.291134221560691	0.03674050328654176	0.011123472750413551	0.2625906444252505	0.06046566177496784	1.3851518772343896	2.412348408212284	2.566279000850036	0.005118308635607971	0.005420375733301004	1.8698170253577557	0.008823623008505662	0.006891210566720648	0.027418106090965386	1.3904699440157664	2.1036942967809416	0.0052504992023534106
E1102_413	0.0003322530470332426	0.0035793984527057905	0.028458919289756662	0.0005137925644197381	1.4380237379148326	1.5535344118942318	0.048011828999370385	0.0006284332914838421	2.0811026276017444	1.8202603185894488	1.7529994206470083	0.006198506340145207	0.034193970871088115	1.2417776185331826	1.6325361318892613	0.004868099244634629	0.008116321853954365	2.25079225206992	2.0288162453975818
E359_589	0.003507635793282074	0.01134670574237668	1.7773981239405001	0.0011110937133848294	0.02375201008429735	0.002186095292143379	0.0008782062273030223	1.6786398646335547	1.838103489362344	1.9343208832401504	0.0021096171097756554	0.07490749731202911	1.715740777126103	0.01859674804545753	0.001214044969151935	0.09418543769823996	1.6590107377328411	1.8782497069985389	0.009348320349740438
E979_99	0.0048565973168408615	1.9764866023181482	0.03763028212878013	0.0015203351151831085	0.02742042525193574	0.005854314215193399	0.045113516515819074	0.01917933690677253	2.0693891728865474	1.9672035671425017	2.567328362588643	0.024346626772935226	0.02190932668173665	0.004167873383590632	0.9389771409944312	0.5509471950976106	1.44891463924132	1.7181942657099216	1.9663178538840969
E1812_471	2.086545383797279	0.0003273603643025326	0.0038533501698151634	1.382673514805774	1.9124213049548209	1.6209563074707427	1.4418036001388048	0.005252733333715893	1.9337815356824968	0.11451567666864025	1.3035329775319695	1.9030850466933549	0.017044049751189963	2.2850292540648702	1.2007155231456696	0.005510216803503847	0.019700650554463118	1.7083376194788218	1.8703788959035093
E1899_492	0.5738116727734887	0.06785211211559733	0.006282906300767636	1.749068641593829	1.3911052665156345	1.925106041078661	1.4643031634119037	0.0015492081191159795	1.8730952507873413	1.3890649602258287	1.224184912375332	2.3521660395738206	0.06814676497456329	1.7798352247205025	2.4107784161854005	0.015239158532900926	0.14013390682456084	1.603867220021692	1.1147569082855509
E366_177	0.0008371447989930888	1.9012190681572376	0.19762297415201616	0.007377643687664716	0.03652542459458065	0.08539700756426508	0.04718877218001562	0.0422036559088283	2.01136672542177	1.7648930738009392	1.7427798074300682	0.005598096304228861	0.3299785879490479	0.009629581597428535	0.259982768687941	0.9375232439165544	1.9657701088541109	2.383688082000406	2.1236001230461894
E1621_477	0.00011142526106108936	0.003573397405248222	1.9736341646274973	0.021050555119476524	0.016119274903356986	0.05818644057070159	0.006078727480165106	2.0497247051838468	2.4497361691216573	2.200186822943196	0.03784932749209506	0.010346677081077085	1.7212402749443552	0.0198197719111372	0.017096272288142426	0.013145611437262577	2.392033224566936	1.7515213812363148	0.05724804760552495
E360_166	0.014889068533238282	2.0037714092246652	0.09643562226041194	0.01785326071748122	0.14530277085047805	0.08707186796862085	0.0066877123425101185	0.0039923385386209645	1.4094838823568832	1.5344626953332563	1.4484615456917085	0.019046199743756043	0.11132061254240776	0.2087727892461576	2.4298965151229837	0.1070067618127742	1.0978902602161396	1.2841341773757364	1.6319586377912634
E1516_277	0.0045510905987960005	0.005457771129414211	1.9015847059206417	0.03301927545071163	0.028009535254554817	0.013043724262331486	0.0003764739984856583	0.9336117375282936	2.019492928007144	1.5074217481080587	0.07172630351809034	0.007688088581806231	1.8273427577179724	0.0015304346511330873	0.004397733769012743	0.012282096004444885	2.202348590217611	2.083877077077299	0.907601975912463
E78_359	0.002403086534368341	0.0003805434234541128	1.486150706742235	0.009144741534717091	0.013377104060818178	0.00018701469396594224	0.0065761255661586394	2.017726254614454	2.165118439965931	1.7128326635002111	0.10937092261044462	0.010446665996300229	1.6481825034227002	0.0011147544758424617	0.05157801519801515	0.007843604607174173	2.0557950448835784	1.4827219420039974	0.4795151505351677
E94_27	0.020516012035825204	2.0755958058160053	0.03855854865529459	0.0035497258945001134	0.0019466662839983735	0.010317616859877777	0.0018202508615671321	0.0004706032990765757	2.138056478873008	0.009617055296387641	1.4033114652627172	0.032242220687138334	0.003391722142546481	0.0896003822780389	0.008329004969795197	1.7670688747420464	0.004783652512375392	2.2057274436591827	1.6353274495467989
E1344_166	0.01721628854001469	0.18664180532328092	0.006489332012044981	0.01651878890319139	0.4655604535750171	0.4879782435122103	0.00585680099570601	0.003243822453528205	1.8433859137649915	1.560305007148039	1.6003602232340546	0.011611455043172469	0.007517741563379578	0.4277192779040506	2.00197407960737	0.0012548994567507955	1.3669827458533534	1.2821246007125129	2.1793789777632298
E1482_282	0.05057210138133282	0.07577808150819224	1.8749517412002543	0.02303549034059133	0.07390624624679441	0.07402349337646591	0.007703838211476942	1.4262764768325915	2.019028717915489	1.7449872540446272	0.6875868184994179	0.013756413958225704	2.242896718270448	0.0064670995828294	0.013978481695362949	0.019806148974363467	1.9421316751497268	1.91386398934638	0.42572967465506106
E1209_303	0.09129563593827658	0.09638728204776796	0.024255912763148868	0.10413720039750883	2.066809579062196	2.3955883963279816	0.008621041674491603	0.0033974502870145447	1.5938883254884146	2.099512656963058	0.008130680869641237	0.009555343577397278	0.2515544126028246	0.052691505774612936	1.6492049444110937	0.005895260202256872	0.09448969523933597	2.295075708437588	1.7442669600725973
E1323_524	0.002646755669328702	0.007218839573421198	1.538227709560812	0.0023057224389194052	0.0033080558896979827	0.0002955220706709287	0.034116971150013206	1.7638505634387724	1.6408984101521238	1.7736405241949658	0.004966701098915921	0.025811622011161328	2.4274206949757016	0.05464871505998931	0.013948396234910277	0.03227510119452417	2.0933996366262018	2.2448644884219373	0.15576569285584888
E543_222	0.0012002816754951085	0.058131046120770476	0.006772060902060624	0.04626109561525685	1.4170271776547043	1.92630415066859	0.050539916616292674	0.004931373766659909	2.031668271372436	2.095667688572746	0.2980546621387952	0.0067428109398460214	1.3471851240611101	0.14959606220001273	1.6704019532647902	0.002727943491566785	2.3090884305009585	1.868272848667344	2.2694011337600384
E720_339	0.01331086570401285	0.002606412862489603	0.16163880200446187	0.016701837897757955	1.2733288713281787	1.8426407484967158	0.011430103840972157	0.4454553338818151	1.5527381630605754	2.228011318167767	0.3157166555795429	0.009337540713848465	2.182098640379861	0.10526859097970134	1.1815099912642728	0.0017162077613011636	1.8844183126515792	1.534149977301592	1.091809766975037
E1949_374	0.03749651752568409	0.0620733769279749	0.034427056273483844	0.007208407778933629	1.8460737439839945	1.8992080575730568	0.01635946841372819	0.006560745038617064	2.321140859196607	2.0468855058797484	1.8032423859825413	0.00192938273579162	0.0685186661120315	2.0775233796383663	1.881408440410693	0.10982877655881804	0.10993603072932888	1.9986057304451816	2.218304766697884
E220_263	0.0035032144723833487	0.002917239230657389	0.010202483446688265	0.012032502116644098	1.6282638446130542	1.4504509208267231	0.013869676983962066	0.021612831369047014	2.1531162055438653	2.067487821115193	0.19495919436518488	0.021977494575435567	1.6436995628269568	0.039824759765316575	1.7836148050950336	0.008017026704536953	1.9275019282804284	2.295971412492265	1.9217150552890687
E1381_647	1.2622062436780754	0.01163453250731868	0.03223152336176033	1.7271013748946824	1.7930616672479276	1.9707164134017057	2.116646647909807	0.013164573310929508	1.887808709734736	0.1249738948862342	1.5223355832690697	1.7191890570884698	0.013728273415510785	2.031448901149611	1.3101992325642535	0.05635355321964033	0.000180528452426076	2.1017705144730083	1.6677528817867533
E1458_5	0.026293829893021724	1.0410157409194454	0.002689225803299878	0.009473939085938151	0.03984855843666639	0.005455734064930397	0.006261863336665515	0.005723840590723058	0.555381900089085	0.017698969352328002	0.7422614610758753	0.01069247730444303	0.00036968599350891557	0.0048615852052646255	0.0007534139084554919	1.6081478520628587	0.008552524804541188	0.8489374990477747	0.9153406741047724
E1876_57	0.0052995829696273755	1.720780089481515	0.0011240286183151612	0.005523050200528074	0.035263665233647434	0.001257718362206011	0.028328670892478175	0.0006603488672957562	1.841676692351264	0.09815822389356578	1.8110562711277085	0.02931594084386995	0.014848341334904732	0.00621484168644008	0.017975532512652933	2.0530508431878105	0.01655267369839241	2.394379776191043	1.6044060771448017
E111_682	0.022247500651854445	0.0018659209269748047	2.2591549078650424	0.010903291324699927	0.015005148151378182	0.003841375490945436	0.009356617946971912	2.0073664069546404	2.039553600648152	1.5993269916874324	0.004760279133919154	0.01582916184085005	1.8496109131788483	0.04206410981858712	0.017125673661332923	0.0005492753018982865	2.5011337454934166	1.5266831491526782	0.0005861950188794124
E607_494	1.2528122658631116	0.11740479123464495	0.044619646793682716	2.004916044651471	1.4964844384626874	1.6407839125691055	1.3972747962643142	0.0006641755973332501	2.136131473686086	0.6364197716231884	1.9244852944922408	0.8915359470064925	0.0013999212435773444	1.5613965919824286	1.584340945871439	0.0017347182984138376	0.01080463230307925	2.0387828852500025	2.485667224318146
E1451_242	0.009049613405032506	0.009070390406975192	1.6809945801774857	0.02686351764255053	0.00360815580273017	0.006527242866680296	0.0038397959470584586	0.003883033422431053	1.5579025472785055	2.4764277689313654	0.0821700027431424	0.02501291087306451	1.8004632001245306	0.05063381093531802	0.006712152811312154	0.004255129830466836	1.4505492474693809	1.4150741501914503	1.1823006947623853
E1029_137	0.0029423299827066323	1.598744753604374	0.28288072297312744	0.0002868307955076529	0.00433827695989583	0.015597005437924074	0.0002491648189695221	0.0029889929052299216	2.3069759409852417	1.6960612437773392	1.6538564568296799	0.014637869175274888	0.2767457055321139	0.02563530916764997	1.2179531522085	0.6500199940781309	1.858914566886332	2.6408047501275096	1.7713483433564332
E818_789	2.4751452811544685	0.01713052601309415	0.0005165887600024273	1.9432839935966368	2.021153683087506	2.0623277038095984	1.9088655580429748	0.01559411011773284	2.0323178636877395	0.004177712750138739	2.007798790310201	1.780469350114685	0.0061099330569946144	1.6841292327369806	1.8393800417336923	0.00747164732262697	0.01304381547930392	1.6073909765181518	1.738039327596518
E122_480	0.009727882452172706	0.006064183387314813	0.004759549174464039	0.016713730168645462	0.9539239217772773	1.3838208978538242	0.008053902352413031	0.03787424294758463	1.2905818677324477	1.8396317315658213	1.517906220767816	0.016707885226843015	0.07100712245692857	1.1038206618387931	1.4146415404816544	0.01739866305024119	1.2694608292177167	1.5034429353271714	1.9444452150093443
E275_470	0.17336153871460205	0.0015818376666029961	0.023023312508446026	0.16251689389457366	1.5962186047868905	2.9384548915461988	0.02676056978019686	0.0006164936473915398	1.9626326812148625	1.9709422924818585	1.6020998313790118	0.061953270964452786	0.001282533101949247	1.9761160200180432	1.3447077169598411	0.0229064874463756	0.040944236647595805	2.0523026190969853	2.5591799986343142
E1807_581	0.002642269712029605	0.013142012314811607	2.2777995441640497	0.03287744787371853	0.037273238310907	0.004712239472739829	0.008245429587856064	1.3229206670472722	2.077855534540614	2.1149503638031604	0.06993141394747293	0.002693685422348803	2.540540164430958	0.002150585247913343	0.11447333237010116	0.13387159398039386	1.4868332243815507	1.6866239705833213	0.039951012361958686
E1514_478	1.2247093274226943	0.0016016081635023527	0.0240397443407072	1.6757052560205858	1.6397192465037298	2.397542711854173	1.5242046527519555	0.003421388961935589	1.6769851114495988	0.4995335752248124	2.369965446814976	1.5885287253701608	0.027863895528903608	1.7519024690817335	2.4720973896935865	0.003361357850649079	0.015244898308305463	2.061955880767561	1.910685721532301
E1338_8	0.01189861138811058	0.9461724741713022	0.02457573498468933	0.001496472489889893	0.0015467040845951099	0.006212919201004778	0.10862342530756663	0.02861810733704407	1.039534602765484	0.0021548962051554394	1.2560999546182845	0.0030323750914255107	0.0033091745085393697	0.006509581936659618	0.0038120305160721374	1.3762906656318354	0.018144787982099987	1.246971857917323	1.0006053954257
E1841_164	0.010964632546227268	1.0822490201628594	0.469788878781611	0.006831215789509164	0.013535333027081028	0.12180946500389735	0.036951132830819855	0.006295225409691319	2.12552874669328	1.6651486609816948	1.9112763766129843	0.019524831685349055	1.0127225541395068	0.011142621563265679	1.8982837479890944	0.015080123804692768	1.4713964770311512	1.8258884675441769	1.745015512660046
E232_171	0.06447599251016134	0.026020399889871045	1.9903825039927707	0.008061223485438791	0.0620302453415708	0.022900994692767792	0.009944673512119851	0.004695986437310272	2.1108653092309195	1.4966931892888415	1.6809162980174843	0.004732807931434871	1.7930709824676023	0.009785408676435542	1.298473297210587	0.0022843320034927053	1.7742648263036656	1.7917848697013463	1.928227192159151
E1733_614	2.525588784234132	0.0027670971390482326	0.009577871247228337	1.6766337489797567	2.078555577799794	1.4747414848021951	2.3152241660914368	0.01694359791896535	2.4607620506302967	0.01839372220712452	1.9657200162203283	1.2164567870025904	0.10765590018223896	1.369168406243246	1.6682542292422056	0.007033996822165352	0.01181150172532107	1.5378495551723963	1.9757992592574023
E311_373	9.838772185792728e-05	0.0014514028463886721	1.7194453183285492	0.0025081191277023874	0.0009152885938306248	0.039372283144896485	0.008966823407806336	1.8264423082367358	1.2419502623970384	1.872701926078824	0.004794286023288869	0.02666899346342453	1.4422348956498632	0.032723108672996916	0.002371181333456934	0.0063034526845243	2.06751118583049	1.745460790163493	0.015314590799665859
E1683_48	0.00012245398067334541	1.437672472327725	0.0007970867039647682	0.03674375015711226	0.1034083987951237	0.001716190243853135	0.004480015052044727	0.011161636803145431	1.8982260378348648	0.0033344028924166148	1.7182365657537702	0.04606407730584743	0.0705321510537866	0.00552221881662158	0.008336123342744379	2.186914817042271	0.004554549135132771	1.7817174759235266	2.6191114357527083
E1670_581	1.4129076847756843	0.0242320415495613	0.03922373403154763	1.917811984043173	1.9669943298945944	1.833493233105992	2.246504123860225	0.0013480561119633401	1.8776173177033053	0.00831201066465033	1.1699248896974668	1.9408973489440209	0.010267540549151643	1.9876537680178248	1.6302114553773417	0.016683120327611822	0.007416212874427645	1.464154354498998	1.957157234116276
E1305_184	0.007037757085335836	0.32800056339614314	0.0388432152753604	0.0014733015419120502	0.2985883117272444	0.4978753572907471	0.05019304749723176	0.03385354803646432	2.3332274993012185	1.741049514720954	1.894731552316801	0.0007206190985618682	0.1027582705714535	0.342987506343986	1.8084155344264727	0.001773312959868571	1.671024564901031	2.182129769119696	1.8241719242526733
E1939_37	0.016079644586800924	1.5754837918019526	0.007074846089714055	0.021130883562143613	0.0036875458371332494	0.007767095917983392	0.033241869892417265	0.00421524124828826	1.6725982542941926	0.0035584114464453647	1.2956730758560002	0.05471949490750872	0.008152417000462828	0.008262184809477704	0.012702485548623537	1.5428552488037341	0.005355211110159314	1.6481886444741831	1.7437614064496914
E296_532	1.5447932315634136	0.00018350601799477576	0.07471968400265087	1.5360634810197618	1.4108935204331563	1.6600557773980962	1.5626244809086245	0.01070059465200871	1.8735658074169887	0.1271639271086936	2.108752133911652	1.3231133923255138	0.003372779496749334	1.3047154192225028	1.5711763984515559	0.003214954257814054	0.11777920693718988	1.9075553766725537	1.6121249095080754
E1811_24	0.00131121596293897	1.8129515254020945	0.015473585458008185	0.04607440143663775	1.0624044913922284e-05	0.007893738371809761	0.01849477209218225	0.05562669906587735	1.5302810615459768	0.0021868347094162514	1.4519503867714028	0.009507053839689871	0.00021690086446925149	0.009927327061540998	0.013354681018951264	1.6722440727946546	0.031043001883062724	2.4208724036919245	1.4516459527144188
E528_451	0.02481076279041461	0.011110108335436152	0.03713196679071799	0.03785247653660054	1.7359536314245294	2.1805252238875563	0.06727623942030686	0.006884536697581486	1.836882943322408	2.391290478940058	1.4738952376171055	0.009345073926927893	0.009995775738912995	1.2605466036765982	1.60895839560708	0.007585117638601238	0.1370356796332895	1.600498717839376	2.1934720150152742
E264_501	1.7600806820002155	0.005266268709688479	0.0020140357180599274	2.4668935224981583	2.4536818754450014	2.270022764070632	2.167790129140973	0.036945236724324385	1.7257455559992714	0.05489220324416511	1.6238667388227432	1.9228642304337167	0.002054086235820164	1.7153608976654589	1.4955727787045519	0.06201604259380253	0.0001735595070285242	1.941292252935324	1.822478616197192
E77_564	2.423961025915922	0.008323502310968279	0.057885402058026114	1.6867778687786052	1.4965050227803445	1.7719352769050067	2.02334893912594	0.0044436790181738	2.0468136484522947	0.0014578286632766545	2.214496179067532	1.3925776488228194	0.001774606961696014	1.8175251797790548	1.757674672528902	0.012136045817785195	0.03520405620576028	1.4960258226182401	1.9120011359105185
E559_727	2.3055439409852743	0.012067956160497686	0.024276073540599533	1.7313293496080788	1.3503183603717497	1.5769180888984669	1.7580330811410303	0.008350955036805295	2.406737013936449	0.035254072373845265	2.0174210563449084	1.5102054136122858	0.030565727819464438	1.61110925387478	1.7505697482123133	0.003521583719013674	0.034478647199092737	1.901523164961344	1.6089425439473015
E602_371	0.02375035072580444	0.07820941068473919	1.6679791861400293	0.006012937519333596	0.005134650514083399	0.03211552926088214	0.01815446197456124	1.5083871886565632	1.8001062234786072	1.8909493599812144	0.0264538669087284	0.019256790891488983	2.6304940456294963	0.013065548837243821	0.031537039477728845	0.019744884258278673	2.4149308473885296	2.8125326511889304	0.10952270760543543
E1756_355	0.001716453040901433	0.0011894531286945405	1.9843717259338605	0.012167903474407226	0.006795314347069545	0.043975854771119566	0.005183325874087947	1.6514398803601338	1.443865039630856	1.7005322103144174	0.23461223682218674	0.03551178337650511	1.811481741538772	0.0668708127752396	0.010396403420204607	0.016126395527284332	1.452897128428315	1.8804254838010943	0.2430303308113291
E651_149	0.013785456262633779	1.8218595814627727	0.1296608615427231	0.0006928422085030247	0.0208197495735086	0.003845881682176503	0.021349463487746405	0.001819486575974505	1.9253552368790643	1.6273500773972642	2.0500100709853464	0.015196213499981131	0.0064782061593030744	0.017811903937155104	1.6921593639126995	0.1751513047104408	1.703842998132466	2.269455862214957	1.7757060622603296
E1377_301	0.004307281522128861	0.00029952722301758786	0.1045363610028838	0.019126311780834262	1.5806236120623482	1.850797958380469	0.003330978177622047	0.028789282842568494	1.8208915857323384	2.001252230890407	0.1114855907011389	0.006376007440389001	0.5444395208949869	0.0010009582236015495	1.5795104743234534	0.014776008093903253	0.7079632124724216	1.4627099776413273	1.368915411470789
E74_505	1.5389911479260994	0.0016088557863419956	0.0005372506566800883	1.8802353386234685	2.0307113152425047	1.4860705827863716	2.1101251555672267	0.0009367240946946332	1.4270801041667105	0.04669103989762875	1.594270138095245	1.4501844198311304	0.004065000112521394	2.263462728787879	1.9441703173897888	0.0015800782164498068	0.016760845520640926	2.238617913519518	1.6739493102523852
E595_504	1.7327792203082812	0.012056337054104782	0.00043885521314552313	1.5672828478522736	1.8960907346302327	1.8441740470987744	1.9705666689939727	0.0017755753490673746	1.7137910264222556	0.06239369412512245	1.3235397098409292	2.1526583146603504	0.008029049266793504	2.1606526646062663	1.523644276448462	0.02381379327805005	0.01775029246583681	1.5855405020579767	2.0432732215175777
E1718_572	1.2659948621981116	0.03247581884909484	0.002793998041634979	1.60584608605705	1.5551517458898216	1.8980535571461048	1.7456890234457705	0.007625801680493078	1.206980261684942	0.010187411617329223	2.321163551175648	1.855988991019935	0.03786571181079778	2.1275051438299672	1.7813437696813126	0.04672097081093392	0.0002005820951985078	1.5201705204820828	1.8625156897068318
E209_481	2.302140397045344	0.02887010268777138	0.02507655105291364	1.799410570643728	2.3696151984192926	2.3566251591390714	1.8427928019197064	0.03884206403580319	1.5482260459966108	0.15803294110783428	2.719972081150208	1.7595945453700668	0.008543257222867003	1.8132744452350449	1.8296631675215602	0.008827887740209412	0.011716497443007786	2.2601713029906505	2.0268049903169927
E1591_261	0.0008241986963999496	0.025188782729831737	0.11296780376565625	0.001560722699367977	2.236429198954295	1.7976105106476528	0.14094099664544202	0.002505383448730475	2.0138495429503256	1.1666835986176438	0.14455992585121386	0.05025637166889748	2.141841515560764	0.06440486298729038	2.008171152559948	0.049622686105744836	2.140510085654035	1.8327434783933283	2.2711966680893223
E663_752	1.6077392809022246	0.01584289456574574	0.012810597138074064	1.3440607594386391	1.9556472844693933	2.2373292621234717	1.7664357644331805	0.01749903506176035	1.4238209904790278	0.012089340434551843	2.251516966764429	1.9626780165851183	0.0013082716944756564	1.7926351044497153	1.5861371588399509	0.10641893643119768	0.006072035399098662	2.166459615836178	2.0091539969330063
E151_690	2.18072244454401	0.037239657603852734	0.012519893118741436	2.5683708280565933	2.0827947211661333	1.0420911101049914	2.147830241008933	0.0022739683601520266	1.8460843118673518	0.04766105906978782	1.6416086659693139	1.7911092332783234	0.006490243957245569	2.500145335580075	2.4068019989201166	0.04008352606736569	0.11294529854811605	1.4715758607923741	1.8401148390951525
E657_697	0.0300471859186312	0.028216522332944305	1.247862215403047	0.002000969627614116	0.07994389180946829	0.055019412988515724	0.042963671701543	1.551000771981618	1.7229409461947376	2.0794845934084885	0.11279079828500145	0.0005684483376749341	1.4991007810331378	0.03403105198882815	0.013590854155684956	0.02078927644762496	1.6435529141015204	1.4659649676319348	0.023555606601685902
E207_21	0.0286271807567588	1.3074016742571255	0.0011067315450414743	0.04038890774655038	0.02742541861159071	0.03110041046325648	0.02140609888079261	0.11104049078525917	1.6285377591378019	0.009530615393338049	1.4947757822752847	0.004745299636263224	0.030582073423877133	0.008856402213313633	0.015861009628017203	1.859638340313472	0.026728590187985717	1.5298476576869442	2.055651819115505
E1996_111	0.02063334086278274	2.0496041628801005	0.038292021426206184	0.011418341220732169	0.016232604528002674	0.011664935370185809	0.007259644845400456	0.003748708868060708	1.8670646413851704	1.701547183179284	1.8083185724362387	0.003297381859229068	0.0010297001517319963	0.00908111151739207	0.11098871814780244	0.7358496747388673	1.3086300608371293	1.9508552415229383	2.0998468701066053
E135_325	0.001927071416810264	0.0058931903134203	0.01172198367302054	0.009856241635028313	1.2704634934418777	1.8628735785790385	0.09132117832756106	0.0026421415146422843	2.3503155611144857	1.3914952654236392	0.2072724549686632	0.006918353430515961	0.14695546581598154	0.03104080672073515	1.3313860283077312	0.00034471835047079425	0.01164702703410019	1.9489747954536565	2.2549662838699858
