,LRP,source_gene,target_gene
1,0.0015025567,G2,G1
2,0.005325362,G3,G1
3,0.0029708692,G4,G1
4,0.0035526329,G5,G1
5,0.0036282274,G6,G1
6,0.0056893015,G7,G1
7,0.003338094,G8,G1
8,0.002354756,G9,G1
9,0.003431311,G10,G1
10,0.0035646516,G11,G1
11,0.0014578165,G12,G1
12,0.0019785308,G13,G1
13,0.0018470609,G14,G1
14,0.0026768933,G15,G1
15,0.0016443247,G16,G1
16,0.003350812,G17,G1
17,0.0028491707,G18,G1
18,0.0028732,G19,G1
19,0.0037407503,G20,G1
20,0.0047647813,G21,G1
21,0.004546834,G22,G1
22,0.004108165,G23,G1
23,0.002167813,G24,G1
24,0.0008146416,G25,G1
25,0.0047134943,G26,G1
26,0.0010636908,G27,G1
27,0.003138455,G28,G1
28,0.00087359356,G29,G1
29,0.0026148516,G30,G1
30,0.0032199956,G31,G1
31,0.00093721575,G32,G1
32,0.0010883161,G33,G1
33,0.0021451588,G34,G1
34,0.004763239,G35,G1
35,0.003031501,G36,G1
36,0.0041124206,G37,G1
37,0.0024210084,G38,G1
38,0.0027342536,G39,G1
39,0.0063862223,G40,G1
40,0.0042587244,G41,G1
41,0.0039220937,G42,G1
42,0.0018186434,G43,G1
43,0.0028749725,G44,G1
44,0.0029717018,G45,G1
45,0.0035079448,G46,G1
46,0.0014949072,G47,G1
47,0.005107473,G48,G1
48,0.0016053572,G49,G1
49,0.0048017586,G50,G1
50,0.0040528816,G51,G1
51,0.005032434,G52,G1
52,0.0011165317,G53,G1
53,0.001912812,G54,G1
54,0.008152744,G55,G1
55,0.0027548587,G56,G1
56,0.0019911611,G57,G1
57,0.0022106264,G58,G1
58,0.0035584092,G59,G1
59,0.0021721963,G60,G1
60,0.0019457183,G61,G1
61,0.0048335576,G62,G1
62,0.0026156434,G63,G1
63,0.006124472,G64,G1
64,0.00396088,G65,G1
65,0.0012912008,G66,G1
66,0.0028423285,G67,G1
67,0.004273715,G68,G1
68,0.00324562,G69,G1
69,0.00315613,G70,G1
70,0.00322829,G71,G1
71,0.0024581784,G72,G1
72,0.0015839753,G73,G1
73,0.0023772768,G74,G1
74,0.004286687,G75,G1
75,0.0025498534,G76,G1
76,0.004463308,G77,G1
77,0.0025682966,G78,G1
78,0.0034901733,G79,G1
79,0.0063995235,G80,G1
80,0.0039064293,G81,G1
81,0.0027155175,G82,G1
82,0.003313289,G83,G1
83,0.0007524488,G84,G1
84,0.0035075273,G85,G1
85,0.0036536038,G86,G1
86,0.0014831922,G87,G1
87,0.004239009,G88,G1
88,0.0013157798,G89,G1
89,0.003110845,G90,G1
90,0.0045094653,G91,G1
91,0.0028560492,G92,G1
92,0.0014120155,G93,G1
93,0.0030616648,G94,G1
94,0.0010674547,G95,G1
95,0.005140356,G96,G1
96,0.0018512721,G97,G1
97,0.003613173,G98,G1
98,0.0021714615,G99,G1
99,0.002431301,G100,G1
102,0.0037816195,G3,G2
103,0.0027916222,G4,G2
104,0.0016336249,G5,G2
105,0.002243516,G6,G2
106,0.001022884,G7,G2
107,0.0022878717,G8,G2
108,0.0024569286,G9,G2
119,0.0018010028,G20,G2
120,0.004904667,G21,G2
121,0.0014857792,G22,G2
122,0.0022788732,G23,G2
123,0.0018586331,G24,G2
124,0.003102518,G25,G2
125,0.0010758175,G26,G2
126,0.0013265922,G27,G2
127,0.0024473742,G28,G2
128,0.004448591,G29,G2
129,0.001436127,G30,G2
130,0.0009439731,G31,G2
131,0.0029078326,G32,G2
132,0.0032263556,G33,G2
133,0.0013110508,G34,G2
134,0.0017551959,G35,G2
135,0.0009662931,G36,G2
136,0.002330101,G37,G2
137,0.0029502646,G38,G2
138,0.0024102964,G39,G2
139,0.0050311363,G40,G2
140,0.001516409,G41,G2
141,0.0010567615,G42,G2
142,0.0011162384,G43,G2
143,0.0006965465,G44,G2
144,0.0020397133,G45,G2
145,0.0027409175,G46,G2
146,0.0023011006,G47,G2
147,0.0015355403,G48,G2
148,0.0006850052,G49,G2
149,0.00093500456,G50,G2
150,0.0005860672,G51,G2
151,0.0007515882,G52,G2
152,0.00066590356,G53,G2
153,0.0015299674,G54,G2
154,0.0021119015,G55,G2
155,0.002381966,G56,G2
156,0.0019543,G57,G2
157,0.0009656899,G58,G2
158,0.0025724564,G59,G2
159,0.0012369785,G60,G2
160,0.0020180761,G61,G2
161,0.0012458579,G62,G2
162,0.0022803796,G63,G2
163,0.0024873675,G64,G2
164,0.00062136934,G65,G2
165,0.0020053734,G66,G2
166,0.0009601569,G67,G2
167,0.0015131861,G68,G2
168,0.0018204807,G69,G2
169,0.0023107517,G70,G2
170,0.0042762635,G71,G2
171,0.0020041093,G72,G2
172,0.0032128226,G73,G2
173,0.003310307,G74,G2
174,0.00033428648,G75,G2
175,0.002283617,G76,G2
176,0.0012388509,G77,G2
177,0.0013160685,G78,G2
178,0.002692935,G79,G2
179,0.002491888,G80,G2
180,0.0034835895,G81,G2
181,0.0020615929,G82,G2
182,0.002352105,G83,G2
183,0.0037913488,G84,G2
184,0.00089778507,G85,G2
185,0.00042765797,G86,G2
186,0.001388683,G87,G2
187,0.0009965618,G88,G2
188,0.001864164,G89,G2
189,0.0018502483,G90,G2
190,0.0002021995,G91,G2
191,0.0015063788,G92,G2
192,0.0016005012,G93,G2
193,0.0014841713,G94,G2
194,0.002384319,G95,G2
195,0.0018688515,G96,G2
196,0.0034261935,G97,G2
197,0.0011667053,G98,G2
198,0.0023631072,G99,G2
203,0.0036493219,G4,G3
204,0.004017556,G5,G3
205,0.003930812,G6,G3
206,0.004023099,G7,G3
207,0.00026985403,G8,G3
208,0.00240006,G9,G3
229,0.0027343428,G30,G3
230,0.0030342464,G31,G3
231,0.0013017748,G32,G3
232,0.003938283,G33,G3
233,0.0013709625,G34,G3
234,0.002220292,G35,G3
235,0.0030682334,G36,G3
236,0.0028565587,G37,G3
237,0.0034750646,G38,G3
238,0.0023836757,G39,G3
239,0.004594095,G40,G3
240,0.002731481,G41,G3
241,0.002910636,G42,G3
242,0.0009032189,G43,G3
243,0.0019882466,G44,G3
244,0.0010363501,G45,G3
245,0.002460265,G46,G3
246,0.0016291153,G47,G3
247,0.002742263,G48,G3
248,0.0010577348,G49,G3
249,0.0015200578,G50,G3
250,0.0029956843,G51,G3
251,0.004163363,G52,G3
252,2.7902346e-05,G53,G3
253,0.00161872,G54,G3
254,0.0016732237,G55,G3
255,0.0031698416,G56,G3
256,0.0028772242,G57,G3
257,0.0024274157,G58,G3
258,0.0044717826,G59,G3
259,0.0027593984,G60,G3
260,0.0020296439,G61,G3
261,0.00052632217,G62,G3
262,0.003198545,G63,G3
263,0.0017375462,G64,G3
264,0.0023501648,G65,G3
265,0.0033710105,G66,G3
266,0.002167496,G67,G3
267,0.0027015558,G68,G3
268,0.003167391,G69,G3
269,0.0043459293,G70,G3
270,0.0014549627,G71,G3
271,0.003980097,G72,G3
272,0.0025219664,G73,G3
273,0.004651291,G74,G3
274,0.003445657,G75,G3
275,0.0018026166,G76,G3
276,0.00047381676,G77,G3
277,0.0019078352,G78,G3
278,0.0051555536,G79,G3
279,0.0016315663,G80,G3
280,0.005778537,G81,G3
281,0.0022303048,G82,G3
282,0.004313229,G83,G3
283,0.0042305086,G84,G3
284,0.0029937918,G85,G3
285,0.0021186539,G86,G3
286,0.0017826633,G87,G3
287,0.0016719805,G88,G3
288,0.002214175,G89,G3
289,0.0028662754,G90,G3
290,0.001434734,G91,G3
291,0.0023111713,G92,G3
292,0.00029354182,G93,G3
293,0.003059459,G94,G3
294,0.002152374,G95,G3
295,0.001297253,G96,G3
296,0.0012683563,G97,G3
297,0.0018463135,G98,G3
298,0.003227958,G99,G3
304,0.0027086784,G5,G4
305,0.0012204035,G6,G4
306,0.006814747,G7,G4
307,0.0040396987,G8,G4
308,0.0034569856,G9,G4
339,0.0048764613,G40,G4
340,0.0020017324,G41,G4
341,0.0036436769,G42,G4
342,0.0031501804,G43,G4
343,0.0015408095,G44,G4
344,0.00027274006,G45,G4
345,0.00091710774,G46,G4
346,0.0029227952,G47,G4
347,0.000292426,G48,G4
348,0.0016286073,G49,G4
349,0.002712249,G50,G4
350,0.0042097205,G51,G4
351,0.0027177955,G52,G4
352,0.0017767416,G53,G4
353,0.0038860152,G54,G4
354,0.0020003375,G55,G4
355,0.0016133812,G56,G4
356,0.001866385,G57,G4
357,0.0014509555,G58,G4
358,0.0047687395,G59,G4
359,0.0034769913,G60,G4
360,0.0044543934,G61,G4
361,0.0019102679,G62,G4
362,0.0033132196,G63,G4
363,0.002621627,G64,G4
364,0.0042946576,G65,G4
365,0.0016987078,G66,G4
366,0.0011891339,G67,G4
367,0.0039481027,G68,G4
368,0.0050866655,G69,G4
369,0.0033549836,G70,G4
370,0.0020896434,G71,G4
371,0.0038880087,G72,G4
372,0.0020436358,G73,G4
373,0.0030025057,G74,G4
374,0.0055141267,G75,G4
375,0.0043461216,G76,G4
376,0.0015615056,G77,G4
377,0.0015868959,G78,G4
378,0.0017210378,G79,G4
379,0.0023784898,G80,G4
380,0.006406083,G81,G4
381,0.0036766771,G82,G4
382,0.0016236692,G83,G4
383,0.001458606,G84,G4
384,0.0038006064,G85,G4
385,0.0050010434,G86,G4
386,0.0009861144,G87,G4
387,0.0031272485,G88,G4
388,0.0006010132,G89,G4
389,0.0028684451,G90,G4
390,0.0023019947,G91,G4
391,0.002101563,G92,G4
392,0.00061985233,G93,G4
393,0.0011420689,G94,G4
394,0.0014897287,G95,G4
395,0.005237083,G96,G4
396,0.002044521,G97,G4
397,0.0018741055,G98,G4
398,0.002680991,G99,G4
405,8.967666e-05,G6,G5
406,0.007017445,G7,G5
407,0.0020256238,G8,G5
408,0.000632275,G9,G5
449,0.0034635328,G50,G5
450,0.0020257477,G51,G5
451,0.0023760737,G52,G5
452,0.0011640385,G53,G5
453,0.0013353373,G54,G5
454,0.002115299,G55,G5
455,0.0021183144,G56,G5
456,0.0019745266,G57,G5
457,0.0009962912,G58,G5
458,0.004415747,G59,G5
459,0.002015098,G60,G5
460,0.0029205335,G61,G5
461,0.0025680787,G62,G5
462,0.00089354685,G63,G5
463,0.003331539,G64,G5
464,0.0051036635,G65,G5
465,0.000990664,G66,G5
466,0.0016646401,G67,G5
467,0.0034865956,G68,G5
468,0.003517861,G69,G5
469,0.0032652365,G70,G5
470,0.0014304648,G71,G5
471,0.0040102857,G72,G5
472,0.0051639904,G73,G5
473,0.00021744802,G74,G5
474,0.0036682584,G75,G5
475,0.0022024286,G76,G5
476,0.002211883,G77,G5
477,0.0010554845,G78,G5
478,0.0056851767,G79,G5
479,0.0013705068,G80,G5
480,0.0041428334,G81,G5
481,0.004054632,G82,G5
482,0.003353617,G83,G5
483,0.0021718538,G84,G5
484,0.0017398589,G85,G5
485,0.0040674135,G86,G5
486,0.0014487042,G87,G5
487,0.001503401,G88,G5
488,0.0017469993,G89,G5
489,0.0037328925,G90,G5
490,0.00048265143,G91,G5
491,0.002340178,G92,G5
492,0.0015673983,G93,G5
493,0.0014401284,G94,G5
494,0.00093956076,G95,G5
495,0.0018181049,G96,G5
496,0.005797494,G97,G5
497,0.0016515846,G98,G5
498,0.0034679673,G99,G5
506,0.0043009403,G7,G6
507,0.0029810239,G8,G6
508,0.0007728281,G9,G6
559,0.0022487324,G60,G6
560,0.005032094,G61,G6
561,0.0006531832,G62,G6
562,0.0018122497,G63,G6
563,0.0030089593,G64,G6
564,0.0031934176,G65,G6
565,0.0005837706,G66,G6
566,0.00071333215,G67,G6
567,0.0020087396,G68,G6
568,0.0051534674,G69,G6
569,0.0031650863,G70,G6
570,0.0030221534,G71,G6
571,0.0017480061,G72,G6
572,0.0014746956,G73,G6
573,0.0017860485,G74,G6
574,0.0027962383,G75,G6
575,0.003529214,G76,G6
576,0.005436448,G77,G6
577,0.0023937742,G78,G6
578,0.0029214104,G79,G6
579,0.0026831063,G80,G6
580,0.0015580647,G81,G6
581,0.0023197497,G82,G6
582,0.0023089137,G83,G6
583,0.00080729433,G84,G6
584,0.003632575,G85,G6
585,0.0036341634,G86,G6
586,0.0014208351,G87,G6
587,0.0047635804,G88,G6
588,0.0026789284,G89,G6
589,0.0025119414,G90,G6
590,0.0011163584,G91,G6
591,0.00070248666,G92,G6
592,0.0011080161,G93,G6
593,0.005568592,G94,G6
594,0.0010702773,G95,G6
595,0.003899212,G96,G6
596,0.001647965,G97,G6
597,0.001974053,G98,G6
598,0.002731096,G99,G6
607,0.0024496901,G8,G7
608,0.0032415837,G9,G7
669,0.0026673223,G70,G7
670,0.0024248592,G71,G7
671,0.0053273486,G72,G7
672,0.00460261,G73,G7
673,0.0037241706,G74,G7
674,0.0013213501,G75,G7
675,0.0034167205,G76,G7
676,0.0045327833,G77,G7
677,0.0028367206,G78,G7
678,0.004477734,G79,G7
679,0.0030177864,G80,G7
680,0.0037874295,G81,G7
681,0.0022915686,G82,G7
682,0.0052706897,G83,G7
683,0.0031474049,G84,G7
684,0.0006769818,G85,G7
685,0.0050349166,G86,G7
686,0.0022639567,G87,G7
687,0.003287726,G88,G7
688,0.0017199292,G89,G7
689,0.0023558992,G90,G7
690,0.0011581312,G91,G7
691,0.002930122,G92,G7
692,0.0017789111,G93,G7
693,0.004578599,G94,G7
694,0.0039273784,G95,G7
695,0.0008284246,G96,G7
696,0.004408057,G97,G7
697,0.0034315246,G98,G7
698,0.0022658936,G99,G7
708,0.00030112662,G9,G8
779,0.0018568914,G80,G8
780,0.0032288847,G81,G8
781,0.0010568763,G82,G8
782,0.0010082673,G83,G8
783,0.005264566,G84,G8
784,0.0027553635,G85,G8
785,0.0024823034,G86,G8
786,0.00055676885,G87,G8
787,0.0013506474,G88,G8
788,0.0016557813,G89,G8
789,0.0007073533,G90,G8
790,0.0015579015,G91,G8
791,0.0032337352,G92,G8
792,0.0033137156,G93,G8
793,0.0036234679,G94,G8
794,0.0009041416,G95,G8
795,0.0016655566,G96,G8
796,0.004212694,G97,G8
797,0.0022822183,G98,G8
798,0.0020398977,G99,G8
889,0.00040030063,G90,G9
890,0.003291478,G91,G9
891,0.0022233352,G92,G9
892,0.0025614912,G93,G9
893,0.0019642916,G94,G9
894,0.0009504755,G95,G9
895,0.00076852087,G96,G9
896,0.008387692,G97,G9
897,0.0005729447,G98,G9
898,0.002162543,G99,G9
901,0.0018435034,G2,G10
902,0.0036467896,G3,G10
903,0.0010299014,G4,G10
904,0.0029307157,G5,G10
905,0.0023190246,G6,G10
906,0.0024973908,G7,G10
907,0.0015243806,G8,G10
908,0.001664768,G9,G10
910,0.002662426,G11,G10
911,0.002824136,G12,G10
912,0.0035718083,G13,G10
913,0.002101855,G14,G10
914,0.0012285206,G15,G10
915,0.0015755575,G16,G10
916,0.0050755786,G17,G10
917,0.004456838,G18,G10
918,0.0011014346,G19,G10
919,0.0017079543,G20,G10
920,0.0004366414,G21,G10
921,0.003228202,G22,G10
922,0.0015823215,G23,G10
923,0.0029362212,G24,G10
924,0.0019152608,G25,G10
925,0.0010682798,G26,G10
926,0.002540891,G27,G10
927,0.0038467813,G28,G10
928,0.002701776,G29,G10
929,0.0012023337,G30,G10
930,0.0011244424,G31,G10
931,0.0031731934,G32,G10
932,0.0019626804,G33,G10
933,0.001941184,G34,G10
934,0.0035972171,G35,G10
935,0.0052207196,G36,G10
936,0.0016711908,G37,G10
937,0.0036310507,G38,G10
938,0.00084100565,G39,G10
939,0.0013811669,G40,G10
940,0.0017899508,G41,G10
941,0.0027129354,G42,G10
942,0.0012462692,G43,G10
943,0.0032737332,G44,G10
944,0.0011877557,G45,G10
945,0.00078091543,G46,G10
946,0.001592102,G47,G10
947,0.0037215648,G48,G10
948,0.0024015198,G49,G10
949,0.0010032399,G50,G10
950,0.0016862454,G51,G10
951,0.002173616,G52,G10
952,0.0026592338,G53,G10
953,0.00087359233,G54,G10
954,0.001173034,G55,G10
955,0.0029837536,G56,G10
956,0.0011800659,G57,G10
957,0.0014026449,G58,G10
958,0.0027907358,G59,G10
959,0.00430114,G60,G10
960,0.0011802951,G61,G10
961,0.0018611256,G62,G10
962,0.002390742,G63,G10
963,0.0016510405,G64,G10
964,0.0009201831,G65,G10
965,0.00035829644,G66,G10
966,0.0004443426,G67,G10
967,0.001152373,G68,G10
968,0.001472986,G69,G10
969,0.0023937747,G70,G10
970,0.002437921,G71,G10
971,0.0018506809,G72,G10
972,0.00022617668,G73,G10
973,0.0020681475,G74,G10
974,0.00049725303,G75,G10
975,0.0026791696,G76,G10
976,0.0011545613,G77,G10
977,0.0022915069,G78,G10
978,0.0047367755,G79,G10
979,0.0031570955,G80,G10
980,0.0035005365,G81,G10
981,0.00069633464,G82,G10
982,0.0034831355,G83,G10
983,0.0018139398,G84,G10
984,0.0027833856,G85,G10
985,0.001789097,G86,G10
986,0.0009681027,G87,G10
987,0.0019880356,G88,G10
988,0.000103714774,G89,G10
989,0.0018288775,G90,G10
990,0.0025426853,G91,G10
991,0.003042797,G92,G10
992,0.0010400139,G93,G10
993,0.003554659,G94,G10
994,0.0010724724,G95,G10
995,0.00078845373,G96,G10
996,0.001267539,G97,G10
997,0.002363272,G98,G10
998,0.0027062665,G99,G10
999,0.0036637746,G100,G10
1001,0.0008056378,G2,G11
1002,0.0025861235,G3,G11
1003,0.0020261055,G4,G11
1004,0.0009948462,G5,G11
1005,0.0012026995,G6,G11
1006,0.0022841166,G7,G11
1007,0.0008348633,G8,G11
1008,0.0019170335,G9,G11
1011,0.001373142,G12,G11
1012,0.0010947648,G13,G11
1013,0.002010374,G14,G11
1014,0.0010994816,G15,G11
1015,0.00067308353,G16,G11
1016,0.001854219,G17,G11
1017,0.0014777726,G18,G11
1018,0.00011201789,G19,G11
1019,0.00067863433,G20,G11
1020,0.0017595752,G21,G11
1021,0.0025746422,G22,G11
1022,0.00065114256,G23,G11
1023,0.0010906983,G24,G11
1024,0.0014060661,G25,G11
1025,0.002312542,G26,G11
1026,0.0021449502,G27,G11
1027,0.0008356908,G28,G11
1028,0.0017838433,G29,G11
1029,0.001067105,G30,G11
1030,0.0021201428,G31,G11
1031,0.003116576,G32,G11
1032,0.0010677706,G33,G11
1033,0.0014375299,G34,G11
1034,0.00104461,G35,G11
1035,0.002534953,G36,G11
1036,0.0009897111,G37,G11
1037,0.0023226195,G38,G11
1038,0.0021531354,G39,G11
1039,0.0015061719,G40,G11
1040,0.0007267514,G41,G11
1041,0.002372153,G42,G11
1042,0.0017050393,G43,G11
1043,0.00025106946,G44,G11
1044,0.001794283,G45,G11
1045,0.00050890865,G46,G11
1046,0.0012671931,G47,G11
1047,0.0022972014,G48,G11
1048,0.0024784924,G49,G11
1049,0.0018153582,G50,G11
1050,0.0008975191,G51,G11
1051,0.0008045905,G52,G11
1052,0.00055908016,G53,G11
1053,0.0026612887,G54,G11
1054,0.0008908658,G55,G11
1055,0.0023242142,G56,G11
1056,0.0023719934,G57,G11
1057,0.00093833887,G58,G11
1058,0.0039213505,G59,G11
1059,0.0013607051,G60,G11
1060,0.0012476097,G61,G11
1061,0.0013434541,G62,G11
1062,0.0027646958,G63,G11
1063,0.0016853245,G64,G11
1064,0.0015385917,G65,G11
1065,0.0013223141,G66,G11
1066,0.00095602334,G67,G11
1067,0.00070634345,G68,G11
1068,0.0027809464,G69,G11
1069,0.0034328976,G70,G11
1070,0.002381824,G71,G11
1071,0.0054206806,G72,G11
1072,0.0021258225,G73,G11
1073,0.0016132297,G74,G11
1074,0.0014525247,G75,G11
1075,0.0008491754,G76,G11
1076,0.0039332644,G77,G11
1077,0.0024202697,G78,G11
1078,0.003334315,G79,G11
1079,0.0016125719,G80,G11
1080,0.0023166754,G81,G11
1081,0.002045067,G82,G11
1082,0.0013372641,G83,G11
1083,0.00054019934,G84,G11
1084,0.0014122264,G85,G11
1085,0.0018716143,G86,G11
1086,0.0011744123,G87,G11
1087,0.0019975158,G88,G11
1088,0.003037808,G89,G11
1089,0.0009278672,G90,G11
1090,0.0012740522,G91,G11
1091,0.0035481518,G92,G11
1092,0.001494474,G93,G11
1093,0.0029211666,G94,G11
1094,0.0018143851,G95,G11
1095,0.0013836806,G96,G11
1096,0.001049415,G97,G11
1097,0.002103675,G98,G11
1098,0.0006765465,G99,G11
1101,0.003091478,G2,G12
1102,0.0025602232,G3,G12
1103,0.0029248884,G4,G12
1104,0.000987744,G5,G12
1105,0.0022588475,G6,G12
1106,0.0015233187,G7,G12
1107,0.004275418,G8,G12
1108,0.00246963,G9,G12
1112,0.0016807343,G13,G12
1113,0.0021644663,G14,G12
1114,0.00070617825,G15,G12
1115,0.0012065596,G16,G12
1116,0.0032625967,G17,G12
1117,0.0011124834,G18,G12
1118,0.0016464865,G19,G12
1119,0.004862299,G20,G12
1120,0.0041157296,G21,G12
1121,0.0016218193,G22,G12
1122,0.0003757514,G23,G12
1123,0.00020081497,G24,G12
1124,0.000497148,G25,G12
1125,0.0014878756,G26,G12
1126,0.0006676269,G27,G12
1127,0.0019781985,G28,G12
1128,0.0030613372,G29,G12
1129,0.0038385997,G30,G12
1130,0.0010644459,G31,G12
1131,0.0021982323,G32,G12
1132,0.0020748663,G33,G12
1133,0.0009728112,G34,G12
1134,0.0007428586,G35,G12
1135,0.00051478413,G36,G12
1136,0.001357277,G37,G12
1137,0.00025379422,G38,G12
1138,0.0044804364,G39,G12
1139,0.002017464,G40,G12
1140,0.001886024,G41,G12
1141,0.0017170315,G42,G12
1142,0.0028655466,G43,G12
1143,0.0032698708,G44,G12
1144,0.002317914,G45,G12
1145,0.001204941,G46,G12
1146,0.0013486403,G47,G12
1147,0.0024617831,G48,G12
1148,0.003720134,G49,G12
1149,0.0030796286,G50,G12
1150,0.0006777514,G51,G12
1151,0.0040120166,G52,G12
1152,0.0016092138,G53,G12
1153,0.00016483551,G54,G12
1154,0.00054903247,G55,G12
1155,0.0019535357,G56,G12
1156,0.0010236693,G57,G12
1157,0.0032186182,G58,G12
1158,0.0046178526,G59,G12
1159,0.0004443048,G60,G12
1160,0.0012362011,G61,G12
1161,0.0017420854,G62,G12
1162,0.0020202491,G63,G12
1163,0.0023010455,G64,G12
1164,0.0026579401,G65,G12
1165,0.0024920634,G66,G12
1166,0.0010692382,G67,G12
1167,0.0017783932,G68,G12
1168,0.004499035,G69,G12
1169,0.0042834426,G70,G12
1170,0.002174443,G71,G12
1171,0.0056246063,G72,G12
1172,0.0018312602,G73,G12
1173,0.003441784,G74,G12
1174,0.0021754103,G75,G12
1175,0.001959222,G76,G12
1176,0.0017861195,G77,G12
1177,0.0029208956,G78,G12
1178,0.0047588805,G79,G12
1179,0.003545478,G80,G12
1180,0.0033248672,G81,G12
1181,0.0013830642,G82,G12
1182,0.0013534579,G83,G12
1183,0.0015748218,G84,G12
1184,0.0030600051,G85,G12
1185,0.0021068673,G86,G12
1186,0.0014032086,G87,G12
1187,0.0028120007,G88,G12
1188,0.002276322,G89,G12
1189,0.0018720948,G90,G12
1190,0.00013204201,G91,G12
1191,0.0028141849,G92,G12
1192,0.00081864937,G93,G12
1193,0.0022340175,G94,G12
1194,0.0022571164,G95,G12
1195,0.004171311,G96,G12
1196,0.003206505,G97,G12
1197,0.0021606355,G98,G12
1198,0.0032029003,G99,G12
1201,0.00303571,G2,G13
1202,0.004848267,G3,G13
1203,0.0020861812,G4,G13
1204,0.003721952,G5,G13
1205,0.0026431615,G6,G13
1206,0.0073389597,G7,G13
1207,0.0017941077,G8,G13
1208,0.0023757997,G9,G13
1213,0.0013796458,G14,G13
1214,0.003832378,G15,G13
1215,0.00403508,G16,G13
1216,0.0036211847,G17,G13
1217,0.0040377467,G18,G13
1218,0.002645229,G19,G13
1219,0.001521347,G20,G13
1220,0.0028817314,G21,G13
1221,0.003554202,G22,G13
1222,0.0023538533,G23,G13
1223,0.003688135,G24,G13
1224,0.004181931,G25,G13
1225,0.0044521955,G26,G13
1226,0.0038914979,G27,G13
1227,0.0049356758,G28,G13
1228,0.0021003347,G29,G13
1229,0.0016333482,G30,G13
1230,0.0015157755,G31,G13
1231,0.0024038341,G32,G13
1232,0.005260587,G33,G13
1233,0.0047339327,G34,G13
1234,0.0029467419,G35,G13
1235,0.004455448,G36,G13
1236,0.003521522,G37,G13
1237,0.0046937596,G38,G13
1238,0.0045145093,G39,G13
1239,0.0033569005,G40,G13
1240,0.0037142267,G41,G13
1241,0.0010878805,G42,G13
1242,0.001969384,G43,G13
1243,0.0021566502,G44,G13
1244,0.0018741871,G45,G13
1245,0.0020163325,G46,G13
1246,0.0016167832,G47,G13
1247,0.001815553,G48,G13
1248,0.0018067841,G49,G13
1249,0.0005612679,G50,G13
1250,0.0031075324,G51,G13
1251,0.0039346307,G52,G13
1252,0.002414496,G53,G13
1253,0.0015855164,G54,G13
1254,0.00323978,G55,G13
1255,0.0020143418,G56,G13
1256,0.0015780773,G57,G13
1257,0.0019480372,G58,G13
1258,0.0032091876,G59,G13
1259,0.0025731535,G60,G13
1260,0.0027996476,G61,G13
1261,0.004002472,G62,G13
1262,0.0025577703,G63,G13
1263,0.0021325855,G64,G13
1264,0.0029544756,G65,G13
1265,0.0014777754,G66,G13
1266,0.0010938296,G67,G13
1267,0.00156615,G68,G13
1268,0.0019379992,G69,G13
1269,0.0035693818,G70,G13
1270,0.003871444,G71,G13
1271,0.0032845188,G72,G13
1272,0.0031343563,G73,G13
1273,0.003740397,G74,G13
1274,0.004315658,G75,G13
1275,0.003918095,G76,G13
1276,0.0018804492,G77,G13
1277,0.00029352368,G78,G13
1278,0.0044960002,G79,G13
1279,0.001693353,G80,G13
1280,0.0050639305,G81,G13
1281,0.0057264566,G82,G13
1282,0.0055279313,G83,G13
1283,0.001314147,G84,G13
1284,0.0011154187,G85,G13
1285,0.0048366673,G86,G13
1286,0.0023189434,G87,G13
1287,0.0021083346,G88,G13
1288,0.0029597783,G89,G13
1289,0.0029806898,G90,G13
1290,0.0019380753,G91,G13
1291,0.005795955,G92,G13
1292,0.0012658914,G93,G13
1293,0.0018972332,G94,G13
1294,0.0038546652,G95,G13
1295,0.00047570613,G96,G13
1296,0.002718031,G97,G13
1297,0.003910264,G98,G13
1298,0.00092670036,G99,G13
1301,0.0017808162,G2,G14
1302,0.0028727173,G3,G14
1303,0.0010789958,G4,G14
1304,0.0030187115,G5,G14
1305,0.0015154016,G6,G14
1306,0.003984757,G7,G14
1307,0.0015711721,G8,G14
1308,0.00088851654,G9,G14
1314,0.0026226323,G15,G14
1315,0.0015055737,G16,G14
1316,0.0020245758,G17,G14
1317,0.003971408,G18,G14
1318,0.0013278187,G19,G14
1319,0.0019005123,G20,G14
1320,0.0011539767,G21,G14
1321,0.0029171444,G22,G14
1322,0.0011555162,G23,G14
1323,0.0033741603,G24,G14
1324,0.0009985709,G25,G14
1325,0.0017104719,G26,G14
1326,0.0026970305,G27,G14
1327,0.0021619906,G28,G14
1328,0.0013517425,G29,G14
1329,0.0010113794,G30,G14
1330,0.00040016,G31,G14
1331,0.00075139815,G32,G14
1332,0.0029083334,G33,G14
1333,0.002974107,G34,G14
1334,0.0025305317,G35,G14
1335,0.0040296447,G36,G14
1336,0.003055617,G37,G14
1337,0.0027446246,G38,G14
1338,0.0024853188,G39,G14
1339,0.001123633,G40,G14
1340,0.0015090136,G41,G14
1341,0.0012269384,G42,G14
1342,0.00060444465,G43,G14
1343,0.0007728281,G44,G14
1344,0.0019461268,G45,G14
1345,0.0014965185,G46,G14
1346,0.0009164894,G47,G14
1347,0.00065008854,G48,G14
1348,0.0013663856,G49,G14
1349,0.0012097369,G50,G14
1350,0.0026224111,G51,G14
1351,0.0021183598,G52,G14
1352,0.0011189053,G53,G14
1353,0.0018994766,G54,G14
1354,0.0013793185,G55,G14
1355,0.003129221,G56,G14
1356,0.0005239358,G57,G14
1357,0.0004840527,G58,G14
1358,0.0019202288,G59,G14
1359,0.0016765038,G60,G14
1360,0.0010532584,G61,G14
1361,0.0029934542,G62,G14
1362,0.0017762193,G63,G14
1363,0.0013022878,G64,G14
1364,0.0016252907,G65,G14
1365,0.0007784856,G66,G14
1366,0.002094016,G67,G14
1367,0.0024020842,G68,G14
1368,0.000740616,G69,G14
1369,0.0015217545,G70,G14
1370,0.00085998565,G71,G14
1371,0.0011094796,G72,G14
1372,0.0019040778,G73,G14
1373,0.0009291958,G74,G14
1374,0.002513215,G75,G14
1375,0.0012968961,G76,G14
1376,0.0018222108,G77,G14
1377,0.0015843088,G78,G14
1378,0.0033317516,G79,G14
1379,0.0014434612,G80,G14
1380,0.0023723147,G81,G14
1381,0.001955059,G82,G14
1382,0.0026206071,G83,G14
1383,0.0019083845,G84,G14
1384,0.0018843415,G85,G14
1385,0.0020641547,G86,G14
1386,0.00083179725,G87,G14
1387,0.0002467216,G88,G14
1388,0.0013505449,G89,G14
1389,0.0025915848,G90,G14
1390,0.0028338893,G91,G14
1391,0.0020515705,G92,G14
1392,0.0014592104,G93,G14
1393,0.0010710991,G94,G14
1394,0.0017241047,G95,G14
1395,0.0027279672,G96,G14
1396,0.0026527164,G97,G14
1397,0.0010640858,G98,G14
1398,0.0021715912,G99,G14
1401,0.0007337006,G2,G15
1402,0.0037054173,G3,G15
1403,0.0026814383,G4,G15
1404,0.0028566252,G5,G15
1405,0.0037255245,G6,G15
1406,0.0013943929,G7,G15
1407,0.0013305574,G8,G15
1408,0.00456909,G9,G15
1415,0.0012122856,G16,G15
1416,0.002631405,G17,G15
1417,0.0026532325,G18,G15
1418,0.0022153303,G19,G15
1419,0.0012289624,G20,G15
1420,0.0013195768,G21,G15
1421,0.0037903325,G22,G15
1422,0.00064325426,G23,G15
1423,0.0038757734,G24,G15
1424,0.0035105364,G25,G15
1425,0.0018556317,G26,G15
1426,0.003114134,G27,G15
1427,0.00052520086,G28,G15
1428,0.0021672896,G29,G15
1429,0.0015641698,G30,G15
1430,0.0020721,G31,G15
1431,0.0029298547,G32,G15
1432,0.0027619284,G33,G15
1433,0.00019561515,G34,G15
1434,0.0019842368,G35,G15
1435,0.0024462729,G36,G15
1436,0.000909621,G37,G15
1437,0.0021525298,G38,G15
1438,0.0024053447,G39,G15
1439,0.005453067,G40,G15
1440,0.0030456968,G41,G15
1441,0.004322241,G42,G15
1442,0.0021954183,G43,G15
1443,0.00067473354,G44,G15
1444,0.0014992033,G45,G15
1445,0.00057978544,G46,G15
1446,0.0015090083,G47,G15
1447,0.0011274752,G48,G15
1448,0.0029468446,G49,G15
1449,0.0025510024,G50,G15
1450,0.0009132002,G51,G15
1451,0.003597748,G52,G15
1452,0.002964138,G53,G15
1453,0.0011135982,G54,G15
1454,0.0017710943,G55,G15
1455,0.0011812475,G56,G15
1456,0.0016370532,G57,G15
1457,0.0013206191,G58,G15
1458,0.0035856983,G59,G15
1459,0.00068752817,G60,G15
1460,0.0021848166,G61,G15
1461,0.002412222,G62,G15
1462,0.0016913651,G63,G15
1463,0.003906357,G64,G15
1464,0.0019143708,G65,G15
1465,0.002537666,G66,G15
1466,0.0005799475,G67,G15
1467,0.0026130439,G68,G15
1468,0.0019619989,G69,G15
1469,0.0014551535,G70,G15
1470,0.0026680264,G71,G15
1471,0.0029683767,G72,G15
1472,0.0020978318,G73,G15
1473,0.0015831734,G74,G15
1474,0.0014632604,G75,G15
1475,0.0037662704,G76,G15
1476,0.0013434944,G77,G15
1477,0.0009148165,G78,G15
1478,0.002094881,G79,G15
1479,0.0012376624,G80,G15
1480,0.0014917081,G81,G15
1481,0.0011914821,G82,G15
1482,0.0020850678,G83,G15
1483,0.0009468555,G84,G15
1484,0.0012609619,G85,G15
1485,0.0010064027,G86,G15
1486,0.0019367915,G87,G15
1487,0.0012250494,G88,G15
1488,0.0021896393,G89,G15
1489,0.0013547908,G90,G15
1490,0.002150598,G91,G15
1491,0.0031563994,G92,G15
1492,0.0014247505,G93,G15
1493,0.0023977708,G94,G15
1494,0.0025543112,G95,G15
1495,0.00058201776,G96,G15
1496,0.0033668275,G97,G15
1497,0.002422826,G98,G15
1498,0.0033924875,G99,G15
1501,0.0027953675,G2,G16
1502,0.003844936,G3,G16
1503,0.002991293,G4,G16
1504,0.0029535752,G5,G16
1505,0.0017567973,G6,G16
1506,0.0035739262,G7,G16
1507,0.00021297195,G8,G16
1508,0.0013685621,G9,G16
1516,0.0032291226,G17,G16
1517,0.0017187102,G18,G16
1518,0.0007553781,G19,G16
1519,0.0011450294,G20,G16
1520,0.0025487035,G21,G16
1521,0.0009901298,G22,G16
1522,0.0025253464,G23,G16
1523,0.001980953,G24,G16
1524,0.0021636393,G25,G16
1525,0.0018067369,G26,G16
1526,0.00233071,G27,G16
1527,0.00047997374,G28,G16
1528,0.0047801947,G29,G16
1529,0.0010043125,G30,G16
1530,0.0023629905,G31,G16
1531,0.0027926136,G32,G16
1532,0.0032266919,G33,G16
1533,0.0007947526,G34,G16
1534,0.0013484707,G35,G16
1535,0.0012968121,G36,G16
1536,0.0026175946,G37,G16
1537,0.0031301416,G38,G16
1538,0.0040236395,G39,G16
1539,0.0032427628,G40,G16
1540,0.0009709267,G41,G16
1541,0.0031323272,G42,G16
1542,0.003207192,G43,G16
1543,0.0021406615,G44,G16
1544,0.0014844701,G45,G16
1545,0.0016842014,G46,G16
1546,0.0014538199,G47,G16
1547,0.0015048073,G48,G16
1548,0.0011901814,G49,G16
1549,0.0021117474,G50,G16
1550,0.0040357066,G51,G16
1551,0.0027079382,G52,G16
1552,0.0020988656,G53,G16
1553,0.0030782032,G54,G16
1554,0.0023871264,G55,G16
1555,0.0018761471,G56,G16
1556,0.0019902107,G57,G16
1557,0.0006899758,G58,G16
1558,0.0024350872,G59,G16
1559,0.0019922694,G60,G16
1560,0.0022066198,G61,G16
1561,0.0025069783,G62,G16
1562,0.0013943042,G63,G16
1563,0.0020570685,G64,G16
1564,0.003185121,G65,G16
1565,0.0013777987,G66,G16
1566,0.0013161753,G67,G16
1567,0.0022370778,G68,G16
1568,0.0023443638,G69,G16
1569,0.0041050017,G70,G16
1570,0.0021403283,G71,G16
1571,0.0042488757,G72,G16
1572,0.0035709266,G73,G16
1573,0.002926366,G74,G16
1574,0.0037836484,G75,G16
1575,0.0027541337,G76,G16
1576,0.004981617,G77,G16
1577,0.0016213822,G78,G16
1578,0.002463007,G79,G16
1579,0.0024002981,G80,G16
1580,0.002612615,G81,G16
1581,0.002351957,G82,G16
1582,0.0011118648,G83,G16
1583,0.0055368114,G84,G16
1584,0.0028553954,G85,G16
1585,0.0018544162,G86,G16
1586,0.0012063925,G87,G16
1587,0.002341489,G88,G16
1588,0.002433333,G89,G16
1589,0.0010241235,G90,G16
1590,0.0008933052,G91,G16
1591,0.0007038367,G92,G16
1592,0.0013251771,G93,G16
1593,0.0032271398,G94,G16
1594,0.0003241619,G95,G16
1595,0.0018088957,G96,G16
1596,0.0024756538,G97,G16
1597,0.0011346715,G98,G16
1598,0.0044384683,G99,G16
1601,0.0023249304,G2,G17
1602,0.0022479787,G3,G17
1603,0.00082963984,G4,G17
1604,0.0018585487,G5,G17
1605,0.004221101,G6,G17
1606,0.001457163,G7,G17
1607,0.0022067437,G8,G17
1608,0.004838882,G9,G17
1617,0.0041379463,G18,G17
1618,0.00086108677,G19,G17
1619,0.0035060965,G20,G17
1620,0.00300584,G21,G17
1621,0.0044819578,G22,G17
1622,0.0006997774,G23,G17
1623,0.0025224201,G24,G17
1624,0.0028011017,G25,G17
1625,0.002741184,G26,G17
1626,0.0024821605,G27,G17
1627,0.005404098,G28,G17
1628,0.0054937676,G29,G17
1629,0.0013188274,G30,G17
1630,0.0018660161,G31,G17
1631,0.0017700419,G32,G17
1632,0.003838525,G33,G17
1633,0.003650762,G34,G17
1634,0.000735535,G35,G17
1635,0.004424362,G36,G17
1636,0.001394416,G37,G17
1637,0.0007691489,G38,G17
1638,0.0035347403,G39,G17
1639,0.0030068418,G40,G17
1640,0.00045823902,G41,G17
1641,0.0013859613,G42,G17
1642,0.0029800464,G43,G17
1643,0.0010486306,G44,G17
1644,0.0007076923,G45,G17
1645,0.0033109547,G46,G17
1646,0.003142254,G47,G17
1647,0.0027505571,G48,G17
1648,0.0020433976,G49,G17
1649,0.001318149,G50,G17
1650,0.0034066522,G51,G17
1651,0.0022753587,G52,G17
1652,0.0011845892,G53,G17
1653,0.002913647,G54,G17
1654,0.002933898,G55,G17
1655,0.003981374,G56,G17
1656,0.0049141627,G57,G17
1657,0.0015818102,G58,G17
1658,0.0024968465,G59,G17
1659,0.0032630349,G60,G17
1660,0.0010744398,G61,G17
1661,0.0029983465,G62,G17
1662,0.0011759991,G63,G17
1663,0.0034193862,G64,G17
1664,0.0018537672,G65,G17
1665,0.0030416073,G66,G17
1666,0.00032495323,G67,G17
1667,0.0030613188,G68,G17
1668,0.0021544888,G69,G17
1669,0.0025197284,G70,G17
1670,0.0015955726,G71,G17
1671,0.0030068571,G72,G17
1672,0.004560626,G73,G17
1673,0.0026750965,G74,G17
1674,0.0030208316,G75,G17
1675,0.001648149,G76,G17
1676,0.0011121067,G77,G17
1677,0.0027874326,G78,G17
1678,0.0027031763,G79,G17
1679,0.0009979722,G80,G17
1680,0.0023332401,G81,G17
1681,0.00225505,G82,G17
1682,0.0062418906,G83,G17
1683,0.001097376,G84,G17
1684,0.001688736,G85,G17
1685,0.0023997065,G86,G17
1686,0.0017746697,G87,G17
1687,0.002831717,G88,G17
1688,0.0017567566,G89,G17
1689,0.0015345856,G90,G17
1690,0.0015700833,G91,G17
1691,0.003793366,G92,G17
1692,0.0006129666,G93,G17
1693,0.0024480717,G94,G17
1694,0.0042021326,G95,G17
1695,0.0022897273,G96,G17
1696,0.001198579,G97,G17
1697,0.0022980208,G98,G17
1698,0.002418073,G99,G17
1701,0.00040767455,G2,G18
1702,0.006469149,G3,G18
1703,0.0041088723,G4,G18
1704,0.0020886871,G5,G18
1705,0.0014872223,G6,G18
1706,0.0019710883,G7,G18
1707,0.0033477668,G8,G18
1708,0.0041534067,G9,G18
1718,0.0017605296,G19,G18
1719,0.0036351585,G20,G18
1720,0.0030576703,G21,G18
1721,0.0034129615,G22,G18
1722,0.0022704713,G23,G18
1723,0.0016147147,G24,G18
1724,0.0035515053,G25,G18
1725,0.002843497,G26,G18
1726,0.0024434119,G27,G18
1727,0.0038856482,G28,G18
1728,0.002658684,G29,G18
1729,0.0035175811,G30,G18
1730,0.0026094771,G31,G18
1731,0.003171604,G32,G18
1732,0.004335616,G33,G18
1733,0.002271955,G34,G18
1734,0.003813749,G35,G18
1735,0.0029796106,G36,G18
1736,0.0018467644,G37,G18
1737,0.00057774596,G38,G18
1738,0.0031001798,G39,G18
1739,0.0070883497,G40,G18
1740,0.0021301182,G41,G18
1741,0.0018406531,G42,G18
1742,0.0033439808,G43,G18
1743,0.0011927416,G44,G18
1744,0.0007967067,G45,G18
1745,0.00196732,G46,G18
1746,0.0012794712,G47,G18
1747,0.0024910104,G48,G18
1748,0.0019719554,G49,G18
1749,0.0016605041,G50,G18
1750,0.002223373,G51,G18
1751,0.0025469854,G52,G18
1752,0.0013820131,G53,G18
1753,0.0012586635,G54,G18
1754,0.0044519287,G55,G18
1755,0.0031713953,G56,G18
1756,0.0013382885,G57,G18
1757,0.0028586888,G58,G18
1758,0.0045173923,G59,G18
1759,0.0022252519,G60,G18
1760,0.0024526464,G61,G18
1761,0.0022622815,G62,G18
1762,0.0030974085,G63,G18
1763,0.0027892082,G64,G18
1764,0.0016136996,G65,G18
1765,0.0009699834,G66,G18
1766,0.00058352144,G67,G18
1767,0.0035503986,G68,G18
1768,0.0038685754,G69,G18
1769,0.0035570608,G70,G18
1770,0.0022059467,G71,G18
1771,0.0023452998,G72,G18
1772,0.0026345346,G73,G18
1773,0.005086912,G74,G18
1774,0.0027960818,G75,G18
1775,0.0017828881,G76,G18
1776,0.0003811602,G77,G18
1777,0.0030619428,G78,G18
1778,0.0062679294,G79,G18
1779,0.002599277,G80,G18
1780,0.0062095514,G81,G18
1781,0.0014413951,G82,G18
1782,0.003293646,G83,G18
1783,0.0043992326,G84,G18
1784,0.0016132144,G85,G18
1785,0.0041607697,G86,G18
1786,0.0010847381,G87,G18
1787,0.0043580974,G88,G18
1788,0.0023673016,G89,G18
1789,0.0019779517,G90,G18
1790,0.0025013909,G91,G18
1791,0.0042524785,G92,G18
1792,0.0030347975,G93,G18
1793,0.0022436054,G94,G18
1794,0.0017029261,G95,G18
1795,0.00310248,G96,G18
1796,0.0021930349,G97,G18
1797,0.0016934399,G98,G18
1798,0.0027905428,G99,G18
1801,0.00085872447,G2,G19
1802,0.002010522,G3,G19
1803,0.0030992432,G4,G19
1804,0.0013380122,G5,G19
1805,0.0009189233,G6,G19
1806,0.00540317,G7,G19
1807,0.0011342173,G8,G19
1808,0.002085612,G9,G19
1819,0.00085269427,G20,G19
1820,0.0020209928,G21,G19
1821,0.0011997452,G22,G19
1822,0.0010393169,G23,G19
1823,0.0031901915,G24,G19
1824,0.0021177975,G25,G19
1825,0.0023284915,G26,G19
1826,0.00063819124,G27,G19
1827,0.00038489845,G28,G19
1828,0.0028126782,G29,G19
1829,0.0015936757,G30,G19
1830,0.0022931283,G31,G19
1831,0.0013179444,G32,G19
1832,0.006158405,G33,G19
1833,0.0021889703,G34,G19
1834,0.0011425096,G35,G19
1835,0.0009821852,G36,G19
1836,0.0015389789,G37,G19
1837,0.004839869,G38,G19
1838,0.0020850203,G39,G19
1839,0.00224893,G40,G19
1840,0.00071003474,G41,G19
1841,0.0011941979,G42,G19
1842,0.0014129954,G43,G19
1843,0.001957511,G44,G19
1844,0.0016056981,G45,G19
1845,0.0020855768,G46,G19
1846,0.0010631827,G47,G19
1847,0.00123055,G48,G19
1848,0.00022644641,G49,G19
1849,0.0013294321,G50,G19
1850,0.003107873,G51,G19
1851,0.0011977113,G52,G19
1852,0.0015520738,G53,G19
1853,0.0020965398,G54,G19
1854,0.0020742898,G55,G19
1855,0.0012875274,G56,G19
1856,0.0012353478,G57,G19
1857,0.0019612664,G58,G19
1858,0.0019312953,G59,G19
1859,0.0017186671,G60,G19
1860,0.0012639015,G61,G19
1861,0.0022995872,G62,G19
1862,0.0028204457,G63,G19
1863,0.0012870082,G64,G19
1864,0.0025123395,G65,G19
1865,0.0023787136,G66,G19
1866,0.0014508361,G67,G19
1867,0.0030400243,G68,G19
1868,0.0019531028,G69,G19
1869,0.0024383753,G70,G19
1870,0.0021129472,G71,G19
1871,0.0038201571,G72,G19
1872,0.0025718969,G73,G19
1873,0.0012940677,G74,G19
1874,0.0035159762,G75,G19
1875,0.0012916068,G76,G19
1876,0.0012260748,G77,G19
1877,9.269959e-05,G78,G19
1878,0.004319427,G79,G19
1879,0.0016962034,G80,G19
1880,0.0031730416,G81,G19
1881,0.0010382102,G82,G19
1882,0.0022445377,G83,G19
1883,0.0021075262,G84,G19
1884,0.0035684574,G85,G19
1885,0.0017797124,G86,G19
1886,0.0024772068,G87,G19
1887,0.0018980048,G88,G19
1888,0.0017210165,G89,G19
1889,0.0017299455,G90,G19
1890,0.00086535397,G91,G19
1891,0.0014204986,G92,G19
1892,0.0023132693,G93,G19
1893,0.00063546957,G94,G19
1894,0.0011804726,G95,G19
1895,0.0011011992,G96,G19
1896,0.0036169502,G97,G19
1897,0.0036368067,G98,G19
1898,0.0027270764,G99,G19
1902,0.0013835245,G3,G20
1903,0.0027259134,G4,G20
1904,0.0024837265,G5,G20
1905,0.0030488006,G6,G20
1906,0.0014528632,G7,G20
1907,0.001589913,G8,G20
1908,0.0020451234,G9,G20
1920,0.0016389186,G21,G20
1921,0.00520453,G22,G20
1922,0.0028619878,G23,G20
1923,0.0033223403,G24,G20
1924,0.0037815468,G25,G20
1925,0.0028939545,G26,G20
1926,0.0019514888,G27,G20
1927,0.001966189,G28,G20
1928,0.004294716,G29,G20
1929,0.0015156466,G30,G20
1930,0.0011482405,G31,G20
1931,0.0035312665,G32,G20
1932,0.0024782782,G33,G20
1933,0.0024001834,G34,G20
1934,0.0019714532,G35,G20
1935,0.0035812485,G36,G20
1936,0.00026505906,G37,G20
1937,0.0018538118,G38,G20
1938,0.002880662,G39,G20
1939,0.0038870082,G40,G20
1940,0.001309647,G41,G20
1941,0.0017149732,G42,G20
1942,0.0024442258,G43,G20
1943,0.0007241542,G44,G20
1944,0.0017862157,G45,G20
1945,0.0010094352,G46,G20
1946,0.0024088058,G47,G20
1947,0.0045022336,G48,G20
1948,0.0046489197,G49,G20
1949,0.003665879,G50,G20
1950,0.001939859,G51,G20
1951,0.0022465386,G52,G20
1952,0.0033964561,G53,G20
1953,0.0021596,G54,G20
1954,0.00037528356,G55,G20
1955,0.003375201,G56,G20
1956,0.0042558387,G57,G20
1957,0.0013618236,G58,G20
1958,0.002549653,G59,G20
1959,0.002523283,G60,G20
1960,0.0005799916,G61,G20
1961,0.0041337446,G62,G20
1962,0.0012077885,G63,G20
1963,0.0029280435,G64,G20
1964,0.00064337195,G65,G20
1965,0.0020419222,G66,G20
1966,0.0022819517,G67,G20
1967,0.0021492098,G68,G20
1968,0.000212112,G69,G20
1969,0.0031858438,G70,G20
1970,0.0010654237,G71,G20
1971,0.0004550495,G72,G20
1972,0.0026699037,G73,G20
1973,0.004627807,G74,G20
1974,0.003851094,G75,G20
1975,0.0036238478,G76,G20
1976,0.0011978125,G77,G20
1977,0.0026524735,G78,G20
1978,0.0037019842,G79,G20
1979,0.0021740014,G80,G20
1980,0.0038679922,G81,G20
1981,0.001511211,G82,G20
1982,0.0025987376,G83,G20
1983,0.003737853,G84,G20
1984,0.00073280744,G85,G20
1985,0.0015743386,G86,G20
1986,0.0017072489,G87,G20
1987,0.0020041217,G88,G20
1988,0.0023648802,G89,G20
1989,0.0005820238,G90,G20
1990,0.0008240754,G91,G20
1991,0.0026244668,G92,G20
1992,0.002140211,G93,G20
1993,0.003768601,G94,G20
1994,0.0037370173,G95,G20
1995,0.0007118627,G96,G20
1996,0.0032727052,G97,G20
1997,0.0027788603,G98,G20
1998,0.0026846305,G99,G20
2002,0.0021982049,G3,G21
2003,0.0010965875,G4,G21
2004,0.0032086263,G5,G21
2005,0.0011490221,G6,G21
2006,0.0052550314,G7,G21
2007,0.001573648,G8,G21
2008,0.0030950322,G9,G21
2021,0.002545522,G22,G21
2022,0.00082086405,G23,G21
2023,0.0029480464,G24,G21
2024,0.001949525,G25,G21
2025,0.0027829926,G26,G21
2026,0.0007157818,G27,G21
2027,0.004183567,G28,G21
2028,0.0034778158,G29,G21
2029,0.0016766477,G30,G21
2030,0.0022473815,G31,G21
2031,0.0007721678,G32,G21
2032,0.004096389,G33,G21
2033,0.0027109936,G34,G21
2034,0.0024672898,G35,G21
2035,0.0028136882,G36,G21
2036,0.0031526766,G37,G21
2037,0.002455398,G38,G21
2038,0.003170578,G39,G21
2039,0.0027193732,G40,G21
2040,0.0019158787,G41,G21
2041,0.0027715936,G42,G21
2042,0.0021463318,G43,G21
2043,0.0011321269,G44,G21
2044,0.0024495039,G45,G21
2045,0.0028477882,G46,G21
2046,0.0027989992,G47,G21
2047,0.002611724,G48,G21
2048,0.0030451068,G49,G21
2049,0.0015777305,G50,G21
2050,0.001887888,G51,G21
2051,0.0035265924,G52,G21
2052,0.001652616,G53,G21
2053,0.0011365106,G54,G21
2054,0.0020556839,G55,G21
2055,0.0016679226,G56,G21
2056,0.0028534725,G57,G21
2057,0.0015997714,G58,G21
2058,0.002834253,G59,G21
2059,0.0018929978,G60,G21
2060,0.00123379,G61,G21
2061,0.0034048092,G62,G21
2062,0.0026940773,G63,G21
2063,0.003048267,G64,G21
2064,0.003131667,G65,G21
2065,0.0024349703,G66,G21
2066,0.0029005727,G67,G21
2067,0.0017520457,G68,G21
2068,0.0013450073,G69,G21
2069,0.0023248058,G70,G21
2070,0.0012967233,G71,G21
2071,0.0042788386,G72,G21
2072,0.002518231,G73,G21
2073,0.003200915,G74,G21
2074,0.0024905852,G75,G21
2075,0.002611866,G76,G21
2076,0.00055392965,G77,G21
2077,0.0012011005,G78,G21
2078,0.0037419205,G79,G21
2079,0.0024124053,G80,G21
2080,0.003122654,G81,G21
2081,0.0024492084,G82,G21
2082,0.0038949584,G83,G21
2083,0.001061166,G84,G21
2084,0.0010853938,G85,G21
2085,0.0016481613,G86,G21
2086,0.00047810335,G87,G21
2087,0.0005497715,G88,G21
2088,0.00042887576,G89,G21
2089,0.00065741676,G90,G21
2090,0.0009023513,G91,G21
2091,0.0046036495,G92,G21
2092,0.0020651752,G93,G21
2093,0.0015765944,G94,G21
2094,0.0017808512,G95,G21
2095,0.0015284463,G96,G21
2096,0.0020456798,G97,G21
2097,0.0035572848,G98,G21
2098,0.0009377973,G99,G21
2102,0.0015596068,G3,G22
2103,0.0008590922,G4,G22
2104,0.0026022047,G5,G22
2105,0.0016579557,G6,G22
2106,0.0068754624,G7,G22
2107,0.0012015423,G8,G22
2108,0.0021038463,G9,G22
2122,0.0034842119,G23,G22
2123,0.0018409966,G24,G22
2124,0.005211112,G25,G22
2125,0.0014782471,G26,G22
2126,0.0014680644,G27,G22
2127,0.0036862942,G28,G22
2128,0.0025620244,G29,G22
2129,0.0024599414,G30,G22
2130,0.0024184121,G31,G22
2131,0.0029599906,G32,G22
2132,0.001370065,G33,G22
2133,0.001725183,G34,G22
2134,0.0006955473,G35,G22
2135,0.0023340045,G36,G22
2136,0.0016282214,G37,G22
2137,0.0023726355,G38,G22
2138,0.0032266495,G39,G22
2139,0.004235458,G40,G22
2140,0.0026706334,G41,G22
2141,0.0021575962,G42,G22
2142,0.00326333,G43,G22
2143,0.0045632496,G44,G22
2144,0.00063565455,G45,G22
2145,0.0016391776,G46,G22
2146,0.0033616517,G47,G22
2147,0.0015837897,G48,G22
2148,0.0010591202,G49,G22
2149,0.0051109698,G50,G22
2150,0.0028748377,G51,G22
2151,0.0046060537,G52,G22
2152,0.0024337703,G53,G22
2153,0.0015456646,G54,G22
2154,0.001307961,G55,G22
2155,0.003157494,G56,G22
2156,0.0020481846,G57,G22
2157,0.00032992312,G58,G22
2158,0.0039870436,G59,G22
2159,0.0030491583,G60,G22
2160,0.0025590996,G61,G22
2161,0.00084866397,G62,G22
2162,0.001544667,G63,G22
2163,0.0031166016,G64,G22
2164,0.002077492,G65,G22
2165,0.0034673966,G66,G22
2166,0.0032657024,G67,G22
2167,0.0019123014,G68,G22
2168,0.0063837534,G69,G22
2169,0.0057394435,G70,G22
2170,0.0029614198,G71,G22
2171,0.0028921226,G72,G22
2172,0.003314493,G73,G22
2173,0.0021127784,G74,G22
2174,0.0012925903,G75,G22
2175,0.0005578145,G76,G22
2176,0.0042300927,G77,G22
2177,0.0027059182,G78,G22
2178,0.0030084848,G79,G22
2179,0.0021790874,G80,G22
2180,0.0049223113,G81,G22
2181,0.0012037593,G82,G22
2182,0.0016749399,G83,G22
2183,0.0025849254,G84,G22
2184,0.0022063735,G85,G22
2185,0.0045516524,G86,G22
2186,0.0009496469,G87,G22
2187,0.004631123,G88,G22
2188,0.0015706317,G89,G22
2189,0.0041525806,G90,G22
2190,0.0011619247,G91,G22
2191,0.0012917891,G92,G22
2192,0.0027192973,G93,G22
2193,0.002676551,G94,G22
2194,0.0057799043,G95,G22
2195,0.0050611505,G96,G22
2196,0.0016575251,G97,G22
2197,0.0012276353,G98,G22
2198,0.0033096694,G99,G22
2202,0.0012069878,G3,G23
2203,0.0013434369,G4,G23
2204,0.00032367487,G5,G23
2205,0.0012656394,G6,G23
2206,0.002563612,G7,G23
2207,0.00092726597,G8,G23
2208,0.0018674452,G9,G23
2223,0.0029424347,G24,G23
2224,0.0036167605,G25,G23
2225,0.0024868185,G26,G23
2226,0.0028602034,G27,G23
2227,0.0020915426,G28,G23
2228,0.0025215393,G29,G23
2229,0.0013159502,G30,G23
2230,0.0018650554,G31,G23
2231,0.00050038565,G32,G23
2232,0.0031155902,G33,G23
2233,0.002543345,G34,G23
2234,0.0027238727,G35,G23
2235,0.002561466,G36,G23
2236,0.0021506203,G37,G23
2237,0.0030083572,G38,G23
2238,0.0014682745,G39,G23
2239,0.002308169,G40,G23
2240,0.0011484122,G41,G23
2241,0.0013083997,G42,G23
2242,0.002203324,G43,G23
2243,0.0016167134,G44,G23
2244,0.0013456623,G45,G23
2245,0.0011099156,G46,G23
2246,0.0022592298,G47,G23
2247,0.0025066882,G48,G23
2248,0.0027603603,G49,G23
2249,0.00038910334,G50,G23
2250,0.0032774815,G51,G23
2251,0.002846811,G52,G23
2252,0.0023556799,G53,G23
2253,0.00016181238,G54,G23
2254,0.00095730927,G55,G23
2255,0.0011747896,G56,G23
2256,0.0015596021,G57,G23
2257,0.0013444738,G58,G23
2258,0.0031030248,G59,G23
2259,0.0016126991,G60,G23
2260,0.0029874821,G61,G23
2261,0.0043556644,G62,G23
2262,0.0016709628,G63,G23
2263,0.0029334158,G64,G23
2264,0.0013944008,G65,G23
2265,0.0024946546,G66,G23
2266,0.0024401431,G67,G23
2267,0.0021310123,G68,G23
2268,0.0012588592,G69,G23
2269,0.002641277,G70,G23
2270,0.0018279604,G71,G23
2271,0.0029161498,G72,G23
2272,0.0017091556,G73,G23
2273,0.0012519958,G74,G23
2274,0.0021363404,G75,G23
2275,0.0018814498,G76,G23
2276,0.0014302449,G77,G23
2277,0.0010273625,G78,G23
2278,0.002804286,G79,G23
2279,0.0018021351,G80,G23
2280,0.0023295775,G81,G23
2281,0.0006466056,G82,G23
2282,0.00375323,G83,G23
2283,0.00095755974,G84,G23
2284,0.0033422613,G85,G23
2285,0.001730802,G86,G23
2286,7.7882985e-05,G87,G23
2287,0.00045158842,G88,G23
2288,0.0013788084,G89,G23
2289,0.00072725303,G90,G23
2290,0.0013500025,G91,G23
2291,0.0016207278,G92,G23
2292,0.00065043184,G93,G23
2293,0.0015472978,G94,G23
2294,0.0036868553,G95,G23
2295,0.002573114,G96,G23
2296,0.0030060967,G97,G23
2297,0.0019486476,G98,G23
2298,0.0038812729,G99,G23
2302,0.0014615383,G3,G24
2303,0.0013487828,G4,G24
2304,0.0019196577,G5,G24
2305,0.0018045716,G6,G24
2306,0.0036691884,G7,G24
2307,0.0030406504,G8,G24
2308,0.0012830233,G9,G24
2324,0.0037369127,G25,G24
2325,0.0011663685,G26,G24
2326,0.0031546527,G27,G24
2327,0.0015095989,G28,G24
2328,0.004172186,G29,G24
2329,0.0028047971,G30,G24
2330,0.00021085002,G31,G24
2331,0.0025800793,G32,G24
2332,0.00093044736,G33,G24
2333,0.0008900111,G34,G24
2334,0.0032306388,G35,G24
2335,0.0017546394,G36,G24
2336,0.0057660704,G37,G24
2337,0.004220933,G38,G24
2338,0.0043192264,G39,G24
2339,0.004732713,G40,G24
2340,0.0012317718,G41,G24
2341,0.0050964607,G42,G24
2342,0.00015233837,G43,G24
2343,0.0035055855,G44,G24
2344,0.0012976001,G45,G24
2345,0.0020702851,G46,G24
2346,0.0040107984,G47,G24
2347,0.001727511,G48,G24
2348,0.0038283053,G49,G24
2349,0.002687377,G50,G24
2350,0.0019839667,G51,G24
2351,0.002145225,G52,G24
2352,0.00021916119,G53,G24
2353,0.0016535386,G54,G24
2354,0.00033832825,G55,G24
2355,0.0003864116,G56,G24
2356,0.0026735556,G57,G24
2357,0.0021347627,G58,G24
2358,0.0029785514,G59,G24
2359,0.00031483825,G60,G24
2360,0.0017501255,G61,G24
2361,0.0013484263,G62,G24
2362,0.003834341,G63,G24
2363,0.001227805,G64,G24
2364,0.004128036,G65,G24
2365,0.005605621,G66,G24
2366,0.0015741505,G67,G24
2367,0.0016322439,G68,G24
2368,0.0020245803,G69,G24
2369,0.0035656882,G70,G24
2370,0.0011465357,G71,G24
2371,0.0024506503,G72,G24
2372,0.003974432,G73,G24
2373,0.0011278085,G74,G24
2374,0.005653754,G75,G24
2375,0.0013800985,G76,G24
2376,0.002696119,G77,G24
2377,0.0013627146,G78,G24
2378,0.0028978745,G79,G24
2379,0.003765222,G80,G24
2380,0.0026531701,G81,G24
2381,0.004335485,G82,G24
2382,0.0017343643,G83,G24
2383,0.0012162025,G84,G24
2384,0.0010406598,G85,G24
2385,0.00091511995,G86,G24
2386,0.00047229417,G87,G24
2387,0.0018419792,G88,G24
2388,0.003058419,G89,G24
2389,0.00345193,G90,G24
2390,0.0014343236,G91,G24
2391,0.0015765615,G92,G24
2392,0.0038512745,G93,G24
2393,0.0023074923,G94,G24
2394,0.0005464866,G95,G24
2395,0.0022820465,G96,G24
2396,0.005543876,G97,G24
2397,0.002367187,G98,G24
2398,0.0023808666,G99,G24
2402,0.0023345952,G3,G25
2403,0.0016078303,G4,G25
2404,0.003645955,G5,G25
2405,0.005178905,G6,G25
2406,0.0057349857,G7,G25
2407,0.001825301,G8,G25
2408,0.0020499493,G9,G25
2425,0.003194896,G26,G25
2426,0.0036653995,G27,G25
2427,0.003854984,G28,G25
2428,0.002425928,G29,G25
2429,0.0035427462,G30,G25
2430,0.002824353,G31,G25
2431,0.0027398365,G32,G25
2432,0.0034561325,G33,G25
2433,0.0039854827,G34,G25
2434,0.0035877014,G35,G25
2435,0.0021487167,G36,G25
2436,0.0040272037,G37,G25
2437,0.0029605648,G38,G25
2438,0.0060938178,G39,G25
2439,0.006556805,G40,G25
2440,0.003038065,G41,G25
2441,0.0045968415,G42,G25
2442,0.0010764119,G43,G25
2443,0.0014734897,G44,G25
2444,0.0016410011,G45,G25
2445,0.0031566068,G46,G25
2446,0.00043927162,G47,G25
2447,0.0015031205,G48,G25
2448,0.0017473409,G49,G25
2449,0.004440599,G50,G25
2450,0.0034481194,G51,G25
2451,0.0048060976,G52,G25
2452,0.0037994455,G53,G25
2453,0.0016492628,G54,G25
2454,0.004586955,G55,G25
2455,0.0026096706,G56,G25
2456,0.0024212284,G57,G25
2457,0.0018991192,G58,G25
2458,0.0039240397,G59,G25
2459,0.0026850158,G60,G25
2460,0.0016787696,G61,G25
2461,0.0023006138,G62,G25
2462,0.0012896908,G63,G25
2463,0.0041692317,G64,G25
2464,0.0033382392,G65,G25
2465,0.0021327657,G66,G25
2466,0.0042984365,G67,G25
2467,0.0028107374,G68,G25
2468,0.0018261152,G69,G25
2469,0.0026634315,G70,G25
2470,0.0049927845,G71,G25
2471,0.003115724,G72,G25
2472,0.0033357446,G73,G25
2473,0.0032311496,G74,G25
2474,0.0039310935,G75,G25
2475,0.0013002041,G76,G25
2476,0.0016259172,G77,G25
2477,0.0019435468,G78,G25
2478,0.00059447985,G79,G25
2479,0.0018187494,G80,G25
2480,0.002877377,G81,G25
2481,0.0029574984,G82,G25
2482,0.0028069722,G83,G25
2483,0.0019286831,G84,G25
2484,0.00055337115,G85,G25
2485,0.002607117,G86,G25
2486,0.0013694925,G87,G25
2487,0.003683579,G88,G25
2488,0.0013713078,G89,G25
2489,0.0034215078,G90,G25
2490,0.001679385,G91,G25
2491,0.005706191,G92,G25
2492,0.0024820606,G93,G25
2493,0.003359378,G94,G25
2494,0.0035049375,G95,G25
2495,0.0021015862,G96,G25
2496,0.004958169,G97,G25
2497,0.0012847264,G98,G25
2498,0.0018430112,G99,G25
2502,0.0021183698,G3,G26
2503,0.0029124564,G4,G26
2504,0.0027100316,G5,G26
2505,0.00046190037,G6,G26
2506,0.0041784784,G7,G26
2507,0.0028603415,G8,G26
2508,0.0013016299,G9,G26
2526,0.0014987688,G27,G26
2527,0.0021467519,G28,G26
2528,0.0015510098,G29,G26
2529,0.002553336,G30,G26
2530,0.0013629617,G31,G26
2531,0.0019046848,G32,G26
2532,0.003760449,G33,G26
2533,0.0026153733,G34,G26
2534,0.0013883173,G35,G26
2535,0.0010193607,G36,G26
2536,0.0031525567,G37,G26
2537,0.003255083,G38,G26
2538,0.0027369407,G39,G26
2539,0.0047238516,G40,G26
2540,0.0016711457,G41,G26
2541,0.0022930994,G42,G26
2542,0.0009010921,G43,G26
2543,0.00081404205,G44,G26
2544,0.0010911393,G45,G26
2545,0.0017434658,G46,G26
2546,0.0014671669,G47,G26
2547,0.0025899536,G48,G26
2548,0.0011477756,G49,G26
2549,0.0023323016,G50,G26
2550,0.0016181337,G51,G26
2551,0.004599473,G52,G26
2552,0.0015195943,G53,G26
2553,0.0017739383,G54,G26
2554,0.0028588385,G55,G26
2555,0.0029147738,G56,G26
2556,0.0016472717,G57,G26
2557,0.001699949,G58,G26
2558,0.0038433205,G59,G26
2559,0.0025097083,G60,G26
2560,0.001239672,G61,G26
2561,0.0021503998,G62,G26
2562,0.0016271765,G63,G26
2563,0.0016682894,G64,G26
2564,0.002257118,G65,G26
2565,0.0030743715,G66,G26
2566,0.0014919541,G67,G26
2567,0.0028901612,G68,G26
2568,0.00331792,G69,G26
2569,0.0027042876,G70,G26
2570,0.0019511719,G71,G26
2571,0.0022731703,G72,G26
2572,0.0051653576,G73,G26
2573,0.0016556697,G74,G26
2574,0.0028320532,G75,G26
2575,0.0012248392,G76,G26
2576,0.0020677205,G77,G26
2577,0.0009678237,G78,G26
2578,0.0055438373,G79,G26
2579,0.0024890346,G80,G26
2580,0.0048352145,G81,G26
2581,0.001085572,G82,G26
2582,0.0013165007,G83,G26
2583,0.0036406962,G84,G26
2584,0.0024529537,G85,G26
2585,0.0011245734,G86,G26
2586,0.0034421966,G87,G26
2587,0.004447055,G88,G26
2588,0.0009946335,G89,G26
2589,0.0015642112,G90,G26
2590,0.002131782,G91,G26
2591,0.0013961913,G92,G26
2592,0.0017358538,G93,G26
2593,0.0017230153,G94,G26
2594,0.0020902986,G95,G26
2595,0.0021684873,G96,G26
2596,0.0039778375,G97,G26
2597,0.0011168616,G98,G26
2598,0.0035512825,G99,G26
2602,0.0026403095,G3,G27
2603,0.0033708112,G4,G27
2604,0.004359102,G5,G27
2605,0.0014790976,G6,G27
2606,0.0014833057,G7,G27
2607,0.0011585847,G8,G27
2608,0.0014147772,G9,G27
2627,0.0011946353,G28,G27
2628,0.00368721,G29,G27
2629,0.0020199677,G30,G27
2630,0.00044030795,G31,G27
2631,0.0028016402,G32,G27
2632,0.0004257302,G33,G27
2633,0.0019271432,G34,G27
2634,0.00169134,G35,G27
2635,0.004067127,G36,G27
2636,0.0024106484,G37,G27
2637,0.0012154796,G38,G27
2638,0.002838073,G39,G27
2639,0.005331566,G40,G27
2640,0.0007119379,G41,G27
2641,0.005304304,G42,G27
2642,0.00086302386,G43,G27
2643,0.0019133491,G44,G27
2644,0.0024137483,G45,G27
2645,0.001441203,G46,G27
2646,0.0017790429,G47,G27
2647,0.0016272557,G48,G27
2648,0.0012471126,G49,G27
2649,0.002246987,G50,G27
2650,0.002417271,G51,G27
2651,0.0028330362,G52,G27
2652,0.0028283887,G53,G27
2653,0.0021246872,G54,G27
2654,0.0015603929,G55,G27
2655,0.0011687918,G56,G27
2656,0.0016507534,G57,G27
2657,0.0025354545,G58,G27
2658,0.0024333873,G59,G27
2659,0.002459838,G60,G27
2660,0.001111299,G61,G27
2661,0.0016025163,G62,G27
2662,0.002166786,G63,G27
2663,0.0020132167,G64,G27
2664,0.00027965964,G65,G27
2665,0.000726212,G66,G27
2666,0.0017017396,G67,G27
2667,0.0032901186,G68,G27
2668,0.0017607191,G69,G27
2669,0.0009392324,G70,G27
2670,0.0023021407,G71,G27
2671,0.0024130624,G72,G27
2672,0.0039026984,G73,G27
2673,0.0016515154,G74,G27
2674,0.0032217158,G75,G27
2675,0.0016095869,G76,G27
2676,0.0025272532,G77,G27
2677,0.0038843406,G78,G27
2678,0.0018387383,G79,G27
2679,0.002431985,G80,G27
2680,0.0047998275,G81,G27
2681,0.0022310298,G82,G27
2682,0.002152224,G83,G27
2683,0.0015128314,G84,G27
2684,0.0027442765,G85,G27
2685,0.003067537,G86,G27
2686,0.00045329594,G87,G27
2687,0.0012042456,G88,G27
2688,0.0030819704,G89,G27
2689,0.0052061975,G90,G27
2690,0.002660104,G91,G27
2691,0.0018181573,G92,G27
2692,0.001453486,G93,G27
2693,0.0030067645,G94,G27
2694,0.0024833272,G95,G27
2695,0.0022806092,G96,G27
2696,0.0013472384,G97,G27
2697,0.0018165157,G98,G27
2698,0.0013827044,G99,G27
2702,0.003031807,G3,G28
2703,0.0037072115,G4,G28
2704,0.004101141,G5,G28
2705,0.0017928467,G6,G28
2706,0.0019839928,G7,G28
2707,0.00046894755,G8,G28
2708,0.0026335733,G9,G28
2728,0.0032628458,G29,G28
2729,0.002859535,G30,G28
2730,0.0023451594,G31,G28
2731,0.0044971616,G32,G28
2732,0.00038619124,G33,G28
2733,0.002308059,G34,G28
2734,0.0025449712,G35,G28
2735,0.0037843583,G36,G28
2736,0.0016873854,G37,G28
2737,0.000810724,G38,G28
2738,0.006653798,G39,G28
2739,0.0075157927,G40,G28
2740,0.0018051359,G41,G28
2741,0.006258835,G42,G28
2742,0.0027008834,G43,G28
2743,0.0019311758,G44,G28
2744,0.00094871165,G45,G28
2745,0.0029835675,G46,G28
2746,0.0028592912,G47,G28
2747,0.0034264917,G48,G28
2748,0.0013956784,G49,G28
2749,0.0030895178,G50,G28
2750,0.0018351178,G51,G28
2751,0.001696137,G52,G28
2752,0.002016271,G53,G28
2753,0.0014850944,G54,G28
2754,0.0035922215,G55,G28
2755,0.0055146255,G56,G28
2756,0.0034491452,G57,G28
2757,0.001210807,G58,G28
2758,0.0031584024,G59,G28
2759,0.0013996342,G60,G28
2760,0.0027605689,G61,G28
2761,0.0018362238,G62,G28
2762,0.0014001415,G63,G28
2763,0.0038417384,G64,G28
2764,0.0017839237,G65,G28
2765,0.0008724581,G66,G28
2766,0.0040020375,G67,G28
2767,0.0029960794,G68,G28
2768,0.0028345697,G69,G28
2769,0.0045104506,G70,G28
2770,0.0024914911,G71,G28
2771,0.0019815771,G72,G28
2772,0.0025047292,G73,G28
2773,0.003360632,G74,G28
2774,0.0025310894,G75,G28
2775,0.00023167818,G76,G28
2776,0.00095083343,G77,G28
2777,0.0022318608,G78,G28
2778,0.0032305222,G79,G28
2779,0.0010530608,G80,G28
2780,0.0036554355,G81,G28
2781,0.0015562325,G82,G28
2782,0.00053765794,G83,G28
2783,0.0053589162,G84,G28
2784,0.00070490106,G85,G28
2785,0.0036430135,G86,G28
2786,0.003457775,G87,G28
2787,0.0019678373,G88,G28
2788,0.0007887991,G89,G28
2789,0.0011091641,G90,G28
2790,0.0009166002,G91,G28
2791,0.0008921544,G92,G28
2792,0.0015472636,G93,G28
2793,0.0027092164,G94,G28
2794,0.002101386,G95,G28
2795,0.0024111497,G96,G28
2796,0.0062128156,G97,G28
2797,0.001203315,G98,G28
2798,0.0007692571,G99,G28
2802,0.0019537362,G3,G29
2803,0.00017936609,G4,G29
2804,0.0027025477,G5,G29
2805,0.0022490113,G6,G29
2806,0.0019793347,G7,G29
2807,0.0016739059,G8,G29
2808,0.00062854134,G9,G29
2829,0.0045546126,G30,G29
2830,0.0021874863,G31,G29
2831,0.0033421475,G32,G29
2832,0.0037078597,G33,G29
2833,0.0038184896,G34,G29
2834,0.0018103694,G35,G29
2835,0.0028487532,G36,G29
2836,0.00472607,G37,G29
2837,0.0016451767,G38,G29
2838,0.004403392,G39,G29
2839,0.0017563084,G40,G29
2840,0.00060548045,G41,G29
2841,0.0060031265,G42,G29
2842,0.002356996,G43,G29
2843,0.0025827668,G44,G29
2844,0.002079026,G45,G29
2845,0.003715252,G46,G29
2846,0.0010641052,G47,G29
2847,0.0038822866,G48,G29
2848,5.9941318e-05,G49,G29
2849,0.0038179716,G50,G29
2850,0.0008824728,G51,G29
2851,0.0014083696,G52,G29
2852,0.0027566697,G53,G29
2853,0.0022902712,G54,G29
2854,0.0012977585,G55,G29
2855,0.0031348933,G56,G29
2856,0.0020792796,G57,G29
2857,0.0015206188,G58,G29
2858,0.0064193737,G59,G29
2859,0.004861013,G60,G29
2860,0.0011706467,G61,G29
2861,0.00038123297,G62,G29
2862,0.0027703936,G63,G29
2863,0.0025434208,G64,G29
2864,0.0041395137,G65,G29
2865,0.0036846602,G66,G29
2866,0.0022923453,G67,G29
2867,0.0011822917,G68,G29
2868,0.0020203025,G69,G29
2869,0.0045792037,G70,G29
2870,0.0021364358,G71,G29
2871,0.0031229705,G72,G29
2872,0.0043544667,G73,G29
2873,0.0017994709,G74,G29
2874,0.003241687,G75,G29
2875,0.0028257412,G76,G29
2876,0.00325116,G77,G29
2877,0.0015381242,G78,G29
2878,0.0048548914,G79,G29
2879,0.0022153251,G80,G29
2880,0.003408823,G81,G29
2881,0.0020418703,G82,G29
2882,0.00398505,G83,G29
2883,0.0012357088,G84,G29
2884,0.0022636252,G85,G29
2885,0.002021931,G86,G29
2886,0.0005126989,G87,G29
2887,0.0026003295,G88,G29
2888,0.002146021,G89,G29
2889,0.0025427782,G90,G29
2890,0.000497589,G91,G29
2891,0.0024880613,G92,G29
2892,0.00084847875,G93,G29
2893,0.0027357964,G94,G29
2894,0.00030358016,G95,G29
2895,0.0022064596,G96,G29
2896,0.0024704328,G97,G29
2897,0.0027750512,G98,G29
2898,0.0013188304,G99,G29
2903,0.0027386574,G4,G30
2904,0.0027697207,G5,G30
2905,0.0019654527,G6,G30
2906,0.0023361132,G7,G30
2907,0.0011993736,G8,G30
2908,0.0020516717,G9,G30
2930,0.002103617,G31,G30
2931,0.0022495682,G32,G30
2932,0.0018784882,G33,G30
2933,0.0015075936,G34,G30
2934,0.002727763,G35,G30
2935,0.0009115179,G36,G30
2936,0.0017494735,G37,G30
2937,0.0011596119,G38,G30
2938,0.0043657375,G39,G30
2939,0.004015046,G40,G30
2940,0.001958871,G41,G30
2941,0.0025903173,G42,G30
2942,0.0018598996,G43,G30
2943,0.00035672175,G44,G30
2944,0.0015021558,G45,G30
2945,0.0013117738,G46,G30
2946,0.0014690887,G47,G30
2947,0.0020724398,G48,G30
2948,0.001825742,G49,G30
2949,0.0019633542,G50,G30
2950,0.0031778947,G51,G30
2951,0.002055898,G52,G30
2952,0.0017503119,G53,G30
2953,0.0026391577,G54,G30
2954,0.0010779349,G55,G30
2955,0.0013118868,G56,G30
2956,0.0016944826,G57,G30
2957,0.0010900754,G58,G30
2958,0.0026507908,G59,G30
2959,0.002239988,G60,G30
2960,0.0026593702,G61,G30
2961,0.0034159638,G62,G30
2962,0.0026320952,G63,G30
2963,0.0022724902,G64,G30
2964,0.0012589885,G65,G30
2965,0.0015512917,G66,G30
2966,0.0017320687,G67,G30
2967,0.002763706,G68,G30
2968,0.00055999984,G69,G30
2969,0.0018416352,G70,G30
2970,0.002062261,G71,G30
2971,0.0020996772,G72,G30
2972,0.0010190847,G73,G30
2973,0.00172907,G74,G30
2974,0.004224318,G75,G30
2975,0.0025279121,G76,G30
2976,0.004064078,G77,G30
2977,0.0019079874,G78,G30
2978,0.0019873127,G79,G30
2979,0.0018990084,G80,G30
2980,0.005076944,G81,G30
2981,0.0022601187,G82,G30
2982,0.0023041999,G83,G30
2983,0.0024627466,G84,G30
2984,0.0023553062,G85,G30
2985,0.0025831582,G86,G30
2986,0.0015664101,G87,G30
2987,0.001920056,G88,G30
2988,0.0014958475,G89,G30
2989,0.001664131,G90,G30
2990,0.00034289848,G91,G30
2991,0.0044830404,G92,G30
2992,0.0026672664,G93,G30
2993,0.0022526486,G94,G30
2994,0.0023555798,G95,G30
2995,0.00044141992,G96,G30
2996,0.0027570715,G97,G30
2997,0.002483669,G98,G30
2998,0.0017350938,G99,G30
3003,0.0025968405,G4,G31
3004,0.0003792265,G5,G31
3005,0.0020140405,G6,G31
3006,0.003379033,G7,G31
3007,0.0015391401,G8,G31
3008,0.0023622685,G9,G31
3031,0.0016847395,G32,G31
3032,0.0026758267,G33,G31
3033,0.0013281022,G34,G31
3034,0.0017327133,G35,G31
3035,0.00059003895,G36,G31
3036,0.0016069463,G37,G31
3037,0.0038229355,G38,G31
3038,0.0023984292,G39,G31
3039,0.0016726683,G40,G31
3040,0.00064419967,G41,G31
3041,0.00094781397,G42,G31
3042,0.0019851683,G43,G31
3043,0.0009946551,G44,G31
3044,0.00082402397,G45,G31
3045,0.0015131694,G46,G31
3046,0.0029236176,G47,G31
3047,0.002991273,G48,G31
3048,0.0014992008,G49,G31
3049,0.0031918604,G50,G31
3050,0.0017965431,G51,G31
3051,0.0012591648,G52,G31
3052,0.002749601,G53,G31
3053,0.0022074855,G54,G31
3054,0.0028559705,G55,G31
3055,0.0009305769,G56,G31
3056,0.0028780722,G57,G31
3057,0.0003996684,G58,G31
3058,0.0023345598,G59,G31
3059,0.0016475478,G60,G31
3060,0.0019797394,G61,G31
3061,0.00037264044,G62,G31
3062,0.00034162257,G63,G31
3063,0.00072709867,G64,G31
3064,0.0036321734,G65,G31
3065,0.0010505944,G66,G31
3066,0.0023227714,G67,G31
3067,0.00047830277,G68,G31
3068,0.0011708154,G69,G31
3069,0.0016787032,G70,G31
3070,0.0011498105,G71,G31
3071,0.003148887,G72,G31
3072,0.0029691318,G73,G31
3073,0.0011730851,G74,G31
3074,0.0012459394,G75,G31
3075,0.001362493,G76,G31
3076,0.0027316553,G77,G31
3077,0.0004414373,G78,G31
3078,0.0025401264,G79,G31
3079,0.0016626483,G80,G31
3080,0.006247271,G81,G31
3081,0.0023970809,G82,G31
3082,0.0026493596,G83,G31
3083,0.0020103627,G84,G31
3084,0.002183666,G85,G31
3085,0.0026541727,G86,G31
3086,0.001776665,G87,G31
3087,0.0040567345,G88,G31
3088,0.0028638872,G89,G31
3089,0.00094244635,G90,G31
3090,0.00030532712,G91,G31
3091,0.0021060992,G92,G31
3092,0.0013813599,G93,G31
3093,0.0004296807,G94,G31
3094,0.003835948,G95,G31
3095,0.0020056588,G96,G31
3096,0.004696765,G97,G31
3097,0.0041503436,G98,G31
3098,0.0023073307,G99,G31
3103,0.00071110507,G4,G32
3104,0.002942693,G5,G32
3105,0.0018403385,G6,G32
3106,0.0032883438,G7,G32
3107,0.00028674322,G8,G32
3108,0.00065106055,G9,G32
3132,0.0015505165,G33,G32
3133,0.002349302,G34,G32
3134,0.0020635815,G35,G32
3135,0.000925613,G36,G32
3136,0.0022290465,G37,G32
3137,0.0033318067,G38,G32
3138,0.002540234,G39,G32
3139,0.0022779037,G40,G32
3140,0.0029475782,G41,G32
3141,0.0012999497,G42,G32
3142,0.0015069726,G43,G32
3143,0.0024749872,G44,G32
3144,0.002605436,G45,G32
3145,0.0034424567,G46,G32
3146,0.0026916335,G47,G32
3147,0.0016774995,G48,G32
3148,0.0012708409,G49,G32
3149,0.0022519995,G50,G32
3150,0.0021374456,G51,G32
3151,0.002637039,G52,G32
3152,0.0015323492,G53,G32
3153,0.0012631672,G54,G32
3154,0.0028343862,G55,G32
3155,0.0038831118,G56,G32
3156,0.0016127283,G57,G32
3157,0.0022310128,G58,G32
3158,0.0050201975,G59,G32
3159,0.00274509,G60,G32
3160,0.0023226347,G61,G32
3161,0.0029520525,G62,G32
3162,0.0016782456,G63,G32
3163,0.0025370296,G64,G32
3164,0.00080905884,G65,G32
3165,0.0010526285,G66,G32
3166,0.0038732667,G67,G32
3167,0.0027828016,G68,G32
3168,0.0007873777,G69,G32
3169,0.00049511634,G70,G32
3170,0.0016599965,G71,G32
3171,0.002618798,G72,G32
3172,0.0042932695,G73,G32
3173,0.0011113597,G74,G32
3174,0.0035270264,G75,G32
3175,0.0031352974,G76,G32
3176,0.002754281,G77,G32
3177,0.0016042725,G78,G32
3178,0.0049383184,G79,G32
3179,0.0022145375,G80,G32
3180,0.005241176,G81,G32
3181,0.003368577,G82,G32
3182,0.0053638434,G83,G32
3183,0.002185338,G84,G32
3184,0.0017774979,G85,G32
3185,0.0040552374,G86,G32
3186,0.0026953307,G87,G32
3187,0.0024298448,G88,G32
3188,0.0034335845,G89,G32
3189,0.0035657857,G90,G32
3190,0.0023096614,G91,G32
3191,0.004296241,G92,G32
3192,0.002685994,G93,G32
3193,0.0002798745,G94,G32
3194,0.0025820625,G95,G32
3195,0.0025981888,G96,G32
3196,0.0037052124,G97,G32
3197,0.003052893,G98,G32
3198,0.0018111637,G99,G32
3203,0.0024096314,G4,G33
3204,0.002511722,G5,G33
3205,0.00310591,G6,G33
3206,0.002286661,G7,G33
3207,0.00385404,G8,G33
3208,0.0038294974,G9,G33
3233,0.0042852913,G34,G33
3234,0.00333527,G35,G33
3235,0.004936427,G36,G33
3236,0.0032165013,G37,G33
3237,0.0037180884,G38,G33
3238,0.0051234197,G39,G33
3239,0.0044339597,G40,G33
3240,0.0039973357,G41,G33
3241,0.0026043707,G42,G33
3242,0.0029112916,G43,G33
3243,0.003473844,G44,G33
3244,0.002545888,G45,G33
3245,0.003634431,G46,G33
3246,0.00030221758,G47,G33
3247,0.0026953206,G48,G33
3248,0.00027130274,G49,G33
3249,0.003635061,G50,G33
3250,0.0022171794,G51,G33
3251,0.0044557187,G52,G33
3252,0.002678851,G53,G33
3253,0.0022520598,G54,G33
3254,0.0042961603,G55,G33
3255,0.0028460505,G56,G33
3256,0.0032332032,G57,G33
3257,0.004391633,G58,G33
3258,0.0017792075,G59,G33
3259,0.00075940567,G60,G33
3260,0.001901519,G61,G33
3261,0.0029778178,G62,G33
3262,0.0037730043,G63,G33
3263,0.0024422128,G64,G33
3264,0.003067554,G65,G33
3265,0.003951442,G66,G33
3266,0.003389931,G67,G33
3267,0.0024424093,G68,G33
3268,0.002555552,G69,G33
3269,0.0050700344,G70,G33
3270,0.0016037168,G71,G33
3271,0.0008938727,G72,G33
3272,0.003248106,G73,G33
3273,0.003133454,G74,G33
3274,0.002676404,G75,G33
3275,0.00058221817,G76,G33
3276,0.0033217643,G77,G33
3277,0.0035733853,G78,G33
3278,0.0012912096,G79,G33
3279,0.0009901073,G80,G33
3280,0.0032342763,G81,G33
3281,0.0062322393,G82,G33
3282,0.004230814,G83,G33
3283,0.0016184805,G84,G33
3284,0.0034348313,G85,G33
3285,0.0023585395,G86,G33
3286,0.0008816083,G87,G33
3287,0.0015327901,G88,G33
3288,0.0009437424,G89,G33
3289,0.0017698363,G90,G33
3290,0.004127152,G91,G33
3291,0.0029219436,G92,G33
3292,0.0021568718,G93,G33
3293,0.0027590934,G94,G33
3294,0.00084715604,G95,G33
3295,0.0026023677,G96,G33
3296,0.002553017,G97,G33
3297,0.00039200453,G98,G33
3298,0.0035023713,G99,G33
3303,0.00088048156,G4,G34
3304,0.0038419254,G5,G34
3305,0.0007163702,G6,G34
3306,0.0040595517,G7,G34
3307,0.0018751048,G8,G34
3308,0.0020080907,G9,G34
3334,0.0026284675,G35,G34
3335,0.003220396,G36,G34
3336,0.0037233392,G37,G34
3337,0.0015966889,G38,G34
3338,0.0026069134,G39,G34
3339,0.004515821,G40,G34
3340,0.0016026726,G41,G34
3341,0.0035810655,G42,G34
3342,0.0011021342,G43,G34
3343,0.0015298245,G44,G34
3344,0.001653212,G45,G34
3345,0.000814758,G46,G34
3346,0.0014259779,G47,G34
3347,0.0015356243,G48,G34
3348,0.0015218601,G49,G34
3349,0.0027773392,G50,G34
3350,0.0021742391,G51,G34
3351,0.0045245886,G52,G34
3352,0.0008757235,G53,G34
3353,0.0012386412,G54,G34
3354,0.0018144639,G55,G34
3355,0.0011369744,G56,G34
3356,0.0013244502,G57,G34
3357,0.001099739,G58,G34
3358,0.002496011,G59,G34
3359,0.0008206044,G60,G34
3360,0.003350174,G61,G34
3361,0.0024416298,G62,G34
3362,0.001923799,G63,G34
3363,0.00189761,G64,G34
3364,0.002034851,G65,G34
3365,0.003044894,G66,G34
3366,0.0008324604,G67,G34
3367,0.00237343,G68,G34
3368,0.0011805003,G69,G34
3369,0.0033207678,G70,G34
3370,0.0020128575,G71,G34
3371,0.0025634035,G72,G34
3372,0.002900945,G73,G34
3373,0.0024045787,G74,G34
3374,0.0029005096,G75,G34
3375,0.0033403982,G76,G34
3376,0.00029947545,G77,G34
3377,0.0013790096,G78,G34
3378,0.0030795662,G79,G34
3379,0.0028172818,G80,G34
3380,0.0017037502,G81,G34
3381,0.0024182927,G82,G34
3382,0.0009169972,G83,G34
3383,0.0018830958,G84,G34
3384,0.0030094914,G85,G34
3385,0.0022493491,G86,G34
3386,0.000494829,G87,G34
3387,0.0026838535,G88,G34
3388,0.00023495275,G89,G34
3389,0.0034960676,G90,G34
3390,0.0018104349,G91,G34
3391,0.0009110165,G92,G34
3392,0.0016881921,G93,G34
3393,0.0037243846,G94,G34
3394,0.0021960372,G95,G34
3395,0.0020936972,G96,G34
3396,0.0007463414,G97,G34
3397,0.0015494413,G98,G34
3398,0.002960948,G99,G34
3403,0.003440319,G4,G35
3404,0.0024886103,G5,G35
3405,0.0008260091,G6,G35
3406,0.0023285751,G7,G35
3407,0.0020238073,G8,G35
3408,0.00047754156,G9,G35
3435,0.0043286476,G36,G35
3436,0.0012074116,G37,G35
3437,0.00060411583,G38,G35
3438,0.0030399214,G39,G35
3439,0.0055105863,G40,G35
3440,0.0015440598,G41,G35
3441,0.0010391512,G42,G35
3442,0.00045542442,G43,G35
3443,0.00043667143,G44,G35
3444,0.000513171,G45,G35
3445,0.0013406941,G46,G35
3446,0.0012813616,G47,G35
3447,0.00044595305,G48,G35
3448,0.0014811326,G49,G35
3449,0.0022300268,G50,G35
3450,0.0032740128,G51,G35
3451,0.0016342693,G52,G35
3452,0.0013026416,G53,G35
3453,0.00061611383,G54,G35
3454,0.0018702061,G55,G35
3455,0.0032303934,G56,G35
3456,0.00070132775,G57,G35
3457,0.0006710065,G58,G35
3458,0.0018289718,G59,G35
3459,0.00049928244,G60,G35
3460,0.002098404,G61,G35
3461,0.0011741369,G62,G35
3462,0.0028007273,G63,G35
3463,0.0017688891,G64,G35
3464,0.0015930615,G65,G35
3465,0.0007383514,G66,G35
3466,0.0018088699,G67,G35
3467,0.0039891014,G68,G35
3468,0.003178085,G69,G35
3469,0.0042478913,G70,G35
3470,0.0016853181,G71,G35
3471,0.0017832404,G72,G35
3472,0.003420444,G73,G35
3473,0.0033130946,G74,G35
3474,0.0028612262,G75,G35
3475,0.001564473,G76,G35
3476,0.0021048367,G77,G35
3477,0.001244023,G78,G35
3478,0.00589847,G79,G35
3479,0.00406316,G80,G35
3480,0.0040862914,G81,G35
3481,0.000794375,G82,G35
3482,0.0018175514,G83,G35
3483,0.003933736,G84,G35
3484,0.0024326243,G85,G35
3485,0.0025016298,G86,G35
3486,0.0021225035,G87,G35
3487,0.0013651482,G88,G35
3488,0.0013267326,G89,G35
3489,0.0022012335,G90,G35
3490,0.0013371714,G91,G35
3491,0.0008512286,G92,G35
3492,0.0014557268,G93,G35
3493,0.0017565292,G94,G35
3494,0.00073948485,G95,G35
3495,0.004484091,G96,G35
3496,0.001447441,G97,G35
3497,0.0012888173,G98,G35
3498,0.0049527185,G99,G35
3503,0.0013866968,G4,G36
3504,0.0019607334,G5,G36
3505,0.0010463691,G6,G36
3506,0.0071609267,G7,G36
3507,0.0019997004,G8,G36
3508,0.0010682418,G9,G36
3536,0.003925018,G37,G36
3537,0.0059929006,G38,G36
3538,0.0035558005,G39,G36
3539,0.0037887709,G40,G36
3540,0.0044333357,G41,G36
3541,0.0019829662,G42,G36
3542,0.002021548,G43,G36
3543,0.00026011743,G44,G36
3544,0.0011608233,G45,G36
3545,0.0032210427,G46,G36
3546,0.0013848259,G47,G36
3547,0.00059501186,G48,G36
3548,0.00038415613,G49,G36
3549,0.0014629519,G50,G36
3550,0.0052868947,G51,G36
3551,0.005378285,G52,G36
3552,0.001258115,G53,G36
3553,0.0013138824,G54,G36
3554,0.003827753,G55,G36
3555,0.001024264,G56,G36
3556,0.0018356116,G57,G36
3557,0.0018055859,G58,G36
3558,0.0027547884,G59,G36
3559,0.0014349759,G60,G36
3560,0.0029099656,G61,G36
3561,0.004604255,G62,G36
3562,0.0013733129,G63,G36
3563,0.0033730157,G64,G36
3564,0.0034520656,G65,G36
3565,0.0029460515,G66,G36
3566,0.002073221,G67,G36
3567,0.0027997748,G68,G36
3568,0.0026556104,G69,G36
3569,0.0058796857,G70,G36
3570,0.0023615444,G71,G36
3571,0.0073786182,G72,G36
3572,0.0037146583,G73,G36
3573,0.0021471642,G74,G36
3574,0.0043679187,G75,G36
3575,0.0015036864,G76,G36
3576,0.0031260904,G77,G36
3577,0.00085085933,G78,G36
3578,0.004842693,G79,G36
3579,0.0032251154,G80,G36
3580,0.0028188284,G81,G36
3581,0.0024112174,G82,G36
3582,0.0026478309,G83,G36
3583,0.0037390615,G84,G36
3584,0.002665619,G85,G36
3585,0.0040541682,G86,G36
3586,0.0033713102,G87,G36
3587,0.0053217686,G88,G36
3588,0.0008759333,G89,G36
3589,0.0012129608,G90,G36
3590,0.0022505412,G91,G36
3591,0.0026256093,G92,G36
3592,0.0008447106,G93,G36
3593,0.0018946272,G94,G36
3594,0.0011075059,G95,G36
3595,0.0011882739,G96,G36
3596,0.003154952,G97,G36
3597,0.0017330516,G98,G36
3598,0.005226935,G99,G36
3603,0.0044604256,G4,G37
3604,0.004012795,G5,G37
3605,0.0014769204,G6,G37
3606,0.0012475385,G7,G37
3607,0.0009985648,G8,G37
3608,0.0023135403,G9,G37
3637,0.0016995774,G38,G37
3638,0.006803943,G39,G37
3639,0.0070594987,G40,G37
3640,0.00096663943,G41,G37
3641,0.0003632655,G42,G37
3642,0.00093786314,G43,G37
3643,0.0005444855,G44,G37
3644,0.0020700414,G45,G37
3645,0.000198005,G46,G37
3646,0.0011337933,G47,G37
3647,0.0017707339,G48,G37
3648,7.1207556e-05,G49,G37
3649,0.0037023616,G50,G37
3650,0.0020580185,G51,G37
3651,0.002111786,G52,G37
3652,0.0020821637,G53,G37
3653,0.0018199659,G54,G37
3654,0.00297016,G55,G37
3655,0.0034138719,G56,G37
3656,0.0017450918,G57,G37
3657,0.001796113,G58,G37
3658,0.0016418658,G59,G37
3659,0.0006738258,G60,G37
3660,0.0006405236,G61,G37
3661,0.003697475,G62,G37
3662,0.0040946174,G63,G37
3663,0.0010972583,G64,G37
3664,0.0016643419,G65,G37
3665,0.0014724177,G66,G37
3666,0.0014035457,G67,G37
3667,0.0016674245,G68,G37
3668,0.0021478424,G69,G37
3669,0.0032855913,G70,G37
3670,0.002830192,G71,G37
3671,0.0011183989,G72,G37
3672,0.0031889055,G73,G37
3673,0.0034047042,G74,G37
3674,0.0021056202,G75,G37
3675,0.0020222783,G76,G37
3676,0.0024619251,G77,G37
3677,0.00040235455,G78,G37
3678,0.0048536374,G79,G37
3679,0.0028144312,G80,G37
3680,0.003560084,G81,G37
3681,0.0020536915,G82,G37
3682,0.003118292,G83,G37
3683,0.006932605,G84,G37
3684,0.0028376395,G85,G37
3685,0.002294388,G86,G37
3686,0.0010396797,G87,G37
3687,0.00080422196,G88,G37
3688,0.00091513566,G89,G37
3689,0.0014664878,G90,G37
3690,0.0025536977,G91,G37
3691,0.002236615,G92,G37
3692,0.0015915536,G93,G37
3693,0.0048933392,G94,G37
3694,0.004181086,G95,G37
3695,0.00211756,G96,G37
3696,0.0038460866,G97,G37
3697,0.00037814974,G98,G37
3698,0.003619035,G99,G37
3703,0.0045815585,G4,G38
3704,0.0026274761,G5,G38
3705,0.002037006,G6,G38
3706,0.00013624184,G7,G38
3707,0.0040566884,G8,G38
3708,0.003906795,G9,G38
3738,0.0049369195,G39,G38
3739,0.0054067513,G40,G38
3740,0.00322282,G41,G38
3741,0.0038757375,G42,G38
3742,0.0017785921,G43,G38
3743,0.00076747686,G44,G38
3744,0.0024493772,G45,G38
3745,0.001456533,G46,G38
3746,0.0026327553,G47,G38
3747,0.0023055985,G48,G38
3748,0.0007790384,G49,G38
3749,0.002081552,G50,G38
3750,0.0027918506,G51,G38
3751,0.0035196282,G52,G38
3752,0.002310689,G53,G38
3753,0.0021670817,G54,G38
3754,0.002109407,G55,G38
3755,0.0007235662,G56,G38
3756,0.0013590406,G57,G38
3757,0.0021345175,G58,G38
3758,0.00333973,G59,G38
3759,0.0020520007,G60,G38
3760,0.00054645515,G61,G38
3761,0.0028319594,G62,G38
3762,0.003500947,G63,G38
3763,0.0039289445,G64,G38
3764,0.0013492686,G65,G38
3765,0.0009849006,G66,G38
3766,0.0016819284,G67,G38
3767,0.0017527493,G68,G38
3768,0.0020325938,G69,G38
3769,0.00370889,G70,G38
3770,0.0021661622,G71,G38
3771,0.0024481334,G72,G38
3772,0.0022840486,G73,G38
3773,0.0035259833,G74,G38
3774,0.0023483606,G75,G38
3775,0.0029408387,G76,G38
3776,0.005498559,G77,G38
3777,0.0024062,G78,G38
3778,0.0017250362,G79,G38
3779,0.0011203425,G80,G38
3780,0.0018272167,G81,G38
3781,0.003462813,G82,G38
3782,0.0021814152,G83,G38
3783,0.0014138364,G84,G38
3784,0.00232967,G85,G38
3785,0.0036329394,G86,G38
3786,0.0018555287,G87,G38
3787,0.0038688555,G88,G38
3788,0.0013207911,G89,G38
3789,0.0016591249,G90,G38
3790,0.0027589996,G91,G38
3791,0.0037480001,G92,G38
3792,0.00095274317,G93,G38
3793,0.0020399727,G94,G38
3794,0.0025481384,G95,G38
3795,0.0009578288,G96,G38
3796,0.0007992616,G97,G38
3797,0.0029080447,G98,G38
3798,0.004470358,G99,G38
3803,0.0030540824,G4,G39
3804,0.0025470457,G5,G39
3805,0.0044350554,G6,G39
3806,0.006830563,G7,G39
3807,0.0047271373,G8,G39
3808,0.0045456924,G9,G39
3839,0.0071137166,G40,G39
3840,0.0009732021,G41,G39
3841,0.004796658,G42,G39
3842,0.002074442,G43,G39
3843,0.0012985021,G44,G39
3844,0.0028431546,G45,G39
3845,0.002814595,G46,G39
3846,0.0022270365,G47,G39
3847,0.002446658,G48,G39
3848,0.0020922888,G49,G39
3849,0.0029842923,G50,G39
3850,0.0016583658,G51,G39
3851,0.0050188825,G52,G39
3852,0.0039271736,G53,G39
3853,0.0006474193,G54,G39
3854,0.00065710384,G55,G39
3855,0.0015432056,G56,G39
3856,0.00325257,G57,G39
3857,0.0015093288,G58,G39
3858,0.006544932,G59,G39
3859,0.00073344086,G60,G39
3860,0.004571574,G61,G39
3861,0.00328763,G62,G39
3862,0.0016495687,G63,G39
3863,0.003860088,G64,G39
3864,0.0021490133,G65,G39
3865,0.00442332,G66,G39
3866,0.0018092189,G67,G39
3867,0.005026227,G68,G39
3868,0.0042176708,G69,G39
3869,0.0027082707,G70,G39
3870,0.003772386,G71,G39
3871,0.0036512793,G72,G39
3872,0.003300823,G73,G39
3873,0.0021912428,G74,G39
3874,0.0024959275,G75,G39
3875,0.0037143964,G76,G39
3876,0.0022295553,G77,G39
3877,0.0021823458,G78,G39
3878,0.0057131248,G79,G39
3879,0.0061010914,G80,G39
3880,0.003942724,G81,G39
3881,0.0025789088,G82,G39
3882,0.0009865173,G83,G39
3883,0.0037901595,G84,G39
3884,0.003978207,G85,G39
3885,0.0030319681,G86,G39
3886,0.0019314741,G87,G39
3887,0.0039084433,G88,G39
3888,0.0011119659,G89,G39
3889,0.0029197214,G90,G39
3890,0.0026745026,G91,G39
3891,0.0024814294,G92,G39
3892,0.0020415941,G93,G39
3893,0.0018440114,G94,G39
3894,0.002892815,G95,G39
3895,0.004236185,G96,G39
3896,0.004377421,G97,G39
3897,0.0049570696,G98,G39
3898,0.002879596,G99,G39
3904,0.0056658927,G5,G40
3905,0.003279957,G6,G40
3906,0.01044255,G7,G40
3907,0.0049003703,G8,G40
3908,0.0034979982,G9,G40
3940,0.003887663,G41,G40
3941,0.0017491698,G42,G40
3942,0.0015800201,G43,G40
3943,0.0011046148,G44,G40
3944,0.0038138523,G45,G40
3945,0.0033204076,G46,G40
3946,0.0034572794,G47,G40
3947,0.0026855073,G48,G40
3948,0.001181525,G49,G40
3949,0.0038947922,G50,G40
3950,0.0030932487,G51,G40
3951,0.004541622,G52,G40
3952,0.0030694103,G53,G40
3953,0.0027563781,G54,G40
3954,0.0024364674,G55,G40
3955,0.0031733601,G56,G40
3956,0.0031632716,G57,G40
3957,0.0011329716,G58,G40
3958,0.0074111214,G59,G40
3959,0.0021876225,G60,G40
3960,0.00485453,G61,G40
3961,0.0053271027,G62,G40
3962,0.002377136,G63,G40
3963,0.005460757,G64,G40
3964,0.0061083743,G65,G40
3965,0.0034375272,G66,G40
3966,0.0031520436,G67,G40
3967,0.004787212,G68,G40
3968,0.0050375652,G69,G40
3969,0.0043019084,G70,G40
3970,0.003916859,G71,G40
3971,0.0047458997,G72,G40
3972,0.0029614868,G73,G40
3973,0.0031948686,G74,G40
3974,0.0079173455,G75,G40
3975,0.004532774,G76,G40
3976,0.0013197483,G77,G40
3977,0.0028523474,G78,G40
3978,0.0061589223,G79,G40
3979,0.005854149,G80,G40
3980,0.0059679365,G81,G40
3981,0.0071487306,G82,G40
3982,0.003906802,G83,G40
3983,0.0031509243,G84,G40
3984,0.005238059,G85,G40
3985,0.0045530037,G86,G40
3986,0.0027033426,G87,G40
3987,0.0033151754,G88,G40
3988,0.0030307716,G89,G40
3989,0.0051595755,G90,G40
3990,0.0025193,G91,G40
3991,0.0053298674,G92,G40
3992,0.0021312698,G93,G40
3993,0.0037846733,G94,G40
3994,0.0027537474,G95,G40
3995,0.003216568,G96,G40
3996,0.0055013057,G97,G40
3997,0.0030391468,G98,G40
3998,0.003262589,G99,G40
4004,0.0007429875,G5,G41
4005,0.0014145202,G6,G41
4006,0.0017630619,G7,G41
4007,0.00065907603,G8,G41
4008,0.00034522402,G9,G41
4041,0.0021313617,G42,G41
4042,0.002899443,G43,G41
4043,0.0012805881,G44,G41
4044,0.0021223112,G45,G41
4045,0.0013718547,G46,G41
4046,0.00093228015,G47,G41
4047,0.003844006,G48,G41
4048,0.002262693,G49,G41
4049,0.0006430457,G50,G41
4050,0.002490341,G51,G41
4051,0.0016504729,G52,G41
4052,0.0008808592,G53,G41
4053,0.0012581982,G54,G41
4054,0.0015932508,G55,G41
4055,0.0010595066,G56,G41
4056,0.0021525233,G57,G41
4057,0.002318412,G58,G41
4058,0.0010275454,G59,G41
4059,0.0010126417,G60,G41
4060,0.0009652582,G61,G41
4061,0.0028471204,G62,G41
4062,0.0023383042,G63,G41
4063,0.0014709602,G64,G41
4064,0.001113793,G65,G41
4065,0.0018530202,G66,G41
4066,0.00082732807,G67,G41
4067,0.0013124442,G68,G41
4068,0.0019666262,G69,G41
4069,0.001723226,G70,G41
4070,0.0010249766,G71,G41
4071,0.00085037266,G72,G41
4072,0.0030294587,G73,G41
4073,0.0015539734,G74,G41
4074,0.0007881899,G75,G41
4075,0.0039739283,G76,G41
4076,0.0039660065,G77,G41
4077,0.001183816,G78,G41
4078,0.0013044605,G79,G41
4079,0.00038743406,G80,G41
4080,0.0024152624,G81,G41
4081,0.0004122208,G82,G41
4082,0.0016910777,G83,G41
4083,0.001970714,G84,G41
4084,0.0032862169,G85,G41
4085,0.0010400127,G86,G41
4086,0.0018188836,G87,G41
4087,0.0024565025,G88,G41
4088,0.0011201408,G89,G41
4089,0.001464129,G90,G41
4090,0.0005953277,G91,G41
4091,0.0022710366,G92,G41
4092,0.000735031,G93,G41
4093,0.0022735808,G94,G41
4094,0.0005088144,G95,G41
4095,0.001211775,G96,G41
4096,0.003273532,G97,G41
4097,0.002504183,G98,G41
4098,0.002410966,G99,G41
4104,0.0017847661,G5,G42
4105,0.00051146053,G6,G42
4106,0.0066642845,G7,G42
4107,0.0024182794,G8,G42
4108,0.00032998575,G9,G42
4142,0.0035556303,G43,G42
4143,0.0023276045,G44,G42
4144,0.0010584375,G45,G42
4145,0.0033089921,G46,G42
4146,0.0031600115,G47,G42
4147,0.002345015,G48,G42
4148,0.002828182,G49,G42
4149,0.0038618576,G50,G42
4150,0.0007918871,G51,G42
4151,0.0011459258,G52,G42
4152,0.0039839502,G53,G42
4153,0.0032679318,G54,G42
4154,0.002334394,G55,G42
4155,0.0024524527,G56,G42
4156,0.0014196372,G57,G42
4157,0.0028237854,G58,G42
4158,0.0021444021,G59,G42
4159,0.0041735754,G60,G42
4160,0.0021339846,G61,G42
4161,0.0023813052,G62,G42
4162,0.00060288195,G63,G42
4163,0.0020051687,G64,G42
4164,0.0024606544,G65,G42
4165,0.0030921735,G66,G42
4166,0.0008843969,G67,G42
4167,0.004162641,G68,G42
4168,0.0049006976,G69,G42
4169,0.003262912,G70,G42
4170,0.0033844279,G71,G42
4171,0.0017564406,G72,G42
4172,0.0025875345,G73,G42
4173,0.0015295052,G74,G42
4174,0.0019517903,G75,G42
4175,0.003763149,G76,G42
4176,0.000795614,G77,G42
4177,0.0010151464,G78,G42
4178,0.0058904015,G79,G42
4179,0.00016052001,G80,G42
4180,0.0037588754,G81,G42
4181,0.0033411533,G82,G42
4182,0.00263879,G83,G42
4183,0.0014084359,G84,G42
4184,0.0014973212,G85,G42
4185,0.0044286726,G86,G42
4186,0.00093836995,G87,G42
4187,0.0008167528,G88,G42
4188,0.0008713348,G89,G42
4189,0.0034415794,G90,G42
4190,0.0017052367,G91,G42
4191,0.0018364755,G92,G42
4192,0.0008060302,G93,G42
4193,0.002135642,G94,G42
4194,0.002913001,G95,G42
4195,0.002022272,G96,G42
4196,0.004433181,G97,G42
4197,0.0010997527,G98,G42
4198,0.0018077401,G99,G42
4204,0.0024959026,G5,G43
4205,0.0015137902,G6,G43
4206,0.0036585461,G7,G43
4207,0.0017690766,G8,G43
4208,0.0026202498,G9,G43
4243,0.0029237515,G44,G43
4244,0.0013550627,G45,G43
4245,0.00081258186,G46,G43
4246,0.001165302,G47,G43
4247,0.0011142618,G48,G43
4248,0.0014986489,G49,G43
4249,0.0013604779,G50,G43
4250,0.0031804887,G51,G43
4251,0.0025577329,G52,G43
4252,0.0014141008,G53,G43
4253,0.0020782878,G54,G43
4254,0.0028115385,G55,G43
4255,0.00041171964,G56,G43
4256,0.0022815305,G57,G43
4257,0.004660895,G58,G43
4258,0.0032375616,G59,G43
4259,0.0010961072,G60,G43
4260,0.0009694252,G61,G43
4261,0.0013671818,G62,G43
4262,0.0021518196,G63,G43
4263,0.0032570693,G64,G43
4264,0.0015191635,G65,G43
4265,0.0014151041,G66,G43
4266,0.002179861,G67,G43
4267,0.0009968623,G68,G43
4268,0.0005681823,G69,G43
4269,0.0024404982,G70,G43
4270,0.0020710642,G71,G43
4271,0.0012809974,G72,G43
4272,0.0023594906,G73,G43
4273,0.0027674371,G74,G43
4274,0.004419788,G75,G43
4275,0.000617023,G76,G43
4276,0.002594742,G77,G43
4277,0.00058184925,G78,G43
4278,0.0008609015,G79,G43
4279,0.0014568721,G80,G43
4280,0.0017279349,G81,G43
4281,0.0020043564,G82,G43
4282,0.0019573884,G83,G43
4283,0.0017787311,G84,G43
4284,0.0027196403,G85,G43
4285,0.0005585202,G86,G43
4286,0.0016049683,G87,G43
4287,0.0022224225,G88,G43
4288,0.0012287672,G89,G43
4289,0.00073947955,G90,G43
4290,0.0010208095,G91,G43
4291,0.00074847444,G92,G43
4292,0.0016815788,G93,G43
4293,0.00092187413,G94,G43
4294,0.001039925,G95,G43
4295,0.0013277346,G96,G43
4296,0.002166915,G97,G43
4297,0.00214832,G98,G43
4298,0.0025810208,G99,G43
4304,0.002376686,G5,G44
4305,0.0037821815,G6,G44
4306,0.002407872,G7,G44
4307,0.0014298083,G8,G44
4308,0.0037862044,G9,G44
4344,0.0003021627,G45,G44
4345,0.0016826252,G46,G44
4346,0.0012757196,G47,G44
4347,0.0022772502,G48,G44
4348,0.0036178732,G49,G44
4349,0.0011620662,G50,G44
4350,0.0021260593,G51,G44
4351,0.0018126781,G52,G44
4352,0.002153786,G53,G44
4353,0.00065614877,G54,G44
4354,0.0022191547,G55,G44
4355,0.0016616916,G56,G44
4356,0.00262282,G57,G44
4357,0.00077162095,G58,G44
4358,0.0044862535,G59,G44
4359,0.0006797149,G60,G44
4360,0.001210595,G61,G44
4361,0.002011627,G62,G44
4362,0.00194224,G63,G44
4363,0.0011050986,G64,G44
4364,0.0005549071,G65,G44
4365,0.00065076293,G66,G44
4366,0.0004787611,G67,G44
4367,0.003581177,G68,G44
4368,0.0006036568,G69,G44
4369,0.002314603,G70,G44
4370,0.0003411679,G71,G44
4371,0.004488101,G72,G44
4372,0.002878231,G73,G44
4373,0.0019893048,G74,G44
4374,0.0019393838,G75,G44
4375,0.0019561127,G76,G44
4376,0.0019369366,G77,G44
4377,0.0013720185,G78,G44
4378,0.002882387,G79,G44
4379,0.0030814456,G80,G44
4380,0.0012719297,G81,G44
4381,0.0014311332,G82,G44
4382,0.00262159,G83,G44
4383,0.002166084,G84,G44
4384,0.0028940656,G85,G44
4385,0.0024684938,G86,G44
4386,0.0030023123,G87,G44
4387,0.0019928773,G88,G44
4388,0.0018743468,G89,G44
4389,0.0016932316,G90,G44
4390,0.0027220435,G91,G44
4391,0.0038590129,G92,G44
4392,0.0016506743,G93,G44
4393,0.0004549233,G94,G44
4394,0.002129625,G95,G44
4395,0.0005276991,G96,G44
4396,0.0013002566,G97,G44
4397,0.0013293845,G98,G44
4398,0.0029591338,G99,G44
4404,0.00073222065,G5,G45
4405,0.0027068625,G6,G45
4406,0.0017513855,G7,G45
4407,0.0014215843,G8,G45
4408,0.0012784763,G9,G45
4445,0.00092715694,G46,G45
4446,0.0019042077,G47,G45
4447,0.0012618683,G48,G45
4448,0.0007742919,G49,G45
4449,0.0018904734,G50,G45
4450,0.00075524853,G51,G45
4451,0.0028938663,G52,G45
4452,0.001141847,G53,G45
4453,0.00053601287,G54,G45
4454,0.0027532387,G55,G45
4455,0.0023751375,G56,G45
4456,0.0006989126,G57,G45
4457,0.0020284145,G58,G45
4458,0.0010898409,G59,G45
4459,0.0010950083,G60,G45
4460,0.0019910447,G61,G45
4461,0.0015735598,G62,G45
4462,0.0007198726,G63,G45
4463,0.0023256852,G64,G45
4464,0.0033411854,G65,G45
4465,0.002764219,G66,G45
4466,0.0015986167,G67,G45
4467,0.0019989982,G68,G45
4468,0.002120937,G69,G45
4469,0.002321866,G70,G45
4470,0.0015805521,G71,G45
4471,0.0009310271,G72,G45
4472,0.0034829334,G73,G45
4473,0.0010534141,G74,G45
4474,0.0028406167,G75,G45
4475,0.00060859957,G76,G45
4476,0.0024901095,G77,G45
4477,0.0009729371,G78,G45
4478,0.0029165177,G79,G45
4479,0.0011088242,G80,G45
4480,0.00039364252,G81,G45
4481,0.0011127132,G82,G45
4482,0.0006825111,G83,G45
4483,0.0009373657,G84,G45
4484,0.0012076637,G85,G45
4485,0.0028216988,G86,G45
4486,0.0023426383,G87,G45
4487,0.0014685844,G88,G45
4488,0.002677848,G89,G45
4489,0.0029135984,G90,G45
4490,0.0004690371,G91,G45
4491,0.0037028436,G92,G45
4492,0.00050836516,G93,G45
4493,0.0035628288,G94,G45
4494,0.0008087062,G95,G45
4495,0.0026061125,G96,G45
4496,0.0017475539,G97,G45
4497,0.0013190255,G98,G45
4498,0.0016650215,G99,G45
4504,0.0013176185,G5,G46
4505,0.0012034694,G6,G46
4506,0.0036274977,G7,G46
4507,0.00048340228,G8,G46
4508,0.0011003101,G9,G46
4546,0.0026863231,G47,G46
4547,0.0016167801,G48,G46
4548,0.0013695336,G49,G46
4549,0.0023977342,G50,G46
4550,0.001601135,G51,G46
4551,0.0014720457,G52,G46
4552,0.0017475566,G53,G46
4553,0.0012449382,G54,G46
4554,0.0016624653,G55,G46
4555,0.001609732,G56,G46
4556,0.00144334,G57,G46
4557,0.0017875044,G58,G46
4558,0.0036498897,G59,G46
4559,0.0021388112,G60,G46
4560,0.001957608,G61,G46
4561,0.0024481488,G62,G46
4562,0.0017221262,G63,G46
4563,0.003809839,G64,G46
4564,0.0010723951,G65,G46
4565,0.0002392695,G66,G46
4566,0.0027008082,G67,G46
4567,0.0031209746,G68,G46
4568,0.0013934803,G69,G46
4569,0.004309307,G70,G46
4570,0.0020158144,G71,G46
4571,0.0014267539,G72,G46
4572,0.001266622,G73,G46
4573,0.0023832745,G74,G46
4574,0.0030002384,G75,G46
4575,0.000702434,G76,G46
4576,0.0027275712,G77,G46
4577,0.001262368,G78,G46
4578,0.000693941,G79,G46
4579,0.001298164,G80,G46
4580,0.001222777,G81,G46
4581,0.0007042506,G82,G46
4582,0.0010498253,G83,G46
4583,0.0043616225,G84,G46
4584,0.001408086,G85,G46
4585,0.0021082568,G86,G46
4586,0.0007248144,G87,G46
4587,0.0021412978,G88,G46
4588,0.0006373462,G89,G46
4589,0.0017845406,G90,G46
4590,0.0025718743,G91,G46
4591,0.002120142,G92,G46
4592,0.001433517,G93,G46
4593,0.0030532852,G94,G46
4594,0.0018486087,G95,G46
4595,0.0038262454,G96,G46
4596,0.0026679041,G97,G46
4597,0.0014679382,G98,G46
4598,0.0020124745,G99,G46
4604,0.0017442212,G5,G47
4605,0.004419301,G6,G47
4606,0.0027864391,G7,G47
4607,0.00073993753,G8,G47
4608,0.0008449348,G9,G47
4647,0.002318422,G48,G47
4648,0.0019525443,G49,G47
4649,0.003278755,G50,G47
4650,0.0028010672,G51,G47
4651,0.00056398317,G52,G47
4652,0.0004690592,G53,G47
4653,0.0015484692,G54,G47
4654,0.0016633293,G55,G47
4655,0.0012081937,G56,G47
4656,0.0022410946,G57,G47
4657,0.00081221265,G58,G47
4658,0.0010970413,G59,G47
4659,0.002155605,G60,G47
4660,0.0021314516,G61,G47
4661,0.0011161978,G62,G47
4662,0.0005612511,G63,G47
4663,0.0034106956,G64,G47
4664,0.0022665402,G65,G47
4665,0.0010436933,G66,G47
4666,0.0022759135,G67,G47
4667,0.0017832664,G68,G47
4668,0.0021518418,G69,G47
4669,0.0045772586,G70,G47
4670,0.0018226206,G71,G47
4671,0.00390799,G72,G47
4672,0.0020113217,G73,G47
4673,0.0019437387,G74,G47
4674,0.0034833811,G75,G47
4675,0.0016390907,G76,G47
4676,0.0020108656,G77,G47
4677,0.00034139643,G78,G47
4678,0.0019877672,G79,G47
4679,0.0011750946,G80,G47
4680,0.0017582926,G81,G47
4681,0.0013400553,G82,G47
4682,0.0012871239,G83,G47
4683,0.0015642587,G84,G47
4684,0.0017301769,G85,G47
4685,0.0028220199,G86,G47
4686,0.0023864738,G87,G47
4687,0.0013547475,G88,G47
4688,0.0029628603,G89,G47
4689,0.0020730596,G90,G47
4690,0.001231135,G91,G47
4691,0.002474038,G92,G47
4692,0.0017442943,G93,G47
4693,0.003390309,G94,G47
4694,0.001309916,G95,G47
4695,0.00060851994,G96,G47
4696,0.0023865486,G97,G47
4697,0.0010006364,G98,G47
4698,0.0009850231,G99,G47
4704,0.00074878114,G5,G48
4705,0.0017094259,G6,G48
4706,0.0023376476,G7,G48
4707,0.002857186,G8,G48
4708,0.0024620756,G9,G48
4748,0.0005936026,G49,G48
4749,0.0027549227,G50,G48
4750,0.0017789091,G51,G48
4751,0.00093967526,G52,G48
4752,0.001495929,G53,G48
4753,0.0013810294,G54,G48
4754,0.0018216391,G55,G48
4755,0.0030265106,G56,G48
4756,0.002639434,G57,G48
4757,0.0016323753,G58,G48
4758,0.0030243483,G59,G48
4759,0.0034960988,G60,G48
4760,0.0024426747,G61,G48
4761,0.001748221,G62,G48
4762,0.0017666533,G63,G48
4763,0.0019346669,G64,G48
4764,0.0024887463,G65,G48
4765,0.0016724837,G66,G48
4766,0.0014618152,G67,G48
4767,0.0014232247,G68,G48
4768,0.004639358,G69,G48
4769,0.003303947,G70,G48
4770,0.0010491102,G71,G48
4771,0.0026079626,G72,G48
4772,0.0042110044,G73,G48
4773,0.0035504552,G74,G48
4774,0.0011993008,G75,G48
4775,0.0034371717,G76,G48
4776,0.0010750786,G77,G48
4777,0.0033769186,G78,G48
4778,0.005044965,G79,G48
4779,0.0027379424,G80,G48
4780,0.0012687789,G81,G48
4781,0.0030864247,G82,G48
4782,0.0025915906,G83,G48
4783,0.0022386666,G84,G48
4784,0.0025490457,G85,G48
4785,0.002708711,G86,G48
4786,0.0013658116,G87,G48
4787,0.0018137739,G88,G48
4788,0.0033708888,G89,G48
4789,0.0024835502,G90,G48
4790,0.0021687064,G91,G48
4791,0.0009395905,G92,G48
4792,0.0014397185,G93,G48
4793,0.002896762,G94,G48
4794,0.0014760552,G95,G48
4795,0.0038435794,G96,G48
4796,0.0021816478,G97,G48
4797,0.0017162084,G98,G48
4798,0.0026380296,G99,G48
4804,0.0004937029,G5,G49
4805,0.003920896,G6,G49
4806,0.00047602726,G7,G49
4807,0.0018681549,G8,G49
4808,0.0027200915,G9,G49
4849,0.004097141,G50,G49
4850,0.00062115357,G51,G49
4851,0.0023896429,G52,G49
4852,0.000507455,G53,G49
4853,0.0012712546,G54,G49
4854,0.0016279087,G55,G49
4855,0.0015179645,G56,G49
4856,0.0018817979,G57,G49
4857,0.003976605,G58,G49
4858,0.0014833837,G59,G49
4859,0.0018335155,G60,G49
4860,0.0010760063,G61,G49
4861,0.0014090736,G62,G49
4862,0.002298427,G63,G49
4863,0.0019350132,G64,G49
4864,0.003161892,G65,G49
4865,0.0013451773,G66,G49
4866,0.0018501694,G67,G49
4867,0.0013661472,G68,G49
4868,0.0027385138,G69,G49
4869,0.0027148994,G70,G49
4870,0.0016997743,G71,G49
4871,0.0003904549,G72,G49
4872,0.0045876177,G73,G49
4873,0.001592228,G74,G49
4874,0.00016414109,G75,G49
4875,0.0013631587,G76,G49
4876,0.0040092943,G77,G49
4877,0.0029022885,G78,G49
4878,0.0026405882,G79,G49
4879,0.0008159641,G80,G49
4880,0.0020981792,G81,G49
4881,0.002775085,G82,G49
4882,0.0035794782,G83,G49
4883,0.0024106884,G84,G49
4884,0.002234387,G85,G49
4885,0.00043046207,G86,G49
4886,0.000195346,G87,G49
4887,0.0012739274,G88,G49
4888,0.0013566536,G89,G49
4889,0.002140948,G90,G49
4890,0.00040681858,G91,G49
4891,0.0010063333,G92,G49
4892,0.0013532187,G93,G49
4893,0.0037415593,G94,G49
4894,0.001541343,G95,G49
4895,0.004371986,G96,G49
4896,0.0034100914,G97,G49
4897,0.0011780882,G98,G49
4898,0.0021625743,G99,G49
4905,0.0047873296,G6,G50
4906,0.004798593,G7,G50
4907,0.0010874476,G8,G50
4908,0.0034768302,G9,G50
4950,0.0020420146,G51,G50
4951,0.003381905,G52,G50
4952,0.0029312465,G53,G50
4953,0.0013572872,G54,G50
4954,0.00078621396,G55,G50
4955,0.0003178961,G56,G50
4956,0.0040845876,G57,G50
4957,0.0012533902,G58,G50
4958,0.002112367,G59,G50
4959,0.00082895893,G60,G50
4960,0.0033729393,G61,G50
4961,0.004285785,G62,G50
4962,0.0016016,G63,G50
4963,0.0035066,G64,G50
4964,0.00088729063,G65,G50
4965,0.0027460118,G66,G50
4966,0.0022546311,G67,G50
4967,0.0013049834,G68,G50
4968,0.0005874427,G69,G50
4969,0.0015880882,G70,G50
4970,0.0022924184,G71,G50
4971,0.003449392,G72,G50
4972,0.0020969177,G73,G50
4973,0.0023071815,G74,G50
4974,0.0011580669,G75,G50
4975,0.0025975136,G76,G50
4976,0.0054125274,G77,G50
4977,0.0008831146,G78,G50
4978,0.0018720066,G79,G50
4979,0.0023779527,G80,G50
4980,0.0030810505,G81,G50
4981,0.0008714772,G82,G50
4982,0.0017729853,G83,G50
4983,0.0018414152,G84,G50
4984,0.0015771785,G85,G50
4985,0.0034726385,G86,G50
4986,0.0016548986,G87,G50
4987,0.0019203356,G88,G50
4988,0.001959978,G89,G50
4989,0.0033937255,G90,G50
4990,0.0007899088,G91,G50
4991,0.0017896859,G92,G50
4992,0.00010474847,G93,G50
4993,0.00090476853,G94,G50
4994,0.005814932,G95,G50
4995,0.0020945785,G96,G50
4996,0.0013875539,G97,G50
4997,0.004638156,G98,G50
4998,0.0022676054,G99,G50
5005,0.0026508071,G6,G51
5006,0.003311775,G7,G51
5007,0.001508472,G8,G51
5008,0.001411983,G9,G51
5051,0.0029046116,G52,G51
5052,0.0011248718,G53,G51
5053,0.001196293,G54,G51
5054,0.0030165303,G55,G51
5055,0.0025560376,G56,G51
5056,0.0011152616,G57,G51
5057,0.0023336932,G58,G51
5058,0.0028273058,G59,G51
5059,0.0007165504,G60,G51
5060,0.0015094937,G61,G51
5061,0.0030239343,G62,G51
5062,0.0035859523,G63,G51
5063,0.0012549295,G64,G51
5064,0.00121367,G65,G51
5065,0.00036347297,G66,G51
5066,0.0031107017,G67,G51
5067,0.0026581087,G68,G51
5068,0.0037571345,G69,G51
5069,0.0030942732,G70,G51
5070,0.0020927598,G71,G51
5071,0.0010012223,G72,G51
5072,0.0016596399,G73,G51
5073,0.00020711723,G74,G51
5074,0.003175178,G75,G51
5075,0.0033411845,G76,G51
5076,0.0018898435,G77,G51
5077,0.0026039963,G78,G51
5078,0.003713001,G79,G51
5079,0.0016757459,G80,G51
5080,0.004854138,G81,G51
5081,0.0017082926,G82,G51
5082,0.0024237826,G83,G51
5083,0.0024978863,G84,G51
5084,0.002226267,G85,G51
5085,0.0016207374,G86,G51
5086,0.0014613911,G87,G51
5087,0.0013586058,G88,G51
5088,0.0014483265,G89,G51
5089,0.00074826484,G90,G51
5090,0.004185294,G91,G51
5091,0.0027598003,G92,G51
5092,0.00072357216,G93,G51
5093,0.0037688941,G94,G51
5094,0.00088018354,G95,G51
5095,0.0023235749,G96,G51
5096,0.004542638,G97,G51
5097,0.0024968572,G98,G51
5098,0.003150431,G99,G51
5105,0.003742697,G6,G52
5106,0.004594643,G7,G52
5107,0.0014057308,G8,G52
5108,0.0013226785,G9,G52
5152,0.00064590597,G53,G52
5153,0.0007857792,G54,G52
5154,0.0021359576,G55,G52
5155,0.00364157,G56,G52
5156,0.0016088132,G57,G52
5157,0.0024383022,G58,G52
5158,0.0049077817,G59,G52
5159,0.0023749096,G60,G52
5160,0.0028082258,G61,G52
5161,0.004496181,G62,G52
5162,0.0015213183,G63,G52
5163,0.0027080146,G64,G52
5164,0.0031364297,G65,G52
5165,0.001410024,G66,G52
5166,0.0025326344,G67,G52
5167,0.0018030091,G68,G52
5168,0.0033996736,G69,G52
5169,0.0047362526,G70,G52
5170,0.0043441774,G71,G52
5171,0.0018004493,G72,G52
5172,0.004693334,G73,G52
5173,0.001522247,G74,G52
5174,0.004068505,G75,G52
5175,0.0029473135,G76,G52
5176,0.007005322,G77,G52
5177,0.0025841747,G78,G52
5178,0.0073118084,G79,G52
5179,0.0034490204,G80,G52
5180,0.0026718231,G81,G52
5181,0.005344879,G82,G52
5182,0.0021399714,G83,G52
5183,0.0032761805,G84,G52
5184,0.004220479,G85,G52
5185,0.00082900585,G86,G52
5186,0.0028736484,G87,G52
5187,0.0020365377,G88,G52
5188,0.0018245534,G89,G52
5189,0.0022788441,G90,G52
5190,0.0012402461,G91,G52
5191,0.0045730937,G92,G52
5192,0.0040488495,G93,G52
5193,0.0016302381,G94,G52
5194,0.0024811642,G95,G52
5195,0.0014104457,G96,G52
5196,0.0073963557,G97,G52
5197,0.0037824726,G98,G52
5198,0.00326257,G99,G52
5205,0.0018754634,G6,G53
5206,0.0032982272,G7,G53
5207,0.00043719177,G8,G53
5208,0.00066165556,G9,G53
5253,0.0020985513,G54,G53
5254,0.0018709332,G55,G53
5255,0.002523665,G56,G53
5256,0.0014080757,G57,G53
5257,0.0002942647,G58,G53
5258,0.0022355276,G59,G53
5259,0.0024293647,G60,G53
5260,0.0019479351,G61,G53
5261,0.0007302359,G62,G53
5262,0.00059853384,G63,G53
5263,0.0022892184,G64,G53
5264,0.0014343775,G65,G53
5265,0.0004888155,G66,G53
5266,0.0017528196,G67,G53
5267,0.0013475983,G68,G53
5268,0.0014217263,G69,G53
5269,0.001675073,G70,G53
5270,0.001991726,G71,G53
5271,0.0026195422,G72,G53
5272,0.0030179764,G73,G53
5273,0.0023952357,G74,G53
5274,0.0018057466,G75,G53
5275,0.0021913704,G76,G53
5276,0.00092617975,G77,G53
5277,0.00039592828,G78,G53
5278,0.0025278681,G79,G53
5279,0.0018786736,G80,G53
5280,0.0013134517,G81,G53
5281,0.0013725213,G82,G53
5282,0.0017453162,G83,G53
5283,0.001880511,G84,G53
5284,0.0006841611,G85,G53
5285,0.002544482,G86,G53
5286,0.0013796933,G87,G53
5287,0.0028382638,G88,G53
5288,0.0032656426,G89,G53
5289,0.0029218304,G90,G53
5290,0.0001390336,G91,G53
5291,0.002244099,G92,G53
5292,0.00088691484,G93,G53
5293,0.003372523,G94,G53
5294,0.002194697,G95,G53
5295,0.0027064024,G96,G53
5296,0.0015740036,G97,G53
5297,0.004335802,G98,G53
5298,0.0005103583,G99,G53
5305,0.0019119658,G6,G54
5306,0.0031247106,G7,G54
5307,0.0008685104,G8,G54
5308,0.0013510676,G9,G54
5354,0.001152412,G55,G54
5355,0.00077328394,G56,G54
5356,0.0020477774,G57,G54
5357,0.0009837744,G58,G54
5358,0.0029804308,G59,G54
5359,0.0024182717,G60,G54
5360,0.0006084549,G61,G54
5361,0.0014863574,G62,G54
5362,0.002965828,G63,G54
5363,0.0023326245,G64,G54
5364,0.0006782288,G65,G54
5365,0.002358619,G66,G54
5366,0.0016571125,G67,G54
5367,0.0009762966,G68,G54
5368,0.002745431,G69,G54
5369,0.003280738,G70,G54
5370,0.0016070805,G71,G54
5371,0.004027372,G72,G54
5372,0.0002475861,G73,G54
5373,0.0016647758,G74,G54
5374,0.0011652702,G75,G54
5375,0.0010526131,G76,G54
5376,0.0022865308,G77,G54
5377,0.0018867822,G78,G54
5378,0.0011007922,G79,G54
5379,0.0015667141,G80,G54
5380,0.0020960704,G81,G54
5381,0.00032787822,G82,G54
5382,0.0010099083,G83,G54
5383,0.001490168,G84,G54
5384,0.0024885128,G85,G54
5385,0.0024436961,G86,G54
5386,0.0009554379,G87,G54
5387,0.0015487168,G88,G54
5388,0.0024565163,G89,G54
5389,0.0004258083,G90,G54
5390,0.0018368504,G91,G54
5391,0.00055984285,G92,G54
5392,0.0012970592,G93,G54
5393,0.00054884236,G94,G54
5394,0.00077237055,G95,G54
5395,0.0012959287,G96,G54
5396,0.00334424,G97,G54
5397,0.0038036215,G98,G54
5398,0.0020841847,G99,G54
5405,0.0011306035,G6,G55
5406,0.0024419297,G7,G55
5407,0.00479785,G8,G55
5408,0.003536651,G9,G55
5455,0.00086962833,G56,G55
5456,0.0013912797,G57,G55
5457,0.0014898067,G58,G55
5458,0.0016357822,G59,G55
5459,0.00086725596,G60,G55
5460,0.004502669,G61,G55
5461,0.00057994475,G62,G55
5462,0.0025210935,G63,G55
5463,0.0005552026,G64,G55
5464,0.0016726445,G65,G55
5465,0.0006335471,G66,G55
5466,0.0017991301,G67,G55
5467,0.0019782265,G68,G55
5468,0.0015425652,G69,G55
5469,0.004886062,G70,G55
5470,0.0006865894,G71,G55
5471,0.0017869471,G72,G55
5472,0.0019919302,G73,G55
5473,0.0026917101,G74,G55
5474,0.001081039,G75,G55
5475,0.002537752,G76,G55
5476,0.0036412321,G77,G55
5477,0.00083922653,G78,G55
5478,0.004006152,G79,G55
5479,0.0015392646,G80,G55
5480,0.0025514807,G81,G55
5481,0.0014219785,G82,G55
5482,0.00393841,G83,G55
5483,0.0024570208,G84,G55
5484,0.004318945,G85,G55
5485,0.0016236749,G86,G55
5486,0.00088973553,G87,G55
5487,0.0012831986,G88,G55
5488,0.0011593003,G89,G55
5489,0.000678671,G90,G55
5490,0.001679547,G91,G55
5491,0.0016984688,G92,G55
5492,0.00044668897,G93,G55
5493,0.0018973609,G94,G55
5494,0.0010076952,G95,G55
5495,0.0019078555,G96,G55
5496,0.0017528489,G97,G55
5497,0.0034304801,G98,G55
5498,0.005018708,G99,G55
5505,0.0016586494,G6,G56
5506,0.005128918,G7,G56
5507,0.0006543882,G8,G56
5508,0.001141787,G9,G56
5556,0.00032083938,G57,G56
5557,0.0034100213,G58,G56
5558,0.0034065796,G59,G56
5559,0.0020181544,G60,G56
5560,0.004295395,G61,G56
5561,0.0029279883,G62,G56
5562,0.0021742894,G63,G56
5563,0.003350653,G64,G56
5564,0.0027293586,G65,G56
5565,0.0030869038,G66,G56
5566,0.002917536,G67,G56
5567,0.0035429124,G68,G56
5568,0.0020588709,G69,G56
5569,0.0046707485,G70,G56
5570,0.0024383278,G71,G56
5571,0.004928658,G72,G56
5572,0.002878706,G73,G56
5573,0.0012273799,G74,G56
5574,0.0028271212,G75,G56
5575,0.00075274496,G76,G56
5576,0.0021564367,G77,G56
5577,0.0031390677,G78,G56
5578,0.0032431134,G79,G56
5579,0.003030166,G80,G56
5580,0.0018869455,G81,G56
5581,0.0029300633,G82,G56
5582,0.0026770337,G83,G56
5583,0.002622549,G84,G56
5584,0.0015260708,G85,G56
5585,0.003941249,G86,G56
5586,0.0012523979,G87,G56
5587,0.0036659488,G88,G56
5588,0.0043258816,G89,G56
5589,0.0037854777,G90,G56
5590,0.0010089197,G91,G56
5591,0.00094240584,G92,G56
5592,0.00068042416,G93,G56
5593,0.00068970845,G94,G56
5594,0.0010358219,G95,G56
5595,0.0036061176,G96,G56
5596,0.0032441737,G97,G56
5597,0.0017715447,G98,G56
5598,0.004559778,G99,G56
5605,0.0014348282,G6,G57
5606,0.0036533265,G7,G57
5607,0.0013627615,G8,G57
5608,0.0018034998,G9,G57
5657,0.0035566853,G58,G57
5658,0.0030606268,G59,G57
5659,0.0027546473,G60,G57
5660,0.0044441167,G61,G57
5661,0.0020377915,G62,G57
5662,0.0007726963,G63,G57
5663,0.0014948183,G64,G57
5664,0.003046885,G65,G57
5665,0.0019860556,G66,G57
5666,0.0015274277,G67,G57
5667,0.0012507136,G68,G57
5668,0.0025333508,G69,G57
5669,0.004012021,G70,G57
5670,0.0021574674,G71,G57
5671,0.0035603428,G72,G57
5672,0.0017835968,G73,G57
5673,0.0025108247,G74,G57
5674,0.0023961342,G75,G57
5675,0.0032472669,G76,G57
5676,0.00083866285,G77,G57
5677,0.0020610183,G78,G57
5678,0.0028929624,G79,G57
5679,0.002286096,G80,G57
5680,0.0010467431,G81,G57
5681,0.0015699037,G82,G57
5682,0.0014059059,G83,G57
5683,0.00048749126,G84,G57
5684,0.002517078,G85,G57
5685,0.0009064399,G86,G57
5686,0.0010284404,G87,G57
5687,0.0029641194,G88,G57
5688,0.0015046198,G89,G57
5689,0.0026183943,G90,G57
5690,0.000824378,G91,G57
5691,0.0013182667,G92,G57
5692,0.002810644,G93,G57
5693,0.0036723916,G94,G57
5694,0.0041365596,G95,G57
5695,0.0033178672,G96,G57
5696,0.00035399268,G97,G57
5697,0.0011755516,G98,G57
5698,0.0022831536,G99,G57
5705,0.0015141033,G6,G58
5706,0.0025203337,G7,G58
5707,0.0024382346,G8,G58
5708,0.00402045,G9,G58
5758,0.0027719403,G59,G58
5759,0.0010361874,G60,G58
5760,0.002788433,G61,G58
5761,0.0038288701,G62,G58
5762,0.0017667701,G63,G58
5763,0.0012010881,G64,G58
5764,0.0012440843,G65,G58
5765,0.002218973,G66,G58
5766,0.0031415797,G67,G58
5767,0.0017047554,G68,G58
5768,0.0018919248,G69,G58
5769,0.0023864782,G70,G58
5770,0.0012760109,G71,G58
5771,0.0055249394,G72,G58
5772,0.0033950978,G73,G58
5773,0.0011447732,G74,G58
5774,0.00171899,G75,G58
5775,0.001007939,G76,G58
5776,0.0026904065,G77,G58
5777,0.003595467,G78,G58
5778,0.0038952483,G79,G58
5779,0.0012412601,G80,G58
5780,0.0007232426,G81,G58
5781,0.0011685468,G82,G58
5782,0.0023421166,G83,G58
5783,0.0022827936,G84,G58
5784,0.00083297247,G85,G58
5785,0.0022222307,G86,G58
5786,0.0016633968,G87,G58
5787,0.0022306633,G88,G58
5788,0.0014966761,G89,G58
5789,0.0004156847,G90,G58
5790,0.0030832035,G91,G58
5791,0.0044420105,G92,G58
5792,0.0018248514,G93,G58
5793,0.0026545986,G94,G58
5794,0.0019329609,G95,G58
5795,0.0022332326,G96,G58
5796,0.0020339657,G97,G58
5797,0.0033032482,G98,G58
5798,0.0041735214,G99,G58
5805,0.0035292495,G6,G59
5806,0.0051653134,G7,G59
5807,0.0040270146,G8,G59
5808,0.0017106128,G9,G59
5859,0.0053702462,G60,G59
5860,0.0036402715,G61,G59
5861,0.0032215854,G62,G59
5862,0.0034417042,G63,G59
5863,0.003941837,G64,G59
5864,0.0031057275,G65,G59
5865,0.0016842543,G66,G59
5866,0.002937894,G67,G59
5867,0.002691511,G68,G59
5868,0.0037637753,G69,G59
5869,0.0032666523,G70,G59
5870,0.0026011725,G71,G59
5871,0.0017162372,G72,G59
5872,0.005272229,G73,G59
5873,0.0057029715,G74,G59
5874,0.003952863,G75,G59
5875,0.0023698923,G76,G59
5876,0.0015948426,G77,G59
5877,0.0015732666,G78,G59
5878,0.004343478,G79,G59
5879,0.004273776,G80,G59
5880,0.0037368177,G81,G59
5881,0.0042344606,G82,G59
5882,0.004236059,G83,G59
5883,0.0044220574,G84,G59
5884,0.0047145486,G85,G59
5885,0.0034591623,G86,G59
5886,0.0008601775,G87,G59
5887,0.0014045768,G88,G59
5888,0.0011007077,G89,G59
5889,0.0035553845,G90,G59
5890,0.002848157,G91,G59
5891,0.0027724653,G92,G59
5892,0.0025185456,G93,G59
5893,0.004617142,G94,G59
5894,0.0027253982,G95,G59
5895,0.004137288,G96,G59
5896,0.0047185738,G97,G59
5897,0.0009801078,G98,G59
5898,0.0032380815,G99,G59
5906,0.0024199786,G7,G60
5907,0.00075451046,G8,G60
5908,0.0017617298,G9,G60
5960,0.002610373,G61,G60
5961,0.0029234344,G62,G60
5962,0.0027535656,G63,G60
5963,0.0026053838,G64,G60
5964,0.0007182069,G65,G60
5965,0.0016890175,G66,G60
5966,0.00095438975,G67,G60
5967,0.0036366591,G68,G60
5968,0.0012538142,G69,G60
5969,0.003905915,G70,G60
5970,0.0026918477,G71,G60
5971,0.0034043565,G72,G60
5972,0.0028990493,G73,G60
5973,0.0018678947,G74,G60
5974,0.0015478127,G75,G60
5975,0.0017707131,G76,G60
5976,0.0027847388,G77,G60
5977,0.0023616,G78,G60
5978,0.004194635,G79,G60
5979,0.0012373788,G80,G60
5980,0.004229934,G81,G60
5981,0.0010706461,G82,G60
5982,0.00188554,G83,G60
5983,0.0030925884,G84,G60
5984,0.00069225265,G85,G60
5985,0.003361076,G86,G60
5986,0.0024166955,G87,G60
5987,0.0022193994,G88,G60
5988,0.003946823,G89,G60
5989,0.0019290341,G90,G60
5990,0.0005024179,G91,G60
5991,0.003394179,G92,G60
5992,0.0015839096,G93,G60
5993,0.0024285945,G94,G60
5994,0.0013955187,G95,G60
5995,0.0024949498,G96,G60
5996,0.0010944561,G97,G60
5997,0.00056228007,G98,G60
5998,0.0006011136,G99,G60
6006,0.0011117883,G7,G61
6007,0.00096454157,G8,G61
6008,0.0011091687,G9,G61
6061,0.0033160048,G62,G61
6062,0.0033688843,G63,G61
6063,0.0021740631,G64,G61
6064,0.0021415618,G65,G61
6065,0.002254937,G66,G61
6066,0.0025976743,G67,G61
6067,0.0014177004,G68,G61
6068,0.0038953153,G69,G61
6069,0.00394119,G70,G61
6070,0.0028834268,G71,G61
6071,0.0020715601,G72,G61
6072,0.0021549633,G73,G61
6073,0.0036162548,G74,G61
6074,0.002947817,G75,G61
6075,0.004785273,G76,G61
6076,0.0051266835,G77,G61
6077,0.0036689094,G78,G61
6078,0.0036356929,G79,G61
6079,0.0037772032,G80,G61
6080,0.005003844,G81,G61
6081,0.0010307973,G82,G61
6082,0.0020565684,G83,G61
6083,0.001607972,G84,G61
6084,0.0022169976,G85,G61
6085,0.002559806,G86,G61
6086,0.0022220234,G87,G61
6087,0.0020251093,G88,G61
6088,0.0009355588,G89,G61
6089,0.0034808633,G90,G61
6090,0.0028503612,G91,G61
6091,0.0032321333,G92,G61
6092,0.0018338977,G93,G61
6093,0.0030791797,G94,G61
6094,0.002585393,G95,G61
6095,0.0003400278,G96,G61
6096,0.005671358,G97,G61
6097,0.0018108225,G98,G61
6098,0.0009500976,G99,G61
6106,0.002368452,G7,G62
6107,0.0024203574,G8,G62
6108,0.0031234291,G9,G62
6162,0.0036895282,G63,G62
6163,0.000496267,G64,G62
6164,0.0035460966,G65,G62
6165,0.003508376,G66,G62
6166,0.001875594,G67,G62
6167,0.0030367323,G68,G62
6168,0.0059137596,G69,G62
6169,0.0047965357,G70,G62
6170,0.0006219769,G71,G62
6171,0.002400832,G72,G62
6172,0.00528732,G73,G62
6173,0.0018988347,G74,G62
6174,0.003320313,G75,G62
6175,0.0017205048,G76,G62
6176,0.0032386328,G77,G62
6177,0.0036358982,G78,G62
6178,0.0058535617,G79,G62
6179,0.0036482369,G80,G62
6180,0.0049561947,G81,G62
6181,0.0021456392,G82,G62
6182,0.0013147807,G83,G62
6183,0.0004911567,G84,G62
6184,0.0033986447,G85,G62
6185,0.0020669329,G86,G62
6186,0.0010472245,G87,G62
6187,0.001634026,G88,G62
6188,0.0026710336,G89,G62
6189,0.002261763,G90,G62
6190,0.0025510597,G91,G62
6191,0.0005877857,G92,G62
6192,0.001706573,G93,G62
6193,0.0054430407,G94,G62
6194,0.0011725293,G95,G62
6195,0.0024550874,G96,G62
6196,0.0037403586,G97,G62
6197,0.00081332657,G98,G62
6198,0.0049775713,G99,G62
6206,0.004161857,G7,G63
6207,0.0054203514,G8,G63
6208,0.00032558874,G9,G63
6263,0.001584358,G64,G63
6264,0.0033345013,G65,G63
6265,0.0019283672,G66,G63
6266,0.0013443865,G67,G63
6267,0.0034623262,G68,G63
6268,0.0047244136,G69,G63
6269,0.005516271,G70,G63
6270,0.0016516624,G71,G63
6271,0.0027444442,G72,G63
6272,0.0038710735,G73,G63
6273,0.0034168107,G74,G63
6274,0.005306381,G75,G63
6275,0.00054291467,G76,G63
6276,0.0022976936,G77,G63
6277,0.0025601354,G78,G63
6278,0.0030581197,G79,G63
6279,0.004150423,G80,G63
6280,0.0041300724,G81,G63
6281,0.005047898,G82,G63
6282,0.0014537446,G83,G63
6283,0.004260141,G84,G63
6284,0.0047594137,G85,G63
6285,0.0011415607,G86,G63
6286,0.0021795204,G87,G63
6287,0.0021686228,G88,G63
6288,0.000700159,G89,G63
6289,0.0010603641,G90,G63
6290,0.0028097099,G91,G63
6291,0.0030688136,G92,G63
6292,0.002783903,G93,G63
6293,0.0014328163,G94,G63
6294,0.0027537216,G95,G63
6295,0.0010084365,G96,G63
6296,0.00399313,G97,G63
6297,0.00099801,G98,G63
6298,0.004622292,G99,G63
6306,0.00467804,G7,G64
6307,0.0008232627,G8,G64
6308,0.0005717469,G9,G64
6364,0.001739576,G65,G64
6365,0.0029495428,G66,G64
6366,0.0025234781,G67,G64
6367,0.0011682727,G68,G64
6368,0.0033661923,G69,G64
6369,0.0019670709,G70,G64
6370,0.0019854596,G71,G64
6371,0.0024487828,G72,G64
6372,0.0017563594,G73,G64
6373,0.0043478133,G74,G64
6374,0.001385668,G75,G64
6375,0.0026141459,G76,G64
6376,0.0014450816,G77,G64
6377,0.0009367928,G78,G64
6378,0.002860404,G79,G64
6379,0.0023520684,G80,G64
6380,0.0058993697,G81,G64
6381,0.0012916502,G82,G64
6382,0.0004629605,G83,G64
6383,0.001612559,G84,G64
6384,0.0016079111,G85,G64
6385,0.00080391235,G86,G64
6386,0.00024447584,G87,G64
6387,0.0011726522,G88,G64
6388,0.0008659008,G89,G64
6389,0.0021529223,G90,G64
6390,0.0005649541,G91,G64
6391,0.0016206098,G92,G64
6392,0.0016490123,G93,G64
6393,0.0038815022,G94,G64
6394,0.0020188652,G95,G64
6395,0.003238013,G96,G64
6396,0.001678032,G97,G64
6397,0.0035513686,G98,G64
6398,0.0009991585,G99,G64
6406,0.001444964,G7,G65
6407,0.0009890539,G8,G65
6408,0.0027559635,G9,G65
6465,0.0004368999,G66,G65
6466,0.0015655919,G67,G65
6467,0.0025221088,G68,G65
6468,0.001440879,G69,G65
6469,0.003781209,G70,G65
6470,0.002851087,G71,G65
6471,0.003159528,G72,G65
6472,0.0034172249,G73,G65
6473,0.0026035625,G74,G65
6474,0.001028836,G75,G65
6475,0.0025576353,G76,G65
6476,0.002189575,G77,G65
6477,0.0013688264,G78,G65
6478,0.005529968,G79,G65
6479,0.00275663,G80,G65
6480,0.0044630766,G81,G65
6481,0.00074384315,G82,G65
6482,0.0024268986,G83,G65
6483,0.0031054218,G84,G65
6484,0.0005311512,G85,G65
6485,0.0011437371,G86,G65
6486,0.0010496959,G87,G65
6487,0.001178432,G88,G65
6488,0.0015525727,G89,G65
6489,0.0014650126,G90,G65
6490,0.0032807915,G91,G65
6491,0.003486251,G92,G65
6492,0.0010099069,G93,G65
6493,0.0014314943,G94,G65
6494,0.00230347,G95,G65
6495,0.002277167,G96,G65
6496,0.0028015613,G97,G65
6497,0.0037925604,G98,G65
6498,0.001824828,G99,G65
6506,0.0018427311,G7,G66
6507,0.001658831,G8,G66
6508,0.0023286224,G9,G66
6566,0.00091374136,G67,G66
6567,0.0017885921,G68,G66
6568,0.002603799,G69,G66
6569,0.003597461,G70,G66
6570,0.0015570018,G71,G66
6571,0.0029632153,G72,G66
6572,0.0014791898,G73,G66
6573,0.0021480678,G74,G66
6574,0.0031943964,G75,G66
6575,0.0021931394,G76,G66
6576,0.0024733243,G77,G66
6577,0.00025385077,G78,G66
6578,0.0011204883,G79,G66
6579,0.0026283164,G80,G66
6580,0.0037233934,G81,G66
6581,0.0014919676,G82,G66
6582,0.0016945901,G83,G66
6583,0.0025414857,G84,G66
6584,0.0011916505,G85,G66
6585,0.001168579,G86,G66
6586,0.00045445786,G87,G66
6587,0.002808371,G88,G66
6588,0.002034073,G89,G66
6589,0.0045630336,G90,G66
6590,0.0025274493,G91,G66
6591,0.003742932,G92,G66
6592,0.0009979799,G93,G66
6593,0.003541072,G94,G66
6594,0.0037917052,G95,G66
6595,0.0025750608,G96,G66
6596,0.0014077523,G97,G66
6597,0.0029805428,G98,G66
6598,0.0051411455,G99,G66
6606,0.0027058905,G7,G67
6607,0.0016153032,G8,G67
6608,0.0034545362,G9,G67
6667,0.0024350656,G68,G67
6668,0.0029101726,G69,G67
6669,0.0025202294,G70,G67
6670,0.00029629582,G71,G67
6671,0.0012673783,G72,G67
6672,0.0006023986,G73,G67
6673,0.001336879,G74,G67
6674,0.0029592882,G75,G67
6675,0.003292835,G76,G67
6676,0.0019516747,G77,G67
6677,0.0023087766,G78,G67
6678,0.0022513112,G79,G67
6679,0.0015212478,G80,G67
6680,0.0013937184,G81,G67
6681,0.00070470886,G82,G67
6682,0.0020730281,G83,G67
6683,0.0025929047,G84,G67
6684,0.0010836204,G85,G67
6685,0.0008520877,G86,G67
6686,0.0014708001,G87,G67
6687,0.0018627549,G88,G67
6688,0.0009252771,G89,G67
6689,0.0011093055,G90,G67
6690,0.0019791364,G91,G67
6691,0.0015943053,G92,G67
6692,0.001031773,G93,G67
6693,0.0024579884,G94,G67
6694,0.0025301978,G95,G67
6695,0.001516577,G96,G67
6696,0.0020358649,G97,G67
6697,0.00273817,G98,G67
6698,0.0018722158,G99,G67
6706,0.0014645972,G7,G68
6707,0.0019237199,G8,G68
6708,0.0014526851,G9,G68
6768,0.0016585765,G69,G68
6769,0.006518542,G70,G68
6770,0.00050655915,G71,G68
6771,0.00047891441,G72,G68
6772,0.0026658839,G73,G68
6773,0.006584175,G74,G68
6774,0.0037978617,G75,G68
6775,0.0020859914,G76,G68
6776,0.0012781883,G77,G68
6777,0.0018508477,G78,G68
6778,0.00466398,G79,G68
6779,0.0023106067,G80,G68
6780,0.0032997532,G81,G68
6781,0.001147874,G82,G68
6782,0.004929455,G83,G68
6783,0.0040526437,G84,G68
6784,0.001324489,G85,G68
6785,0.0014629822,G86,G68
6786,0.0012176535,G87,G68
6787,0.002888784,G88,G68
6788,0.0015745596,G89,G68
6789,0.0020713876,G90,G68
6790,0.002909271,G91,G68
6791,0.0028512646,G92,G68
6792,0.0011779838,G93,G68
6793,0.002421802,G94,G68
6794,0.0018439906,G95,G68
6795,0.0018090425,G96,G68
6796,0.0031873824,G97,G68
6797,0.00037818612,G98,G68
6798,0.004669821,G99,G68
6806,0.004255656,G7,G69
6807,0.0017723733,G8,G69
6808,0.003399299,G9,G69
6869,0.0027759203,G70,G69
6870,0.0032914204,G71,G69
6871,0.0038860482,G72,G69
6872,0.003235573,G73,G69
6873,0.0037202593,G74,G69
6874,0.004407839,G75,G69
6875,0.0008841405,G76,G69
6876,0.003907077,G77,G69
6877,0.002383652,G78,G69
6878,0.0015419836,G79,G69
6879,0.0051259743,G80,G69
6880,0.0005743909,G81,G69
6881,0.0012680274,G82,G69
6882,0.0015786241,G83,G69
6883,0.00079883245,G84,G69
6884,0.0014899749,G85,G69
6885,0.0036109453,G86,G69
6886,0.0007395125,G87,G69
6887,0.0032546483,G88,G69
6888,0.001323183,G89,G69
6889,0.0019849413,G90,G69
6890,0.0013999068,G91,G69
6891,0.0039931685,G92,G69
6892,0.0013955369,G93,G69
6893,0.0023057475,G94,G69
6894,0.0033831652,G95,G69
6895,0.0026724772,G96,G69
6896,0.0010357744,G97,G69
6897,0.0039721536,G98,G69
6898,0.0029941224,G99,G69
6907,0.0017527688,G8,G70
6908,0.0030648985,G9,G70
6970,0.0026211524,G71,G70
6971,0.004399646,G72,G70
6972,0.0038231222,G73,G70
6973,0.0023688136,G74,G70
6974,0.0024668202,G75,G70
6975,0.002934443,G76,G70
6976,0.0038586776,G77,G70
6977,0.0049712714,G78,G70
6978,0.0020635254,G79,G70
6979,0.004186545,G80,G70
6980,0.0043393346,G81,G70
6981,0.0014141027,G82,G70
6982,0.0027911193,G83,G70
6983,0.0016536963,G84,G70
6984,0.004876098,G85,G70
6985,0.004590775,G86,G70
6986,0.0013088025,G87,G70
6987,0.0019584536,G88,G70
6988,0.001348334,G89,G70
6989,0.0013685317,G90,G70
6990,0.0035735462,G91,G70
6991,0.004343494,G92,G70
6992,0.0022262672,G93,G70
6993,0.002505735,G94,G70
6994,0.0013172018,G95,G70
6995,0.0011144448,G96,G70
6996,0.0005661356,G97,G70
6997,0.0044295657,G98,G70
6998,0.003485931,G99,G70
7007,0.0017210854,G8,G71
7008,0.0035540299,G9,G71
7071,0.0012358462,G72,G71
7072,0.004554672,G73,G71
7073,0.0034559811,G74,G71
7074,0.0019331909,G75,G71
7075,0.0036125737,G76,G71
7076,0.0029263708,G77,G71
7077,0.0009262991,G78,G71
7078,0.00514027,G79,G71
7079,0.0023471229,G80,G71
7080,0.0032719555,G81,G71
7081,0.003186483,G82,G71
7082,0.0032586348,G83,G71
7083,0.0013341575,G84,G71
7084,0.0004897455,G85,G71
7085,0.0019127614,G86,G71
7086,0.0024671697,G87,G71
7087,0.0021284127,G88,G71
7088,0.0031909226,G89,G71
7089,0.0034460435,G90,G71
7090,0.0006140397,G91,G71
7091,0.00152078,G92,G71
7092,0.0017182996,G93,G71
7093,0.004811595,G94,G71
7094,0.0020843951,G95,G71
7095,0.0017489308,G96,G71
7096,0.00296206,G97,G71
7097,0.00057365745,G98,G71
7098,0.0029655606,G99,G71
7107,0.0022970838,G8,G72
7108,0.0021167586,G9,G72
7172,0.0038435974,G73,G72
7173,0.0024608562,G74,G72
7174,0.0018621245,G75,G72
7175,0.002460198,G76,G72
7176,0.0032512578,G77,G72
7177,0.0033823997,G78,G72
7178,0.0033973884,G79,G72
7179,0.00159236,G80,G72
7180,0.003849421,G81,G72
7181,0.0037050399,G82,G72
7182,0.0039401795,G83,G72
7183,0.0021754012,G84,G72
7184,0.0018302652,G85,G72
7185,0.002117203,G86,G72
7186,0.00048212468,G87,G72
7187,0.0008531564,G88,G72
7188,0.001262279,G89,G72
7189,0.000401069,G90,G72
7190,0.0021376526,G91,G72
7191,0.002315845,G92,G72
7192,0.0011231054,G93,G72
7193,0.0023483466,G94,G72
7194,0.0009451019,G95,G72
7195,0.0022423258,G96,G72
7196,0.0044094245,G97,G72
7197,0.0013605416,G98,G72
7198,0.00037131953,G99,G72
7207,0.0013845921,G8,G73
7208,0.003292183,G9,G73
7273,0.0014120488,G74,G73
7274,0.001618067,G75,G73
7275,0.003398151,G76,G73
7276,0.004133369,G77,G73
7277,0.001705091,G78,G73
7278,0.0046433024,G79,G73
7279,0.0010162794,G80,G73
7280,0.0012634754,G81,G73
7281,0.003735708,G82,G73
7282,0.0047581303,G83,G73
7283,0.0026170046,G84,G73
7284,0.001922046,G85,G73
7285,0.0024164706,G86,G73
7286,0.00078571215,G87,G73
7287,0.0029515638,G88,G73
7288,0.0028943857,G89,G73
7289,0.0025546516,G90,G73
7290,0.0006558158,G91,G73
7291,0.0049300413,G92,G73
7292,0.00070352404,G93,G73
7293,0.0030614925,G94,G73
7294,0.0036229282,G95,G73
7295,0.0014827535,G96,G73
7296,0.0015734006,G97,G73
7297,0.0043228855,G98,G73
7298,0.0023536473,G99,G73
7307,0.002969787,G8,G74
7308,0.0008340019,G9,G74
7374,0.0031742372,G75,G74
7375,0.0020867968,G76,G74
7376,0.0017198639,G77,G74
7377,0.004249878,G78,G74
7378,0.0014899481,G79,G74
7379,0.004955492,G80,G74
7380,0.0040842164,G81,G74
7381,0.0016568557,G82,G74
7382,0.0013840469,G83,G74
7383,0.0017989911,G84,G74
7384,0.005119788,G85,G74
7385,0.0038698437,G86,G74
7386,0.002941857,G87,G74
7387,0.0033751237,G88,G74
7388,0.00052511,G89,G74
7389,0.00277868,G90,G74
7390,0.0013741595,G91,G74
7391,0.00056962343,G92,G74
7392,0.0019549064,G93,G74
7393,0.0023126546,G94,G74
7394,0.0023661542,G95,G74
7395,0.003904035,G96,G74
7396,0.0019134027,G97,G74
7397,0.0003424983,G98,G74
7398,0.0031362101,G99,G74
7407,0.00338396,G8,G75
7408,0.0027733226,G9,G75
7475,0.0016373065,G76,G75
7476,0.0017460552,G77,G75
7477,0.0034061268,G78,G75
7478,0.005799843,G79,G75
7479,0.005446678,G80,G75
7480,0.005495729,G81,G75
7481,0.0017372118,G82,G75
7482,0.0032345457,G83,G75
7483,0.005011906,G84,G75
7484,0.0042758184,G85,G75
7485,0.0036693306,G86,G75
7486,0.0005054463,G87,G75
7487,0.0027867907,G88,G75
7488,0.0034261078,G89,G75
7489,0.0018088338,G90,G75
7490,0.0036205286,G91,G75
7491,0.0021534846,G92,G75
7492,0.0017965483,G93,G75
7493,0.004996905,G94,G75
7494,0.0019412832,G95,G75
7495,0.0016273026,G96,G75
7496,0.0042277575,G97,G75
7497,0.0017604026,G98,G75
7498,0.0048899767,G99,G75
7507,0.0015604085,G8,G76
7508,0.005240261,G9,G76
7576,0.00374127,G77,G76
7577,0.00080501614,G78,G76
7578,0.0030735321,G79,G76
7579,0.00259794,G80,G76
7580,0.00219488,G81,G76
7581,0.0023746113,G82,G76
7582,0.0009938146,G83,G76
7583,0.0016837016,G84,G76
7584,0.0004963305,G85,G76
7585,0.0010496603,G86,G76
7586,0.0019616666,G87,G76
7587,0.0022255292,G88,G76
7588,0.00022615906,G89,G76
7589,0.0023114616,G90,G76
7590,0.0010006455,G91,G76
7591,0.0030415552,G92,G76
7592,0.0008419368,G93,G76
7593,0.001924844,G94,G76
7594,0.002440881,G95,G76
7595,0.0034559332,G96,G76
7596,0.0009907521,G97,G76
7597,0.0031030327,G98,G76
7598,0.0024226431,G99,G76
7607,0.002934596,G8,G77
7608,0.002587369,G9,G77
7677,0.002473908,G78,G77
7678,0.0026564752,G79,G77
7679,0.0020402723,G80,G77
7680,0.0031640052,G81,G77
7681,0.0006398585,G82,G77
7682,0.0015719176,G83,G77
7683,0.0030325123,G84,G77
7684,0.0018660456,G85,G77
7685,0.004408985,G86,G77
7686,0.003138125,G87,G77
7687,0.0022699705,G88,G77
7688,0.0031574066,G89,G77
7689,0.0031280676,G90,G77
7690,0.0018254179,G91,G77
7691,0.0035277805,G92,G77
7692,0.0029408324,G93,G77
7693,0.004410294,G94,G77
7694,0.00014041232,G95,G77
7695,0.0013130698,G96,G77
7696,0.0016236746,G97,G77
7697,0.0026861331,G98,G77
7698,0.0033693411,G99,G77
7707,0.0031308318,G8,G78
7708,0.0036159884,G9,G78
7778,0.0029544816,G79,G78
7779,0.0022703367,G80,G78
7780,0.0002320524,G81,G78
7781,0.0017873731,G82,G78
7782,0.0023159268,G83,G78
7783,0.0021415341,G84,G78
7784,0.0042216545,G85,G78
7785,0.001981204,G86,G78
7786,0.0004227523,G87,G78
7787,0.0036875592,G88,G78
7788,0.0014780472,G89,G78
7789,0.0013002844,G90,G78
7790,0.0027141662,G91,G78
7791,0.0024037692,G92,G78
7792,0.00026820318,G93,G78
7793,0.0020062977,G94,G78
7794,0.0018905649,G95,G78
7795,0.0010650094,G96,G78
7796,0.0010298181,G97,G78
7797,0.0028441327,G98,G78
7798,0.0040195845,G99,G78
7807,0.000584704,G8,G79
7808,0.0035070763,G9,G79
7879,0.0035495716,G80,G79
7880,0.0029994887,G81,G79
7881,0.002518644,G82,G79
7882,0.0042530904,G83,G79
7883,0.0039271996,G84,G79
7884,0.0030407116,G85,G79
7885,0.0029172038,G86,G79
7886,0.003775013,G87,G79
7887,0.004660839,G88,G79
7888,0.0006931351,G89,G79
7889,0.0027560915,G90,G79
7890,0.0006468839,G91,G79
7891,0.0061416226,G92,G79
7892,0.0028301592,G93,G79
7893,0.0015906184,G94,G79
7894,0.00047566288,G95,G79
7895,0.0030980723,G96,G79
7896,0.0031402917,G97,G79
7897,0.0040872847,G98,G79
7898,0.0021731579,G99,G79
7908,0.003128596,G9,G80
7980,0.003984399,G81,G80
7981,0.0010480058,G82,G80
7982,0.0021936633,G83,G80
7983,0.003899932,G84,G80
7984,0.0023317519,G85,G80
7985,0.0027002671,G86,G80
7986,0.0028687585,G87,G80
7987,0.004509423,G88,G80
7988,0.0028960202,G89,G80
7989,0.0022282917,G90,G80
7990,0.0017268707,G91,G80
7991,0.0029404548,G92,G80
7992,0.0029960524,G93,G80
7993,0.0040791864,G94,G80
7994,0.0026529022,G95,G80
7995,0.0034916303,G96,G80
7996,0.0018074124,G97,G80
7997,0.002374445,G98,G80
7998,0.0025127833,G99,G80
8008,0.0031735518,G9,G81
8081,0.0048905024,G82,G81
8082,0.004045965,G83,G81
8083,0.0053017023,G84,G81
8084,0.0036195691,G85,G81
8085,0.0024482468,G86,G81
8086,0.0016015352,G87,G81
8087,0.0068517067,G88,G81
8088,0.0026083826,G89,G81
8089,0.0021263664,G90,G81
8090,0.0015915366,G91,G81
8091,0.0032994743,G92,G81
8092,0.0010674319,G93,G81
8093,0.0051759155,G94,G81
8094,0.0016180524,G95,G81
8095,0.0021498357,G96,G81
8096,0.0015183848,G97,G81
8097,0.0023547388,G98,G81
8098,0.00529083,G99,G81
8108,0.0038347873,G9,G82
8182,0.0014050053,G83,G82
8183,0.00404502,G84,G82
8184,0.0029242411,G85,G82
8185,0.00040106435,G86,G82
8186,0.00209711,G87,G82
8187,0.00020057042,G88,G82
8188,0.0012197952,G89,G82
8189,0.000956581,G90,G82
8190,0.0008919615,G91,G82
8191,0.001271405,G92,G82
8192,0.0034023675,G93,G82
8193,0.0028556238,G94,G82
8194,0.001713727,G95,G82
8195,0.004226327,G96,G82
8196,0.0074888137,G97,G82
8197,0.0045684553,G98,G82
8198,0.0019219525,G99,G82
8208,0.0033164101,G9,G83
8283,0.004505515,G84,G83
8284,0.0037988662,G85,G83
8285,0.003435685,G86,G83
8286,0.0044185114,G87,G83
8287,0.0028614542,G88,G83
8288,0.0015938047,G89,G83
8289,0.0028868972,G90,G83
8290,0.0018086137,G91,G83
8291,0.0014154015,G92,G83
8292,0.00014695086,G93,G83
8293,0.0023843194,G94,G83
8294,0.0012964602,G95,G83
8295,0.0040427297,G96,G83
8296,0.0008940676,G97,G83
8297,0.002822846,G98,G83
8298,0.0035021547,G99,G83
8308,0.0039169593,G9,G84
8384,0.0007585675,G85,G84
8385,0.0022075311,G86,G84
8386,0.0023976522,G87,G84
8387,0.00097367755,G88,G84
8388,0.0025127367,G89,G84
8389,0.003605571,G90,G84
8390,0.0023447406,G91,G84
8391,0.0029308926,G92,G84
8392,0.0015981846,G93,G84
8393,0.00046495543,G94,G84
8394,0.0018306754,G95,G84
8395,0.0025192166,G96,G84
8396,0.0005268557,G97,G84
8397,0.0004270209,G98,G84
8398,0.0018564957,G99,G84
8408,0.0025717597,G9,G85
8485,0.0015991258,G86,G85
8486,0.0031133005,G87,G85
8487,0.0017988798,G88,G85
8488,0.002568741,G89,G85
8489,0.0015537973,G90,G85
8490,0.004670987,G91,G85
8491,0.0038527132,G92,G85
8492,0.0018488059,G93,G85
8493,0.0010875684,G94,G85
8494,0.0022324512,G95,G85
8495,0.00039833624,G96,G85
8496,0.0015558309,G97,G85
8497,0.0029653038,G98,G85
8498,0.0018077879,G99,G85
8508,0.003133003,G9,G86
8586,0.00055486104,G87,G86
8587,0.0027042797,G88,G86
8588,0.0015671471,G89,G86
8589,0.0007363702,G90,G86
8590,0.0006238505,G91,G86
8591,0.0016128041,G92,G86
8592,0.0039448375,G93,G86
8593,0.004451168,G94,G86
8594,0.0033546365,G95,G86
8595,0.00024071231,G96,G86
8596,0.002371876,G97,G86
8597,0.0010968179,G98,G86
8598,0.0034243227,G99,G86
8608,0.0010779075,G9,G87
8687,0.0018883855,G88,G87
8688,0.00060361717,G89,G87
8689,0.0011177207,G90,G87
8690,0.00075876643,G91,G87
8691,0.0028902579,G92,G87
8692,0.00065043184,G93,G87
8693,0.003136687,G94,G87
8694,0.00040135157,G95,G87
8695,0.0029622,G96,G87
8696,0.00409982,G97,G87
8697,0.0039776573,G98,G87
8698,0.003931669,G99,G87
8708,0.0033838267,G9,G88
8788,0.00084912125,G89,G88
8789,0.0020692162,G90,G88
8790,0.0016641659,G91,G88
8791,0.00096540374,G92,G88
8792,0.003875957,G93,G88
8793,0.00221477,G94,G88
8794,0.0024165418,G95,G88
8795,0.0011487684,G96,G88
8796,0.0034074164,G97,G88
8797,0.002276932,G98,G88
8798,0.002130616,G99,G88
8808,0.0018398516,G9,G89
8889,0.0009826887,G90,G89
8890,0.0016071264,G91,G89
8891,0.0019364451,G92,G89
8892,0.0013769082,G93,G89
8893,0.0032539582,G94,G89
8894,0.0021127183,G95,G89
8895,0.0014430024,G96,G89
8896,0.0028484142,G97,G89
8897,0.0019903276,G98,G89
8898,0.00043624832,G99,G89
8990,0.0010323682,G91,G90
8991,0.0029941865,G92,G90
8992,0.0012460382,G93,G90
8993,0.0036478122,G94,G90
8994,0.0044409535,G95,G90
8995,0.0006929618,G96,G90
8996,0.0039504524,G97,G90
8997,0.0020250243,G98,G90
8998,0.0036068736,G99,G90
9091,0.0014444343,G92,G91
9092,0.002154308,G93,G91
9093,0.0027972264,G94,G91
9094,0.0010226456,G95,G91
9095,0.0017882392,G96,G91
9096,0.0029143826,G97,G91
9097,0.0021858998,G98,G91
9098,0.00714186,G99,G91
9192,0.0016084056,G93,G92
9193,0.0036730822,G94,G92
9194,0.0014850572,G95,G92
9195,0.0035282806,G96,G92
9196,0.0044618826,G97,G92
9197,0.00036385306,G98,G92
9198,0.0042931046,G99,G92
9293,0.002268903,G94,G93
9294,0.0029918847,G95,G93
9295,0.002482851,G96,G93
9296,0.0030644964,G97,G93
9297,0.0012438165,G98,G93
9298,0.002534373,G99,G93
9394,0.0029564784,G95,G94
9395,0.0020767571,G96,G94
9396,0.0033381726,G97,G94
9397,0.0032362766,G98,G94
9398,0.0023781627,G99,G94
9495,0.0016704293,G96,G95
9496,0.004799607,G97,G95
9497,0.0032658414,G98,G95
9498,0.0013053255,G99,G95
9596,0.0018185638,G97,G96
9597,0.0028016958,G98,G96
9598,0.00035495294,G99,G96
9697,0.0049749957,G98,G97
9698,0.005004868,G99,G97
9798,0.0019071093,G99,G98
9901,0.0025262164,G2,G100
9902,0.0019875315,G3,G100
9903,0.0046986053,G4,G100
9904,0.0021146042,G5,G100
9905,0.0017107035,G6,G100
9906,0.0029555908,G7,G100
9907,0.003172961,G8,G100
9908,0.0015207762,G9,G100
9910,0.0021012682,G11,G100
9911,0.0038725035,G12,G100
9912,0.0049237073,G13,G100
9913,0.0026702443,G14,G100
9914,0.002263757,G15,G100
9915,0.0007038213,G16,G100
9916,0.0018437788,G17,G100
9917,0.0020351585,G18,G100
9918,0.003208641,G19,G100
9919,0.005521209,G20,G100
9920,0.0025312158,G21,G100
9921,0.0017518939,G22,G100
9922,0.0037900282,G23,G100
9923,0.0018118288,G24,G100
9924,0.0029557412,G25,G100
9925,0.004178665,G26,G100
9926,0.0031666795,G27,G100
9927,0.0018227533,G28,G100
9928,0.0010634384,G29,G100
9929,0.0027037254,G30,G100
9930,0.004599979,G31,G100
9931,0.001020543,G32,G100
9932,0.0017615908,G33,G100
9933,0.002654436,G34,G100
9934,0.001437384,G35,G100
9935,0.002211355,G36,G100
9936,0.0047517507,G37,G100
9937,0.004113014,G38,G100
9938,0.0026893248,G39,G100
9939,0.0033325134,G40,G100
9940,0.0030523918,G41,G100
9941,0.0036548534,G42,G100
9942,0.00030736372,G43,G100
9943,0.0016087522,G44,G100
9944,0.0012325923,G45,G100
9945,0.0013209046,G46,G100
9946,0.00065565325,G47,G100
9947,0.001116103,G48,G100
9948,0.00077883794,G49,G100
9949,0.004767887,G50,G100
9950,0.0019563974,G51,G100
9951,0.0059820847,G52,G100
9952,0.0007552295,G53,G100
9953,0.001494657,G54,G100
9954,0.0020396253,G55,G100
9955,0.0007810811,G56,G100
9956,0.0016167869,G57,G100
9957,0.0027501315,G58,G100
9958,0.00465864,G59,G100
9959,0.0008385509,G60,G100
9960,0.005931656,G61,G100
9961,0.0038639684,G62,G100
9962,0.0034243218,G63,G100
9963,0.002557181,G64,G100
9964,0.0054523535,G65,G100
9965,0.0027578084,G66,G100
9966,0.0015356774,G67,G100
9967,0.003763271,G68,G100
9968,0.004403114,G69,G100
9969,0.0038022543,G70,G100
9970,0.003144923,G71,G100
9971,0.0011014318,G72,G100
9972,0.0040884656,G73,G100
9973,0.0018171776,G74,G100
9974,0.0031396283,G75,G100
9975,0.0006539052,G76,G100
9976,0.00469222,G77,G100
9977,0.0048272773,G78,G100
9978,0.0037629148,G79,G100
9979,0.0038180158,G80,G100
9980,0.0047372985,G81,G100
9981,0.0022176837,G82,G100
9982,0.0021341718,G83,G100
9983,0.0013198128,G84,G100
9984,0.0023778346,G85,G100
9985,0.004060796,G86,G100
9986,0.0013388414,G87,G100
9987,0.0048364894,G88,G100
9988,0.0022264856,G89,G100
9989,0.0038271146,G90,G100
9990,0.0029209242,G91,G100
9991,0.002527613,G92,G100
9992,0.0017858113,G93,G100
9993,0.0025961578,G94,G100
9994,0.00080247945,G95,G100
9995,0.0040168203,G96,G100
9996,0.0038148481,G97,G100
9997,0.0019724793,G98,G100
9998,0.0028391453,G99,G100
